Timestamp,Lat,Long,SSID,BSSID,Canal,Señal,Seguridad
2026-03-19 21:37:03,19.5024891,-99.1211243,CDMX-Internet para Todos,00:4E:35:02:76:E2,1,-58,OPEN
2026-03-19 21:37:03,19.5024891,-99.1211243,,00:4E:35:02:76:E3,1,-58,WPA2_PSK
2026-03-19 21:37:03,19.5024891,-99.1211243,,72:4F:B8:A7:50:7D,1,-66,UNKNOWN
2026-03-19 21:37:03,19.5024891,-99.1211243,CFE-Internet para Todos-CDMX,C4:FB:AA:71:6A:20,11,-72,OPEN
2026-03-19 21:37:03,19.5024891,-99.1211243,IZZI-BC23,24:E4:CE:9A:BC:28,1,-73,WPA2_PSK
2026-03-19 21:37:03,19.5024891,-99.1211243,INFINITUM139C_2.4,10:27:F5:DB:E6:8B,3,-73,WPA2_PSK
2026-03-19 21:37:03,19.5024891,-99.1211243,INFINITUM4250,78:C5:7D:9D:BB:A1,1,-74,WPA2_PSK
2026-03-19 21:37:03,19.5024891,-99.1211243,IZZI-6311,C0:89:AB:A1:5C:71,6,-74,WPA2_PSK
2026-03-19 21:37:03,19.5024891,-99.1211243,,2E:58:4F:AB:0D:F3,6,-75,UNKNOWN
2026-03-19 21:37:03,19.5024891,-99.1211243,IZZI-3122,24:E4:CE:B0:31:27,1,-76,WPA2_PSK
2026-03-19 21:37:03,19.5024891,-99.1211243,IZZI-3726,DC:73:06:28:C9:23,1,-77,WPA2_PSK
2026-03-19 21:37:03,19.5024891,-99.1211243,Mega_2.4G_807F,C0:49:43:1C:80:7F,2,-78,WPA_WPA2_PSK
2026-03-19 21:37:03,19.5024891,-99.1211243,,7C:F1:7E:23:C0:E6,5,-78,WPA2_PSK
2026-03-19 21:37:03,19.5024891,-99.1211243,roof,64:23:15:6E:EA:18,6,-78,WPA2_PSK
2026-03-19 21:37:03,19.5024891,-99.1211243,,AA:F5:DD:AF:BF:AB,11,-80,UNKNOWN
2026-03-19 21:37:03,19.5024891,-99.1211243,INFINITUM81E6,12:55:E4:19:1B:65,1,-81,WPA2_PSK
2026-03-19 21:37:03,19.5024891,-99.1211243,POCO C65,36:F9:75:EF:B5:26,6,-81,WPA2_PSK
2026-03-19 21:37:03,19.5024891,-99.1211243,,F4:FB:B8:0C:FA:D2,7,-81,WPA2_PSK
2026-03-19 21:37:03,19.5024891,-99.1211243,,DE:07:B6:09:6D:BA,5,-83,WPA2_PSK
2026-03-19 21:37:03,19.5024891,-99.1211243,CCTV2 Sala,2E:34:40:F4:C3:E2,3,-84,WPA2_WPA3_PSK
2026-03-19 21:37:03,19.5024891,-99.1211243,,56:9F:06:CF:24:49,1,-86,WPA2_PSK
2026-03-19 21:37:20,19.5023746,-99.1215439,IZZI-98F4,94:04:E3:6D:98:F8,11,-52,WPA2_PSK
2026-03-19 21:37:20,19.5023746,-99.1215439,IZZI-AE51,DC:92:72:07:AE:56,6,-61,WPA2_PSK
2026-03-19 21:37:20,19.5023746,-99.1215439,IZZI-A857,70:4F:B8:97:50:7D,1,-65,WPA2_PSK
2026-03-19 21:37:20,19.5023746,-99.1215439,,72:4F:B8:A7:50:7D,1,-65,UNKNOWN
2026-03-19 21:37:20,19.5023746,-99.1215439,TOTALPLAY_7D77A7_2.4G,B0:5B:99:7D:77:AD,1,-70,WPA2_PSK
2026-03-19 21:37:20,19.5023746,-99.1215439,IZZI-3453,98:39:10:69:34:58,1,-70,WPA2_PSK
2026-03-19 21:37:20,19.5023746,-99.1215439,MeshGo_Touch,82:3F:5D:E9:9E:87,3,-71,OPEN
2026-03-19 21:37:20,19.5023746,-99.1215439,myChevrolet 7214,CE:22:26:F8:60:4E,1,-72,WPA2_PSK
2026-03-19 21:37:20,19.5023746,-99.1215439,MeshGo_A011,80:3F:5D:E9:9E:87,3,-74,OPEN
2026-03-19 21:37:20,19.5023746,-99.1215439,TotalChavero2.4G,EC:E7:A2:73:F8:E8,1,-75,WPA2_PSK
2026-03-19 21:37:20,19.5023746,-99.1215439,IZZI-FE80,24:E4:CE:9A:FE:85,1,-75,WPA2_PSK
2026-03-19 21:37:20,19.5023746,-99.1215439,Club_Totalplay_WiFi,EC:E7:A2:73:F8:E9,1,-76,OPEN
2026-03-19 21:37:20,19.5023746,-99.1215439,,00:4E:35:02:76:E3,1,-76,WPA2_PSK
2026-03-19 21:37:20,19.5023746,-99.1215439,Club_Totalplay_WiFi,50:46:4A:3D:17:33,8,-77,OPEN
2026-03-19 21:37:20,19.5023746,-99.1215439,Phjl1810,04:95:E6:6C:84:A2,11,-77,WPA2_PSK
2026-03-19 21:37:20,19.5023746,-99.1215439,,50:46:4A:3D:17:32,8,-79,WPA2_PSK
2026-03-19 21:37:36,19.5017700,-99.1220322,INFINITUM1010_2.4,EC:3E:B3:FA:FF:8A,1,-60,WPA2_PSK
2026-03-19 21:37:36,19.5017700,-99.1220322,,64:23:15:6E:EA:1D,6,-66,WPA2_PSK
2026-03-19 21:37:36,19.5017700,-99.1220322,Phjl1810,04:95:E6:6C:84:72,4,-67,WPA2_PSK
2026-03-19 21:37:36,19.5017700,-99.1220322,roof,64:23:15:6E:EA:18,6,-67,WPA2_PSK
2026-03-19 21:37:36,19.5017700,-99.1220322,BandD space,94:8F:CF:B7:11:85,6,-67,WPA2_PSK
2026-03-19 21:37:36,19.5017700,-99.1220322,IZZI-5658_EXT,04:95:E6:AA:EF:49,6,-68,WPA2_PSK
2026-03-19 21:37:36,19.5017700,-99.1220322,Red Diamante,F8:9E:28:70:4E:21,11,-69,UNKNOWN
2026-03-19 21:37:36,19.5017700,-99.1220322,,C6:9E:28:70:4E:21,11,-70,WPA2_PSK
2026-03-19 21:37:36,19.5017700,-99.1220322,Phjl1810,04:95:E6:6C:84:42,6,-73,WPA2_PSK
2026-03-19 21:37:36,19.5017700,-99.1220322,IZZI-01A8,24:E4:CE:3A:01:AD,1,-75,WPA2_PSK
2026-03-19 21:37:52,19.5015945,-99.1222000,IZZI-FE80,24:E4:CE:9A:FE:85,1,-60,WPA2_PSK
2026-03-19 21:37:52,19.5015945,-99.1222000,DIRECT-roku-YLA-BAD025,BE:61:E9:93:BB:EE,6,-63,WPA2_PSK
2026-03-19 21:37:52,19.5015945,-99.1222000,IZZI-58F5,24:E4:CE:DE:58:FA,1,-68,WPA2_PSK
2026-03-19 21:37:52,19.5015945,-99.1222000,,70:FD:45:AB:26:DA,10,-73,WPA2_PSK
2026-03-19 21:37:52,19.5015945,-99.1222000,IZZI-1326,DC:73:06:29:90:8E,6,-75,WPA2_PSK
2026-03-19 21:37:52,19.5015945,-99.1222000,INFINITUM7FB5,EC:55:1C:39:4A:F0,6,-75,WPA2_PSK
2026-03-19 21:37:52,19.5015945,-99.1222000,Totalplay-9A9F,70:FD:45:AB:26:D8,10,-77,WPA2_PSK
2026-03-19 21:37:52,19.5015945,-99.1222000,,FA:8F:CA:33:05:DE,1,-78,OPEN
2026-03-19 21:38:08,19.5013218,-99.1224289,Zaza,72:C0:73:28:5E:23,11,-53,WPA2_PSK
2026-03-19 21:38:08,19.5013218,-99.1224289,,AC:4F:65:B1:7D:04,10,-63,OPEN
2026-03-19 21:38:08,19.5013218,-99.1224289,MC26192,30:3D:51:12:B7:FA,1,-67,WPA_WPA2_PSK
2026-03-19 21:38:08,19.5013218,-99.1224289,Departamento,B2:19:21:23:46:3E,4,-68,WPA2_PSK
2026-03-19 21:38:08,19.5013218,-99.1224289,INFINITUM4E92,58:76:AC:13:88:24,11,-69,WPA2_PSK
2026-03-19 21:38:08,19.5013218,-99.1224289,SantoGrial_Gerencia,C2:74:AD:D9:F5:19,11,-72,WPA_WPA2_PSK
2026-03-19 21:38:08,19.5013218,-99.1224289,Phjl1810,04:95:E6:6C:84:72,4,-79,WPA2_PSK
2026-03-19 21:38:24,19.5011292,-99.1228333,CasaKRentaPepe,94:8F:CF:8E:49:8A,6,-45,WPA2_PSK
2026-03-19 21:38:24,19.5011292,-99.1228333,Club_Totalplay_WiFi,C2:94:AD:BE:23:34,4,-65,OPEN
2026-03-19 21:38:24,19.5011292,-99.1228333,IZZI-A751,98:39:10:6B:A7:56,1,-67,WPA2_PSK
2026-03-19 21:38:24,19.5011292,-99.1228333,MC26188,30:3D:51:12:B6:6E,11,-68,WPA_WPA2_PSK
2026-03-19 21:38:24,19.5011292,-99.1228333,,2A:F5:D1:47:F7:94,1,-78,UNKNOWN
2026-03-19 21:38:24,19.5011292,-99.1228333,,04:F3:52:32:70:FA,2,-82,WPA2_PSK
2026-03-19 21:38:24,19.5011292,-99.1228333,MOYO0403_2.4G,64:9D:F3:1B:5B:D0,1,-85,WPA_WPA2_PSK
2026-03-19 21:38:40,19.5014553,-99.1242142,INFINITUM86B7_EXT,58:D9:D5:17:1D:51,1,-51,WPA_WPA2_PSK
2026-03-19 21:38:40,19.5014553,-99.1242142,IZZI-6074,40:0F:C1:1F:60:78,1,-61,WPA2_PSK
2026-03-19 21:38:40,19.5014553,-99.1242142,IZZI-048C,48:BD:CE:34:04:90,11,-68,WPA2_PSK
2026-03-19 21:38:40,19.5014553,-99.1242142,,AC:4F:65:A7:3F:F4,11,-71,OPEN
2026-03-19 21:38:40,19.5014553,-99.1242142,Totalplay-2.4G-3FF0,AC:4F:65:A7:3F:F1,11,-73,WPA_WPA2_PSK
2026-03-19 21:38:40,19.5014553,-99.1242142,INFINITUM1434_2.4,2C:DD:95:CF:F6:05,11,-74,WPA2_PSK
2026-03-19 21:38:40,19.5014553,-99.1242142,,9C:A7:D8:15:5D:B4,1,-77,OPEN
2026-03-19 21:38:40,19.5014553,-99.1242142,NVR083a2f727c11,08:3A:2F:72:7C:11,14,-92,WPA2_PSK
2026-03-19 21:38:56,19.5017910,-99.1256104,DIRECT-5D-HP Laser 135w,C2:18:03:9A:A6:5D,1,-65,WPA2_PSK
2026-03-19 21:38:56,19.5017910,-99.1256104,Totalplay-6B44,B8:DD:71:A5:0F:20,3,-66,WPA2_PSK
2026-03-19 21:38:56,19.5017910,-99.1256104,Club_Totalplay_WiFi,BA:DD:71:B5:0F:20,3,-67,OPEN
2026-03-19 21:38:56,19.5017910,-99.1256104,HAP_F05173690,30:1B:97:2C:56:FA,11,-71,WPA2_PSK
2026-03-19 21:38:56,19.5017910,-99.1256104,IZZI-44C4,00:CB:7A:8C:44:C8,11,-71,WPA2_PSK
2026-03-19 21:38:56,19.5017910,-99.1256104,R_MC5429,34:0A:9A:18:21:4E,7,-73,WPA_WPA2_PSK
2026-03-19 21:38:56,19.5017910,-99.1256104,R_MC5432,34:0A:9A:18:22:20,7,-74,WPA_WPA2_PSK
2026-03-19 21:38:56,19.5017910,-99.1256104,,CC:FF:90:49:75:39,1,-77,WPA2_PSK
2026-03-19 21:38:56,19.5017910,-99.1256104,IZZI-0804,48:BD:CE:9A:08:08,1,-79,WPA2_PSK
2026-03-19 21:38:56,19.5017910,-99.1256104,..izzi WiFi,8C:0C:90:3C:51:F8,13,-84,OPEN
2026-03-19 21:38:56,19.5017910,-99.1256104,,8C:0C:90:BC:51:F8,13,-84,UNKNOWN
2026-03-19 21:39:12,19.5019760,-99.1262665,IZZI-0804,48:BD:CE:9A:08:08,1,-66,WPA2_PSK
2026-03-19 21:39:12,19.5019760,-99.1262665,,2E:58:4F:A3:6F:7A,11,-67,UNKNOWN
2026-03-19 21:39:12,19.5019760,-99.1262665,CDMX-Internet para Todos,90:4C:81:C9:2A:A3,6,-68,OPEN
2026-03-19 21:39:12,19.5019760,-99.1262665,,90:4C:81:C9:2A:A2,6,-68,WPA2_PSK
2026-03-19 21:39:12,19.5019760,-99.1262665,CFE-Internet para Todos-CDMX,B0:EC:DD:85:56:C0,11,-69,OPEN
2026-03-19 21:39:12,19.5019760,-99.1262665,hw_manage_56c0,B0:EC:DD:85:56:CB,11,-69,WPA2_PSK
2026-03-19 21:39:12,19.5019760,-99.1262665,Club_Totalplay_WiFi,C4:44:7D:6D:DA:17,8,-72,OPEN
2026-03-19 21:39:12,19.5019760,-99.1262665,IZZI-0F03,2C:58:4F:93:6F:7A,11,-74,WPA2_PSK
2026-03-19 21:39:12,19.5019760,-99.1262665,,48:2F:6B:C4:28:40,1,-77,WPA2_PSK
2026-03-19 21:39:12,19.5019760,-99.1262665,,48:2F:6B:C4:28:42,1,-77,WPA2_PSK
2026-03-19 21:39:12,19.5019760,-99.1262665,..izzi WiFi,8C:0C:90:3C:51:F8,13,-80,OPEN
2026-03-19 21:39:12,19.5019760,-99.1262665,,FA:8F:CA:9F:B9:52,1,-85,OPEN
2026-03-19 21:39:28,19.5024681,-99.1271591,CDMX-Internet para Todos,00:4E:35:03:55:E3,11,-48,OPEN
2026-03-19 21:39:28,19.5024681,-99.1271591,,00:4E:35:03:55:E2,11,-50,WPA2_PSK
2026-03-19 21:39:28,19.5024681,-99.1271591,FAMILIA CANIZARES,1C:61:B4:54:5A:32,4,-51,WPA2_PSK
2026-03-19 21:39:28,19.5024681,-99.1271591,IZZI-2B0C,40:0F:C1:1A:2B:10,6,-63,WPA2_PSK
2026-03-19 21:39:28,19.5024681,-99.1271591,IZZI-69D7,DC:92:72:0F:69:DC,11,-67,WPA2_PSK
2026-03-19 21:39:28,19.5024681,-99.1271591,,AE:60:6F:C4:D7:C9,11,-67,WPA2_PSK
2026-03-19 21:39:28,19.5024681,-99.1271591,INFINITUM9D07_2.4,AC:60:6F:A4:D7:C9,11,-70,WPA2_PSK
2026-03-19 21:39:28,19.5024681,-99.1271591,,2E:58:4F:AB:65:47,11,-70,UNKNOWN
2026-03-19 21:39:28,19.5024681,-99.1271591,W2_8c59dc3297b,8C:59:DC:03:29:7B,6,-72,WPA2_PSK
2026-03-19 21:39:28,19.5024681,-99.1271591,CDMX-Internet para Todos,90:4C:81:C9:2A:A3,6,-73,OPEN
2026-03-19 21:39:28,19.5024681,-99.1271591,,9C:05:D6:77:41:82,6,-73,WPA2_PSK
2026-03-19 21:39:28,19.5024681,-99.1271591,,AC:15:A2:7E:2F:B2,3,-74,WPA2_PSK
2026-03-19 21:39:28,19.5024681,-99.1271591,Patio Gasolineria,A2:05:D6:77:46:BF,6,-74,WPA2_PSK
2026-03-19 21:39:28,19.5024681,-99.1271591,Totalplay-2.4G-EE60,20:5E:0D:1B:EE:61,1,-75,WPA_WPA2_PSK
2026-03-19 21:39:28,19.5024681,-99.1271591,IZZI-754C,10:A7:93:68:75:50,1,-76,WPA2_PSK
2026-03-19 21:39:28,19.5024681,-99.1271591,Club_Totalplay_WiFi,26:A6:5E:35:FC:F4,11,-78,OPEN
2026-03-19 21:39:28,19.5024681,-99.1271591,PREMIUM1,F0:34:52:3B:96:69,11,-79,WPA_WPA2_PSK
2026-03-19 21:39:44,19.5038967,-99.1282043,,B4:0F:3B:D4:A1:C8,8,-59,WPA_WPA2_PSK
2026-03-19 21:39:44,19.5038967,-99.1282043,CDMX-Internet para Todos,00:4E:35:03:68:83,11,-61,OPEN
2026-03-19 21:39:44,19.5038967,-99.1282043,,00:4E:35:03:68:82,11,-62,WPA2_PSK
2026-03-19 21:39:44,19.5038967,-99.1282043,INFINITUM3F1C,C8:4C:78:06:9D:0A,1,-71,WPA2_PSK
2026-03-19 21:39:44,19.5038967,-99.1282043,,8A:71:B1:25:B6:91,11,-75,UNKNOWN
2026-03-19 21:39:44,19.5038967,-99.1282043,Club_Totalplay_WiFi,AC:8D:34:2C:6E:17,9,-77,OPEN
2026-03-19 21:39:44,19.5038967,-99.1282043,INFINITUM039E,48:F8:DB:83:43:C4,9,-77,WPA2_PSK
2026-03-19 21:39:44,19.5038967,-99.1282043,,BC:47:32:15:0F:91,6,-83,OPEN
2026-03-19 21:40:00,19.5053902,-99.1292801,Totalplay-2.4G-05b8,10:08:1D:24:05:B8,1,-50,WPA2_PSK
2026-03-19 21:40:00,19.5053902,-99.1292801,Club_Totalplay_WiFi,10:08:1D:24:05:B9,1,-50,OPEN
2026-03-19 21:40:00,19.5053902,-99.1292801,Totalplay-2.4G-c5b0,10:08:1D:21:C5:B0,1,-60,WPA2_PSK
2026-03-19 21:40:00,19.5053902,-99.1292801,,DE:44:89:B3:AA:82,10,-60,WPA2_PSK
2026-03-19 21:40:00,19.5053902,-99.1292801,Fenix2,D8:44:89:B3:AA:82,10,-60,WPA2_PSK
2026-03-19 21:40:00,19.5053902,-99.1292801,IZZI-5BEB,DC:92:72:13:5B:F0,1,-64,WPA2_PSK
2026-03-19 21:40:00,19.5053902,-99.1292801,TP-Link_1160,3C:52:A1:C6:11:5E,6,-68,WPA2_PSK
2026-03-19 21:40:00,19.5053902,-99.1292801,INFINITUM21C2_2.4,5C:64:8E:3B:34:B1,1,-74,WPA2_PSK
2026-03-19 21:40:00,19.5053902,-99.1292801,,DE:A6:33:49:7C:12,11,-75,UNKNOWN
2026-03-19 21:40:00,19.5053902,-99.1292801,R_MC5428,34:0A:9C:12:21:B4,7,-79,WPA_WPA2_PSK
2026-03-19 21:40:16,19.5056400,-99.1294556,Fenix2,D8:44:89:B3:AA:82,10,-63,WPA2_PSK
2026-03-19 21:40:16,19.5056400,-99.1294556,Club_Totalplay_WiFi,6C:D8:19:F0:33:B9,1,-68,OPEN
2026-03-19 21:40:16,19.5056400,-99.1294556,TP-Link_1160,3C:52:A1:C6:11:5E,6,-77,WPA2_PSK
2026-03-19 21:40:32,19.5056419,-99.1294556,Totalplay-2.4G-c5b0,10:08:1D:21:C5:B0,1,-63,WPA2_PSK
2026-03-19 21:40:32,19.5056419,-99.1294556,INFINITUM93B6,B8:9F:CC:6E:BC:3C,6,-64,WPA2_PSK
2026-03-19 21:40:32,19.5056419,-99.1294556,,DE:44:89:B3:AA:82,10,-66,WPA2_PSK
2026-03-19 21:40:32,19.5056419,-99.1294556,Fenix2,D8:44:89:B3:AA:82,10,-66,WPA2_PSK
2026-03-19 21:40:32,19.5056419,-99.1294556,CDMX-Internet para Todos,BC:9F:E4:9D:77:C3,11,-72,OPEN
2026-03-19 21:40:32,19.5056419,-99.1294556,,DE:A6:33:49:7C:12,11,-73,UNKNOWN
2026-03-19 21:40:32,19.5056419,-99.1294556,INFINITUM6349,58:76:AC:7E:4E:F4,6,-76,WPA2_PSK
2026-03-19 21:40:32,19.5056419,-99.1294556,,48:12:58:AA:60:92,8,-77,WPA2_PSK
2026-03-19 21:40:32,19.5056419,-99.1294556,HMRFM00TLT24176,C6:D8:D5:03:20:8B,6,-80,WPA2_PSK
2026-03-19 21:40:32,19.5056419,-99.1294556,Club_Totalplay_WiFi,48:12:58:AA:60:93,8,-80,OPEN
2026-03-19 21:40:48,19.5056419,-99.1294556,Fenix2,D8:44:89:B3:AA:82,10,-61,WPA2_PSK
2026-03-19 21:40:48,19.5056419,-99.1294556,Club_Totalplay_WiFi,10:08:1D:24:05:B9,1,-64,OPEN
2026-03-19 21:40:48,19.5056419,-99.1294556,,18:CF:24:8D:2E:57,5,-85,OPEN
2026-03-19 21:41:04,19.5060463,-99.1293945,,D6:AB:82:22:D2:42,1,-70,UNKNOWN
2026-03-19 21:41:04,19.5060463,-99.1293945,CFE-Internet para Todos-CDMX,A4:17:8B:1F:B4:20,11,-71,OPEN
2026-03-19 21:41:04,19.5060463,-99.1293945,,BC:9F:E4:9D:77:C2,11,-74,WPA2_PSK
2026-03-19 21:41:04,19.5060463,-99.1293945,omni,52:0F:F5:7F:A2:91,6,-78,WPA_WPA2_PSK
2026-03-19 21:41:04,19.5060463,-99.1293945,,72:7D:3D:6E:43:EA,1,-79,WPA2_PSK
2026-03-19 21:41:04,19.5060463,-99.1293945,Club_Totalplay_WiFi,10:C3:AB:3A:13:F3,4,-80,OPEN
2026-03-19 21:41:04,19.5060463,-99.1293945,Mobil,60:38:E0:86:31:24,5,-88,WPA2_PSK
2026-03-19 21:41:21,19.5070782,-99.1284103,CDMX-Internet para Todos,00:4E:35:01:E7:C3,1,-53,OPEN
2026-03-19 21:41:21,19.5070782,-99.1284103,,00:4E:35:01:E7:C2,1,-54,WPA2_PSK
2026-03-19 21:41:21,19.5070782,-99.1284103,omni,52:0F:F5:7F:A2:91,6,-61,WPA_WPA2_PSK
2026-03-19 21:41:21,19.5070782,-99.1284103,IZZI-2530,DC:73:06:1B:01:8F,1,-74,WPA2_PSK
2026-03-19 21:41:37,19.5077381,-99.1277237,STARLINK,DA:EE:C2:27:55:5B,1,-57,OPEN
2026-03-19 21:41:37,19.5077381,-99.1277237,,DA:EE:C2:57:55:5B,1,-61,WPA2_PSK
2026-03-19 21:41:37,19.5077381,-99.1277237,,DA:EE:C2:87:55:5B,1,-61,WPA2_PSK
2026-03-19 21:41:37,19.5077381,-99.1277237,Club_Totalplay_WiFi,6C:E8:74:60:A4:97,7,-66,OPEN
2026-03-19 21:41:37,19.5077381,-99.1277237,INFINITUM0BFE,58:76:AC:76:0D:A4,11,-70,WPA2_PSK
2026-03-19 21:41:37,19.5077381,-99.1277237,INFINITUM14A3__2.4,D4:3D:F3:9F:91:DC,1,-71,WPA2_PSK
2026-03-19 21:41:37,19.5077381,-99.1277237,IZZI-BAB4_EXT,3C:52:A1:95:74:76,5,-73,WPA2_PSK
2026-03-19 21:41:37,19.5077381,-99.1277237,Red Wi-Fi de Olivier,88:1F:A1:38:24:B0,11,-75,WPA2_PSK
2026-03-19 21:41:37,19.5077381,-99.1277237,DIRECT-D2-EPSON-9AE8C9,66:C6:D2:9A:68:C9,1,-84,WPA2_PSK
2026-03-19 21:41:37,19.5077381,-99.1277237,Red Wi-Fi de Lizette,E8:8D:28:5F:F1:09,6,-86,WPA2_PSK
2026-03-19 21:41:37,19.5077381,-99.1277237,HP-Print-BA-LaserJet 1102,68:94:23:4A:12:BA,6,-88,OPEN
2026-03-19 21:41:37,19.5077381,-99.1277237,HP-Print-ed-LaserJet 200 color,90:48:9A:26:EF:ED,6,-91,WPA2_PSK
2026-03-19 21:41:53,19.5084324,-99.1269913,Club_Totalplay_WiFi,E6:82:10:61:2E:CF,11,-65,OPEN
2026-03-19 21:41:53,19.5084324,-99.1269913,,8A:15:04:58:0F:BF,6,-72,WEP
2026-03-19 21:41:53,19.5084324,-99.1269913,ALTOS 1 _EXT,40:AE:30:DF:07:AB,5,-75,WPA2_PSK
2026-03-19 21:41:53,19.5084324,-99.1269913,INFINITUMC357,12:55:E4:1B:26:ED,6,-76,WPA2_PSK
2026-03-19 21:41:53,19.5084324,-99.1269913,Cinves-WiFi,60:A4:B7:C8:AA:BC,1,-77,WPA_WPA2_PSK
2026-03-19 21:41:53,19.5084324,-99.1269913,infinitum movil,8A:15:04:58:0F:B0,6,-77,OPEN
2026-03-19 21:41:53,19.5084324,-99.1269913,INFINITUM8BDA,00:5F:67:74:48:B8,6,-79,WPA2_PSK
2026-03-19 21:42:09,19.5084209,-99.1269531,Totalplay-4CB2,E6:82:10:61:2E:CC,11,-55,WPA2_PSK
2026-03-19 21:42:09,19.5084209,-99.1269531,Club_Totalplay_WiFi,E6:82:10:61:2E:CF,11,-59,OPEN
2026-03-19 21:42:09,19.5084209,-99.1269531,,E6:82:10:61:2E:CE,11,-63,WPA2_PSK
2026-03-19 21:42:09,19.5084209,-99.1269531,IZZI-E3DD,F0:4B:8A:FC:13:6A,1,-76,WPA2_PSK
2026-03-19 21:42:09,19.5084209,-99.1269531,,8A:15:04:58:0F:BF,6,-76,WEP
2026-03-19 21:42:09,19.5084209,-99.1269531,infinitum movil,8A:15:04:58:0F:B0,6,-78,OPEN
2026-03-19 21:42:09,19.5084209,-99.1269531,Invitados Cinves,66:A4:B7:C8:AA:BC,1,-81,OPEN
2026-03-19 21:42:09,19.5084209,-99.1269531,R_MC5423,34:0A:9A:31:22:41,7,-81,WPA_WPA2_PSK
2026-03-19 21:42:09,19.5084209,-99.1269531,Invitados Cinves,6E:FF:7B:32:CA:42,6,-82,OPEN
2026-03-19 21:42:09,19.5084209,-99.1269531,Moto G (4) 7742,32:5E:65:BA:6E:23,8,-89,WPA2_PSK
2026-03-19 21:42:09,19.5084209,-99.1269531,linksys,00:1A:70:67:AF:CA,11,-91,WPA2_PSK
2026-03-19 21:42:25,19.5084705,-99.1268997,CGSTIC-WiFi-Cel,E2:8F:71:3A:34:34,4,-70,WPA2_PSK
2026-03-19 21:42:25,19.5084705,-99.1268997,infinitum movil,8A:15:04:58:0F:B0,6,-75,OPEN
2026-03-19 21:42:25,19.5084705,-99.1268997,,8A:15:04:58:0F:BF,6,-77,WEP
2026-03-19 21:42:25,19.5084705,-99.1268997,MC19387,30:3D:51:11:12:B3,7,-77,WPA_WPA2_PSK
2026-03-19 21:42:25,19.5084705,-99.1268997,linksys,00:1A:70:67:AF:CA,11,-81,WPA2_PSK
2026-03-19 21:42:25,19.5084705,-99.1268997,R_MC5423,34:0A:9A:31:22:41,7,-82,WPA_WPA2_PSK
2026-03-19 21:42:25,19.5084705,-99.1268997,MC19474,30:3D:51:11:11:EA,7,-82,WPA_WPA2_PSK
2026-03-19 21:42:25,19.5084705,-99.1268997,Invitados Cinves,6E:FF:7B:32:CA:42,6,-85,OPEN
2026-03-19 21:42:25,19.5084705,-99.1268997,Cinves-WiFi,34:60:F9:5D:0A:80,1,-90,WPA_WPA2_PSK
2026-03-19 21:42:41,19.5084476,-99.1268997,Totalplay-4CB2,E6:82:10:61:2E:CC,11,-69,WPA2_PSK
2026-03-19 21:42:41,19.5084476,-99.1268997,Cinves-WiFi,60:A4:B7:C8:AA:BC,1,-77,WPA_WPA2_PSK
2026-03-19 21:42:41,19.5084476,-99.1268997,Invitados Cinves,66:A4:B7:C8:AA:BC,1,-78,OPEN
2026-03-19 21:42:41,19.5084476,-99.1268997,,F2:4B:8A:FC:13:1A,1,-78,UNKNOWN
2026-03-19 21:42:41,19.5084476,-99.1268997,,8A:15:04:58:0F:BF,6,-78,WEP
2026-03-19 21:42:41,19.5084476,-99.1268997,IZZI-E3DD,F0:4B:8A:FC:13:6A,1,-79,WPA2_PSK
2026-03-19 21:42:41,19.5084476,-99.1268997,LDPTPWF01,3A:60:F9:E5:83:76,6,-81,WPA2_PSK
2026-03-19 21:42:41,19.5084476,-99.1268997,MC19387,30:3D:51:11:12:B3,7,-84,WPA_WPA2_PSK
2026-03-19 21:42:57,19.5084534,-99.1268997,Totalplay-4CB2,E6:82:10:61:2E:CC,11,-67,WPA2_PSK
2026-03-19 21:42:57,19.5084534,-99.1268997,,E6:82:10:61:2E:CE,11,-67,WPA2_PSK
2026-03-19 21:42:57,19.5084534,-99.1268997,Club_Totalplay_WiFi,E6:82:10:61:2E:CF,11,-68,OPEN
2026-03-19 21:42:57,19.5084534,-99.1268997,CGSTIC-WiFi-Cel,E2:8F:71:3A:34:34,4,-72,WPA2_PSK
2026-03-19 21:42:57,19.5084534,-99.1268997,INFINITUMC357,12:55:E4:1B:26:ED,6,-82,WPA2_PSK
2026-03-19 21:42:57,19.5084534,-99.1268997,MC19387,30:3D:51:11:12:B3,7,-88,WPA_WPA2_PSK
2026-03-19 21:43:13,19.5084515,-99.1269073,Totalplay-4CB2,E6:82:10:61:2E:CC,11,-66,WPA2_PSK
2026-03-19 21:43:13,19.5084515,-99.1269073,Club_Totalplay_WiFi,E6:82:10:61:2E:CF,11,-66,OPEN
2026-03-19 21:43:13,19.5084515,-99.1269073,,E6:82:10:61:2E:CE,11,-66,WPA2_PSK
2026-03-19 21:43:13,19.5084515,-99.1269073,,8A:15:04:58:0F:BF,6,-76,WEP
2026-03-19 21:43:13,19.5084515,-99.1269073,IZZI-E3DD,F0:4B:8A:FC:13:6A,1,-77,WPA2_PSK
2026-03-19 21:43:13,19.5084515,-99.1269073,WFCDECONTROL,0C:80:63:75:2F:D3,11,-83,WPA_WPA2_PSK
2026-03-19 21:43:13,19.5084515,-99.1269073,Cinves-WiFi,34:60:F9:E5:83:76,6,-84,WPA_WPA2_PSK
2026-03-19 21:43:13,19.5084515,-99.1269073,Cinves-WiFi,60:A4:B7:C8:AA:B6,11,-86,WPA_WPA2_PSK
2026-03-19 21:43:13,19.5084515,-99.1269073,IZZI-DF34,88:71:B1:7E:D9:E2,6,-87,WPA2_PSK
2026-03-19 21:43:13,19.5084515,-99.1269073,linksys,00:1A:70:67:AF:CA,11,-90,WPA2_PSK
2026-03-19 21:43:29,19.5084515,-99.1269073,,E6:82:10:61:2E:CE,11,-63,WPA2_PSK
2026-03-19 21:43:29,19.5084515,-99.1269073,Totalplay-4CB2,E6:82:10:61:2E:CC,11,-65,WPA2_PSK
2026-03-19 21:43:29,19.5084515,-99.1269073,Club_Totalplay_WiFi,E6:82:10:61:2E:CF,11,-65,OPEN
2026-03-19 21:43:29,19.5084515,-99.1269073,CGSTIC-WiFi-Cel,E2:8F:71:3A:34:34,4,-72,WPA2_PSK
2026-03-19 21:43:29,19.5084515,-99.1269073,IZZI-E3DD,F0:4B:8A:FC:13:6A,1,-73,WPA2_PSK
2026-03-19 21:43:29,19.5084515,-99.1269073,,F2:4B:8A:FC:13:1A,1,-74,UNKNOWN
2026-03-19 21:43:29,19.5084515,-99.1269073,,8A:15:04:58:0F:BF,6,-76,WEP
2026-03-19 21:43:29,19.5084515,-99.1269073,infinitum movil,8A:15:04:58:0F:B0,6,-78,OPEN
2026-03-19 21:43:29,19.5084515,-99.1269073,INFINITUMC357,12:55:E4:1B:26:ED,6,-80,WPA2_PSK
2026-03-19 21:43:29,19.5084515,-99.1269073,Cinves-WiFi,60:A4:B7:C8:AA:BC,1,-81,WPA_WPA2_PSK
2026-03-19 21:43:29,19.5084515,-99.1269073,,A6:98:13:2A:F6:8A,6,-81,UNKNOWN
2026-03-19 21:43:29,19.5084515,-99.1269073,INFINITUM8BDA,00:5F:67:74:48:B8,6,-84,WPA2_PSK
2026-03-19 21:43:29,19.5084515,-99.1269073,Tenda_0211D0,58:D9:D5:02:11:D1,3,-85,WPA_WPA2_PSK
2026-03-19 21:43:29,19.5084515,-99.1269073,Invitados Cinves,66:A4:B7:C8:AA:B6,11,-85,OPEN
2026-03-19 21:43:29,19.5084515,-99.1269073,,E2:62:79:32:D0:56,4,-86,WPA2_PSK
2026-03-19 21:43:29,19.5084515,-99.1269073,Cinves-WiFi,68:FF:7B:32:CA:42,6,-87,WPA_WPA2_PSK
2026-03-19 21:43:29,19.5084515,-99.1269073,,DA:EE:C2:87:55:5B,1,-88,WPA2_PSK
2026-03-19 21:43:29,19.5084515,-99.1269073,ALTOS 1 ,A8:42:A1:7C:B8:AA,5,-89,WPA2_PSK
2026-03-19 21:43:29,19.5084515,-99.1269073,INFINITUMF8E0,64:DB:F7:C3:1C:59,10,-91,WPA2_PSK
2026-03-19 21:43:29,19.5084515,-99.1269073,Totalplay-DCAA,6C:E8:74:5A:B7:20,8,-92,WPA2_PSK
2026-03-19 21:43:45,19.5084534,-99.1269073,Totalplay-4CB2,E6:82:10:61:2E:CC,11,-62,WPA2_PSK
2026-03-19 21:43:45,19.5084534,-99.1269073,Club_Totalplay_WiFi,E6:82:10:61:2E:CF,11,-63,OPEN
2026-03-19 21:43:45,19.5084534,-99.1269073,,E6:82:10:61:2E:CE,11,-63,WPA2_PSK
2026-03-19 21:43:45,19.5084534,-99.1269073,CGSTIC-WiFi-Cel,E2:8F:71:3A:34:34,4,-68,WPA2_PSK
2026-03-19 21:43:45,19.5084534,-99.1269073,,8A:15:04:58:0F:BF,6,-75,WEP
2026-03-19 21:43:45,19.5084534,-99.1269073,Invitados Cinves,66:A4:B7:C8:AA:BC,1,-77,OPEN
2026-03-19 21:43:45,19.5084534,-99.1269073,Cinves-WiFi,60:A4:B7:C8:AA:BC,1,-77,WPA_WPA2_PSK
2026-03-19 21:43:45,19.5084534,-99.1269073,infinitum movil,8A:15:04:58:0F:B0,6,-78,OPEN
2026-03-19 21:43:45,19.5084534,-99.1269073,IZZI-E3DD,F0:4B:8A:FC:13:6A,1,-79,WPA2_PSK
2026-03-19 21:43:45,19.5084534,-99.1269073,INFINITUM8BDA,00:5F:67:74:48:B8,6,-79,WPA2_PSK
2026-03-19 21:43:45,19.5084534,-99.1269073,,F2:4B:8A:FC:13:1A,1,-81,UNKNOWN
2026-03-19 21:43:45,19.5084534,-99.1269073,ALTOS 1 _EXT,40:AE:30:DF:07:AB,5,-83,WPA2_PSK
2026-03-19 21:43:45,19.5084534,-99.1269073,MC19474,30:3D:51:11:11:EA,7,-83,WPA_WPA2_PSK
2026-03-19 21:43:45,19.5084534,-99.1269073,,E2:62:79:32:D0:56,4,-85,WPA2_PSK
2026-03-19 21:43:45,19.5084534,-99.1269073,R_MC5423,34:0A:9A:31:22:41,7,-85,WPA_WPA2_PSK
2026-03-19 21:43:45,19.5084534,-99.1269073,LDPTPWF01,3A:60:F9:E5:83:76,6,-86,WPA2_PSK
2026-03-19 21:43:45,19.5084534,-99.1269073,omni,52:0F:F5:7F:A2:91,6,-87,WPA_WPA2_PSK
2026-03-19 21:43:45,19.5084534,-99.1269073,Invitados Cinves,6E:FF:7B:32:CA:42,6,-87,OPEN
2026-03-19 21:43:45,19.5084534,-99.1269073,Red Wi-Fi de Lizette,E8:8D:28:5F:F1:09,6,-88,WPA2_PSK
2026-03-19 21:43:45,19.5084534,-99.1269073,Club_Totalplay_WiFi,6C:E8:74:60:A4:97,7,-88,OPEN
2026-03-19 21:43:45,19.5084534,-99.1269073,HUAWEI-3L4N4J_HiLink,38:FB:14:DD:02:B0,6,-90,WPA2_PSK
2026-03-19 21:43:45,19.5084534,-99.1269073,Cinves-WiFi,74:FE:CE:69:FB:0A,1,-91,WPA_WPA2_PSK
2026-03-19 21:44:01,19.5084572,-99.1268921,Club_Totalplay_WiFi,E6:82:10:61:2E:CF,11,-67,OPEN
2026-03-19 21:44:01,19.5084572,-99.1268921,,E6:82:10:61:2E:CE,11,-67,WPA2_PSK
2026-03-19 21:44:01,19.5084572,-99.1268921,Totalplay-4CB2,E6:82:10:61:2E:CC,11,-68,WPA2_PSK
2026-03-19 21:44:01,19.5084572,-99.1268921,,F2:4B:8A:FC:13:1A,1,-71,UNKNOWN
2026-03-19 21:44:01,19.5084572,-99.1268921,IZZI-E3DD,F0:4B:8A:FC:13:6A,1,-72,WPA2_PSK
2026-03-19 21:44:01,19.5084572,-99.1268921,Invitados Cinves,66:A4:B7:C8:AA:BC,1,-77,OPEN
2026-03-19 21:44:01,19.5084572,-99.1268921,Cinves-WiFi,60:A4:B7:C8:AA:BC,1,-78,WPA_WPA2_PSK
2026-03-19 21:44:01,19.5084572,-99.1268921,OK309Cam-99IP2502,24:72:60:74:04:38,6,-78,WPA2_PSK
2026-03-19 21:44:01,19.5084572,-99.1268921,CGSTIC-WiFi-Cel,E2:8F:71:3A:34:34,4,-81,WPA2_PSK
2026-03-19 21:44:01,19.5084572,-99.1268921,ALTOS 1 _EXT,40:AE:30:DF:07:AB,5,-81,WPA2_PSK
2026-03-19 21:44:01,19.5084572,-99.1268921,LBS-3 Cinvestav,DC:62:79:32:D0:56,4,-82,WPA2_PSK
2026-03-19 21:44:01,19.5084572,-99.1268921,,E2:62:79:32:D0:56,4,-83,WPA2_PSK
2026-03-19 21:44:01,19.5084572,-99.1268921,Cinves-WiFi,68:FF:7B:32:CA:42,6,-83,WPA_WPA2_PSK
2026-03-19 21:44:01,19.5084572,-99.1268921,MC19387,30:3D:51:11:12:B3,7,-83,WPA_WPA2_PSK
2026-03-19 21:44:01,19.5084572,-99.1268921,WFCDECONTROL,0C:80:63:75:2F:D3,11,-83,WPA_WPA2_PSK
2026-03-19 21:44:01,19.5084572,-99.1268921,Invitados Cinves,66:A4:B7:C8:AA:B6,11,-83,OPEN
2026-03-19 21:44:01,19.5084572,-99.1268921,,A6:98:13:2A:F6:8A,6,-84,UNKNOWN
2026-03-19 21:44:01,19.5084572,-99.1268921,LDPTPWF01,3A:60:F9:E5:83:76,6,-84,WPA2_PSK
2026-03-19 21:44:01,19.5084572,-99.1268921,MC19474,30:3D:51:11:11:EA,7,-84,WPA_WPA2_PSK
2026-03-19 21:44:01,19.5084572,-99.1268921,linksys,00:1A:70:67:AF:CA,11,-88,WPA2_PSK
2026-03-19 21:44:01,19.5084572,-99.1268921,IZZI-CE74,D4:E2:CB:61:CE:78,11,-88,WPA2_PSK
2026-03-19 21:44:01,19.5084572,-99.1268921,INFINITUM3F50,D4:01:45:3E:48:60,11,-88,WPA2_PSK
2026-03-19 21:44:01,19.5084572,-99.1268921,,DA:EE:C2:87:55:5B,1,-89,WPA2_PSK
2026-03-19 21:44:01,19.5084572,-99.1268921,Red Wi-Fi de Lizette,E8:8D:28:5F:F1:09,6,-89,WPA2_PSK
2026-03-19 21:44:01,19.5084572,-99.1268921,,A2:31:DB:54:81:C6,3,-90,WPA2_PSK
2026-03-19 21:44:01,19.5084572,-99.1268921,,E2:62:79:32:8D:F2,4,-90,WPA2_PSK
2026-03-19 21:44:01,19.5084572,-99.1268921,Megacable_2.4G_3530,34:36:54:9C:35:30,9,-90,WPA_WPA2_PSK
2026-03-19 21:44:01,19.5084572,-99.1268921,,62:06:C3:8E:7B:5D,10,-90,WPA2_PSK
2026-03-19 21:44:01,19.5084572,-99.1268921,,00:4E:35:01:B6:82,1,-91,WPA2_PSK
2026-03-19 21:44:01,19.5084572,-99.1268921,,AE:42:A1:7C:B8:AA,5,-91,WPA2_PSK
2026-03-19 21:44:17,19.5084572,-99.1268921,OK309Cam-99IP2502,24:72:60:74:04:38,6,-71,WPA2_PSK
2026-03-19 21:44:17,19.5084572,-99.1268921,CGSTIC-WiFi-Cel,E2:8F:71:3A:34:34,4,-72,WPA2_PSK
2026-03-19 21:44:17,19.5084572,-99.1268921,,8A:15:04:58:0F:BF,6,-73,WEP
2026-03-19 21:44:17,19.5084572,-99.1268921,Totalplay-4CB2,E6:82:10:61:2E:CC,11,-73,WPA2_PSK
2026-03-19 21:44:17,19.5084572,-99.1268921,Club_Totalplay_WiFi,E6:82:10:61:2E:CF,11,-74,OPEN
2026-03-19 21:44:17,19.5084572,-99.1268921,,E6:82:10:61:2E:CE,11,-75,WPA2_PSK
2026-03-19 21:44:17,19.5084572,-99.1268921,Invitados Cinves,66:A4:B7:C8:AA:BC,1,-76,OPEN
2026-03-19 21:44:17,19.5084572,-99.1268921,IZZI-E3DD,F0:4B:8A:FC:13:6A,1,-76,WPA2_PSK
2026-03-19 21:44:17,19.5084572,-99.1268921,,F2:4B:8A:FC:13:1A,1,-76,UNKNOWN
2026-03-19 21:44:17,19.5084572,-99.1268921,infinitum movil,8A:15:04:58:0F:B0,6,-76,OPEN
2026-03-19 21:44:17,19.5084572,-99.1268921,Cinves-WiFi,60:A4:B7:C8:AA:BC,1,-77,WPA_WPA2_PSK
2026-03-19 21:44:17,19.5084572,-99.1268921,WFCDECONTROL,0C:80:63:75:2F:D3,11,-79,WPA_WPA2_PSK
2026-03-19 21:44:17,19.5084572,-99.1268921,INFINITUMC357,12:55:E4:1B:26:ED,1,-80,WPA2_PSK
2026-03-19 21:44:17,19.5084572,-99.1268921,IZZI-DF2F,A4:98:13:7A:F6:8A,6,-82,WPA2_PSK
2026-03-19 21:44:17,19.5084572,-99.1268921,Tenda_0211D0,58:D9:D5:02:11:D1,3,-83,WPA_WPA2_PSK
2026-03-19 21:44:17,19.5084572,-99.1268921,,A6:98:13:2A:F6:8A,6,-83,UNKNOWN
2026-03-19 21:44:17,19.5084572,-99.1268921,MC19474,30:3D:51:11:11:EA,7,-83,WPA_WPA2_PSK
2026-03-19 21:44:17,19.5084572,-99.1268921,LBS-3 Cinvestav,DC:62:79:32:D0:56,4,-84,WPA2_PSK
2026-03-19 21:44:17,19.5084572,-99.1268921,Club_Totalplay_WiFi,6C:E8:74:60:A4:97,7,-84,OPEN
2026-03-19 21:44:17,19.5084572,-99.1268921,Cinves-WiFi,60:A4:B7:C8:AA:B6,11,-84,WPA_WPA2_PSK
2026-03-19 21:44:17,19.5084572,-99.1268921,INFINITUM8BDA,00:5F:67:74:48:B8,6,-85,WPA2_PSK
2026-03-19 21:44:17,19.5084572,-99.1268921,Invitados Cinves,66:A4:B7:C8:AA:B6,11,-85,OPEN
2026-03-19 21:44:17,19.5084572,-99.1268921,ALTOS 1 _EXT,40:AE:30:DF:07:AB,5,-86,WPA2_PSK
2026-03-19 21:44:17,19.5084572,-99.1268921,,AE:42:A1:7C:B8:A6,5,-86,WPA2_PSK
2026-03-19 21:44:17,19.5084572,-99.1268921,Cinves-WiFi,68:FF:7B:32:CA:42,6,-86,WPA_WPA2_PSK
2026-03-19 21:44:17,19.5084572,-99.1268921,LDPTPWF01,3A:60:F9:E5:83:76,6,-86,WPA2_PSK
2026-03-19 21:44:17,19.5084572,-99.1268921,,AE:42:A1:7C:B8:AA,5,-87,WPA2_PSK
2026-03-19 21:44:17,19.5084572,-99.1268921,linksys,00:1A:70:67:AF:CA,11,-87,WPA2_PSK
2026-03-19 21:44:17,19.5084572,-99.1268921,IZZI-003C_EXT,7C:F1:7E:4A:7C:84,1,-88,WPA2_PSK
2026-03-19 21:44:17,19.5084572,-99.1268921,INFINITUM62FA,D4:01:45:40:83:00,1,-88,WPA2_PSK
2026-03-19 21:44:17,19.5084572,-99.1268921,Club_Totalplay_WiFi,A2:31:DB:54:81:C7,3,-89,OPEN
2026-03-19 21:44:17,19.5084572,-99.1268921,ALTOS 1 ,A8:42:A1:7C:B8:AA,5,-89,WPA2_PSK
2026-03-19 21:44:17,19.5084572,-99.1268921,IZZI-CE74,D4:E2:CB:61:CE:78,11,-89,WPA2_PSK
2026-03-19 21:44:17,19.5084572,-99.1268921,,00:4E:35:01:B6:82,1,-90,WPA2_PSK
2026-03-19 21:44:17,19.5084572,-99.1268921,Invitados Cinves,5A:AF:97:CA:02:F4,1,-93,OPEN
2026-03-19 21:44:17,19.5084572,-99.1268921,,14:EB:08:9F:61:B2,11,-93,WPA2_PSK
2026-03-19 21:44:33,19.5084572,-99.1268845,CGSTIC-WiFi-Cel,E2:8F:71:3A:34:34,4,-71,WPA2_PSK
2026-03-19 21:44:33,19.5084572,-99.1268845,,E6:82:10:61:2E:CE,11,-71,WPA2_PSK
2026-03-19 21:44:33,19.5084572,-99.1268845,Cinves-WiFi,60:A4:B7:C8:AA:BC,1,-74,WPA_WPA2_PSK
2026-03-19 21:44:33,19.5084572,-99.1268845,Club_Totalplay_WiFi,E6:82:10:61:2E:CF,11,-74,OPEN
2026-03-19 21:44:33,19.5084572,-99.1268845,,F2:4B:8A:FC:13:1A,1,-75,UNKNOWN
2026-03-19 21:44:33,19.5084572,-99.1268845,Totalplay-4CB2,E6:82:10:61:2E:CC,11,-75,WPA2_PSK
2026-03-19 21:44:33,19.5084572,-99.1268845,,8A:15:04:58:0F:BF,6,-76,WEP
2026-03-19 21:44:33,19.5084572,-99.1268845,VIOFO_A129_782d2c,6C:21:A2:78:2D:2C,1,-77,WPA2_PSK
2026-03-19 21:44:33,19.5084572,-99.1268845,Tenda_0211D0,58:D9:D5:02:11:D1,3,-78,WPA_WPA2_PSK
2026-03-19 21:44:33,19.5084572,-99.1268845,Cinves-WiFi,60:A4:B7:C8:AA:B6,11,-80,WPA_WPA2_PSK
2026-03-19 21:44:33,19.5084572,-99.1268845,Invitados Cinves,66:A4:B7:C8:AA:B6,11,-81,OPEN
2026-03-19 21:44:33,19.5084572,-99.1268845,,E2:62:79:32:D0:56,4,-83,WPA2_PSK
2026-03-19 21:44:33,19.5084572,-99.1268845,LBS-3 Cinvestav,DC:62:79:32:D0:56,4,-84,WPA2_PSK
2026-03-19 21:44:33,19.5084572,-99.1268845,,AE:42:A1:7C:B8:AA,5,-84,WPA2_PSK
2026-03-19 21:44:33,19.5084572,-99.1268845,INFINITUM8BDA,00:5F:67:74:48:B8,6,-85,WPA2_PSK
2026-03-19 21:44:33,19.5084572,-99.1268845,Cinves-WiFi,68:FF:7B:32:CA:42,6,-86,WPA_WPA2_PSK
2026-03-19 21:44:33,19.5084572,-99.1268845,INFINITUM3F50,D4:01:45:3E:48:60,11,-87,WPA2_PSK
2026-03-19 21:44:33,19.5084572,-99.1268845,IZZI-CE74,D4:E2:CB:61:CE:78,11,-87,WPA2_PSK
2026-03-19 21:44:33,19.5084572,-99.1268845,INFINITUM3532,D4:01:45:3D:A6:80,11,-87,WPA2_PSK
2026-03-19 21:44:33,19.5084572,-99.1268845,ALTOS 1 ,A8:42:A1:7C:B8:AA,5,-88,WPA2_PSK
2026-03-19 21:44:33,19.5084572,-99.1268845,LDPTPWF01,3A:60:F9:E5:83:76,6,-88,WPA2_PSK
2026-03-19 21:44:33,19.5084572,-99.1268845,Moto G (4) 7742,32:5E:65:BA:6E:23,8,-88,WPA2_PSK
2026-03-19 21:44:33,19.5084572,-99.1268845,linksys,00:1A:70:67:AF:CA,11,-88,WPA2_PSK
2026-03-19 21:44:33,19.5084572,-99.1268845,,AE:42:A1:7C:B8:A6,5,-89,WPA2_PSK
2026-03-19 21:44:33,19.5084572,-99.1268845,Megacable_2.4G_3530,34:36:54:9C:35:30,9,-89,WPA_WPA2_PSK
2026-03-19 21:44:33,19.5084572,-99.1268845,Invitados Cinves,6E:FF:7B:32:CA:42,6,-90,OPEN
2026-03-19 21:44:49,19.5084553,-99.1268845,CGSTIC-WiFi-Cel,E2:8F:71:3A:34:34,4,-71,WPA2_PSK
2026-03-19 21:44:49,19.5084553,-99.1268845,IZZI-E3DD,F0:4B:8A:FC:13:6A,1,-73,WPA2_PSK
2026-03-19 21:44:49,19.5084553,-99.1268845,,8A:15:04:58:0F:BF,6,-73,WEP
2026-03-19 21:44:49,19.5084553,-99.1268845,,F2:4B:8A:FC:13:1A,1,-74,UNKNOWN
2026-03-19 21:44:49,19.5084553,-99.1268845,infinitum movil,8A:15:04:58:0F:B0,6,-78,OPEN
2026-03-19 21:44:49,19.5084553,-99.1268845,Totalplay-4CB2,E6:82:10:61:2E:CC,11,-81,WPA2_PSK
2026-03-19 21:44:49,19.5084553,-99.1268845,WFCDECONTROL,0C:80:63:75:2F:D3,11,-81,WPA_WPA2_PSK
2026-03-19 21:44:49,19.5084553,-99.1268845,,E6:82:10:61:2E:CE,11,-81,WPA2_PSK
2026-03-19 21:44:49,19.5084553,-99.1268845,Invitados Cinves,66:A4:B7:C8:AA:B6,11,-82,OPEN
2026-03-19 21:44:49,19.5084553,-99.1268845,Club_Totalplay_WiFi,E6:82:10:61:2E:CF,11,-82,OPEN
2026-03-19 21:44:49,19.5084553,-99.1268845,Tenda_0211D0,58:D9:D5:02:11:D1,3,-83,WPA_WPA2_PSK
2026-03-19 21:44:49,19.5084553,-99.1268845,LBS-3 Cinvestav,DC:62:79:32:D0:56,4,-83,WPA2_PSK
2026-03-19 21:44:49,19.5084553,-99.1268845,linksys,00:1A:70:67:AF:CA,11,-86,WPA2_PSK
2026-03-19 21:44:49,19.5084553,-99.1268845,Moto G (4) 7742,32:5E:65:BA:6E:23,8,-89,WPA2_PSK
2026-03-19 21:44:49,19.5084553,-99.1268845,Dra. E_Calderon,B4:B0:24:6E:0C:77,8,-89,WPA2_PSK
2026-03-19 21:44:49,19.5084553,-99.1268845,Megacable_2.4G_3530,34:36:54:9C:35:30,9,-90,WPA_WPA2_PSK
2026-03-19 21:44:49,19.5084553,-99.1268845,INFINITUM3F50,D4:01:45:3E:48:60,11,-90,WPA2_PSK
2026-03-19 21:44:49,19.5084553,-99.1268845,INFINITUMDCAF_EXT,E8:48:B8:6C:A5:DF,11,-90,WPA2_PSK
2026-03-19 21:44:49,19.5084553,-99.1268845,Club_Totalplay_WiFi,6C:E8:74:60:A4:97,7,-91,OPEN
2026-03-19 21:44:49,19.5084553,-99.1268845,,D2:B0:24:6E:0C:79,8,-91,WPA2_PSK
2026-03-19 21:45:05,19.5084553,-99.1268845,CGSTIC-WiFi-Cel,E2:8F:71:3A:34:34,4,-71,WPA2_PSK
2026-03-19 21:45:05,19.5084553,-99.1268845,,8A:15:04:58:0F:BF,6,-73,WEP
2026-03-19 21:45:05,19.5084553,-99.1268845,IZZI-E3DD,F0:4B:8A:FC:13:6A,1,-74,WPA2_PSK
2026-03-19 21:45:05,19.5084553,-99.1268845,,F2:4B:8A:FC:13:1A,1,-75,UNKNOWN
2026-03-19 21:45:05,19.5084553,-99.1268845,INFINITUMC357,12:55:E4:1B:26:ED,1,-76,WPA2_PSK
2026-03-19 21:45:05,19.5084553,-99.1268845,Invitados Cinves,66:A4:B7:C8:AA:BC,1,-77,OPEN
2026-03-19 21:45:05,19.5084553,-99.1268845,infinitum movil,8A:15:04:58:0F:B0,6,-77,OPEN
2026-03-19 21:45:05,19.5084553,-99.1268845,Club_Totalplay_WiFi,E6:82:10:61:2E:CF,11,-79,OPEN
2026-03-19 21:45:05,19.5084553,-99.1268845,Cinves-WiFi,60:A4:B7:C8:AA:B6,11,-81,WPA_WPA2_PSK
2026-03-19 21:45:05,19.5084553,-99.1268845,Invitados Cinves,66:A4:B7:C8:AA:B6,11,-82,OPEN
2026-03-19 21:45:05,19.5084553,-99.1268845,Tenda_0211D0,58:D9:D5:02:11:D1,3,-84,WPA_WPA2_PSK
2026-03-19 21:45:05,19.5084553,-99.1268845,,A6:98:13:2A:F6:8A,6,-84,UNKNOWN
2026-03-19 21:45:05,19.5084553,-99.1268845,LBS-3 Cinvestav,DC:62:79:32:D0:56,4,-85,WPA2_PSK
2026-03-19 21:45:05,19.5084553,-99.1268845,MC19474,30:3D:51:11:11:EA,7,-85,WPA_WPA2_PSK
2026-03-19 21:45:05,19.5084553,-99.1268845,,DA:EE:C2:57:55:5B,1,-87,WPA2_PSK
2026-03-19 21:45:05,19.5084553,-99.1268845,ALTOS 1 ,A8:42:A1:7C:B8:A6,5,-87,WPA2_PSK
2026-03-19 21:45:05,19.5084553,-99.1268845,R_MC5423,34:0A:9A:31:22:41,7,-87,WPA_WPA2_PSK
2026-03-19 21:45:05,19.5084553,-99.1268845,IPCF3811614596994,9C:A3:A9:47:7C:9A,1,-88,WPA2_PSK
2026-03-19 21:45:05,19.5084553,-99.1268845,ALTOS 1 _EXT,40:AE:30:DF:07:AB,5,-88,WPA2_PSK
2026-03-19 21:45:05,19.5084553,-99.1268845,Cinves-WiFi,34:60:F9:E5:83:76,6,-88,WPA_WPA2_PSK
2026-03-19 21:45:05,19.5084553,-99.1268845,Cinves-WiFi,68:FF:7B:32:CA:42,6,-89,WPA_WPA2_PSK
2026-03-19 21:45:05,19.5084553,-99.1268845,INFINITUM2849,50:02:38:2A:38:79,8,-89,WPA2_PSK
2026-03-19 21:45:05,19.5084553,-99.1268845,WFCDECONTROL,0C:80:63:75:2F:D3,11,-89,WPA_WPA2_PSK
2026-03-19 21:45:05,19.5084553,-99.1268845,,DA:EE:C2:87:55:5B,1,-90,WPA2_PSK
2026-03-19 21:45:05,19.5084553,-99.1268845,Totalplay-C8AC,14:EB:08:9F:61:B0,11,-90,WPA2_PSK
2026-03-19 21:45:05,19.5084553,-99.1268845,INFINITUM2746,A8:E8:1E:E6:5A:80,8,-92,WPA2_PSK
2026-03-19 21:45:05,19.5084553,-99.1268845,INFINITUM3532,D4:01:45:3D:A6:80,11,-94,WPA2_PSK
2026-03-19 21:45:21,19.5084572,-99.1268845,Club_Totalplay_WiFi,E6:82:10:61:2E:CF,11,-68,OPEN
2026-03-19 21:45:21,19.5084572,-99.1268845,Totalplay-4CB2,E6:82:10:61:2E:CC,11,-70,WPA2_PSK
2026-03-19 21:45:21,19.5084572,-99.1268845,,E6:82:10:61:2E:CE,11,-70,WPA2_PSK
2026-03-19 21:45:21,19.5084572,-99.1268845,CGSTIC-WiFi-Cel,E2:8F:71:3A:34:34,4,-75,WPA2_PSK
2026-03-19 21:45:21,19.5084572,-99.1268845,,F2:4B:8A:FC:13:1A,1,-76,UNKNOWN
2026-03-19 21:45:21,19.5084572,-99.1268845,,8A:15:04:58:0F:BF,6,-76,WEP
2026-03-19 21:45:21,19.5084572,-99.1268845,INFINITUMC357,12:55:E4:1B:26:ED,1,-77,WPA2_PSK
2026-03-19 21:45:21,19.5084572,-99.1268845,IZZI-E3DD,F0:4B:8A:FC:13:6A,1,-77,WPA2_PSK
2026-03-19 21:45:21,19.5084572,-99.1268845,,8A:71:B1:2E:D9:E2,6,-77,UNKNOWN
2026-03-19 21:45:21,19.5084572,-99.1268845,Cinves-WiFi,60:A4:B7:C8:AA:BC,1,-78,WPA_WPA2_PSK
2026-03-19 21:45:21,19.5084572,-99.1268845,Invitados Cinves,66:A4:B7:C8:AA:B6,11,-79,OPEN
2026-03-19 21:45:21,19.5084572,-99.1268845,,E2:62:79:32:D0:56,4,-81,WPA2_PSK
2026-03-19 21:45:21,19.5084572,-99.1268845,HUAWEI-3L4N4J_HiLink,38:FB:14:DD:02:B0,6,-85,WPA2_PSK
2026-03-19 21:45:21,19.5084572,-99.1268845,Moto G (4) 7742,32:5E:65:BA:6E:23,8,-85,WPA2_PSK
2026-03-19 21:45:21,19.5084572,-99.1268845,LBS-3 Cinvestav,DC:62:79:32:D0:56,4,-86,WPA2_PSK
2026-03-19 21:45:21,19.5084572,-99.1268845,ALTOS 1 _EXT,40:AE:30:DF:07:AB,5,-86,WPA2_PSK
2026-03-19 21:45:21,19.5084572,-99.1268845,linksys,00:1A:70:67:AF:CA,11,-86,WPA2_PSK
2026-03-19 21:45:21,19.5084572,-99.1268845,,38:FB:14:DD:02:B5,6,-87,WPA2_PSK
2026-03-19 21:45:21,19.5084572,-99.1268845,Dra. E_Calderon,B4:B0:24:6E:0C:77,8,-87,WPA2_PSK
2026-03-19 21:45:21,19.5084572,-99.1268845,VIOFO_A129_782d2c,6C:21:A2:78:2D:2C,1,-88,WPA2_PSK
2026-03-19 21:45:21,19.5084572,-99.1268845,,14:EB:08:9F:61:B2,11,-88,WPA2_PSK
2026-03-19 21:45:21,19.5084572,-99.1268845,MC19387,30:3D:51:11:12:B3,7,-89,WPA_WPA2_PSK
2026-03-19 21:45:21,19.5084572,-99.1268845,INFINITUM8BDA,00:5F:67:74:48:B8,6,-90,WPA2_PSK
2026-03-19 21:45:37,19.5084572,-99.1268845,CGSTIC-WiFi-Cel,E2:8F:71:3A:34:34,4,-71,WPA2_PSK
2026-03-19 21:45:37,19.5084572,-99.1268845,Totalplay-4CB2,E6:82:10:61:2E:CC,11,-71,WPA2_PSK
2026-03-19 21:45:37,19.5084572,-99.1268845,,E6:82:10:61:2E:CE,11,-71,WPA2_PSK
2026-03-19 21:45:37,19.5084572,-99.1268845,Club_Totalplay_WiFi,E6:82:10:61:2E:CF,11,-72,OPEN
2026-03-19 21:45:37,19.5084572,-99.1268845,Invitados Cinves,66:A4:B7:C8:AA:BC,1,-73,OPEN
2026-03-19 21:45:37,19.5084572,-99.1268845,IZZI-E3DD,F0:4B:8A:FC:13:6A,1,-74,WPA2_PSK
2026-03-19 21:45:37,19.5084572,-99.1268845,,F2:4B:8A:FC:13:1A,1,-74,UNKNOWN
2026-03-19 21:45:37,19.5084572,-99.1268845,INFINITUMC357,12:55:E4:1B:26:ED,1,-76,WPA2_PSK
2026-03-19 21:45:37,19.5084572,-99.1268845,,8A:15:04:58:0F:BF,6,-76,WEP
2026-03-19 21:45:37,19.5084572,-99.1268845,IZZI-DF2F,A4:98:13:7A:F6:8A,6,-79,WPA2_PSK
2026-03-19 21:45:37,19.5084572,-99.1268845,Cinves-WiFi,60:A4:B7:C8:AA:BC,1,-80,WPA_WPA2_PSK
2026-03-19 21:45:37,19.5084572,-99.1268845,,A6:98:13:2A:F6:8A,6,-80,UNKNOWN
2026-03-19 21:45:37,19.5084572,-99.1268845,Tenda_0211D0,58:D9:D5:02:11:D1,3,-81,WPA_WPA2_PSK
2026-03-19 21:45:37,19.5084572,-99.1268845,Invitados Cinves,66:A4:B7:C8:AA:B6,11,-82,OPEN
2026-03-19 21:45:37,19.5084572,-99.1268845,Mega_2.4G_5AAE,48:96:D9:24:5A:AE,3,-84,WPA_WPA2_PSK
2026-03-19 21:45:37,19.5084572,-99.1268845,HMRFM00TLT23973,C6:D8:D5:03:47:AB,6,-85,WPA2_PSK
2026-03-19 21:45:37,19.5084572,-99.1268845,linksys,00:1A:70:67:AF:CA,11,-86,WPA2_PSK
2026-03-19 21:45:37,19.5084572,-99.1268845,ALTOS 1 _EXT,40:AE:30:DF:07:AB,5,-87,WPA2_PSK
2026-03-19 21:45:37,19.5084572,-99.1268845,LDPTPWF01,3A:60:F9:E5:83:76,6,-87,WPA2_PSK
2026-03-19 21:45:37,19.5084572,-99.1268845,Megacable_2.4G_3530,34:36:54:9C:35:30,9,-91,WPA_WPA2_PSK
2026-03-19 21:45:53,19.5084572,-99.1268845,CGSTIC-WiFi-Cel,E2:8F:71:3A:34:34,4,-72,WPA2_PSK
2026-03-19 21:45:53,19.5084572,-99.1268845,,E6:82:10:61:2E:CE,11,-74,WPA2_PSK
2026-03-19 21:45:53,19.5084572,-99.1268845,,8A:15:04:58:0F:BF,6,-75,WEP
2026-03-19 21:45:53,19.5084572,-99.1268845,IZZI-E3DD,F0:4B:8A:FC:13:6A,1,-76,WPA2_PSK
2026-03-19 21:45:53,19.5084572,-99.1268845,,F2:4B:8A:FC:13:1A,1,-77,UNKNOWN
2026-03-19 21:45:53,19.5084572,-99.1268845,Totalplay-4CB2,E6:82:10:61:2E:CC,11,-77,WPA2_PSK
2026-03-19 21:45:53,19.5084572,-99.1268845,Cinves-WiFi,60:A4:B7:C8:AA:BC,1,-78,WPA_WPA2_PSK
2026-03-19 21:45:53,19.5084572,-99.1268845,infinitum movil,8A:15:04:58:0F:B0,6,-78,OPEN
2026-03-19 21:45:53,19.5084572,-99.1268845,Invitados Cinves,66:A4:B7:C8:AA:B6,11,-79,OPEN
2026-03-19 21:45:53,19.5084572,-99.1268845,IPCF3811614596994,9C:A3:A9:47:7C:9A,1,-82,WPA2_PSK
2026-03-19 21:45:53,19.5084572,-99.1268845,Totalplay-DCAA,6C:E8:74:5A:B7:20,8,-83,WPA2_PSK
2026-03-19 21:45:53,19.5084572,-99.1268845,,A6:98:13:2A:F6:8A,6,-84,UNKNOWN
2026-03-19 21:45:53,19.5084572,-99.1268845,LBS-3 Cinvestav,DC:62:79:32:D0:56,4,-85,WPA2_PSK
2026-03-19 21:45:53,19.5084572,-99.1268845,IZZI-DF34,88:71:B1:7E:D9:E2,6,-85,WPA2_PSK
2026-03-19 21:45:53,19.5084572,-99.1268845,,E2:62:79:32:D0:56,4,-86,WPA2_PSK
2026-03-19 21:45:53,19.5084572,-99.1268845,IZZI-DF2F,A4:98:13:7A:F6:8A,6,-86,WPA2_PSK
2026-03-19 21:45:53,19.5084572,-99.1268845,ALTOS 1 _EXT,40:AE:30:DF:07:AB,5,-88,WPA2_PSK
2026-03-19 21:45:53,19.5084572,-99.1268845,HMRFM00TLT23973,C6:D8:D5:03:47:AB,6,-88,WPA2_PSK
2026-03-19 21:45:53,19.5084572,-99.1268845,INFINITUM2849,50:02:38:2A:38:79,8,-88,WPA2_PSK
2026-03-19 21:45:53,19.5084572,-99.1268845,Tenda_0211D0,58:D9:D5:02:11:D1,3,-89,WPA_WPA2_PSK
2026-03-19 21:45:53,19.5084572,-99.1268845,INFINITUM8BDA,00:5F:67:74:48:B8,6,-89,WPA2_PSK
2026-03-19 21:45:53,19.5084572,-99.1268845,TP-Link_40B2,B0:A7:B9:32:40:B2,2,-90,WPA2_PSK
2026-03-19 21:45:53,19.5084572,-99.1268845,Mega_2.4G_5AAE,48:96:D9:24:5A:AE,3,-90,WPA_WPA2_PSK
2026-03-19 21:45:53,19.5084572,-99.1268845,Dra. E_Calderon,B4:B0:24:6E:0C:77,8,-91,WPA2_PSK
2026-03-19 21:45:53,19.5084572,-99.1268845,Megacable_2.4G_3530,34:36:54:9C:35:30,9,-91,WPA_WPA2_PSK
2026-03-19 21:46:09,19.5084572,-99.1268845,CGSTIC-WiFi-Cel,E2:8F:71:3A:34:34,4,-72,WPA2_PSK
2026-03-19 21:46:09,19.5084572,-99.1268845,Invitados Cinves,66:A4:B7:C8:AA:BC,1,-73,OPEN
2026-03-19 21:46:09,19.5084572,-99.1268845,Cinves-WiFi,60:A4:B7:C8:AA:BC,1,-74,WPA_WPA2_PSK
2026-03-19 21:46:09,19.5084572,-99.1268845,TYPE_S_DVR27_4K_AAEAA9,80:9D:65:AA:EA:A9,2,-74,WPA2_PSK
2026-03-19 21:46:09,19.5084572,-99.1268845,Club_Totalplay_WiFi,E6:82:10:61:2E:CF,11,-75,OPEN
2026-03-19 21:46:09,19.5084572,-99.1268845,,E6:82:10:61:2E:CE,11,-76,WPA2_PSK
2026-03-19 21:46:09,19.5084572,-99.1268845,Totalplay-4CB2,E6:82:10:61:2E:CC,11,-76,WPA2_PSK
2026-03-19 21:46:09,19.5084572,-99.1268845,,8A:15:04:58:0F:BF,6,-77,WEP
2026-03-19 21:46:09,19.5084572,-99.1268845,INFINITUM8BDA,00:5F:67:74:48:B8,6,-80,WPA2_PSK
2026-03-19 21:46:09,19.5084572,-99.1268845,WFCDECONTROL,0C:80:63:75:2F:D3,11,-81,WPA_WPA2_PSK
2026-03-19 21:46:09,19.5084572,-99.1268845,Tenda_0211D0,58:D9:D5:02:11:D1,3,-82,WPA_WPA2_PSK
2026-03-19 21:46:09,19.5084572,-99.1268845,MC19474,30:3D:51:11:11:EA,7,-84,WPA_WPA2_PSK
2026-03-19 21:46:09,19.5084572,-99.1268845,LBS-3 Cinvestav,DC:62:79:32:D0:56,4,-87,WPA2_PSK
2026-03-19 21:46:09,19.5084572,-99.1268845,,E2:62:79:32:D0:56,4,-87,WPA2_PSK
2026-03-19 21:46:09,19.5084572,-99.1268845,omni,52:0F:F5:7F:A2:91,6,-87,WPA_WPA2_PSK
2026-03-19 21:46:09,19.5084572,-99.1268845,IZZI-DF2F,A4:98:13:7A:F6:8A,6,-88,WPA2_PSK
2026-03-19 21:46:09,19.5084572,-99.1268845,Club_Totalplay_WiFi,6C:E8:74:60:A4:97,7,-88,OPEN
2026-03-19 21:46:09,19.5084572,-99.1268845,linksys,00:1A:70:67:AF:CA,11,-93,WPA2_PSK
2026-03-19 21:46:25,19.5084572,-99.1268845,CGSTIC-WiFi-Cel,E2:8F:71:3A:34:34,4,-71,WPA2_PSK
2026-03-19 21:46:25,19.5084572,-99.1268845,Invitados Cinves,66:A4:B7:C8:AA:BC,1,-72,OPEN
2026-03-19 21:46:25,19.5084572,-99.1268845,,F2:4B:8A:FC:13:1A,1,-72,UNKNOWN
2026-03-19 21:46:25,19.5084572,-99.1268845,IZZI-E3DD,F0:4B:8A:FC:13:6A,1,-73,WPA2_PSK
2026-03-19 21:46:25,19.5084572,-99.1268845,,8A:15:04:58:0F:BF,6,-76,WEP
2026-03-19 21:46:25,19.5084572,-99.1268845,infinitum movil,8A:15:04:58:0F:B0,6,-77,OPEN
2026-03-19 21:46:25,19.5084572,-99.1268845,Cinves-WiFi,60:A4:B7:C8:AA:BC,1,-78,WPA_WPA2_PSK
2026-03-19 21:46:25,19.5084572,-99.1268845,Invitados Cinves,66:A4:B7:C8:AA:B6,11,-81,OPEN
2026-03-19 21:46:25,19.5084572,-99.1268845,Cinves-WiFi,60:A4:B7:C8:AA:B6,11,-82,WPA_WPA2_PSK
2026-03-19 21:46:25,19.5084572,-99.1268845,,E6:82:10:61:2E:CE,11,-82,WPA2_PSK
2026-03-19 21:46:25,19.5084572,-99.1268845,omni,52:0F:F5:7F:A2:91,6,-83,WPA_WPA2_PSK
2026-03-19 21:46:25,19.5084572,-99.1268845,Totalplay-4CB2,E6:82:10:61:2E:CC,11,-83,WPA2_PSK
2026-03-19 21:46:25,19.5084572,-99.1268845,Tenda_0211D0,58:D9:D5:02:11:D1,3,-84,WPA_WPA2_PSK
2026-03-19 21:46:25,19.5084572,-99.1268845,INFINITUM8BDA,00:5F:67:74:48:B8,6,-84,WPA2_PSK
2026-03-19 21:46:25,19.5084572,-99.1268845,IZZI-DF2F,A4:98:13:7A:F6:8A,6,-84,WPA2_PSK
2026-03-19 21:46:25,19.5084572,-99.1268845,Club_Totalplay_WiFi,E6:82:10:61:2E:CF,11,-84,OPEN
2026-03-19 21:46:25,19.5084572,-99.1268845,MC19387,30:3D:51:11:12:B3,7,-87,WPA_WPA2_PSK
2026-03-19 21:46:25,19.5084572,-99.1268845,R_MC5423,34:0A:9A:31:22:41,7,-87,WPA_WPA2_PSK
2026-03-19 21:46:25,19.5084572,-99.1268845,INFINITUM62FA,D4:01:45:40:83:00,1,-88,WPA2_PSK
2026-03-19 21:46:25,19.5084572,-99.1268845,LBS-3 Cinvestav,DC:62:79:32:D0:56,4,-88,WPA2_PSK
2026-03-19 21:46:25,19.5084572,-99.1268845,linksys,00:1A:70:67:AF:CA,11,-88,WPA2_PSK
2026-03-19 21:46:25,19.5084572,-99.1268845,IPCF3811614596994,9C:A3:A9:47:7C:9A,1,-89,WPA2_PSK
2026-03-19 21:46:25,19.5084572,-99.1268845,INFINITUM2849,50:02:38:2A:38:79,8,-89,WPA2_PSK
2026-03-19 21:46:25,19.5084572,-99.1268845,Dra. E_Calderon,B4:B0:24:6E:0C:77,8,-89,WPA2_PSK
2026-03-19 21:46:25,19.5084572,-99.1268845,INFINITUM2746,A8:E8:1E:E6:5A:80,8,-89,WPA2_PSK
2026-03-19 21:46:25,19.5084572,-99.1268845,,E2:62:79:32:75:DA,4,-90,WPA2_PSK
2026-03-19 21:46:25,19.5084572,-99.1268845,LBS-3 Cinvestav,DC:62:79:32:75:DA,4,-90,WPA2_PSK
2026-03-19 21:46:25,19.5084572,-99.1268845,,00:4E:35:01:B6:82,1,-91,WPA2_PSK
2026-03-19 21:46:25,19.5084572,-99.1268845,CDMX-Internet para Todos,00:4E:35:01:B6:83,1,-91,OPEN
2026-03-19 21:46:25,19.5084572,-99.1268845,,52:02:38:4A:38:79,8,-91,WPA2_PSK
2026-03-19 21:46:25,19.5084572,-99.1268845,Totalplay-DCAA,6C:E8:74:5A:B7:20,8,-91,WPA2_PSK
2026-03-19 21:46:25,19.5084572,-99.1268845,,A2:31:DB:54:81:C6,3,-92,WPA2_PSK
2026-03-19 21:46:25,19.5084572,-99.1268845,Mega_2.4G_E97A,F8:79:28:EC:E9:7A,10,-92,WPA2_PSK
2026-03-19 21:46:25,19.5084572,-99.1268845,Megacable_2.4G_3530,34:36:54:9C:35:30,9,-93,WPA_WPA2_PSK
2026-03-19 21:46:41,19.5084591,-99.1268845,CGSTIC-WiFi-Cel,E2:8F:71:3A:34:34,4,-71,WPA2_PSK
2026-03-19 21:46:41,19.5084591,-99.1268845,,F2:4B:8A:FC:13:1A,1,-73,UNKNOWN
2026-03-19 21:46:41,19.5084591,-99.1268845,Club_Totalplay_WiFi,E6:82:10:61:2E:CF,11,-73,OPEN
2026-03-19 21:46:41,19.5084591,-99.1268845,IZZI-E3DD,F0:4B:8A:FC:13:6A,1,-74,WPA2_PSK
2026-03-19 21:46:41,19.5084591,-99.1268845,Totalplay-4CB2,E6:82:10:61:2E:CC,11,-74,WPA2_PSK
2026-03-19 21:46:41,19.5084591,-99.1268845,,8A:15:04:58:0F:BF,6,-75,WEP
2026-03-19 21:46:41,19.5084591,-99.1268845,Cinves-WiFi,60:A4:B7:C8:AA:BC,1,-76,WPA_WPA2_PSK
2026-03-19 21:46:41,19.5084591,-99.1268845,,E6:82:10:61:2E:CE,11,-76,WPA2_PSK
2026-03-19 21:46:41,19.5084591,-99.1268845,INFINITUMC357,12:55:E4:1B:26:ED,1,-78,WPA2_PSK
2026-03-19 21:46:41,19.5084591,-99.1268845,infinitum movil,8A:15:04:58:0F:B0,6,-79,OPEN
2026-03-19 21:46:41,19.5084591,-99.1268845,Invitados Cinves,66:A4:B7:C8:AA:B6,11,-79,OPEN
2026-03-19 21:46:41,19.5084591,-99.1268845,Cinves-WiFi,60:A4:B7:C8:AA:B6,11,-79,WPA_WPA2_PSK
2026-03-19 21:46:41,19.5084591,-99.1268845,ALTOS 1 _EXT,40:AE:30:DF:07:AB,5,-83,WPA2_PSK
2026-03-19 21:46:41,19.5084591,-99.1268845,IZZI-DF2F,A4:98:13:7A:F6:8A,6,-85,WPA2_PSK
2026-03-19 21:46:41,19.5084591,-99.1268845,,E2:62:79:32:D0:56,4,-86,WPA2_PSK
2026-03-19 21:46:41,19.5084591,-99.1268845,Dra. E_Calderon,B4:B0:24:6E:0C:77,8,-87,WPA2_PSK
2026-03-19 21:46:41,19.5084591,-99.1268845,linksys,00:1A:70:67:AF:CA,11,-87,WPA2_PSK
2026-03-19 21:46:41,19.5084591,-99.1268845,,A6:98:13:2A:F6:8A,6,-88,UNKNOWN
2026-03-19 21:46:41,19.5084591,-99.1268845,INFINITUM8BDA,00:5F:67:74:48:B8,6,-88,WPA2_PSK
2026-03-19 21:46:41,19.5084591,-99.1268845,,D2:B0:24:6E:0C:79,8,-88,WPA2_PSK
2026-03-19 21:46:41,19.5084591,-99.1268845,Club_Totalplay_WiFi,A2:31:DB:54:81:C7,3,-90,OPEN
2026-03-19 21:46:41,19.5084591,-99.1268845,Mega_2.4G_5AAE,48:96:D9:24:5A:AE,3,-90,WPA_WPA2_PSK
2026-03-19 21:46:41,19.5084591,-99.1268845,INFINITUMDCAF_EXT,E8:48:B8:6C:A5:DF,11,-90,WPA2_PSK
2026-03-19 21:46:41,19.5084591,-99.1268845,,DA:EE:C2:57:55:5B,1,-91,WPA2_PSK
2026-03-19 21:46:57,19.5084591,-99.1268921,,E6:82:10:61:2E:CE,11,-69,WPA2_PSK
2026-03-19 21:46:57,19.5084591,-99.1268921,CGSTIC-WiFi-Cel,E2:8F:71:3A:34:34,4,-70,WPA2_PSK
2026-03-19 21:46:57,19.5084591,-99.1268921,Club_Totalplay_WiFi,E6:82:10:61:2E:CF,11,-72,OPEN
2026-03-19 21:46:57,19.5084591,-99.1268921,Totalplay-4CB2,E6:82:10:61:2E:CC,11,-73,WPA2_PSK
2026-03-19 21:46:57,19.5084591,-99.1268921,,8A:15:04:58:0F:BF,6,-74,WEP
2026-03-19 21:46:57,19.5084591,-99.1268921,INFINITUMC357,12:55:E4:1B:26:ED,1,-77,WPA2_PSK
2026-03-19 21:46:57,19.5084591,-99.1268921,IZZI-E3DD,F0:4B:8A:FC:13:6A,1,-77,WPA2_PSK
2026-03-19 21:46:57,19.5084591,-99.1268921,Invitados Cinves,66:A4:B7:C8:AA:BC,1,-78,OPEN
2026-03-19 21:46:57,19.5084591,-99.1268921,,F2:4B:8A:FC:13:1A,1,-78,UNKNOWN
2026-03-19 21:46:57,19.5084591,-99.1268921,Cinves-WiFi,60:A4:B7:C8:AA:BC,1,-79,WPA_WPA2_PSK
2026-03-19 21:46:57,19.5084591,-99.1268921,WFCDECONTROL,0C:80:63:75:2F:D3,11,-79,WPA_WPA2_PSK
2026-03-19 21:46:57,19.5084591,-99.1268921,Invitados Cinves,66:A4:B7:C8:AA:B6,11,-81,OPEN
2026-03-19 21:46:57,19.5084591,-99.1268921,IZZI-DF2F,A4:98:13:7A:F6:8A,6,-82,WPA2_PSK
2026-03-19 21:46:57,19.5084591,-99.1268921,,A6:98:13:2A:F6:8A,6,-82,UNKNOWN
2026-03-19 21:46:57,19.5084591,-99.1268921,ALTOS 1 _EXT,40:AE:30:DF:07:AB,5,-85,WPA2_PSK
2026-03-19 21:46:57,19.5084591,-99.1268921,Dra. E_Calderon,B4:B0:24:6E:0C:77,8,-86,WPA2_PSK
2026-03-19 21:46:57,19.5084591,-99.1268921,LDPTPWF01,3A:60:F9:E5:83:76,6,-87,WPA2_PSK
2026-03-19 21:46:57,19.5084591,-99.1268921,Steren COM-780_35110,08:97:58:3A:5F:2C,10,-87,WPA2_PSK
2026-03-19 21:46:57,19.5084591,-99.1268921,MC19474,30:3D:51:11:11:EA,7,-90,WPA_WPA2_PSK
2026-03-19 21:46:57,19.5084591,-99.1268921,Cinves-WiFi,54:AF:97:CA:02:F4,1,-92,WPA_WPA2_PSK
2026-03-19 21:47:13,19.5084591,-99.1268921,CGSTIC-WiFi-Cel,E2:8F:71:3A:34:34,4,-71,WPA2_PSK
2026-03-19 21:47:13,19.5084591,-99.1268921,,8A:15:04:58:0F:BF,6,-73,WEP
2026-03-19 21:47:13,19.5084591,-99.1268921,IZZI-E3DD,F0:4B:8A:FC:13:6A,1,-75,WPA2_PSK
2026-03-19 21:47:13,19.5084591,-99.1268921,infinitum movil,8A:15:04:58:0F:B0,6,-76,OPEN
2026-03-19 21:47:13,19.5084591,-99.1268921,Invitados Cinves,66:A4:B7:C8:AA:BC,1,-77,OPEN
2026-03-19 21:47:13,19.5084591,-99.1268921,,E6:82:10:61:2E:CE,11,-80,WPA2_PSK
2026-03-19 21:47:13,19.5084591,-99.1268921,WFCDECONTROL,0C:80:63:75:2F:D3,11,-81,WPA_WPA2_PSK
2026-03-19 21:47:13,19.5084591,-99.1268921,Totalplay-4CB2,E6:82:10:61:2E:CC,11,-81,WPA2_PSK
2026-03-19 21:47:13,19.5084591,-99.1268921,MC19387,30:3D:51:11:12:B3,7,-82,WPA_WPA2_PSK
2026-03-19 21:47:13,19.5084591,-99.1268921,MC19474,30:3D:51:11:11:EA,7,-82,WPA_WPA2_PSK
2026-03-19 21:47:13,19.5084591,-99.1268921,IZZI-DF2F,A4:98:13:7A:F6:8A,6,-83,WPA2_PSK
2026-03-19 21:47:13,19.5084591,-99.1268921,INFINITUMC357,12:55:E4:1B:26:ED,1,-84,WPA2_PSK
2026-03-19 21:47:13,19.5084591,-99.1268921,Cinves-WiFi,60:A4:B7:C8:AA:B6,11,-84,WPA_WPA2_PSK
2026-03-19 21:47:13,19.5084591,-99.1268921,Tenda_0211D0,58:D9:D5:02:11:D1,3,-85,WPA_WPA2_PSK
2026-03-19 21:47:13,19.5084591,-99.1268921,Invitados Cinves,6E:FF:7B:32:CA:42,6,-86,OPEN
2026-03-19 21:47:13,19.5084591,-99.1268921,Cinves-WiFi,34:60:F9:E5:83:76,6,-86,WPA_WPA2_PSK
2026-03-19 21:47:13,19.5084591,-99.1268921,INFINITUM8BDA,00:5F:67:74:48:B8,6,-86,WPA2_PSK
2026-03-19 21:47:13,19.5084591,-99.1268921,ALTOS 1 _EXT,40:AE:30:DF:07:AB,5,-87,WPA2_PSK
2026-03-19 21:47:13,19.5084591,-99.1268921,,D2:B0:24:6E:0C:79,8,-87,WPA2_PSK
2026-03-19 21:47:13,19.5084591,-99.1268921,LBS-3 Cinvestav,DC:62:79:32:D0:56,4,-88,WPA2_PSK
2026-03-19 21:47:13,19.5084591,-99.1268921,Megacable_2.4G_3530,34:36:54:9C:35:30,9,-88,WPA_WPA2_PSK
2026-03-19 21:47:13,19.5084591,-99.1268921,Steren COM-780_35110,08:97:58:3A:5F:2C,10,-88,WPA2_PSK
2026-03-19 21:47:13,19.5084591,-99.1268921,Invitados Cinves,66:A4:B7:C8:AA:B6,11,-88,OPEN
2026-03-19 21:47:13,19.5084591,-99.1268921,,DA:EE:C2:87:55:5B,1,-89,WPA2_PSK
2026-03-19 21:47:13,19.5084591,-99.1268921,Mega_2.4G_3922,48:96:D9:7E:39:22,4,-89,WPA_WPA2_PSK
2026-03-19 21:47:13,19.5084591,-99.1268921,Mega_2.4G_6F0A,7C:7D:21:BD:6F:0A,9,-89,WPA2_PSK
2026-03-19 21:47:13,19.5084591,-99.1268921,INFINITUM3F50,D4:01:45:3E:48:60,11,-89,WPA2_PSK
2026-03-19 21:47:13,19.5084591,-99.1268921,omni,52:0F:F5:7F:A2:91,6,-90,WPA_WPA2_PSK
2026-03-19 21:47:29,19.5084591,-99.1268921,,E6:82:10:61:2E:CE,11,-66,WPA2_PSK
2026-03-19 21:47:29,19.5084591,-99.1268921,Totalplay-4CB2,E6:82:10:61:2E:CC,11,-70,WPA2_PSK
2026-03-19 21:47:29,19.5084591,-99.1268921,Club_Totalplay_WiFi,E6:82:10:61:2E:CF,11,-70,OPEN
2026-03-19 21:47:29,19.5084591,-99.1268921,CGSTIC-WiFi-Cel,E2:8F:71:3A:34:34,4,-73,WPA2_PSK
2026-03-19 21:47:29,19.5084591,-99.1268921,,8A:15:04:58:0F:BF,6,-73,WEP
2026-03-19 21:47:29,19.5084591,-99.1268921,IZZI-E3DD,F0:4B:8A:FC:13:6A,1,-76,WPA2_PSK
2026-03-19 21:47:29,19.5084591,-99.1268921,A14 de Efren,42:79:21:83:F2:BC,4,-76,WPA2_PSK
2026-03-19 21:47:29,19.5084591,-99.1268921,infinitum movil,8A:15:04:58:0F:B0,6,-76,OPEN
2026-03-19 21:47:29,19.5084591,-99.1268921,,F2:4B:8A:FC:13:1A,1,-77,UNKNOWN
2026-03-19 21:47:29,19.5084591,-99.1268921,Invitados Cinves,66:A4:B7:C8:AA:BC,1,-79,OPEN
2026-03-19 21:47:29,19.5084591,-99.1268921,Cinves-WiFi,60:A4:B7:C8:AA:BC,1,-79,WPA_WPA2_PSK
2026-03-19 21:47:29,19.5084591,-99.1268921,IZZI-DF2F,A4:98:13:7A:F6:8A,6,-83,WPA2_PSK
2026-03-19 21:47:29,19.5084591,-99.1268921,ALTOS 1 _EXT,40:AE:30:DF:07:AB,5,-85,WPA2_PSK
2026-03-19 21:47:29,19.5084591,-99.1268921,MC19474,30:3D:51:11:11:EA,7,-85,WPA_WPA2_PSK
2026-03-19 21:47:29,19.5084591,-99.1268921,IZZI-DF34,88:71:B1:7E:D9:E2,6,-86,WPA2_PSK
2026-03-19 21:47:29,19.5084591,-99.1268921,Club_Totalplay_WiFi,6C:E8:74:60:A4:97,7,-86,OPEN
2026-03-19 21:47:29,19.5084591,-99.1268921,Tenda_0211D0,58:D9:D5:02:11:D1,3,-87,WPA_WPA2_PSK
2026-03-19 21:47:29,19.5084591,-99.1268921,Cinves-WiFi,34:60:F9:E5:83:76,6,-87,WPA_WPA2_PSK
2026-03-19 21:47:29,19.5084591,-99.1268921,INFINITUM2746,A8:E8:1E:E6:5A:80,8,-88,WPA2_PSK
2026-03-19 21:47:29,19.5084591,-99.1268921,INFINITUM2849,50:02:38:2A:38:79,8,-88,WPA2_PSK
2026-03-19 21:47:29,19.5084591,-99.1268921,,14:EB:08:9F:61:B2,11,-88,WPA2_PSK
2026-03-19 21:47:29,19.5084591,-99.1268921,linksys,00:1A:70:67:AF:CA,11,-88,WPA2_PSK
2026-03-19 21:47:29,19.5084591,-99.1268921,,E2:62:79:32:D0:56,4,-89,WPA2_PSK
2026-03-19 21:47:29,19.5084591,-99.1268921,INFINITUM8BDA,00:5F:67:74:48:B8,6,-89,WPA2_PSK
2026-03-19 21:47:29,19.5084591,-99.1268921,,DA:EE:C2:87:55:5B,1,-90,WPA2_PSK
2026-03-19 21:47:29,19.5084591,-99.1268921,,F2:A7:31:97:F3:FD,5,-90,WPA2_PSK
2026-03-19 21:47:45,19.5084591,-99.1268921,,8A:15:04:58:0F:BF,6,-71,WEP
2026-03-19 21:47:45,19.5084591,-99.1268921,Totalplay-4CB2,E6:82:10:61:2E:CC,11,-73,WPA2_PSK
2026-03-19 21:47:45,19.5084591,-99.1268921,CGSTIC-WiFi-Cel,E2:8F:71:3A:34:34,4,-74,WPA2_PSK
2026-03-19 21:47:45,19.5084591,-99.1268921,Club_Totalplay_WiFi,E6:82:10:61:2E:CF,11,-74,OPEN
2026-03-19 21:47:45,19.5084591,-99.1268921,,F2:4B:8A:FC:13:1A,1,-75,UNKNOWN
2026-03-19 21:47:45,19.5084591,-99.1268921,infinitum movil,8A:15:04:58:0F:B0,6,-75,OPEN
2026-03-19 21:47:45,19.5084591,-99.1268921,,E6:82:10:61:2E:CE,11,-75,WPA2_PSK
2026-03-19 21:47:45,19.5084591,-99.1268921,IZZI-E3DD,F0:4B:8A:FC:13:6A,1,-76,WPA2_PSK
2026-03-19 21:47:45,19.5084591,-99.1268921,Invitados Cinves,66:A4:B7:C8:AA:BC,1,-76,OPEN
2026-03-19 21:47:45,19.5084591,-99.1268921,Cinves-WiFi,60:A4:B7:C8:AA:BC,1,-79,WPA_WPA2_PSK
2026-03-19 21:47:45,19.5084591,-99.1268921,R_MC5423,34:0A:9A:31:22:41,7,-81,WPA_WPA2_PSK
2026-03-19 21:47:45,19.5084591,-99.1268921,Cinves-WiFi,60:A4:B7:C8:AA:B6,11,-81,WPA_WPA2_PSK
2026-03-19 21:47:45,19.5084591,-99.1268921,WFCDECONTROL,0C:80:63:75:2F:D3,11,-82,WPA_WPA2_PSK
2026-03-19 21:47:45,19.5084591,-99.1268921,MC19474,30:3D:51:11:11:EA,7,-83,WPA_WPA2_PSK
2026-03-19 21:47:45,19.5084591,-99.1268921,,AE:42:A1:7C:B8:AA,5,-84,WPA2_PSK
2026-03-19 21:47:45,19.5084591,-99.1268921,INFINITUM8BDA,00:5F:67:74:48:B8,6,-84,WPA2_PSK
2026-03-19 21:47:45,19.5084591,-99.1268921,LDPTPWF01,3A:60:F9:E5:83:76,6,-85,WPA2_PSK
2026-03-19 21:47:45,19.5084591,-99.1268921,Tenda_0211D0,58:D9:D5:02:11:D1,3,-88,WPA_WPA2_PSK
2026-03-19 21:47:45,19.5084591,-99.1268921,,52:02:38:4A:38:79,8,-88,WPA2_PSK
2026-03-19 21:47:45,19.5084591,-99.1268921,,F2:A7:31:87:F3:FD,5,-89,WPA2_PSK
2026-03-19 21:47:45,19.5084591,-99.1268921,IZZI-DF2F,A4:98:13:7A:F6:8A,6,-89,WPA2_PSK
2026-03-19 21:47:45,19.5084591,-99.1268921,,F2:A7:31:97:F3:FD,5,-90,WPA2_PSK
2026-03-19 21:48:01,19.5084591,-99.1268921,CGSTIC-WiFi-Cel,E2:8F:71:3A:34:34,4,-72,WPA2_PSK
2026-03-19 21:48:01,19.5084591,-99.1268921,,F2:4B:8A:FC:13:1A,1,-74,UNKNOWN
2026-03-19 21:48:01,19.5084591,-99.1268921,IZZI-E3DD,F0:4B:8A:FC:13:6A,1,-75,WPA2_PSK
2026-03-19 21:48:01,19.5084591,-99.1268921,Totalplay-4CB2,E6:82:10:61:2E:CC,11,-76,WPA2_PSK
2026-03-19 21:48:01,19.5084591,-99.1268921,Invitados Cinves,66:A4:B7:C8:AA:BC,1,-77,OPEN
2026-03-19 21:48:01,19.5084591,-99.1268921,Cinves-WiFi,60:A4:B7:C8:AA:BC,1,-77,WPA_WPA2_PSK
2026-03-19 21:48:01,19.5084591,-99.1268921,infinitum movil,8A:15:04:58:0F:B0,6,-77,OPEN
2026-03-19 21:48:01,19.5084591,-99.1268921,Club_Totalplay_WiFi,E6:82:10:61:2E:CF,11,-78,OPEN
2026-03-19 21:48:01,19.5084591,-99.1268921,,E6:82:10:61:2E:CE,11,-78,WPA2_PSK
2026-03-19 21:48:01,19.5084591,-99.1268921,INFINITUMC357,12:55:E4:1B:26:ED,1,-79,WPA2_PSK
2026-03-19 21:48:01,19.5084591,-99.1268921,ALTOS 1 _EXT,40:AE:30:DF:07:AB,5,-83,WPA2_PSK
2026-03-19 21:48:01,19.5084591,-99.1268921,INFINITUM8BDA,00:5F:67:74:48:B8,6,-84,WPA2_PSK
2026-03-19 21:48:01,19.5084591,-99.1268921,,AE:42:A1:7C:B8:AA,5,-85,WPA2_PSK
2026-03-19 21:48:01,19.5084591,-99.1268921,,A6:98:13:2A:F6:8A,6,-85,UNKNOWN
2026-03-19 21:48:01,19.5084591,-99.1268921,IZZI-DF34,88:71:B1:7E:D9:E2,6,-85,WPA2_PSK
2026-03-19 21:48:01,19.5084591,-99.1268921,Dra. E_Calderon,B4:B0:24:6E:0C:77,8,-85,WPA2_PSK
2026-03-19 21:48:01,19.5084591,-99.1268921,Tenda_0211D0,58:D9:D5:02:11:D1,3,-86,WPA_WPA2_PSK
2026-03-19 21:48:01,19.5084591,-99.1268921,,E2:62:79:32:D0:56,4,-86,WPA2_PSK
2026-03-19 21:48:01,19.5084591,-99.1268921,MC19387,30:3D:51:11:12:B3,7,-86,WPA_WPA2_PSK
2026-03-19 21:48:01,19.5084591,-99.1268921,Invitados Cinves,66:A4:B7:C8:AA:B6,11,-87,OPEN
2026-03-19 21:48:01,19.5084591,-99.1268921,,00:4E:35:01:E7:C2,1,-89,WPA2_PSK
2026-03-19 21:48:01,19.5084591,-99.1268921,INFINITUM3532,D4:01:45:3D:A6:80,11,-89,WPA2_PSK
2026-03-19 21:48:01,19.5084591,-99.1268921,Invitados Cinves,5A:AF:97:CA:02:F4,1,-90,OPEN
2026-03-19 21:48:01,19.5084591,-99.1268921,INFINITUM2849,50:02:38:2A:38:79,8,-91,WPA2_PSK
2026-03-19 21:48:17,19.5084610,-99.1268921,CGSTIC-WiFi-Cel,E2:8F:71:3A:34:34,4,-71,WPA2_PSK
2026-03-19 21:48:17,19.5084610,-99.1268921,,8A:15:04:58:0F:BF,6,-72,WEP
2026-03-19 21:48:17,19.5084610,-99.1268921,IZZI-E3DD,F0:4B:8A:FC:13:6A,1,-76,WPA2_PSK
2026-03-19 21:48:17,19.5084610,-99.1268921,Invitados Cinves,66:A4:B7:C8:AA:BC,1,-76,OPEN
2026-03-19 21:48:17,19.5084610,-99.1268921,infinitum movil,8A:15:04:58:0F:B0,6,-76,OPEN
2026-03-19 21:48:17,19.5084610,-99.1268921,WFCDECONTROL,0C:80:63:75:2F:D3,11,-79,WPA_WPA2_PSK
2026-03-19 21:48:17,19.5084610,-99.1268921,Cinves-WiFi,60:A4:B7:C8:AA:B6,11,-80,WPA_WPA2_PSK
2026-03-19 21:48:17,19.5084610,-99.1268921,INFINITUMC357,12:55:E4:1B:26:ED,1,-81,WPA2_PSK
2026-03-19 21:48:17,19.5084610,-99.1268921,Invitados Cinves,66:A4:B7:C8:AA:B6,11,-81,OPEN
2026-03-19 21:48:17,19.5084610,-99.1268921,IZZI-DF34,88:71:B1:7E:D9:E2,6,-83,WPA2_PSK
2026-03-19 21:48:17,19.5084610,-99.1268921,Club_Totalplay_WiFi,E6:82:10:61:2E:CF,11,-83,OPEN
2026-03-19 21:48:17,19.5084610,-99.1268921,,E6:82:10:61:2E:CE,11,-83,WPA2_PSK
2026-03-19 21:48:17,19.5084610,-99.1268921,MC19387,30:3D:51:11:12:B3,7,-84,WPA_WPA2_PSK
2026-03-19 21:48:17,19.5084610,-99.1268921,Totalplay-4CB2,E6:82:10:61:2E:CC,11,-84,WPA2_PSK
2026-03-19 21:48:17,19.5084610,-99.1268921,INFINITUM8BDA,00:5F:67:74:48:B8,6,-85,WPA2_PSK
2026-03-19 21:48:17,19.5084610,-99.1268921,Cinves-WiFi,68:FF:7B:32:CA:42,6,-85,WPA_WPA2_PSK
2026-03-19 21:48:17,19.5084610,-99.1268921,IZZI-DF2F,A4:98:13:7A:F6:8A,6,-85,WPA2_PSK
2026-03-19 21:48:17,19.5084610,-99.1268921,,8A:71:B1:2E:D9:E2,6,-85,UNKNOWN
2026-03-19 21:48:17,19.5084610,-99.1268921,INFINITUM3F50,D4:01:45:3E:48:60,11,-87,WPA2_PSK
2026-03-19 21:48:17,19.5084610,-99.1268921,,00:4E:35:01:E7:C2,1,-88,WPA2_PSK
2026-03-19 21:48:17,19.5084610,-99.1268921,Megacable_2.4G_3530,34:36:54:9C:35:30,9,-88,WPA_WPA2_PSK
2026-03-19 21:48:17,19.5084610,-99.1268921,IZZI-CE74,D4:E2:CB:61:CE:78,11,-88,WPA2_PSK
2026-03-19 21:48:17,19.5084610,-99.1268921,INFINITUMC6B6,B8:9F:CC:33:44:50,1,-89,WPA2_PSK
2026-03-19 21:48:17,19.5084610,-99.1268921,Cinves-WiFi,54:AF:97:CA:02:F4,1,-90,WPA_WPA2_PSK
2026-03-19 21:48:17,19.5084610,-99.1268921,,DE:92:72:21:8D:CF,1,-90,UNKNOWN
2026-03-19 21:48:33,19.5084610,-99.1268921,Club_Totalplay_WiFi,E6:82:10:61:2E:CF,11,-73,OPEN
2026-03-19 21:48:33,19.5084610,-99.1268921,,F2:4B:8A:FC:13:1A,1,-74,UNKNOWN
2026-03-19 21:48:33,19.5084610,-99.1268921,,E6:82:10:61:2E:CE,11,-74,WPA2_PSK
2026-03-19 21:48:33,19.5084610,-99.1268921,,8A:15:04:58:0F:BF,6,-75,WEP
2026-03-19 21:48:33,19.5084610,-99.1268921,Totalplay-4CB2,E6:82:10:61:2E:CC,11,-75,WPA2_PSK
2026-03-19 21:48:33,19.5084610,-99.1268921,IZZI-E3DD,F0:4B:8A:FC:13:6A,1,-76,WPA2_PSK
2026-03-19 21:48:33,19.5084610,-99.1268921,CGSTIC-WiFi-Cel,E2:8F:71:3A:34:34,4,-77,WPA2_PSK
2026-03-19 21:48:33,19.5084610,-99.1268921,Invitados Cinves,66:A4:B7:C8:AA:BC,1,-78,OPEN
2026-03-19 21:48:33,19.5084610,-99.1268921,infinitum movil,8A:15:04:58:0F:B0,6,-78,OPEN
2026-03-19 21:48:33,19.5084610,-99.1268921,Cinves-WiFi,60:A4:B7:C8:AA:BC,1,-80,WPA_WPA2_PSK
2026-03-19 21:48:33,19.5084610,-99.1268921,MC19474,30:3D:51:11:11:EA,7,-83,WPA_WPA2_PSK
2026-03-19 21:48:33,19.5084610,-99.1268921,Mega_2.4G_5AAE,48:96:D9:24:5A:AE,3,-84,WPA_WPA2_PSK
2026-03-19 21:48:33,19.5084610,-99.1268921,Tenda_0211D0,58:D9:D5:02:11:D1,3,-84,WPA_WPA2_PSK
2026-03-19 21:48:33,19.5084610,-99.1268921,LBS-3 Cinvestav,DC:62:79:32:D0:56,4,-84,WPA2_PSK
2026-03-19 21:48:33,19.5084610,-99.1268921,,E2:62:79:32:D0:56,4,-84,WPA2_PSK
2026-03-19 21:48:33,19.5084610,-99.1268921,,A6:98:13:2A:F6:8A,6,-84,UNKNOWN
2026-03-19 21:48:33,19.5084610,-99.1268921,ALTOS 1 _EXT,40:AE:30:DF:07:AB,5,-86,WPA2_PSK
2026-03-19 21:48:33,19.5084610,-99.1268921,,AE:42:A1:7C:B8:AA,5,-88,WPA2_PSK
2026-03-19 21:48:33,19.5084610,-99.1268921,Cinves-WiFi,60:A4:B7:C8:AA:B6,11,-88,WPA_WPA2_PSK
2026-03-19 21:48:33,19.5084610,-99.1268921,ALTOS 1 ,A8:42:A1:7C:B8:AA,5,-89,WPA2_PSK
2026-03-19 21:48:33,19.5084610,-99.1268921,MC19387,30:3D:51:11:12:B3,7,-89,WPA_WPA2_PSK
2026-03-19 21:48:33,19.5084610,-99.1268921,Club_Totalplay_WiFi,6C:E8:74:5A:B7:23,8,-91,OPEN
2026-03-19 21:48:49,19.5084629,-99.1268921,,8A:15:04:58:0F:BF,6,-72,WEP
2026-03-19 21:48:49,19.5084629,-99.1268921,Totalplay-4CB2,E6:82:10:61:2E:CC,11,-74,WPA2_PSK
2026-03-19 21:48:49,19.5084629,-99.1268921,,F2:4B:8A:FC:13:1A,1,-75,UNKNOWN
2026-03-19 21:48:49,19.5084629,-99.1268921,IZZI-E3DD,F0:4B:8A:FC:13:6A,1,-75,WPA2_PSK
2026-03-19 21:48:49,19.5084629,-99.1268921,Invitados Cinves,66:A4:B7:C8:AA:BC,1,-76,OPEN
2026-03-19 21:48:49,19.5084629,-99.1268921,CGSTIC-WiFi-Cel,E2:8F:71:3A:34:34,4,-76,WPA2_PSK
2026-03-19 21:48:49,19.5084629,-99.1268921,infinitum movil,8A:15:04:58:0F:B0,6,-77,OPEN
2026-03-19 21:48:49,19.5084629,-99.1268921,Cinves-WiFi,60:A4:B7:C8:AA:BC,1,-78,WPA_WPA2_PSK
2026-03-19 21:48:49,19.5084629,-99.1268921,Club_Totalplay_WiFi,E6:82:10:61:2E:CF,11,-78,OPEN
2026-03-19 21:48:49,19.5084629,-99.1268921,,E6:82:10:61:2E:CE,11,-79,WPA2_PSK
2026-03-19 21:48:49,19.5084629,-99.1268921,LBS-3 Cinvestav,DC:62:79:32:D0:56,4,-81,WPA2_PSK
2026-03-19 21:48:49,19.5084629,-99.1268921,WFCDECONTROL,0C:80:63:75:2F:D3,11,-82,WPA_WPA2_PSK
2026-03-19 21:48:49,19.5084629,-99.1268921,Steren COM-780_35110,08:97:58:3A:5F:2C,10,-83,WPA2_PSK
2026-03-19 21:48:49,19.5084629,-99.1268921,,E2:62:79:32:D0:56,4,-85,WPA2_PSK
2026-03-19 21:48:49,19.5084629,-99.1268921,Megacable_2.4G_3530,34:36:54:9C:35:30,9,-85,WPA_WPA2_PSK
2026-03-19 21:48:49,19.5084629,-99.1268921,Cinves-WiFi,34:60:F9:E5:83:76,6,-86,WPA_WPA2_PSK
2026-03-19 21:48:49,19.5084629,-99.1268921,MC19387,30:3D:51:11:12:B3,7,-86,WPA_WPA2_PSK
2026-03-19 21:48:49,19.5084629,-99.1268921,Club_Totalplay_WiFi,A2:31:DB:54:81:C7,3,-88,OPEN
2026-03-19 21:48:49,19.5084629,-99.1268921,Totalplay-DCAA,6C:E8:74:5A:B7:20,8,-89,WPA2_PSK
2026-03-19 21:48:49,19.5084629,-99.1268921,Club_Totalplay_WiFi,6C:E8:74:5A:B7:23,8,-89,OPEN
2026-03-19 21:48:49,19.5084629,-99.1268921,linksys,00:1A:70:67:AF:CA,11,-89,WPA2_PSK
2026-03-19 21:48:49,19.5084629,-99.1268921,Cinves-WiFi,14:EB:B6:65:63:9E,1,-90,WPA_WPA2_PSK
2026-03-19 21:48:49,19.5084629,-99.1268921,,A2:31:DB:54:81:C6,3,-90,WPA2_PSK
2026-03-19 21:48:49,19.5084629,-99.1268921,INFINITUM2849,50:02:38:2A:38:79,8,-90,WPA2_PSK
2026-03-19 21:49:05,19.5084629,-99.1268921,Club_Totalplay_WiFi,E6:82:10:61:2E:CF,11,-70,OPEN
2026-03-19 21:49:05,19.5084629,-99.1268921,,E6:82:10:61:2E:CE,11,-72,WPA2_PSK
2026-03-19 21:49:05,19.5084629,-99.1268921,IZZI-E3DD,F0:4B:8A:FC:13:6A,1,-73,WPA2_PSK
2026-03-19 21:49:05,19.5084629,-99.1268921,Totalplay-4CB2,E6:82:10:61:2E:CC,11,-73,WPA2_PSK
2026-03-19 21:49:05,19.5084629,-99.1268921,,F2:4B:8A:FC:13:1A,1,-74,UNKNOWN
2026-03-19 21:49:05,19.5084629,-99.1268921,CGSTIC-WiFi-Cel,E2:8F:71:3A:34:34,4,-74,WPA2_PSK
2026-03-19 21:49:05,19.5084629,-99.1268921,,8A:15:04:58:0F:BF,6,-74,WEP
2026-03-19 21:49:05,19.5084629,-99.1268921,infinitum movil,8A:15:04:58:0F:B0,6,-76,OPEN
2026-03-19 21:49:05,19.5084629,-99.1268921,Cinves-WiFi,60:A4:B7:C8:AA:BC,1,-78,WPA_WPA2_PSK
2026-03-19 21:49:05,19.5084629,-99.1268921,WFCDECONTROL,0C:80:63:75:2F:D3,11,-82,WPA_WPA2_PSK
2026-03-19 21:49:05,19.5084629,-99.1268921,Cinves-WiFi,60:A4:B7:C8:AA:B6,11,-82,WPA_WPA2_PSK
2026-03-19 21:49:05,19.5084629,-99.1268921,INFINITUM8BDA,00:5F:67:74:48:B8,6,-84,WPA2_PSK
2026-03-19 21:49:05,19.5084629,-99.1268921,IZZI-DF2F,A4:98:13:7A:F6:8A,6,-84,WPA2_PSK
2026-03-19 21:49:05,19.5084629,-99.1268921,,A6:98:13:2A:F6:8A,6,-84,UNKNOWN
2026-03-19 21:49:05,19.5084629,-99.1268921,Invitados Cinves,66:A4:B7:C8:AA:B6,11,-84,OPEN
2026-03-19 21:49:05,19.5084629,-99.1268921,R_MC5423,34:0A:9A:31:22:41,7,-87,WPA_WPA2_PSK
2026-03-19 21:49:05,19.5084629,-99.1268921,IZZI-DF34,88:71:B1:7E:D9:E2,6,-88,WPA2_PSK
2026-03-19 21:49:05,19.5084629,-99.1268921,omni,52:0F:F5:7F:A2:91,6,-88,WPA_WPA2_PSK
2026-03-19 21:49:05,19.5084629,-99.1268921,DIRECT-40-HP M254 LaserJet,42:23:43:4E:08:40,6,-88,WPA2_PSK
2026-03-19 21:49:05,19.5084629,-99.1268921,LDPTPWF01,3A:60:F9:E5:83:76,6,-88,WPA2_PSK
2026-03-19 21:49:05,19.5084629,-99.1268921,MC19474,30:3D:51:11:11:EA,7,-88,WPA_WPA2_PSK
2026-03-19 21:49:05,19.5084629,-99.1268921,,D2:B0:24:6E:0C:79,8,-88,WPA2_PSK
2026-03-19 21:49:05,19.5084629,-99.1268921,linksys,00:1A:70:67:AF:CA,11,-88,WPA2_PSK
2026-03-19 21:49:05,19.5084629,-99.1268921,IZZI-CE74,D4:E2:CB:61:CE:78,11,-88,WPA2_PSK
2026-03-19 21:49:05,19.5084629,-99.1268921,INFINITUM3F50,D4:01:45:3E:48:60,11,-88,WPA2_PSK
2026-03-19 21:49:05,19.5084629,-99.1268921,,E2:62:79:32:D0:56,4,-89,WPA2_PSK
2026-03-19 21:49:05,19.5084629,-99.1268921,LBS-3 Cinvestav,DC:62:79:32:D0:56,4,-89,WPA2_PSK
2026-03-19 21:49:05,19.5084629,-99.1268921,Club_Totalplay_WiFi,6C:E8:74:5A:B7:23,8,-89,OPEN
2026-03-19 21:49:05,19.5084629,-99.1268921,Steren COM-780_35110,08:97:58:3A:5F:2C,10,-89,WPA2_PSK
2026-03-19 21:49:05,19.5084629,-99.1268921,Cinves-WiFi,34:60:F9:E5:83:76,6,-90,WPA_WPA2_PSK
2026-03-19 21:49:05,19.5084629,-99.1268921,Moto G (4) 7742,32:5E:65:BA:6E:23,8,-90,WPA2_PSK
2026-03-19 21:49:05,19.5084629,-99.1268921,Cinves-WiFi,1C:61:B4:13:64:5A,11,-90,WPA_WPA2_PSK
2026-03-19 21:49:05,19.5084629,-99.1268921,,52:02:38:4A:38:79,8,-91,WPA2_PSK
2026-03-19 21:49:21,19.5084629,-99.1268921,IZZI-E3DD,F0:4B:8A:FC:13:6A,1,-73,WPA2_PSK
2026-03-19 21:49:21,19.5084629,-99.1268921,,F2:4B:8A:FC:13:1A,1,-73,UNKNOWN
2026-03-19 21:49:21,19.5084629,-99.1268921,,8A:15:04:58:0F:BF,6,-73,WEP
2026-03-19 21:49:21,19.5084629,-99.1268921,infinitum movil,8A:15:04:58:0F:B0,6,-74,OPEN
2026-03-19 21:49:21,19.5084629,-99.1268921,Club_Totalplay_WiFi,E6:82:10:61:2E:CF,11,-74,OPEN
2026-03-19 21:49:21,19.5084629,-99.1268921,,E6:82:10:61:2E:CE,11,-77,WPA2_PSK
2026-03-19 21:49:21,19.5084629,-99.1268921,Totalplay-4CB2,E6:82:10:61:2E:CC,11,-79,WPA2_PSK
2026-03-19 21:49:21,19.5084629,-99.1268921,Invitados Cinves,66:A4:B7:C8:AA:BC,1,-80,OPEN
2026-03-19 21:49:21,19.5084629,-99.1268921,CGSTIC-WiFi-Cel,E2:8F:71:3A:34:34,4,-81,WPA2_PSK
2026-03-19 21:49:21,19.5084629,-99.1268921,Tenda_0211D0,58:D9:D5:02:11:D1,3,-82,WPA_WPA2_PSK
2026-03-19 21:49:21,19.5084629,-99.1268921,Cinves-WiFi,60:A4:B7:C8:AA:B6,11,-83,WPA_WPA2_PSK
2026-03-19 21:49:21,19.5084629,-99.1268921,ALTOS 1 ,A8:42:A1:7C:B8:A6,5,-84,WPA2_PSK
2026-03-19 21:49:21,19.5084629,-99.1268921,,A6:98:13:2A:F6:8A,6,-85,UNKNOWN
2026-03-19 21:49:21,19.5084629,-99.1268921,Invitados Cinves,66:A4:B7:C8:AA:B6,11,-85,OPEN
2026-03-19 21:49:21,19.5084629,-99.1268921,IZZI-DF2F,A4:98:13:7A:F6:8A,6,-86,WPA2_PSK
2026-03-19 21:49:21,19.5084629,-99.1268921,ALTOS 1 ,A8:42:A1:7C:B8:AA,5,-87,WPA2_PSK
2026-03-19 21:49:21,19.5084629,-99.1268921,,AE:42:A1:7C:B8:A6,5,-87,WPA2_PSK
2026-03-19 21:49:21,19.5084629,-99.1268921,,E2:62:79:32:D0:56,4,-88,WPA2_PSK
2026-03-19 21:49:21,19.5084629,-99.1268921,omni,52:0F:F5:7F:A2:91,6,-88,WPA_WPA2_PSK
2026-03-19 21:49:21,19.5084629,-99.1268921,SALONES ALVI_2.4G,6C:E8:74:60:A4:94,7,-88,WPA_WPA2_PSK
2026-03-19 21:49:21,19.5084629,-99.1268921,Megacable_2.4G_3530,34:36:54:9C:35:30,9,-88,WPA_WPA2_PSK
2026-03-19 21:49:21,19.5084629,-99.1268921,LBS-3 Cinvestav,DC:62:79:32:D0:56,4,-89,WPA2_PSK
2026-03-19 21:49:21,19.5084629,-99.1268921,MC19387,30:3D:51:11:12:B3,7,-89,WPA_WPA2_PSK
2026-03-19 21:49:21,19.5084629,-99.1268921,Dra. E_Calderon,B4:B0:24:6E:0C:77,8,-89,WPA2_PSK
2026-03-19 21:49:21,19.5084629,-99.1268921,Club_Totalplay_WiFi,6C:E8:74:60:A4:97,7,-90,OPEN
2026-03-19 21:49:21,19.5084629,-99.1268921,linksys,00:1A:70:67:AF:CA,11,-90,WPA2_PSK
2026-03-19 21:49:21,19.5084629,-99.1268921,IZZI-CE74,D4:E2:CB:61:CE:78,11,-90,WPA2_PSK
2026-03-19 21:49:21,19.5084629,-99.1268921,cdc-wifinet,60:E3:27:B6:DE:72,6,-91,WPA_WPA2_PSK
2026-03-19 21:49:37,19.5084629,-99.1268921,CGSTIC-WiFi-Cel,E2:8F:71:3A:34:34,4,-71,WPA2_PSK
2026-03-19 21:49:37,19.5084629,-99.1268921,Cinves-WiFi,60:A4:B7:C8:AA:BC,1,-75,WPA_WPA2_PSK
2026-03-19 21:49:37,19.5084629,-99.1268921,IZZI-E3DD,F0:4B:8A:FC:13:6A,1,-76,WPA2_PSK
2026-03-19 21:49:37,19.5084629,-99.1268921,,F2:4B:8A:FC:13:1A,1,-76,UNKNOWN
2026-03-19 21:49:37,19.5084629,-99.1268921,infinitum movil,8A:15:04:58:0F:B0,6,-76,OPEN
2026-03-19 21:49:37,19.5084629,-99.1268921,,E6:82:10:61:2E:CE,11,-76,WPA2_PSK
2026-03-19 21:49:37,19.5084629,-99.1268921,Invitados Cinves,66:A4:B7:C8:AA:BC,1,-77,OPEN
2026-03-19 21:49:37,19.5084629,-99.1268921,Club_Totalplay_WiFi,E6:82:10:61:2E:CF,11,-77,OPEN
2026-03-19 21:49:37,19.5084629,-99.1268921,Totalplay-4CB2,E6:82:10:61:2E:CC,11,-78,WPA2_PSK
2026-03-19 21:49:37,19.5084629,-99.1268921,INFINITUMC357,12:55:E4:1B:26:ED,1,-80,WPA2_PSK
2026-03-19 21:49:37,19.5084629,-99.1268921,INFINITUM8BDA,00:5F:67:74:48:B8,6,-83,WPA2_PSK
2026-03-19 21:49:37,19.5084629,-99.1268921,Steren COM-780_35110,08:97:58:3A:5F:2C,10,-85,WPA2_PSK
2026-03-19 21:49:37,19.5084629,-99.1268921,,D2:B0:24:6E:0C:79,8,-86,WPA2_PSK
2026-03-19 21:49:37,19.5084629,-99.1268921,LBS-3 Cinvestav,DC:62:79:32:D0:56,4,-87,WPA2_PSK
2026-03-19 21:49:37,19.5084629,-99.1268921,Cinves-WiFi,68:FF:7B:32:CA:42,6,-87,WPA_WPA2_PSK
2026-03-19 21:49:37,19.5084629,-99.1268921,Invitados Cinves,6E:FF:7B:32:CA:42,6,-87,OPEN
2026-03-19 21:49:37,19.5084629,-99.1268921,,A6:98:13:2A:F6:8A,6,-88,UNKNOWN
2026-03-19 21:49:37,19.5084629,-99.1268921,,AE:42:A1:7C:B8:AA,5,-89,WPA2_PSK
2026-03-19 21:49:37,19.5084629,-99.1268921,INFINITUM2849,50:02:38:2A:38:79,8,-89,WPA2_PSK
2026-03-19 21:49:37,19.5084629,-99.1268921,linksys,00:1A:70:67:AF:CA,11,-89,WPA2_PSK
2026-03-19 21:49:37,19.5084629,-99.1268921,,14:EB:08:9F:61:B2,11,-90,WPA2_PSK
2026-03-19 21:49:37,19.5084629,-99.1268921,,52:02:38:4A:38:79,8,-91,WPA2_PSK
2026-03-19 21:49:37,19.5084629,-99.1268921,Totalplay-2.4G-3570,AC:4F:65:A9:35:71,10,-91,WPA_WPA2_PSK
2026-03-19 21:49:53,19.5084648,-99.1268921,CGSTIC-WiFi-Cel,E2:8F:71:3A:34:34,4,-71,WPA2_PSK
2026-03-19 21:49:53,19.5084648,-99.1268921,,8A:15:04:58:0F:BF,6,-73,WEP
2026-03-19 21:49:53,19.5084648,-99.1268921,,F2:4B:8A:FC:13:1A,1,-74,UNKNOWN
2026-03-19 21:49:53,19.5084648,-99.1268921,Totalplay-4CB2,E6:82:10:61:2E:CC,11,-74,WPA2_PSK
2026-03-19 21:49:53,19.5084648,-99.1268921,Club_Totalplay_WiFi,E6:82:10:61:2E:CF,11,-74,OPEN
2026-03-19 21:49:53,19.5084648,-99.1268921,,E6:82:10:61:2E:CE,11,-74,WPA2_PSK
2026-03-19 21:49:53,19.5084648,-99.1268921,IZZI-E3DD,F0:4B:8A:FC:13:6A,1,-75,WPA2_PSK
2026-03-19 21:49:53,19.5084648,-99.1268921,infinitum movil,8A:15:04:58:0F:B0,6,-76,OPEN
2026-03-19 21:49:53,19.5084648,-99.1268921,Cinves-WiFi,60:A4:B7:C8:AA:BC,1,-77,WPA_WPA2_PSK
2026-03-19 21:49:53,19.5084648,-99.1268921,Invitados Cinves,66:A4:B7:C8:AA:BC,1,-80,OPEN
2026-03-19 21:49:53,19.5084648,-99.1268921,Invitados Cinves,66:A4:B7:C8:AA:B6,11,-81,OPEN
2026-03-19 21:49:53,19.5084648,-99.1268921,ALTOS 1 _EXT,40:AE:30:DF:07:AB,5,-82,WPA2_PSK
2026-03-19 21:49:53,19.5084648,-99.1268921,MC19474,30:3D:51:11:11:EA,7,-82,WPA_WPA2_PSK
2026-03-19 21:49:53,19.5084648,-99.1268921,WFCDECONTROL,0C:80:63:75:2F:D3,11,-82,WPA_WPA2_PSK
2026-03-19 21:49:53,19.5084648,-99.1268921,Cinves-WiFi,60:A4:B7:C8:AA:B6,11,-82,WPA_WPA2_PSK
2026-03-19 21:49:53,19.5084648,-99.1268921,,A6:98:13:2A:F6:8A,6,-84,UNKNOWN
2026-03-19 21:49:53,19.5084648,-99.1268921,Cinves-WiFi,14:EB:B6:65:63:9E,1,-85,WPA_WPA2_PSK
2026-03-19 21:49:53,19.5084648,-99.1268921,ALTOS 1 ,A8:42:A1:7C:B8:AA,5,-85,WPA2_PSK
2026-03-19 21:49:53,19.5084648,-99.1268921,,E2:62:79:32:D0:56,4,-87,WPA2_PSK
2026-03-19 21:49:53,19.5084648,-99.1268921,LBS-3 Cinvestav,DC:62:79:32:D0:56,4,-87,WPA2_PSK
2026-03-19 21:49:53,19.5084648,-99.1268921,Invitados Cinves,6E:FF:7B:32:CA:42,6,-87,OPEN
2026-03-19 21:49:53,19.5084648,-99.1268921,Cinves-WiFi,68:FF:7B:32:CA:42,6,-87,WPA_WPA2_PSK
2026-03-19 21:49:53,19.5084648,-99.1268921,,62:06:C3:8E:7B:5D,10,-88,WPA2_PSK
2026-03-19 21:49:53,19.5084648,-99.1268921,INFINITUM3F50,D4:01:45:3E:48:60,11,-88,WPA2_PSK
2026-03-19 21:49:53,19.5084648,-99.1268921,Mega_2.4G_5AAE,48:96:D9:24:5A:AE,3,-89,WPA_WPA2_PSK
2026-03-19 21:49:53,19.5084648,-99.1268921,camargo,C0:06:C3:8E:7B:5B,10,-89,WPA2_PSK
2026-03-19 21:49:53,19.5084648,-99.1268921,,DA:EE:C2:87:55:5B,1,-90,WPA2_PSK
2026-03-19 21:49:53,19.5084648,-99.1268921,Mega_2.4G_3922,48:96:D9:7E:39:22,4,-90,WPA_WPA2_PSK
2026-03-19 21:49:53,19.5084648,-99.1268921,,AE:42:A1:7C:B8:AA,5,-91,WPA2_PSK
2026-03-19 21:49:53,19.5084648,-99.1268921,linksys,00:1A:70:67:AF:CA,11,-91,WPA2_PSK
2026-03-19 21:49:53,19.5084648,-99.1268921,LBS-3 Cinvestav,DC:62:79:32:8D:F2,4,-92,WPA2_PSK
2026-03-19 21:50:09,19.5084648,-99.1268921,,8A:15:04:58:0F:BF,6,-71,WEP
2026-03-19 21:50:09,19.5084648,-99.1268921,infinitum movil,8A:15:04:58:0F:B0,6,-75,OPEN
2026-03-19 21:50:09,19.5084648,-99.1268921,,F2:4B:8A:FC:13:1A,1,-76,UNKNOWN
2026-03-19 21:50:09,19.5084648,-99.1268921,IZZI-E3DD,F0:4B:8A:FC:13:6A,1,-76,WPA2_PSK
2026-03-19 21:50:09,19.5084648,-99.1268921,CGSTIC-WiFi-Cel,E2:8F:71:3A:34:34,4,-76,WPA2_PSK
2026-03-19 21:50:09,19.5084648,-99.1268921,INFINITUMC357,12:55:E4:1B:26:ED,1,-78,WPA2_PSK
2026-03-19 21:50:09,19.5084648,-99.1268921,Cinves-WiFi,60:A4:B7:C8:AA:BC,1,-78,WPA_WPA2_PSK
2026-03-19 21:50:09,19.5084648,-99.1268921,Club_Totalplay_WiFi,E6:82:10:61:2E:CF,11,-80,OPEN
2026-03-19 21:50:09,19.5084648,-99.1268921,,E6:82:10:61:2E:CE,11,-81,WPA2_PSK
2026-03-19 21:50:09,19.5084648,-99.1268921,Invitados Cinves,66:A4:B7:C8:AA:BC,1,-82,OPEN
2026-03-19 21:50:09,19.5084648,-99.1268921,Steren COM-780_35110,08:97:58:3A:5F:2C,10,-83,WPA2_PSK
2026-03-19 21:50:09,19.5084648,-99.1268921,Tenda_0211D0,58:D9:D5:02:11:D1,3,-84,WPA_WPA2_PSK
2026-03-19 21:50:09,19.5084648,-99.1268921,LBS-3 Cinvestav,DC:62:79:32:D0:56,4,-84,WPA2_PSK
2026-03-19 21:50:09,19.5084648,-99.1268921,,E2:62:79:32:D0:56,4,-84,WPA2_PSK
2026-03-19 21:50:09,19.5084648,-99.1268921,,A6:98:13:2A:F6:8A,6,-84,UNKNOWN
2026-03-19 21:50:09,19.5084648,-99.1268921,Totalplay-4CB2,E6:82:10:61:2E:CC,11,-84,WPA2_PSK
2026-03-19 21:50:09,19.5084648,-99.1268921,IZZI-DF2F,A4:98:13:7A:F6:8A,6,-85,WPA2_PSK
2026-03-19 21:50:09,19.5084648,-99.1268921,SALONES ALVI_2.4G,6C:E8:74:60:A4:94,7,-85,WPA_WPA2_PSK
2026-03-19 21:50:09,19.5084648,-99.1268921,,6C:E8:74:60:A4:96,7,-85,WPA2_PSK
2026-03-19 21:50:09,19.5084648,-99.1268921,LDPTPWF01,3A:60:F9:E5:83:76,6,-86,WPA2_PSK
2026-03-19 21:50:09,19.5084648,-99.1268921,omni,52:0F:F5:7F:A2:91,6,-86,WPA_WPA2_PSK
2026-03-19 21:50:09,19.5084648,-99.1268921,R_MC5423,34:0A:9A:31:22:41,7,-86,WPA_WPA2_PSK
2026-03-19 21:50:09,19.5084648,-99.1268921,Dra. E_Calderon,B4:B0:24:6E:0C:77,8,-87,WPA2_PSK
2026-03-19 21:50:09,19.5084648,-99.1268921,,AE:42:A1:7C:B8:AA,5,-88,WPA2_PSK
2026-03-19 21:50:09,19.5084648,-99.1268921,IZZI-DF34,88:71:B1:7E:D9:E2,6,-88,WPA2_PSK
2026-03-19 21:50:09,19.5084648,-99.1268921,Invitados Cinves,6E:FF:7B:32:CA:42,6,-88,OPEN
2026-03-19 21:50:09,19.5084648,-99.1268921,,E2:62:79:32:8D:F2,4,-89,WPA2_PSK
2026-03-19 21:50:09,19.5084648,-99.1268921,INFINITUM8BDA,00:5F:67:74:48:B8,6,-90,WPA2_PSK
2026-03-19 21:50:09,19.5084648,-99.1268921,Club_Totalplay_WiFi,D8:59:82:37:76:BB,5,-91,OPEN
2026-03-19 21:50:09,19.5084648,-99.1268921,Club_Totalplay_WiFi,6C:E8:74:5A:B7:23,8,-91,OPEN
2026-03-19 21:50:25,19.5084648,-99.1268921,Totalplay-4CB2,E6:82:10:61:2E:CC,11,-72,WPA2_PSK
2026-03-19 21:50:25,19.5084648,-99.1268921,Club_Totalplay_WiFi,E6:82:10:61:2E:CF,11,-72,OPEN
2026-03-19 21:50:25,19.5084648,-99.1268921,,E6:82:10:61:2E:CE,11,-72,WPA2_PSK
2026-03-19 21:50:25,19.5084648,-99.1268921,IZZI-E3DD,F0:4B:8A:FC:13:6A,1,-75,WPA2_PSK
2026-03-19 21:50:25,19.5084648,-99.1268921,,F2:4B:8A:FC:13:1A,1,-75,UNKNOWN
2026-03-19 21:50:25,19.5084648,-99.1268921,Invitados Cinves,66:A4:B7:C8:AA:BC,1,-76,OPEN
2026-03-19 21:50:25,19.5084648,-99.1268921,INFINITUMC357,12:55:E4:1B:26:ED,1,-78,WPA2_PSK
2026-03-19 21:50:25,19.5084648,-99.1268921,CGSTIC-WiFi-Cel,E2:8F:71:3A:34:34,4,-79,WPA2_PSK
2026-03-19 21:50:25,19.5084648,-99.1268921,INFINITUM8BDA,00:5F:67:74:48:B8,6,-80,WPA2_PSK
2026-03-19 21:50:25,19.5084648,-99.1268921,WFCDECONTROL,0C:80:63:75:2F:D3,11,-80,WPA_WPA2_PSK
2026-03-19 21:50:25,19.5084648,-99.1268921,,A6:98:13:2A:F6:8A,6,-81,UNKNOWN
2026-03-19 21:50:25,19.5084648,-99.1268921,infinitum movil,8A:15:04:58:0F:B0,6,-81,OPEN
2026-03-19 21:50:25,19.5084648,-99.1268921,Cinves-WiFi,60:A4:B7:C8:AA:B6,11,-81,WPA_WPA2_PSK
2026-03-19 21:50:25,19.5084648,-99.1268921,LDPTPWF01,3A:60:F9:E5:83:76,6,-85,WPA2_PSK
2026-03-19 21:50:25,19.5084648,-99.1268921,LBS-3 Cinvestav,DC:62:79:32:D0:56,4,-86,WPA2_PSK
2026-03-19 21:50:25,19.5084648,-99.1268921,IZZI-DF34,88:71:B1:7E:D9:E2,6,-86,WPA2_PSK
2026-03-19 21:50:25,19.5084648,-99.1268921,Club_Totalplay_WiFi,6C:E8:74:60:A4:97,7,-86,OPEN
2026-03-19 21:50:25,19.5084648,-99.1268921,R_MC5423,34:0A:9A:31:22:41,7,-86,WPA_WPA2_PSK
2026-03-19 21:50:25,19.5084648,-99.1268921,linksys,00:1A:70:67:AF:CA,11,-86,WPA2_PSK
2026-03-19 21:50:25,19.5084648,-99.1268921,,E2:62:79:32:D0:56,4,-87,WPA2_PSK
2026-03-19 21:50:25,19.5084648,-99.1268921,Megacable_2.4G_3530,34:36:54:9C:35:30,9,-87,WPA_WPA2_PSK
2026-03-19 21:50:25,19.5084648,-99.1268921,,DA:EE:C2:87:55:5B,1,-88,WPA2_PSK
2026-03-19 21:50:25,19.5084648,-99.1268921,Tenda_0211D0,58:D9:D5:02:11:D1,3,-88,WPA_WPA2_PSK
2026-03-19 21:50:25,19.5084648,-99.1268921,ALTOS 1 ,A8:42:A1:7C:B8:AA,5,-88,WPA2_PSK
2026-03-19 21:50:25,19.5084648,-99.1268921,,AE:42:A1:7C:B8:AA,5,-88,WPA2_PSK
2026-03-19 21:50:25,19.5084648,-99.1268921,MC19387,30:3D:51:11:12:B3,7,-88,WPA_WPA2_PSK
2026-03-19 21:50:25,19.5084648,-99.1268921,Cinves-WiFi,1C:61:B4:13:64:5A,11,-88,WPA_WPA2_PSK
2026-03-19 21:50:25,19.5084648,-99.1268921,ALTOS 1 _EXT,40:AE:30:DF:07:AB,5,-89,WPA2_PSK
2026-03-19 21:50:25,19.5084648,-99.1268921,Mega_2.4G_3922,48:96:D9:7E:39:22,4,-90,WPA_WPA2_PSK
2026-03-19 21:50:25,19.5084648,-99.1268921,,52:02:38:4A:38:79,8,-92,WPA2_PSK
2026-03-19 21:50:25,19.5084648,-99.1268921,LBS-3 Cinvestav,DC:62:79:32:8D:F2,4,-93,WPA2_PSK
2026-03-19 21:50:41,19.5084667,-99.1268921,Totalplay-4CB2,E6:82:10:61:2E:CC,11,-72,WPA2_PSK
2026-03-19 21:50:41,19.5084667,-99.1268921,Club_Totalplay_WiFi,E6:82:10:61:2E:CF,11,-73,OPEN
2026-03-19 21:50:41,19.5084667,-99.1268921,IZZI-E3DD,F0:4B:8A:FC:13:6A,1,-74,WPA2_PSK
2026-03-19 21:50:41,19.5084667,-99.1268921,,E6:82:10:61:2E:CE,11,-74,WPA2_PSK
2026-03-19 21:50:41,19.5084667,-99.1268921,,8A:15:04:58:0F:BF,6,-75,WEP
2026-03-19 21:50:41,19.5084667,-99.1268921,,F2:4B:8A:FC:13:1A,1,-76,UNKNOWN
2026-03-19 21:50:41,19.5084667,-99.1268921,CGSTIC-WiFi-Cel,E2:8F:71:3A:34:34,4,-77,WPA2_PSK
2026-03-19 21:50:41,19.5084667,-99.1268921,Invitados Cinves,66:A4:B7:C8:AA:BC,1,-78,OPEN
2026-03-19 21:50:41,19.5084667,-99.1268921,Cinves-WiFi,60:A4:B7:C8:AA:BC,1,-78,WPA_WPA2_PSK
2026-03-19 21:50:41,19.5084667,-99.1268921,infinitum movil,8A:15:04:58:0F:B0,6,-78,OPEN
2026-03-19 21:50:41,19.5084667,-99.1268921,INFINITUMC357,12:55:E4:1B:26:ED,1,-81,WPA2_PSK
2026-03-19 21:50:41,19.5084667,-99.1268921,INFINITUM8BDA,00:5F:67:74:48:B8,6,-82,WPA2_PSK
2026-03-19 21:50:41,19.5084667,-99.1268921,Tenda_0211D0,58:D9:D5:02:11:D1,3,-84,WPA_WPA2_PSK
2026-03-19 21:50:41,19.5084667,-99.1268921,,E2:62:79:32:D0:56,4,-85,WPA2_PSK
2026-03-19 21:50:41,19.5084667,-99.1268921,MC19387,30:3D:51:11:12:B3,7,-85,WPA_WPA2_PSK
2026-03-19 21:50:41,19.5084667,-99.1268921,ALTOS 1 _EXT,40:AE:30:DF:07:AB,5,-86,WPA2_PSK
2026-03-19 21:50:41,19.5084667,-99.1268921,LDPTPWF01,3A:60:F9:E5:83:76,6,-86,WPA2_PSK
2026-03-19 21:50:41,19.5084667,-99.1268921,,AE:42:A1:7C:B8:A6,5,-87,WPA2_PSK
2026-03-19 21:50:41,19.5084667,-99.1268921,LBS-3 Cinvestav,DC:62:79:32:D0:56,4,-88,WPA2_PSK
2026-03-19 21:50:41,19.5084667,-99.1268921,,AE:42:A1:7C:B8:AA,5,-88,WPA2_PSK
2026-03-19 21:50:41,19.5084667,-99.1268921,Cinves-WiFi,74:FE:CE:69:FB:0A,1,-90,WPA_WPA2_PSK
2026-03-19 21:50:41,19.5084667,-99.1268921,Mega_2.4G_3922,48:96:D9:7E:39:22,4,-90,WPA_WPA2_PSK
2026-03-19 21:50:41,19.5084667,-99.1268921,R_MC5423,34:0A:9A:31:22:41,7,-90,WPA_WPA2_PSK
2026-03-19 21:50:41,19.5084667,-99.1268921,,A2:31:DB:54:81:C6,3,-93,WPA2_PSK
2026-03-19 21:50:57,19.5084667,-99.1268921,Totalplay-4CB2,E6:82:10:61:2E:CC,11,-71,WPA2_PSK
2026-03-19 21:50:57,19.5084667,-99.1268921,,F2:4B:8A:FC:13:1A,1,-73,UNKNOWN
2026-03-19 21:50:57,19.5084667,-99.1268921,IZZI-E3DD,F0:4B:8A:FC:13:6A,1,-73,WPA2_PSK
2026-03-19 21:50:57,19.5084667,-99.1268921,,8A:15:04:58:0F:BF,6,-74,WEP
2026-03-19 21:50:57,19.5084667,-99.1268921,,E6:82:10:61:2E:CE,11,-74,WPA2_PSK
2026-03-19 21:50:57,19.5084667,-99.1268921,Cinves-WiFi,60:A4:B7:C8:AA:BC,1,-75,WPA_WPA2_PSK
2026-03-19 21:50:57,19.5084667,-99.1268921,Club_Totalplay_WiFi,E6:82:10:61:2E:CF,11,-75,OPEN
2026-03-19 21:50:57,19.5084667,-99.1268921,Invitados Cinves,66:A4:B7:C8:AA:BC,1,-77,OPEN
2026-03-19 21:50:57,19.5084667,-99.1268921,CGSTIC-WiFi-Cel,E2:8F:71:3A:34:34,4,-78,WPA2_PSK
2026-03-19 21:50:57,19.5084667,-99.1268921,infinitum movil,8A:15:04:58:0F:B0,6,-78,OPEN
2026-03-19 21:50:57,19.5084667,-99.1268921,INFINITUMC357,12:55:E4:1B:26:ED,1,-80,WPA2_PSK
2026-03-19 21:50:57,19.5084667,-99.1268921,MC19474,30:3D:51:11:11:EA,7,-80,WPA_WPA2_PSK
2026-03-19 21:50:57,19.5084667,-99.1268921,WFCDECONTROL,0C:80:63:75:2F:D3,11,-82,WPA_WPA2_PSK
2026-03-19 21:50:57,19.5084667,-99.1268921,INFINITUM8BDA,00:5F:67:74:48:B8,6,-83,WPA2_PSK
2026-03-19 21:50:57,19.5084667,-99.1268921,Tenda_0211D0,58:D9:D5:02:11:D1,3,-84,WPA_WPA2_PSK
2026-03-19 21:50:57,19.5084667,-99.1268921,IZZI-DF2F,A4:98:13:7A:F6:8A,6,-85,WPA2_PSK
2026-03-19 21:50:57,19.5084667,-99.1268921,,A6:98:13:2A:F6:8A,6,-85,UNKNOWN
2026-03-19 21:50:57,19.5084667,-99.1268921,MC19387,30:3D:51:11:12:B3,7,-85,WPA_WPA2_PSK
2026-03-19 21:50:57,19.5084667,-99.1268921,,6C:E8:74:60:A4:96,7,-85,WPA2_PSK
2026-03-19 21:50:57,19.5084667,-99.1268921,Club_Totalplay_WiFi,6C:E8:74:60:A4:97,7,-86,OPEN
2026-03-19 21:50:57,19.5084667,-99.1268921,R_MC5423,34:0A:9A:31:22:41,7,-87,WPA_WPA2_PSK
2026-03-19 21:50:57,19.5084667,-99.1268921,linksys,00:1A:70:67:AF:CA,11,-87,WPA2_PSK
2026-03-19 21:50:57,19.5084667,-99.1268921,SALONES ALVI_2.4G,6C:E8:74:60:A4:94,7,-88,WPA_WPA2_PSK
2026-03-19 21:50:57,19.5084667,-99.1268921,INFINITUM2849,50:02:38:2A:38:79,8,-88,WPA2_PSK
2026-03-19 21:50:57,19.5084667,-99.1268921,Dra. E_Calderon,B4:B0:24:6E:0C:77,8,-88,WPA2_PSK
2026-03-19 21:50:57,19.5084667,-99.1268921,,E2:62:79:32:D0:56,4,-89,WPA2_PSK
2026-03-19 21:50:57,19.5084667,-99.1268921,ALTOS 1 ,A8:42:A1:7C:B8:A6,5,-89,WPA2_PSK
2026-03-19 21:50:57,19.5084667,-99.1268921,ALTOS 1 _EXT,40:AE:30:DF:07:AB,5,-89,WPA2_PSK
2026-03-19 21:50:57,19.5084667,-99.1268921,,00:4E:35:01:E7:C2,6,-89,WPA2_PSK
2026-03-19 21:50:57,19.5084667,-99.1268921,,52:02:38:4A:38:79,8,-89,WPA2_PSK
2026-03-19 21:50:57,19.5084667,-99.1268921,Mega_2.4G_3922,48:96:D9:7E:39:22,4,-90,WPA_WPA2_PSK
2026-03-19 21:50:57,19.5084667,-99.1268921,LBS-3 Cinvestav,DC:62:79:32:D0:56,4,-90,WPA2_PSK
2026-03-19 21:50:57,19.5084667,-99.1268921,,AE:42:A1:7C:B8:AA,5,-90,WPA2_PSK
2026-03-19 21:50:57,19.5084667,-99.1268921,Club_Totalplay_WiFi,28:6E:DA:6F:07:69,6,-91,OPEN
2026-03-19 21:50:57,19.5084667,-99.1268921,Megacable_2.4G_3530,34:36:54:9C:35:30,9,-91,WPA_WPA2_PSK
2026-03-19 21:51:13,19.5084667,-99.1268921,CGSTIC-WiFi-Cel,E2:8F:71:3A:34:34,4,-71,WPA2_PSK
2026-03-19 21:51:13,19.5084667,-99.1268921,IZZI-E3DD,F0:4B:8A:FC:13:6A,1,-74,WPA2_PSK
2026-03-19 21:51:13,19.5084667,-99.1268921,,8A:15:04:58:0F:BF,6,-74,WEP
2026-03-19 21:51:13,19.5084667,-99.1268921,,F2:4B:8A:FC:13:1A,1,-75,UNKNOWN
2026-03-19 21:51:13,19.5084667,-99.1268921,Club_Totalplay_WiFi,E6:82:10:61:2E:CF,11,-75,OPEN
2026-03-19 21:51:13,19.5084667,-99.1268921,Invitados Cinves,66:A4:B7:C8:AA:BC,1,-76,OPEN
2026-03-19 21:51:13,19.5084667,-99.1268921,Cinves-WiFi,60:A4:B7:C8:AA:BC,1,-76,WPA_WPA2_PSK
2026-03-19 21:51:13,19.5084667,-99.1268921,,E6:82:10:61:2E:CE,11,-76,WPA2_PSK
2026-03-19 21:51:13,19.5084667,-99.1268921,Totalplay-4CB2,E6:82:10:61:2E:CC,11,-76,WPA2_PSK
2026-03-19 21:51:13,19.5084667,-99.1268921,INFINITUMC357,12:55:E4:1B:26:ED,1,-79,WPA2_PSK
2026-03-19 21:51:13,19.5084667,-99.1268921,infinitum movil,8A:15:04:58:0F:B0,6,-79,OPEN
2026-03-19 21:51:13,19.5084667,-99.1268921,WFCDECONTROL,0C:80:63:75:2F:D3,11,-81,WPA_WPA2_PSK
2026-03-19 21:51:13,19.5084667,-99.1268921,A15 de Diana,8A:CC:0F:2D:7D:32,11,-83,WPA2_PSK
2026-03-19 21:51:13,19.5084667,-99.1268921,Cinves-WiFi,60:A4:B7:C8:AA:B6,11,-83,WPA_WPA2_PSK
2026-03-19 21:51:13,19.5084667,-99.1268921,INFINITUM62FA,D4:01:45:40:83:00,1,-85,WPA2_PSK
2026-03-19 21:51:13,19.5084667,-99.1268921,R_MC5423,34:0A:9A:31:22:41,7,-85,WPA_WPA2_PSK
2026-03-19 21:51:13,19.5084667,-99.1268921,,AE:42:A1:7C:B8:AA,5,-86,WPA2_PSK
2026-03-19 21:51:13,19.5084667,-99.1268921,ALTOS 1 _EXT,40:AE:30:DF:07:AB,5,-86,WPA2_PSK
2026-03-19 21:51:13,19.5084667,-99.1268921,INFINITUM3532,D4:01:45:3D:A6:80,11,-86,WPA2_PSK
2026-03-19 21:51:13,19.5084667,-99.1268921,,00:4E:35:01:B6:82,1,-87,WPA2_PSK
2026-03-19 21:51:13,19.5084667,-99.1268921,,6C:E8:74:60:A4:96,7,-87,WPA2_PSK
2026-03-19 21:51:13,19.5084667,-99.1268921,,D2:B0:24:6E:0C:79,8,-87,WPA2_PSK
2026-03-19 21:51:13,19.5084667,-99.1268921,,E2:62:79:32:D0:56,4,-88,WPA2_PSK
2026-03-19 21:51:13,19.5084667,-99.1268921,Trasportes ayan wifi,FC:DB:21:9E:F0:2D,6,-88,WPA2_WPA3_PSK
2026-03-19 21:51:13,19.5084667,-99.1268921,MC19387,30:3D:51:11:12:B3,7,-88,WPA_WPA2_PSK
2026-03-19 21:51:13,19.5084667,-99.1268921,linksys,00:1A:70:67:AF:CA,11,-88,WPA2_PSK
2026-03-19 21:51:13,19.5084667,-99.1268921,Cinves-WiFi,1C:61:B4:13:64:5A,11,-89,WPA_WPA2_PSK
2026-03-19 21:51:13,19.5084667,-99.1268921,LBS-3 Cinvestav,DC:62:79:32:D0:56,4,-90,WPA2_PSK
2026-03-19 21:51:13,19.5084667,-99.1268921,Club_Totalplay_WiFi,6C:E8:74:60:A4:97,7,-90,OPEN
2026-03-19 21:51:13,19.5084667,-99.1268921,Megacable_2.4G_3530,34:36:54:9C:35:30,9,-90,WPA_WPA2_PSK
2026-03-19 21:51:13,19.5084667,-99.1268921,WIFIBRG001300487f4dIPC080,3A:54:F5:BD:77:4D,11,-90,WPA2_PSK
2026-03-19 21:51:13,19.5084667,-99.1268921,,52:02:38:4A:38:79,8,-91,WPA2_PSK
2026-03-19 21:51:29,19.5084667,-99.1268921,CGSTIC-WiFi-Cel,E2:8F:71:3A:34:34,4,-70,WPA2_PSK
2026-03-19 21:51:29,19.5084667,-99.1268921,Club_Totalplay_WiFi,E6:82:10:61:2E:CF,11,-73,OPEN
2026-03-19 21:51:29,19.5084667,-99.1268921,,F2:4B:8A:FC:13:1A,1,-74,UNKNOWN
2026-03-19 21:51:29,19.5084667,-99.1268921,,8A:15:04:58:0F:BF,6,-74,WEP
2026-03-19 21:51:29,19.5084667,-99.1268921,,E6:82:10:61:2E:CE,11,-74,WPA2_PSK
2026-03-19 21:51:29,19.5084667,-99.1268921,IZZI-E3DD,F0:4B:8A:FC:13:6A,1,-75,WPA2_PSK
2026-03-19 21:51:29,19.5084667,-99.1268921,Totalplay-4CB2,E6:82:10:61:2E:CC,11,-75,WPA2_PSK
2026-03-19 21:51:29,19.5084667,-99.1268921,INFINITUMC357,12:55:E4:1B:26:ED,1,-76,WPA2_PSK
2026-03-19 21:51:29,19.5084667,-99.1268921,infinitum movil,8A:15:04:58:0F:B0,6,-76,OPEN
2026-03-19 21:51:29,19.5084667,-99.1268921,Invitados Cinves,66:A4:B7:C8:AA:BC,1,-78,OPEN
2026-03-19 21:51:29,19.5084667,-99.1268921,INFINITUM8BDA,00:5F:67:74:48:B8,6,-81,WPA2_PSK
2026-03-19 21:51:29,19.5084667,-99.1268921,R_MC5423,34:0A:9A:31:22:41,7,-82,WPA_WPA2_PSK
2026-03-19 21:51:29,19.5084667,-99.1268921,INFINITUM3F50,D4:01:45:3E:48:60,11,-83,WPA2_PSK
2026-03-19 21:51:29,19.5084667,-99.1268921,Cinves-WiFi,60:A4:B7:C8:AA:B6,11,-84,WPA_WPA2_PSK
2026-03-19 21:51:29,19.5084667,-99.1268921,Steren COM-780_35110,08:97:58:3A:5F:2C,10,-85,WPA2_PSK
2026-03-19 21:51:29,19.5084667,-99.1268921,linksys,00:1A:70:67:AF:CA,11,-86,WPA2_PSK
2026-03-19 21:51:29,19.5084667,-99.1268921,LBS-3 Cinvestav,DC:62:79:32:D0:56,4,-87,WPA2_PSK
2026-03-19 21:51:29,19.5084667,-99.1268921,Club_Totalplay_WiFi,6C:E8:74:60:A4:97,7,-87,OPEN
2026-03-19 21:51:29,19.5084667,-99.1268921,LDPTPWF01,3A:60:F9:E5:83:76,6,-88,WPA2_PSK
2026-03-19 21:51:29,19.5084667,-99.1268921,Totalplay-2.4G-0768,28:6E:DA:6F:07:68,6,-88,WPA2_PSK
2026-03-19 21:51:29,19.5084667,-99.1268921,MC19387,30:3D:51:11:12:B3,7,-88,WPA_WPA2_PSK
2026-03-19 21:51:29,19.5084667,-99.1268921,Trasportes ayan wifi,FC:DB:21:9E:F0:2D,6,-91,WPA2_WPA3_PSK
2026-03-19 21:51:29,19.5084667,-99.1268921,,66:DB:F7:C3:1C:59,10,-91,WPA2_PSK
2026-03-19 21:51:45,19.5084667,-99.1268921,Trasportes ayan wifi,FC:DB:21:9E:F0:2D,6,-72,WPA2_WPA3_PSK
2026-03-19 21:51:45,19.5084667,-99.1268921,IZZI-E3DD,F0:4B:8A:FC:13:6A,1,-73,WPA2_PSK
2026-03-19 21:51:45,19.5084667,-99.1268921,,F2:4B:8A:FC:13:1A,1,-73,UNKNOWN
2026-03-19 21:51:45,19.5084667,-99.1268921,,8A:15:04:58:0F:BF,6,-73,WEP
2026-03-19 21:51:45,19.5084667,-99.1268921,Totalplay-4CB2,E6:82:10:61:2E:CC,11,-75,WPA2_PSK
2026-03-19 21:51:45,19.5084667,-99.1268921,Club_Totalplay_WiFi,E6:82:10:61:2E:CF,11,-75,OPEN
2026-03-19 21:51:45,19.5084667,-99.1268921,infinitum movil,8A:15:04:58:0F:B0,6,-76,OPEN
2026-03-19 21:51:45,19.5084667,-99.1268921,INFINITUMC357,12:55:E4:1B:26:ED,1,-79,WPA2_PSK
2026-03-19 21:51:45,19.5084667,-99.1268921,Invitados Cinves,66:A4:B7:C8:AA:BC,1,-79,OPEN
2026-03-19 21:51:45,19.5084667,-99.1268921,,E6:82:10:61:2E:CE,11,-79,WPA2_PSK
2026-03-19 21:51:45,19.5084667,-99.1268921,,A6:98:13:2A:F6:8A,6,-82,UNKNOWN
2026-03-19 21:51:45,19.5084667,-99.1268921,Cinves-WiFi,60:A4:B7:C8:AA:B6,11,-82,WPA_WPA2_PSK
2026-03-19 21:51:45,19.5084667,-99.1268921,INFINITUM8BDA,00:5F:67:74:48:B8,6,-84,WPA2_PSK
2026-03-19 21:51:45,19.5084667,-99.1268921,LDPTPWF01,3A:60:F9:E5:83:76,6,-86,WPA2_PSK
2026-03-19 21:51:45,19.5084667,-99.1268921,,52:02:38:4A:38:79,8,-86,WPA2_PSK
2026-03-19 21:51:45,19.5084667,-99.1268921,Tenda_0211D0,58:D9:D5:02:11:D1,3,-87,WPA_WPA2_PSK
2026-03-19 21:51:45,19.5084667,-99.1268921,,E2:62:79:32:D0:56,4,-88,WPA2_PSK
2026-03-19 21:51:45,19.5084667,-99.1268921,,F2:A7:31:87:F3:FD,5,-88,WPA2_PSK
2026-03-19 21:51:45,19.5084667,-99.1268921,ALTOS 1 ,A8:42:A1:7C:B8:AA,5,-88,WPA2_PSK
2026-03-19 21:51:45,19.5084667,-99.1268921,Megacable_2.4G_3530,34:36:54:9C:35:30,9,-88,WPA_WPA2_PSK
2026-03-19 21:51:45,19.5084667,-99.1268921,linksys,00:1A:70:67:AF:CA,11,-88,WPA2_PSK
2026-03-19 21:51:45,19.5084667,-99.1268921,Cinves-WiFi,1C:61:B4:13:64:5A,11,-90,WPA_WPA2_PSK
2026-03-19 21:51:45,19.5084667,-99.1268921,camargo,C0:06:C3:8E:7B:5B,10,-91,WPA2_PSK
2026-03-19 21:52:01,19.5084667,-99.1268921,CGSTIC-WiFi-Cel,E2:8F:71:3A:34:34,4,-71,WPA2_PSK
2026-03-19 21:52:01,19.5084667,-99.1268921,,8A:15:04:58:0F:BF,6,-75,WEP
2026-03-19 21:52:01,19.5084667,-99.1268921,,F2:4B:8A:FC:13:1A,1,-76,UNKNOWN
2026-03-19 21:52:01,19.5084667,-99.1268921,Totalplay-4CB2,E6:82:10:61:2E:CC,11,-78,WPA2_PSK
2026-03-19 21:52:01,19.5084667,-99.1268921,IZZI-E3DD,F0:4B:8A:FC:13:6A,1,-79,WPA2_PSK
2026-03-19 21:52:01,19.5084667,-99.1268921,Cinves-WiFi,60:A4:B7:C8:AA:BC,1,-79,WPA_WPA2_PSK
2026-03-19 21:52:01,19.5084667,-99.1268921,infinitum movil,8A:15:04:58:0F:B0,6,-79,OPEN
2026-03-19 21:52:01,19.5084667,-99.1268921,Club_Totalplay_WiFi,E6:82:10:61:2E:CF,11,-79,OPEN
2026-03-19 21:52:01,19.5084667,-99.1268921,Invitados Cinves,66:A4:B7:C8:AA:B6,11,-81,OPEN
2026-03-19 21:52:01,19.5084667,-99.1268921,,E6:82:10:61:2E:CE,11,-81,WPA2_PSK
2026-03-19 21:52:01,19.5084667,-99.1268921,Cinves-WiFi,60:A4:B7:C8:AA:B6,11,-82,WPA_WPA2_PSK
2026-03-19 21:52:01,19.5084667,-99.1268921,LBS-3 Cinvestav,DC:62:79:32:D0:56,4,-84,WPA2_PSK
2026-03-19 21:52:01,19.5084667,-99.1268921,,E2:62:79:32:D0:56,4,-84,WPA2_PSK
2026-03-19 21:52:01,19.5084667,-99.1268921,,A6:98:13:2A:F6:8A,6,-85,UNKNOWN
2026-03-19 21:52:01,19.5084667,-99.1268921,DIRECT-40-HP M254 LaserJet,42:23:43:4E:08:40,6,-86,WPA2_PSK
2026-03-19 21:52:01,19.5084667,-99.1268921,INFINITUM8BDA,00:5F:67:74:48:B8,6,-86,WPA2_PSK
2026-03-19 21:52:01,19.5084667,-99.1268921,Club_Totalplay_WiFi,6C:E8:74:60:A4:97,7,-86,OPEN
2026-03-19 21:52:01,19.5084667,-99.1268921,MC19474,30:3D:51:11:11:EA,7,-86,WPA_WPA2_PSK
2026-03-19 21:52:01,19.5084667,-99.1268921,MC19387,30:3D:51:11:12:B3,7,-86,WPA_WPA2_PSK
2026-03-19 21:52:01,19.5084667,-99.1268921,,6C:E8:74:60:A4:96,7,-86,WPA2_PSK
2026-03-19 21:52:01,19.5084667,-99.1268921,IZZI-DF2F,A4:98:13:7A:F6:8A,6,-87,WPA2_PSK
2026-03-19 21:52:01,19.5084667,-99.1268921,Cinves-WiFi,34:60:F9:E5:83:76,6,-87,WPA_WPA2_PSK
2026-03-19 21:52:01,19.5084667,-99.1268921,Tenda_0211D0,58:D9:D5:02:11:D1,3,-88,WPA_WPA2_PSK
2026-03-19 21:52:01,19.5084667,-99.1268921,Dra. E_Calderon,B4:B0:24:6E:0C:77,8,-88,WPA2_PSK
2026-03-19 21:52:01,19.5084667,-99.1268921,SALONES ALVI_2.4G,6C:E8:74:60:A4:94,7,-89,WPA_WPA2_PSK
2026-03-19 21:52:01,19.5084667,-99.1268921,Club_Totalplay_WiFi,6C:E8:74:5A:B7:23,8,-89,OPEN
2026-03-19 21:52:01,19.5084667,-99.1268921,Totalplay-2.4G-3570,AC:4F:65:A9:35:71,10,-89,WPA_WPA2_PSK
2026-03-19 21:52:01,19.5084667,-99.1268921,Cinves-WiFi,68:FF:7B:32:CA:42,6,-90,WPA_WPA2_PSK
2026-03-19 21:52:01,19.5084667,-99.1268921,,52:02:38:4A:38:79,8,-90,WPA2_PSK
2026-03-19 21:52:01,19.5084667,-99.1268921,linksys,00:1A:70:67:AF:CA,11,-90,WPA2_PSK
2026-03-19 21:52:01,19.5084667,-99.1268921,WIFIBRG001300487f4dIPC080,3A:54:F5:BD:77:4D,11,-91,WPA2_PSK
2026-03-19 21:52:01,19.5084667,-99.1268921,,00:4E:35:01:E7:C2,6,-93,WPA2_PSK
2026-03-19 21:52:17,19.5084667,-99.1268921,CGSTIC-WiFi-Cel,E2:8F:71:3A:34:34,4,-72,WPA2_PSK
2026-03-19 21:52:17,19.5084667,-99.1268921,,F2:4B:8A:FC:13:1A,1,-73,UNKNOWN
2026-03-19 21:52:17,19.5084667,-99.1268921,,8A:15:04:58:0F:BF,6,-73,WEP
2026-03-19 21:52:17,19.5084667,-99.1268921,Totalplay-4CB2,E6:82:10:61:2E:CC,11,-74,WPA2_PSK
2026-03-19 21:52:17,19.5084667,-99.1268921,,E6:82:10:61:2E:CE,11,-75,WPA2_PSK
2026-03-19 21:52:17,19.5084667,-99.1268921,infinitum movil,8A:15:04:58:0F:B0,6,-76,OPEN
2026-03-19 21:52:17,19.5084667,-99.1268921,Club_Totalplay_WiFi,E6:82:10:61:2E:CF,11,-76,OPEN
2026-03-19 21:52:17,19.5084667,-99.1268921,IZZI-E3DD,F0:4B:8A:FC:13:6A,1,-77,WPA2_PSK
2026-03-19 21:52:17,19.5084667,-99.1268921,Cinves-WiFi,60:A4:B7:C8:AA:BC,1,-78,WPA_WPA2_PSK
2026-03-19 21:52:17,19.5084667,-99.1268921,Invitados Cinves,66:A4:B7:C8:AA:BC,1,-78,OPEN
2026-03-19 21:52:17,19.5084667,-99.1268921,WFCDECONTROL,0C:80:63:75:2F:D3,11,-80,WPA_WPA2_PSK
2026-03-19 21:52:17,19.5084667,-99.1268921,INFINITUMC357,12:55:E4:1B:26:ED,1,-81,WPA2_PSK
2026-03-19 21:52:17,19.5084667,-99.1268921,Cinves-WiFi,60:A4:B7:C8:AA:B6,11,-82,WPA_WPA2_PSK
2026-03-19 21:52:17,19.5084667,-99.1268921,INFINITUM8BDA,00:5F:67:74:48:B8,6,-83,WPA2_PSK
2026-03-19 21:52:17,19.5084667,-99.1268921,R_MC5423,34:0A:9A:31:22:41,7,-84,WPA_WPA2_PSK
2026-03-19 21:52:17,19.5084667,-99.1268921,Invitados Cinves,66:A4:B7:C8:AA:B6,11,-84,OPEN
2026-03-19 21:52:17,19.5084667,-99.1268921,LDPTPWF01,3A:60:F9:E5:83:76,6,-85,WPA2_PSK
2026-03-19 21:52:17,19.5084667,-99.1268921,Tenda_0211D0,58:D9:D5:02:11:D1,3,-86,WPA_WPA2_PSK
2026-03-19 21:52:17,19.5084667,-99.1268921,Dra. E_Calderon,B4:B0:24:6E:0C:77,8,-86,WPA2_PSK
2026-03-19 21:52:17,19.5084667,-99.1268921,INFINITUM2849,50:02:38:2A:38:79,8,-87,WPA2_PSK
2026-03-19 21:52:17,19.5084667,-99.1268921,,D2:B0:24:6E:0C:79,8,-87,WPA2_PSK
2026-03-19 21:52:17,19.5084667,-99.1268921,linksys,00:1A:70:67:AF:CA,11,-87,WPA2_PSK
2026-03-19 21:52:17,19.5084667,-99.1268921,IZZI-DF34,88:71:B1:7E:D9:E2,6,-88,WPA2_PSK
2026-03-19 21:52:17,19.5084667,-99.1268921,,8A:71:B1:2E:D9:E2,6,-88,UNKNOWN
2026-03-19 21:52:17,19.5084667,-99.1268921,omni,52:0F:F5:7F:A2:91,6,-88,WPA_WPA2_PSK
2026-03-19 21:52:17,19.5084667,-99.1268921,,6C:E8:74:60:A4:96,7,-88,WPA2_PSK
2026-03-19 21:52:17,19.5084667,-99.1268921,LBS-3 Cinvestav,DC:62:79:32:D0:56,4,-89,WPA2_PSK
2026-03-19 21:52:17,19.5084667,-99.1268921,MC19474,30:3D:51:11:11:EA,7,-89,WPA_WPA2_PSK
2026-03-19 21:52:17,19.5084667,-99.1268921,,14:EB:08:9F:61:B2,11,-89,WPA2_PSK
2026-03-19 21:52:17,19.5084667,-99.1268921,,E2:62:79:32:D0:56,4,-90,WPA2_PSK
2026-03-19 21:52:17,19.5084667,-99.1268921,INFINITUMF8E0,64:DB:F7:C3:1C:59,10,-90,WPA2_PSK
2026-03-19 21:52:17,19.5084667,-99.1268921,Red Wi-Fi de Lizette,E8:8D:28:5F:F1:09,6,-91,WPA2_PSK
2026-03-19 21:52:17,19.5084667,-99.1268921,INFINITUM2746,A8:E8:1E:E6:5A:80,8,-92,WPA2_PSK
2026-03-19 21:52:17,19.5084667,-99.1268921,hw_manage_fit_9cd0,60:A6:C5:2F:9C:DB,1,-93,OPEN
2026-03-19 21:52:33,19.5084667,-99.1268921,,E6:82:10:61:2E:CE,11,-69,WPA2_PSK
2026-03-19 21:52:33,19.5084667,-99.1268921,Totalplay-4CB2,E6:82:10:61:2E:CC,11,-69,WPA2_PSK
2026-03-19 21:52:33,19.5084667,-99.1268921,Club_Totalplay_WiFi,E6:82:10:61:2E:CF,11,-69,OPEN
2026-03-19 21:52:33,19.5084667,-99.1268921,CGSTIC-WiFi-Cel,E2:8F:71:3A:34:34,4,-71,WPA2_PSK
2026-03-19 21:52:33,19.5084667,-99.1268921,,8A:15:04:58:0F:BF,6,-75,WEP
2026-03-19 21:52:33,19.5084667,-99.1268921,Invitados Cinves,66:A4:B7:C8:AA:BC,1,-78,OPEN
2026-03-19 21:52:33,19.5084667,-99.1268921,Cinves-WiFi,60:A4:B7:C8:AA:BC,1,-78,WPA_WPA2_PSK
2026-03-19 21:52:33,19.5084667,-99.1268921,infinitum movil,8A:15:04:58:0F:B0,6,-78,OPEN
2026-03-19 21:52:33,19.5084667,-99.1268921,WFCDECONTROL,0C:80:63:75:2F:D3,11,-80,WPA_WPA2_PSK
2026-03-19 21:52:33,19.5084667,-99.1268921,Invitados Cinves,66:A4:B7:C8:AA:B6,11,-82,OPEN
2026-03-19 21:52:33,19.5084667,-99.1268921,INFINITUM8BDA,00:5F:67:74:48:B8,6,-83,WPA2_PSK
2026-03-19 21:52:33,19.5084667,-99.1268921,Tenda_0211D0,58:D9:D5:02:11:D1,3,-85,WPA_WPA2_PSK
2026-03-19 21:52:33,19.5084667,-99.1268921,,6C:E8:74:60:A4:96,7,-85,WPA2_PSK
2026-03-19 21:52:33,19.5084667,-99.1268921,Steren COM-780_35110,08:97:58:3A:5F:2C,10,-86,WPA2_PSK
2026-03-19 21:52:33,19.5084667,-99.1268921,Cinves-WiFi,14:EB:B6:65:63:9E,1,-87,WPA_WPA2_PSK
2026-03-19 21:52:33,19.5084667,-99.1268921,LBS-3 Cinvestav,DC:62:79:32:D0:56,4,-87,WPA2_PSK
2026-03-19 21:52:33,19.5084667,-99.1268921,linksys,00:1A:70:67:AF:CA,11,-87,WPA2_PSK
2026-03-19 21:52:33,19.5084667,-99.1268921,,E2:62:79:32:D0:56,4,-88,WPA2_PSK
2026-03-19 21:52:49,19.5084667,-99.1268997,,E6:82:10:61:2E:CE,11,-63,WPA2_PSK
2026-03-19 21:52:49,19.5084667,-99.1268997,Totalplay-4CB2,E6:82:10:61:2E:CC,11,-64,WPA2_PSK
2026-03-19 21:52:49,19.5084667,-99.1268997,Club_Totalplay_WiFi,E6:82:10:61:2E:CF,11,-65,OPEN
2026-03-19 21:52:49,19.5084667,-99.1268997,CGSTIC-WiFi-Cel,E2:8F:71:3A:34:34,4,-73,WPA2_PSK
2026-03-19 21:52:49,19.5084667,-99.1268997,IZZI-E3DD,F0:4B:8A:FC:13:6A,1,-75,WPA2_PSK
2026-03-19 21:52:49,19.5084667,-99.1268997,,8A:15:04:58:0F:BF,6,-75,WEP
2026-03-19 21:52:49,19.5084667,-99.1268997,,F2:4B:8A:FC:13:1A,1,-77,UNKNOWN
2026-03-19 21:52:49,19.5084667,-99.1268997,INFINITUMC357,12:55:E4:1B:26:ED,1,-79,WPA2_PSK
2026-03-19 21:52:49,19.5084667,-99.1268997,infinitum movil,8A:15:04:58:0F:B0,6,-79,OPEN
2026-03-19 21:52:49,19.5084667,-99.1268997,WFCDECONTROL,0C:80:63:75:2F:D3,11,-82,WPA_WPA2_PSK
2026-03-19 21:52:49,19.5084667,-99.1268997,Invitados Cinves,66:A4:B7:C8:AA:B6,11,-82,OPEN
2026-03-19 21:52:49,19.5084667,-99.1268997,LBS-3 Cinvestav,DC:62:79:32:D0:56,4,-84,WPA2_PSK
2026-03-19 21:52:49,19.5084667,-99.1268997,,6C:E8:74:60:A4:96,7,-84,WPA2_PSK
2026-03-19 21:52:49,19.5084667,-99.1268997,INFINITUM2746,A8:E8:1E:E6:5A:80,8,-85,WPA2_PSK
2026-03-19 21:52:49,19.5084667,-99.1268997,,DA:EE:C2:87:55:5B,1,-86,WPA2_PSK
2026-03-19 21:52:49,19.5084667,-99.1268997,Tenda_0211D0,58:D9:D5:02:11:D1,3,-86,WPA_WPA2_PSK
2026-03-19 21:52:49,19.5084667,-99.1268997,IZZI-CE74,D4:E2:CB:61:CE:78,1,-87,WPA2_PSK
2026-03-19 21:52:49,19.5084667,-99.1268997,linksys,00:1A:70:67:AF:CA,11,-87,WPA2_PSK
2026-03-19 21:52:49,19.5084667,-99.1268997,Invitados Cinves,6E:FF:7B:32:CA:42,6,-89,OPEN
2026-03-19 21:52:49,19.5084667,-99.1268997,SALONES ALVI_2.4G,6C:E8:74:60:A4:94,7,-89,WPA_WPA2_PSK
2026-03-19 21:52:49,19.5084667,-99.1268997,,52:02:38:4A:38:79,8,-89,WPA2_PSK
2026-03-19 21:52:49,19.5084667,-99.1268997,INFINITUM2849,50:02:38:2A:38:79,8,-92,WPA2_PSK
2026-03-19 21:52:49,19.5084667,-99.1268997,INFINITUMF8E0,64:DB:F7:C3:1C:59,10,-92,WPA2_PSK
2026-03-19 21:53:05,19.5084667,-99.1268997,Totalplay-4CB2,E6:82:10:61:2E:CC,11,-69,WPA2_PSK
2026-03-19 21:53:05,19.5084667,-99.1268997,,E6:82:10:61:2E:CE,11,-69,WPA2_PSK
2026-03-19 21:53:05,19.5084667,-99.1268997,Club_Totalplay_WiFi,E6:82:10:61:2E:CF,11,-70,OPEN
2026-03-19 21:53:05,19.5084667,-99.1268997,CGSTIC-WiFi-Cel,E2:8F:71:3A:34:34,4,-73,WPA2_PSK
2026-03-19 21:53:05,19.5084667,-99.1268997,,F2:4B:8A:FC:13:1A,1,-75,UNKNOWN
2026-03-19 21:53:05,19.5084667,-99.1268997,,8A:15:04:58:0F:BF,6,-75,WEP
2026-03-19 21:53:05,19.5084667,-99.1268997,IZZI-E3DD,F0:4B:8A:FC:13:6A,1,-77,WPA2_PSK
2026-03-19 21:53:05,19.5084667,-99.1268997,Invitados Cinves,66:A4:B7:C8:AA:BC,1,-77,OPEN
2026-03-19 21:53:05,19.5084667,-99.1268997,Cinves-WiFi,60:A4:B7:C8:AA:BC,1,-78,WPA_WPA2_PSK
2026-03-19 21:53:05,19.5084667,-99.1268997,INFINITUMC357,12:55:E4:1B:26:ED,1,-79,WPA2_PSK
2026-03-19 21:53:05,19.5084667,-99.1268997,WFCDECONTROL,0C:80:63:75:2F:D3,11,-80,WPA_WPA2_PSK
2026-03-19 21:53:05,19.5084667,-99.1268997,Invitados Cinves,66:A4:B7:C8:AA:B6,11,-83,OPEN
2026-03-19 21:53:05,19.5084667,-99.1268997,,A6:98:13:2A:F6:8A,6,-84,UNKNOWN
2026-03-19 21:53:05,19.5084667,-99.1268997,R_MC5423,34:0A:9A:31:22:41,7,-84,WPA_WPA2_PSK
2026-03-19 21:53:05,19.5084667,-99.1268997,Cinves-WiFi,60:A4:B7:C8:AA:B6,11,-84,WPA_WPA2_PSK
2026-03-19 21:53:05,19.5084667,-99.1268997,IZZI-CE74,D4:E2:CB:61:CE:78,1,-86,WPA2_PSK
2026-03-19 21:53:05,19.5084667,-99.1268997,,E2:62:79:32:D0:56,4,-86,WPA2_PSK
2026-03-19 21:53:05,19.5084667,-99.1268997,Club_Totalplay_WiFi,6C:E8:74:60:A4:97,7,-87,OPEN
2026-03-19 21:53:05,19.5084667,-99.1268997,INFINITUM3532,D4:01:45:3D:A6:80,11,-88,WPA2_PSK
2026-03-19 21:53:05,19.5084667,-99.1268997,Megacable_2.4G_3530,34:36:54:9C:35:30,9,-89,WPA_WPA2_PSK
2026-03-19 21:53:05,19.5084667,-99.1268997,Steren COM-780_35110,08:97:58:3A:5F:2C,10,-89,WPA2_PSK
2026-03-19 21:53:05,19.5084667,-99.1268997,linksys,00:1A:70:67:AF:CA,11,-89,WPA2_PSK
2026-03-19 21:53:05,19.5084667,-99.1268997,Cinves-WiFi,1C:61:B4:13:64:5A,11,-89,WPA_WPA2_PSK
2026-03-19 21:53:05,19.5084667,-99.1268997,,00:4E:35:01:B6:82,1,-90,WPA2_PSK
2026-03-19 21:53:05,19.5084667,-99.1268997,Tenda_0211D0,58:D9:D5:02:11:D1,3,-90,WPA_WPA2_PSK
2026-03-19 21:53:05,19.5084667,-99.1268997,INFINITUM8BDA,00:5F:67:74:48:B8,6,-90,WPA2_PSK
2026-03-19 21:53:05,19.5084667,-99.1268997,Mazda_c0c963e8cc57_SPL,CC:57:63:E8:C0:C9,11,-90,WPA2_PSK
2026-03-19 21:53:05,19.5084667,-99.1268997,WIFIBRG001300487f4dIPC080,3A:54:F5:BD:77:4D,11,-90,WPA2_PSK
2026-03-19 21:53:05,19.5084667,-99.1268997,,52:02:38:4A:38:79,8,-92,WPA2_PSK
2026-03-19 21:53:05,19.5084667,-99.1268997,,14:EB:08:9F:61:B2,11,-93,WPA2_PSK
2026-03-19 21:53:21,19.5084667,-99.1268997,,E6:82:10:61:2E:CE,11,-71,WPA2_PSK
2026-03-19 21:53:21,19.5084667,-99.1268997,Totalplay-4CB2,E6:82:10:61:2E:CC,11,-72,WPA2_PSK
2026-03-19 21:53:21,19.5084667,-99.1268997,Club_Totalplay_WiFi,E6:82:10:61:2E:CF,11,-72,OPEN
2026-03-19 21:53:21,19.5084667,-99.1268997,,F2:4B:8A:FC:13:1A,1,-76,UNKNOWN
2026-03-19 21:53:21,19.5084667,-99.1268997,IZZI-E3DD,F0:4B:8A:FC:13:6A,1,-77,WPA2_PSK
2026-03-19 21:53:21,19.5084667,-99.1268997,,8A:15:04:58:0F:BF,6,-77,WEP
2026-03-19 21:53:21,19.5084667,-99.1268997,CGSTIC-WiFi-Cel,E2:8F:71:3A:34:34,4,-79,WPA2_PSK
2026-03-19 21:53:21,19.5084667,-99.1268997,infinitum movil,8A:15:04:58:0F:B0,6,-79,OPEN
2026-03-19 21:53:21,19.5084667,-99.1268997,,E2:62:79:32:D0:56,4,-83,WPA2_PSK
2026-03-19 21:53:21,19.5084667,-99.1268997,R_MC5423,34:0A:9A:31:22:41,7,-83,WPA_WPA2_PSK
2026-03-19 21:53:21,19.5084667,-99.1268997,LBS-3 Cinvestav,DC:62:79:32:D0:56,4,-85,WPA2_PSK
2026-03-19 21:53:21,19.5084667,-99.1268997,LDPTPWF01,3A:60:F9:E5:83:76,6,-85,WPA2_PSK
2026-03-19 21:53:21,19.5084667,-99.1268997,Cinves-WiFi,34:60:F9:E5:83:76,6,-85,WPA_WPA2_PSK
2026-03-19 21:53:21,19.5084667,-99.1268997,SALONES ALVI_2.4G,6C:E8:74:60:A4:94,7,-86,WPA_WPA2_PSK
2026-03-19 21:53:21,19.5084667,-99.1268997,Club_Totalplay_WiFi,6C:E8:74:60:A4:97,7,-86,OPEN
2026-03-19 21:53:21,19.5084667,-99.1268997,Invitados Cinves,66:A4:B7:C8:AA:B6,11,-86,OPEN
2026-03-19 21:53:21,19.5084667,-99.1268997,linksys,00:1A:70:67:AF:CA,11,-87,WPA2_PSK
2026-03-19 21:53:21,19.5084667,-99.1268997,,8A:71:B1:2E:D9:E2,6,-89,UNKNOWN
2026-03-19 21:53:21,19.5084667,-99.1268997,INFINITUM2746,A8:E8:1E:E6:5A:80,8,-89,WPA2_PSK
2026-03-19 21:53:37,19.5084667,-99.1268997,Totalplay-4CB2,E6:82:10:61:2E:CC,11,-69,WPA2_PSK
2026-03-19 21:53:37,19.5084667,-99.1268997,Club_Totalplay_WiFi,E6:82:10:61:2E:CF,11,-70,OPEN
2026-03-19 21:53:37,19.5084667,-99.1268997,,E6:82:10:61:2E:CE,11,-71,WPA2_PSK
2026-03-19 21:53:37,19.5084667,-99.1268997,IZZI-E3DD,F0:4B:8A:FC:13:6A,1,-74,WPA2_PSK
2026-03-19 21:53:37,19.5084667,-99.1268997,,F2:4B:8A:FC:13:1A,1,-75,UNKNOWN
2026-03-19 21:53:37,19.5084667,-99.1268997,INFINITUMC357,12:55:E4:1B:26:ED,1,-76,WPA2_PSK
2026-03-19 21:53:37,19.5084667,-99.1268997,,8A:15:04:58:0F:BF,6,-76,WEP
2026-03-19 21:53:37,19.5084667,-99.1268997,infinitum movil,8A:15:04:58:0F:B0,6,-78,OPEN
2026-03-19 21:53:37,19.5084667,-99.1268997,Invitados Cinves,66:A4:B7:C8:AA:BC,1,-79,OPEN
2026-03-19 21:53:37,19.5084667,-99.1268997,Cinves-WiFi,60:A4:B7:C8:AA:BC,1,-79,WPA_WPA2_PSK
2026-03-19 21:53:37,19.5084667,-99.1268997,CGSTIC-WiFi-Cel,E2:8F:71:3A:34:34,4,-81,WPA2_PSK
2026-03-19 21:53:37,19.5084667,-99.1268997,WFCDECONTROL,0C:80:63:75:2F:D3,11,-81,WPA_WPA2_PSK
2026-03-19 21:53:37,19.5084667,-99.1268997,INFINITUM62FA,D4:01:45:40:83:00,1,-82,WPA2_PSK
2026-03-19 21:53:37,19.5084667,-99.1268997,INFINITUM8BDA,00:5F:67:74:48:B8,6,-82,WPA2_PSK
2026-03-19 21:53:37,19.5084667,-99.1268997,IZZI-DF2F,A4:98:13:7A:F6:8A,6,-83,WPA2_PSK
2026-03-19 21:53:37,19.5084667,-99.1268997,,A6:98:13:2A:F6:8A,6,-83,UNKNOWN
2026-03-19 21:53:37,19.5084667,-99.1268997,Cinves-WiFi,34:60:F9:E5:83:76,6,-84,WPA_WPA2_PSK
2026-03-19 21:53:37,19.5084667,-99.1268997,LBS-3 Cinvestav,DC:62:79:32:D0:56,4,-85,WPA2_PSK
2026-03-19 21:53:37,19.5084667,-99.1268997,LDPTPWF01,3A:60:F9:E5:83:76,6,-86,WPA2_PSK
2026-03-19 21:53:37,19.5084667,-99.1268997,Invitados Cinves,66:A4:B7:C8:AA:B6,11,-86,OPEN
2026-03-19 21:53:37,19.5084667,-99.1268997,omni,52:0F:F5:7F:A2:91,6,-87,WPA_WPA2_PSK
2026-03-19 21:53:37,19.5084667,-99.1268997,R_MC5423,34:0A:9A:31:22:41,7,-87,WPA_WPA2_PSK
2026-03-19 21:53:37,19.5084667,-99.1268997,Cinves-WiFi,60:A4:B7:C8:AA:B6,11,-87,WPA_WPA2_PSK
2026-03-19 21:53:37,19.5084667,-99.1268997,,00:4E:35:01:B6:82,1,-88,WPA2_PSK
2026-03-19 21:53:37,19.5084667,-99.1268997,,AE:42:A1:7C:B8:AA,5,-88,WPA2_PSK
2026-03-19 21:53:37,19.5084667,-99.1268997,ALTOS 1 _EXT,40:AE:30:DF:07:AB,5,-88,WPA2_PSK
2026-03-19 21:53:37,19.5084667,-99.1268997,Dra. E_Calderon,B4:B0:24:6E:0C:77,8,-88,WPA2_PSK
2026-03-19 21:53:37,19.5084667,-99.1268997,,D2:B0:24:6E:0C:79,8,-88,WPA2_PSK
2026-03-19 21:53:37,19.5084667,-99.1268997,Cinves-WiFi,54:AF:97:CA:02:F4,1,-89,WPA_WPA2_PSK
2026-03-19 21:53:37,19.5084667,-99.1268997,Invitados Cinves,6E:FF:7B:32:CA:42,6,-89,OPEN
2026-03-19 21:53:37,19.5084667,-99.1268997,linksys,00:1A:70:67:AF:CA,11,-89,WPA2_PSK
2026-03-19 21:53:37,19.5084667,-99.1268997,Totalplay-7CB1,A2:31:DB:54:81:C4,3,-90,WPA2_PSK
2026-03-19 21:53:37,19.5084667,-99.1268997,Club_Totalplay_WiFi,6C:E8:74:60:A4:97,7,-90,OPEN
2026-03-19 21:53:37,19.5084667,-99.1268997,Cinves-WiFi,1C:61:B4:13:64:5A,11,-90,WPA_WPA2_PSK
2026-03-19 21:53:37,19.5084667,-99.1268997,,52:02:38:4A:38:79,8,-91,WPA2_PSK
2026-03-19 21:53:37,19.5084667,-99.1268997,Megacable_2.4G_3530,34:36:54:9C:35:30,9,-91,WPA_WPA2_PSK
2026-03-19 21:53:37,19.5084667,-99.1268997,MC19474,30:3D:51:11:11:EA,7,-92,WPA_WPA2_PSK
2026-03-19 21:53:37,19.5084667,-99.1268997,Totalplay-C8AC,14:EB:08:9F:61:B0,11,-93,WPA2_PSK
2026-03-19 21:53:53,19.5084667,-99.1268997,,E6:82:10:61:2E:CE,11,-71,WPA2_PSK
2026-03-19 21:53:53,19.5084667,-99.1268997,Totalplay-4CB2,E6:82:10:61:2E:CC,11,-72,WPA2_PSK
2026-03-19 21:53:53,19.5084667,-99.1268997,Club_Totalplay_WiFi,E6:82:10:61:2E:CF,11,-72,OPEN
2026-03-19 21:53:53,19.5084667,-99.1268997,CGSTIC-WiFi-Cel,E2:8F:71:3A:34:34,4,-74,WPA2_PSK
2026-03-19 21:53:53,19.5084667,-99.1268997,IZZI-E3DD,F0:4B:8A:FC:13:6A,1,-75,WPA2_PSK
2026-03-19 21:53:53,19.5084667,-99.1268997,,F2:4B:8A:FC:13:1A,1,-75,UNKNOWN
2026-03-19 21:53:53,19.5084667,-99.1268997,INFINITUMC357,12:55:E4:1B:26:ED,1,-77,WPA2_PSK
2026-03-19 21:53:53,19.5084667,-99.1268997,WFCDECONTROL,0C:80:63:75:2F:D3,11,-78,WPA_WPA2_PSK
2026-03-19 21:53:53,19.5084667,-99.1268997,infinitum movil,8A:15:04:58:0F:B0,6,-79,OPEN
2026-03-19 21:53:53,19.5084667,-99.1268997,Cinves-WiFi,60:A4:B7:C8:AA:BC,1,-81,WPA_WPA2_PSK
2026-03-19 21:53:53,19.5084667,-99.1268997,Invitados Cinves,66:A4:B7:C8:AA:B6,11,-81,OPEN
2026-03-19 21:53:53,19.5084667,-99.1268997,INFINITUM8BDA,00:5F:67:74:48:B8,6,-82,WPA2_PSK
2026-03-19 21:53:53,19.5084667,-99.1268997,IZZI-DF2F,A4:98:13:7A:F6:8A,6,-85,WPA2_PSK
2026-03-19 21:53:53,19.5084667,-99.1268997,,D2:B0:24:6E:0C:79,8,-85,WPA2_PSK
2026-03-19 21:53:53,19.5084667,-99.1268997,Tenda_0211D0,58:D9:D5:02:11:D1,3,-86,WPA_WPA2_PSK
2026-03-19 21:53:53,19.5084667,-99.1268997,,E2:62:79:32:D0:56,4,-86,WPA2_PSK
2026-03-19 21:53:53,19.5084667,-99.1268997,MC19474,30:3D:51:11:11:EA,7,-87,WPA_WPA2_PSK
2026-03-19 21:53:53,19.5084667,-99.1268997,INFINITUM3532,D4:01:45:3D:A6:80,11,-87,WPA2_PSK
2026-03-19 21:53:53,19.5084667,-99.1268997,INFINITUM62FA,D4:01:45:40:83:00,1,-88,WPA2_PSK
2026-03-19 21:53:53,19.5084667,-99.1268997,camargo,C0:06:C3:8E:7B:5B,10,-89,WPA2_PSK
2026-03-19 21:53:53,19.5084667,-99.1268997,Megacable_2.4G_3530,34:36:54:9C:35:30,9,-91,WPA_WPA2_PSK
2026-03-19 21:53:53,19.5084667,-99.1268997,linksys,00:1A:70:67:AF:CA,11,-92,WPA2_PSK
2026-03-19 21:54:09,19.5084686,-99.1268997,CGSTIC-WiFi-Cel,E2:8F:71:3A:34:34,4,-72,WPA2_PSK
2026-03-19 21:54:09,19.5084686,-99.1268997,,8A:15:04:58:0F:BF,6,-72,WEP
2026-03-19 21:54:09,19.5084686,-99.1268997,INFINITUMC357,12:55:E4:1B:26:ED,1,-74,WPA2_PSK
2026-03-19 21:54:09,19.5084686,-99.1268997,,F2:4B:8A:FC:13:1A,1,-75,UNKNOWN
2026-03-19 21:54:09,19.5084686,-99.1268997,infinitum movil,8A:15:04:58:0F:B0,6,-76,OPEN
2026-03-19 21:54:09,19.5084686,-99.1268997,IZZI-E3DD,F0:4B:8A:FC:13:6A,1,-77,WPA2_PSK
2026-03-19 21:54:09,19.5084686,-99.1268997,Invitados Cinves,66:A4:B7:C8:AA:BC,1,-78,OPEN
2026-03-19 21:54:09,19.5084686,-99.1268997,Totalplay-4CB2,E6:82:10:61:2E:CC,11,-79,WPA2_PSK
2026-03-19 21:54:09,19.5084686,-99.1268997,,E6:82:10:61:2E:CE,11,-79,WPA2_PSK
2026-03-19 21:54:09,19.5084686,-99.1268997,INFINITUM8BDA,00:5F:67:74:48:B8,6,-80,WPA2_PSK
2026-03-19 21:54:09,19.5084686,-99.1268997,IZZI-DF2F,A4:98:13:7A:F6:8A,6,-80,WPA2_PSK
2026-03-19 21:54:09,19.5084686,-99.1268997,Cinves-WiFi,60:A4:B7:C8:AA:BC,1,-81,WPA_WPA2_PSK
2026-03-19 21:54:09,19.5084686,-99.1268997,MC19474,30:3D:51:11:11:EA,7,-82,WPA_WPA2_PSK
2026-03-19 21:54:09,19.5084686,-99.1268997,Club_Totalplay_WiFi,E6:82:10:61:2E:CF,11,-82,OPEN
2026-03-19 21:54:09,19.5084686,-99.1268997,WFCDECONTROL,0C:80:63:75:2F:D3,11,-82,WPA_WPA2_PSK
2026-03-19 21:54:09,19.5084686,-99.1268997,,A6:98:13:2A:F6:8A,6,-84,UNKNOWN
2026-03-19 21:54:09,19.5084686,-99.1268997,Cinves-WiFi,60:A4:B7:C8:AA:B6,11,-84,WPA_WPA2_PSK
2026-03-19 21:54:09,19.5084686,-99.1268997,,6C:E8:74:60:A4:96,7,-85,WPA2_PSK
2026-03-19 21:54:09,19.5084686,-99.1268997,IZZI-DF34,88:71:B1:7E:D9:E2,6,-86,WPA2_PSK
2026-03-19 21:54:09,19.5084686,-99.1268997,INFINITUM3532,D4:01:45:3D:A6:80,11,-86,WPA2_PSK
2026-03-19 21:54:09,19.5084686,-99.1268997,LBS-3 Cinvestav,DC:62:79:32:D0:56,4,-87,WPA2_PSK
2026-03-19 21:54:09,19.5084686,-99.1268997,,AE:42:A1:7C:B8:A6,5,-87,WPA2_PSK
2026-03-19 21:54:09,19.5084686,-99.1268997,Cinves-WiFi,14:EB:B6:65:63:9E,1,-88,WPA_WPA2_PSK
2026-03-19 21:54:09,19.5084686,-99.1268997,IZZI-CE74,D4:E2:CB:61:CE:78,1,-88,WPA2_PSK
2026-03-19 21:54:09,19.5084686,-99.1268997,,A2:31:DB:54:81:C6,3,-88,WPA2_PSK
2026-03-19 21:54:09,19.5084686,-99.1268997,Red Wi-Fi de Lizette,E8:8D:28:5F:F1:09,6,-88,WPA2_PSK
2026-03-19 21:54:09,19.5084686,-99.1268997,,52:02:38:4A:38:79,8,-88,WPA2_PSK
2026-03-19 21:54:09,19.5084686,-99.1268997,linksys,00:1A:70:67:AF:CA,11,-88,WPA2_PSK
2026-03-19 21:54:09,19.5084686,-99.1268997,Totalplay-7CB1,A2:31:DB:54:81:C4,3,-90,WPA2_PSK
2026-03-19 21:54:09,19.5084686,-99.1268997,cdc-wifinet,60:E3:27:B6:DE:72,6,-90,WPA_WPA2_PSK
2026-03-19 21:54:09,19.5084686,-99.1268997,INFINITUMF8E0,64:DB:F7:C3:1C:59,10,-90,WPA2_PSK
2026-03-19 21:54:25,19.5084686,-99.1268997,Totalplay-4CB2,E6:82:10:61:2E:CC,11,-74,WPA2_PSK
2026-03-19 21:54:25,19.5084686,-99.1268997,,F2:4B:8A:FC:13:1A,1,-75,UNKNOWN
2026-03-19 21:54:25,19.5084686,-99.1268997,IZZI-E3DD,F0:4B:8A:FC:13:6A,1,-75,WPA2_PSK
2026-03-19 21:54:25,19.5084686,-99.1268997,Cinves-WiFi,60:A4:B7:C8:AA:BC,1,-76,WPA_WPA2_PSK
2026-03-19 21:54:25,19.5084686,-99.1268997,Club_Totalplay_WiFi,E6:82:10:61:2E:CF,11,-77,OPEN
2026-03-19 21:54:25,19.5084686,-99.1268997,,E6:82:10:61:2E:CE,11,-77,WPA2_PSK
2026-03-19 21:54:25,19.5084686,-99.1268997,Invitados Cinves,66:A4:B7:C8:AA:BC,1,-78,OPEN
2026-03-19 21:54:25,19.5084686,-99.1268997,,8A:15:04:58:0F:BF,6,-78,WEP
2026-03-19 21:54:25,19.5084686,-99.1268997,CGSTIC-WiFi-Cel,E2:8F:71:3A:34:34,2,-80,WPA2_PSK
2026-03-19 21:54:25,19.5084686,-99.1268997,INFINITUM8BDA,00:5F:67:74:48:B8,6,-81,WPA2_PSK
2026-03-19 21:54:25,19.5084686,-99.1268997,infinitum movil,8A:15:04:58:0F:B0,6,-81,OPEN
2026-03-19 21:54:25,19.5084686,-99.1268997,Invitados Cinves,66:A4:B7:C8:AA:B6,11,-81,OPEN
2026-03-19 21:54:25,19.5084686,-99.1268997,WFCDECONTROL,0C:80:63:75:2F:D3,11,-81,WPA_WPA2_PSK
2026-03-19 21:54:25,19.5084686,-99.1268997,INFINITUMC357,12:55:E4:1B:26:ED,1,-82,WPA2_PSK
2026-03-19 21:54:25,19.5084686,-99.1268997,Cinves-WiFi,60:A4:B7:C8:AA:B6,11,-82,WPA_WPA2_PSK
2026-03-19 21:54:25,19.5084686,-99.1268997,LDPTPWF01,3A:60:F9:E5:83:76,6,-83,WPA2_PSK
2026-03-19 21:54:25,19.5084686,-99.1268997,Cinves-WiFi,34:60:F9:E5:83:76,6,-84,WPA_WPA2_PSK
2026-03-19 21:54:25,19.5084686,-99.1268997,ALTOS 1 ,A8:42:A1:7C:B8:A6,5,-86,WPA2_PSK
2026-03-19 21:54:25,19.5084686,-99.1268997,,8A:71:B1:2E:D9:E2,6,-86,UNKNOWN
2026-03-19 21:54:25,19.5084686,-99.1268997,,AE:42:A1:7C:B8:A6,5,-87,WPA2_PSK
2026-03-19 21:54:25,19.5084686,-99.1268997,IZZI-DF34,88:71:B1:7E:D9:E2,6,-87,WPA2_PSK
2026-03-19 21:54:25,19.5084686,-99.1268997,R_MC5423,34:0A:9A:31:22:41,7,-87,WPA_WPA2_PSK
2026-03-19 21:54:25,19.5084686,-99.1268997,ALTOS 1 _EXT,40:AE:30:DF:07:AB,5,-88,WPA2_PSK
2026-03-19 21:54:25,19.5084686,-99.1268997,,6C:E8:74:60:A4:96,7,-88,WPA2_PSK
2026-03-19 21:54:25,19.5084686,-99.1268997,MC19474,30:3D:51:11:11:EA,7,-88,WPA_WPA2_PSK
2026-03-19 21:54:25,19.5084686,-99.1268997,Invitados Cinves,6E:FF:7B:32:CA:42,6,-89,OPEN
2026-03-19 21:54:25,19.5084686,-99.1268997,Club_Totalplay_WiFi,6C:E8:74:60:A4:97,7,-90,OPEN
2026-03-19 21:54:25,19.5084686,-99.1268997,linksys,00:1A:70:67:AF:CA,11,-90,WPA2_PSK
2026-03-19 21:54:25,19.5084686,-99.1268997,Cinves-WiFi,1C:61:B4:13:64:5A,11,-90,WPA_WPA2_PSK
2026-03-19 21:54:25,19.5084686,-99.1268997,INFINITUM2849,50:02:38:2A:38:79,8,-91,WPA2_PSK
2026-03-19 21:54:25,19.5084686,-99.1268997,Megacable_2.4G_3530,34:36:54:9C:35:30,9,-91,WPA_WPA2_PSK
2026-03-19 21:54:25,19.5084686,-99.1268997,Cinves-WiFi,74:FE:CE:69:FB:0A,1,-92,WPA_WPA2_PSK
2026-03-19 21:54:25,19.5084686,-99.1268997,,DA:EE:C2:87:55:5B,1,-93,WPA2_PSK
2026-03-19 21:54:41,19.5084686,-99.1268997,Club_Totalplay_WiFi,E6:82:10:61:2E:CF,11,-71,OPEN
2026-03-19 21:54:41,19.5084686,-99.1268997,,E6:82:10:61:2E:CE,11,-71,WPA2_PSK
2026-03-19 21:54:41,19.5084686,-99.1268997,CGSTIC-WiFi-Cel,E2:8F:71:3A:34:34,2,-72,WPA2_PSK
2026-03-19 21:54:41,19.5084686,-99.1268997,Totalplay-4CB2,E6:82:10:61:2E:CC,11,-72,WPA2_PSK
2026-03-19 21:54:41,19.5084686,-99.1268997,INFINITUMC357,12:55:E4:1B:26:ED,1,-75,WPA2_PSK
2026-03-19 21:54:41,19.5084686,-99.1268997,,8A:15:04:58:0F:BF,6,-75,WEP
2026-03-19 21:54:41,19.5084686,-99.1268997,,F2:4B:8A:FC:13:1A,1,-76,UNKNOWN
2026-03-19 21:54:41,19.5084686,-99.1268997,IZZI-E3DD,F0:4B:8A:FC:13:6A,1,-76,WPA2_PSK
2026-03-19 21:54:41,19.5084686,-99.1268997,Cinves-WiFi,60:A4:B7:C8:AA:BC,1,-77,WPA_WPA2_PSK
2026-03-19 21:54:41,19.5084686,-99.1268997,infinitum movil,8A:15:04:58:0F:B0,6,-78,OPEN
2026-03-19 21:54:41,19.5084686,-99.1268997,Invitados Cinves,66:A4:B7:C8:AA:BC,1,-79,OPEN
2026-03-19 21:54:41,19.5084686,-99.1268997,Invitados Cinves,66:A4:B7:C8:AA:B6,11,-82,OPEN
2026-03-19 21:54:41,19.5084686,-99.1268997,linksys,00:1A:70:67:AF:CA,11,-85,WPA2_PSK
2026-03-19 21:54:41,19.5084686,-99.1268997,Tenda_0211D0,58:D9:D5:02:11:D1,3,-86,WPA_WPA2_PSK
2026-03-19 21:54:41,19.5084686,-99.1268997,ALTOS 1 _EXT,40:AE:30:DF:07:AB,5,-86,WPA2_PSK
2026-03-19 21:54:41,19.5084686,-99.1268997,R_MC5423,34:0A:9A:31:22:41,7,-86,WPA_WPA2_PSK
2026-03-19 21:54:41,19.5084686,-99.1268997,,A2:31:DB:54:81:C6,3,-87,WPA2_PSK
2026-03-19 21:54:41,19.5084686,-99.1268997,,E2:62:79:32:D0:56,4,-87,WPA2_PSK
2026-03-19 21:54:41,19.5084686,-99.1268997,LDPTPWF01,3A:60:F9:E5:83:76,6,-87,WPA2_PSK
2026-03-19 21:54:41,19.5084686,-99.1268997,DIRECT-40-HP M254 LaserJet,42:23:43:4E:08:40,6,-87,WPA2_PSK
2026-03-19 21:54:41,19.5084686,-99.1268997,IZZI-DF2F,A4:98:13:7A:F6:8A,6,-87,WPA2_PSK
2026-03-19 21:54:41,19.5084686,-99.1268997,,AE:42:A1:7C:B8:AA,5,-88,WPA2_PSK
2026-03-19 21:54:41,19.5084686,-99.1268997,A14 de Viridiana,7A:0B:F9:42:0B:A1,7,-88,WPA2_PSK
2026-03-19 21:54:41,19.5084686,-99.1268997,Club_Totalplay_WiFi,A2:31:DB:54:81:C7,3,-89,OPEN
2026-03-19 21:54:41,19.5084686,-99.1268997,Totalplay-7CB1,A2:31:DB:54:81:C4,3,-89,WPA2_PSK
2026-03-19 21:54:41,19.5084686,-99.1268997,SALONES ALVI_2.4G,6C:E8:74:60:A4:94,7,-89,WPA_WPA2_PSK
2026-03-19 21:54:41,19.5084686,-99.1268997,,00:4E:35:01:B6:82,1,-90,WPA2_PSK
2026-03-19 21:54:41,19.5084686,-99.1268997,INFINITUM62FA,D4:01:45:40:83:00,1,-90,WPA2_PSK
2026-03-19 21:54:41,19.5084686,-99.1268997,IZZI-DF34,88:71:B1:7E:D9:E2,6,-90,WPA2_PSK
2026-03-19 21:54:41,19.5084686,-99.1268997,Megacable_2.4G_3530,34:36:54:9C:35:30,9,-90,WPA_WPA2_PSK
2026-03-19 21:54:41,19.5084686,-99.1268997,,A6:98:13:2A:F6:8A,6,-91,UNKNOWN
2026-03-19 21:54:41,19.5084686,-99.1268997,Club_Totalplay_WiFi,28:6E:DA:6F:07:69,6,-93,OPEN
2026-03-19 21:54:57,19.5084686,-99.1268997,CGSTIC-WiFi-Cel,E2:8F:71:3A:34:34,2,-71,WPA2_PSK
2026-03-19 21:54:57,19.5084686,-99.1268997,,E6:82:10:61:2E:CE,11,-73,WPA2_PSK
2026-03-19 21:54:57,19.5084686,-99.1268997,Club_Totalplay_WiFi,E6:82:10:61:2E:CF,11,-73,OPEN
2026-03-19 21:54:57,19.5084686,-99.1268997,Totalplay-4CB2,E6:82:10:61:2E:CC,11,-75,WPA2_PSK
2026-03-19 21:54:57,19.5084686,-99.1268997,,F2:4B:8A:FC:13:1A,1,-76,UNKNOWN
2026-03-19 21:54:57,19.5084686,-99.1268997,,8A:15:04:58:0F:BF,6,-77,WEP
2026-03-19 21:54:57,19.5084686,-99.1268997,infinitum movil,8A:15:04:58:0F:B0,6,-79,OPEN
2026-03-19 21:54:57,19.5084686,-99.1268997,INFINITUM8BDA,00:5F:67:74:48:B8,6,-81,WPA2_PSK
2026-03-19 21:54:57,19.5084686,-99.1268997,Invitados Cinves,66:A4:B7:C8:AA:BC,1,-82,OPEN
2026-03-19 21:54:57,19.5084686,-99.1268997,Invitados Cinves,66:A4:B7:C8:AA:B6,11,-82,OPEN
2026-03-19 21:54:57,19.5084686,-99.1268997,A14 de Viridiana,7A:0B:F9:42:0B:A1,7,-84,WPA2_PSK
2026-03-19 21:54:57,19.5084686,-99.1268997,Cinves-WiFi,60:A4:B7:C8:AA:B6,11,-84,WPA_WPA2_PSK
2026-03-19 21:54:57,19.5084686,-99.1268997,MC19474,30:3D:51:11:11:EA,7,-85,WPA_WPA2_PSK
2026-03-19 21:54:57,19.5084686,-99.1268997,MC19387,30:3D:51:11:12:B3,7,-85,WPA_WPA2_PSK
2026-03-19 21:54:57,19.5084686,-99.1268997,LBS-3 Cinvestav,DC:62:79:32:D0:56,4,-86,WPA2_PSK
2026-03-19 21:54:57,19.5084686,-99.1268997,omni,52:0F:F5:7F:A2:91,6,-86,WPA_WPA2_PSK
2026-03-19 21:54:57,19.5084686,-99.1268997,,A6:98:13:2A:F6:8A,6,-86,UNKNOWN
2026-03-19 21:54:57,19.5084686,-99.1268997,Tenda_0211D0,58:D9:D5:02:11:D1,3,-87,WPA_WPA2_PSK
2026-03-19 21:54:57,19.5084686,-99.1268997,ALTOS 1 _EXT,40:AE:30:DF:07:AB,5,-87,WPA2_PSK
2026-03-19 21:54:57,19.5084686,-99.1268997,IZZI-DF2F,A4:98:13:7A:F6:8A,6,-87,WPA2_PSK
2026-03-19 21:54:57,19.5084686,-99.1268997,R_MC5423,34:0A:9A:31:22:41,7,-88,WPA_WPA2_PSK
2026-03-19 21:54:57,19.5084686,-99.1268997,linksys,00:1A:70:67:AF:CA,11,-89,WPA2_PSK
2026-03-19 21:54:57,19.5084686,-99.1268997,LDPTPWF01,3A:60:F9:E5:83:76,6,-90,WPA2_PSK
2026-03-19 21:54:57,19.5084686,-99.1268997,Cinves-WiFi,1C:61:B4:13:64:5A,11,-90,WPA_WPA2_PSK
2026-03-19 21:54:57,19.5084686,-99.1268997,Mega_2.4G_3922,48:96:D9:7E:39:22,4,-91,WPA_WPA2_PSK
2026-03-19 21:54:57,19.5084686,-99.1268997,Club_Totalplay_WiFi,28:6E:DA:6F:07:69,6,-91,OPEN
2026-03-19 21:55:13,19.5084686,-99.1268997,CGSTIC-WiFi-Cel,E2:8F:71:3A:34:34,2,-70,WPA2_PSK
2026-03-19 21:55:13,19.5084686,-99.1268997,Totalplay-4CB2,E6:82:10:61:2E:CC,11,-72,WPA2_PSK
2026-03-19 21:55:13,19.5084686,-99.1268997,,E6:82:10:61:2E:CE,11,-72,WPA2_PSK
2026-03-19 21:55:13,19.5084686,-99.1268997,Club_Totalplay_WiFi,E6:82:10:61:2E:CF,11,-73,OPEN
2026-03-19 21:55:13,19.5084686,-99.1268997,IZZI-E3DD,F0:4B:8A:FC:13:6A,1,-74,WPA2_PSK
2026-03-19 21:55:13,19.5084686,-99.1268997,,8A:15:04:58:0F:BF,6,-74,WEP
2026-03-19 21:55:13,19.5084686,-99.1268997,,F2:4B:8A:FC:13:1A,1,-75,UNKNOWN
2026-03-19 21:55:13,19.5084686,-99.1268997,infinitum movil,8A:15:04:58:0F:B0,6,-77,OPEN
2026-03-19 21:55:13,19.5084686,-99.1268997,Invitados Cinves,66:A4:B7:C8:AA:B6,11,-81,OPEN
2026-03-19 21:55:13,19.5084686,-99.1268997,Invitados Cinves,66:A4:B7:C8:AA:BC,1,-84,OPEN
2026-03-19 21:55:13,19.5084686,-99.1268997,ALTOS 1 _EXT,40:AE:30:DF:07:AB,5,-86,WPA2_PSK
2026-03-19 21:55:13,19.5084686,-99.1268997,,A6:98:13:2A:F6:8A,6,-86,UNKNOWN
2026-03-19 21:55:13,19.5084686,-99.1268997,MC19474,30:3D:51:11:11:EA,7,-86,WPA_WPA2_PSK
2026-03-19 21:55:13,19.5084686,-99.1268997,LBS-3 Cinvestav,DC:62:79:32:D0:56,4,-87,WPA2_PSK
2026-03-19 21:55:13,19.5084686,-99.1268997,,AE:42:A1:7C:B8:AA,5,-87,WPA2_PSK
2026-03-19 21:55:13,19.5084686,-99.1268997,Cinves-WiFi,34:60:F9:E5:83:76,6,-87,WPA_WPA2_PSK
2026-03-19 21:55:13,19.5084686,-99.1268997,MC19387,30:3D:51:11:12:B3,7,-87,WPA_WPA2_PSK
2026-03-19 21:55:13,19.5084686,-99.1268997,Cinves-WiFi,14:EB:B6:65:63:9E,1,-88,WPA_WPA2_PSK
2026-03-19 21:55:13,19.5084686,-99.1268997,Saru0730,DE:88:26:0D:EB:F3,1,-89,WPA2_PSK
2026-03-19 21:55:13,19.5084686,-99.1268997,,8A:71:B1:2E:D9:E2,6,-89,UNKNOWN
2026-03-19 21:55:13,19.5084686,-99.1268997,Invitados Cinves,6E:FF:7B:32:CA:42,6,-89,OPEN
2026-03-19 21:55:13,19.5084686,-99.1268997,,A2:31:DB:54:81:C6,3,-90,WPA2_PSK
2026-03-19 21:55:13,19.5084686,-99.1268997,,52:02:38:4A:38:79,8,-90,WPA2_PSK
2026-03-19 21:55:13,19.5084686,-99.1268997,HUAWEI-3L4N4J_HiLink-2G-EXT,A0:3E:8C:CF:99:00,1,-92,WPA2_PSK
2026-03-19 21:55:29,19.5084686,-99.1268997,CGSTIC-WiFi-Cel,E2:8F:71:3A:34:34,2,-71,WPA2_PSK
2026-03-19 21:55:29,19.5084686,-99.1268997,,8A:15:04:58:0F:BF,6,-74,WEP
2026-03-19 21:55:29,19.5084686,-99.1268997,,F2:4B:8A:FC:13:1A,1,-75,UNKNOWN
2026-03-19 21:55:29,19.5084686,-99.1268997,IZZI-E3DD,F0:4B:8A:FC:13:6A,1,-76,WPA2_PSK
2026-03-19 21:55:29,19.5084686,-99.1268997,infinitum movil,8A:15:04:58:0F:B0,6,-78,OPEN
2026-03-19 21:55:29,19.5084686,-99.1268997,Club_Totalplay_WiFi,E6:82:10:61:2E:CF,11,-78,OPEN
2026-03-19 21:55:29,19.5084686,-99.1268997,Totalplay-4CB2,E6:82:10:61:2E:CC,11,-78,WPA2_PSK
2026-03-19 21:55:29,19.5084686,-99.1268997,Cinves-WiFi,60:A4:B7:C8:AA:B6,11,-78,WPA_WPA2_PSK
2026-03-19 21:55:29,19.5084686,-99.1268997,,E6:82:10:61:2E:CE,11,-78,WPA2_PSK
2026-03-19 21:55:29,19.5084686,-99.1268997,WFCDECONTROL,0C:80:63:75:2F:D3,11,-79,WPA_WPA2_PSK
2026-03-19 21:55:29,19.5084686,-99.1268997,INFINITUMC357,12:55:E4:1B:26:ED,1,-80,WPA2_PSK
2026-03-19 21:55:29,19.5084686,-99.1268997,Invitados Cinves,66:A4:B7:C8:AA:BC,1,-80,OPEN
2026-03-19 21:55:29,19.5084686,-99.1268997,Invitados Cinves,66:A4:B7:C8:AA:B6,11,-81,OPEN
2026-03-19 21:55:29,19.5084686,-99.1268997,IZZI-DF2F,A4:98:13:7A:F6:8A,6,-82,WPA2_PSK
2026-03-19 21:55:29,19.5084686,-99.1268997,LBS-3 Cinvestav,DC:62:79:32:D0:56,4,-84,WPA2_PSK
2026-03-19 21:55:29,19.5084686,-99.1268997,IZZI-CE74,D4:E2:CB:61:CE:78,1,-85,WPA2_PSK
2026-03-19 21:55:29,19.5084686,-99.1268997,Mega_2.4G_5AAE,48:96:D9:24:5A:AE,3,-87,WPA_WPA2_PSK
2026-03-19 21:55:29,19.5084686,-99.1268997,MC19474,30:3D:51:11:11:EA,7,-87,WPA_WPA2_PSK
2026-03-19 21:55:29,19.5084686,-99.1268997,Megacable_2.4G_3530,34:36:54:9C:35:30,9,-87,WPA_WPA2_PSK
2026-03-19 21:55:29,19.5084686,-99.1268997,linksys,00:1A:70:67:AF:CA,11,-87,WPA2_PSK
2026-03-19 21:55:29,19.5084686,-99.1268997,,AE:42:A1:7C:B8:AA,5,-88,WPA2_PSK
2026-03-19 21:55:29,19.5084686,-99.1268997,Red Wi-Fi de Lizette,E8:8D:28:5F:F1:09,6,-88,WPA2_PSK
2026-03-19 21:55:29,19.5084686,-99.1268997,Club_Totalplay_WiFi,28:6E:DA:6F:07:69,6,-88,OPEN
2026-03-19 21:55:29,19.5084686,-99.1268997,,A2:31:DB:54:81:C6,3,-89,WPA2_PSK
2026-03-19 21:55:29,19.5084686,-99.1268997,HUAWEI-3L4N4J_HiLink-2G-EXT,A0:3E:8C:CF:99:00,1,-90,WPA2_PSK
2026-03-19 21:55:29,19.5084686,-99.1268997,Totalplay-7CB1,A2:31:DB:54:81:C4,3,-90,WPA2_PSK
2026-03-19 21:55:45,19.5084686,-99.1268997,CGSTIC-WiFi-Cel,E2:8F:71:3A:34:34,2,-70,WPA2_PSK
2026-03-19 21:55:45,19.5084686,-99.1268997,Cinves-WiFi,60:A4:B7:C8:AA:BC,1,-73,WPA_WPA2_PSK
2026-03-19 21:55:45,19.5084686,-99.1268997,IZZI-E3DD,F0:4B:8A:FC:13:6A,1,-74,WPA2_PSK
2026-03-19 21:55:45,19.5084686,-99.1268997,,F2:4B:8A:FC:13:1A,1,-75,UNKNOWN
2026-03-19 21:55:45,19.5084686,-99.1268997,infinitum movil,8A:15:04:58:0F:B0,6,-76,OPEN
2026-03-19 21:55:45,19.5084686,-99.1268997,Invitados Cinves,66:A4:B7:C8:AA:BC,1,-78,OPEN
2026-03-19 21:55:45,19.5084686,-99.1268997,INFINITUMC357,12:55:E4:1B:26:ED,1,-79,WPA2_PSK
2026-03-19 21:55:45,19.5084686,-99.1268997,Totalplay-4CB2,E6:82:10:61:2E:CC,11,-79,WPA2_PSK
2026-03-19 21:55:45,19.5084686,-99.1268997,Club_Totalplay_WiFi,E6:82:10:61:2E:CF,11,-79,OPEN
2026-03-19 21:55:45,19.5084686,-99.1268997,,E6:82:10:61:2E:CE,11,-79,WPA2_PSK
2026-03-19 21:55:45,19.5084686,-99.1268997,Cinves-WiFi,60:A4:B7:C8:AA:B6,11,-83,WPA_WPA2_PSK
2026-03-19 21:55:45,19.5084686,-99.1268997,WFCDECONTROL,0C:80:63:75:2F:D3,11,-83,WPA_WPA2_PSK
2026-03-19 21:55:45,19.5084686,-99.1268997,Cinves-WiFi,14:EB:B6:65:63:9E,1,-84,WPA_WPA2_PSK
2026-03-19 21:55:45,19.5084686,-99.1268997,Cinves-WiFi,34:60:F9:E5:83:76,6,-84,WPA_WPA2_PSK
2026-03-19 21:55:45,19.5084686,-99.1268997,Tenda_0211D0,58:D9:D5:02:11:D1,3,-86,WPA_WPA2_PSK
2026-03-19 21:55:45,19.5084686,-99.1268997,LBS-3 Cinvestav,DC:62:79:32:D0:56,4,-86,WPA2_PSK
2026-03-19 21:55:45,19.5084686,-99.1268997,LDPTPWF01,3A:60:F9:E5:83:76,6,-86,WPA2_PSK
2026-03-19 21:55:45,19.5084686,-99.1268997,MC19387,30:3D:51:11:12:B3,7,-86,WPA_WPA2_PSK
2026-03-19 21:55:45,19.5084686,-99.1268997,R_MC5423,34:0A:9A:31:22:41,7,-86,WPA_WPA2_PSK
2026-03-19 21:55:45,19.5084686,-99.1268997,,E2:62:79:32:D0:56,4,-87,WPA2_PSK
2026-03-19 21:55:45,19.5084686,-99.1268997,Invitados Cinves,6E:FF:7B:32:CA:42,6,-87,OPEN
2026-03-19 21:55:45,19.5084686,-99.1268997,MC19474,30:3D:51:11:11:EA,7,-87,WPA_WPA2_PSK
2026-03-19 21:55:45,19.5084686,-99.1268997,,6C:E8:74:60:A4:96,7,-88,WPA2_PSK
2026-03-19 21:55:45,19.5084686,-99.1268997,linksys,00:1A:70:67:AF:CA,11,-88,WPA2_PSK
2026-03-19 21:55:45,19.5084686,-99.1268997,STARLINK,DA:EE:C2:27:55:5B,1,-89,OPEN
2026-03-19 21:55:45,19.5084686,-99.1268997,,AE:42:A1:7C:B8:AA,5,-89,WPA2_PSK
2026-03-19 21:55:45,19.5084686,-99.1268997,Club_Totalplay_WiFi,28:6E:DA:6F:07:69,6,-89,OPEN
2026-03-19 21:55:45,19.5084686,-99.1268997,,F2:A7:31:97:F3:FD,5,-90,WPA2_PSK
2026-03-19 21:56:01,19.5084686,-99.1268997,CGSTIC-WiFi-Cel,E2:8F:71:3A:34:34,2,-72,WPA2_PSK
2026-03-19 21:56:01,19.5084686,-99.1268997,,E6:82:10:61:2E:CE,11,-72,WPA2_PSK
2026-03-19 21:56:01,19.5084686,-99.1268997,Totalplay-4CB2,E6:82:10:61:2E:CC,11,-73,WPA2_PSK
2026-03-19 21:56:01,19.5084686,-99.1268997,Club_Totalplay_WiFi,E6:82:10:61:2E:CF,11,-73,OPEN
2026-03-19 21:56:01,19.5084686,-99.1268997,,F2:4B:8A:FC:13:1A,1,-75,UNKNOWN
2026-03-19 21:56:01,19.5084686,-99.1268997,INFINITUMC357,12:55:E4:1B:26:ED,1,-77,WPA2_PSK
2026-03-19 21:56:01,19.5084686,-99.1268997,IZZI-E3DD,F0:4B:8A:FC:13:6A,1,-77,WPA2_PSK
2026-03-19 21:56:01,19.5084686,-99.1268997,,8A:15:04:58:0F:BF,6,-77,WEP
2026-03-19 21:56:01,19.5084686,-99.1268997,Invitados Cinves,66:A4:B7:C8:AA:BC,1,-78,OPEN
2026-03-19 21:56:01,19.5084686,-99.1268997,infinitum movil,8A:15:04:58:0F:B0,6,-78,OPEN
2026-03-19 21:56:01,19.5084686,-99.1268997,Cinves-WiFi,60:A4:B7:C8:AA:BC,1,-79,WPA_WPA2_PSK
2026-03-19 21:56:01,19.5084686,-99.1268997,WFCDECONTROL,0C:80:63:75:2F:D3,11,-81,WPA_WPA2_PSK
2026-03-19 21:56:01,19.5084686,-99.1268997,Invitados Cinves,66:A4:B7:C8:AA:B6,11,-83,OPEN
2026-03-19 21:56:01,19.5084686,-99.1268997,LBS-3 Cinvestav,DC:62:79:32:D0:56,4,-85,WPA2_PSK
2026-03-19 21:56:01,19.5084686,-99.1268997,INFINITUM8BDA,00:5F:67:74:48:B8,6,-86,WPA2_PSK
2026-03-19 21:56:01,19.5084686,-99.1268997,,A6:98:13:2A:F6:8A,6,-86,UNKNOWN
2026-03-19 21:56:01,19.5084686,-99.1268997,R_MC5423,34:0A:9A:31:22:41,7,-86,WPA_WPA2_PSK
2026-03-19 21:56:01,19.5084686,-99.1268997,IZZI-DF2F,A4:98:13:7A:F6:8A,6,-87,WPA2_PSK
2026-03-19 21:56:01,19.5084686,-99.1268997,MC19474,30:3D:51:11:11:EA,7,-87,WPA_WPA2_PSK
2026-03-19 21:56:01,19.5084686,-99.1268997,,00:4E:35:01:B6:82,1,-88,WPA2_PSK
2026-03-19 21:56:01,19.5084686,-99.1268997,IZZI-DF34,88:71:B1:7E:D9:E2,6,-88,WPA2_PSK
2026-03-19 21:56:01,19.5084686,-99.1268997,Club_Totalplay_WiFi,D8:59:82:37:76:BB,5,-89,OPEN
2026-03-19 21:56:01,19.5084686,-99.1268997,Totalplay-7CB1,A2:31:DB:54:81:C4,3,-90,WPA2_PSK
2026-03-19 21:56:01,19.5084686,-99.1268997,,AE:42:A1:7C:B8:A6,5,-90,WPA2_PSK
2026-03-19 21:56:01,19.5084686,-99.1268997,Club_Totalplay_WiFi,A2:31:DB:54:81:C7,3,-91,OPEN
2026-03-19 21:56:01,19.5084686,-99.1268997,,6C:E8:74:60:A4:96,7,-91,WPA2_PSK
2026-03-19 21:56:01,19.5084686,-99.1268997,INFINITUMF8E0,64:DB:F7:C3:1C:59,10,-91,WPA2_PSK
2026-03-19 21:56:17,19.5084686,-99.1268997,Totalplay-4CB2,E6:82:10:61:2E:CC,11,-73,WPA2_PSK
2026-03-19 21:56:17,19.5084686,-99.1268997,Club_Totalplay_WiFi,E6:82:10:61:2E:CF,11,-74,OPEN
2026-03-19 21:56:17,19.5084686,-99.1268997,,E6:82:10:61:2E:CE,11,-74,WPA2_PSK
2026-03-19 21:56:17,19.5084686,-99.1268997,IZZI-E3DD,F0:4B:8A:FC:13:6A,1,-77,WPA2_PSK
2026-03-19 21:56:17,19.5084686,-99.1268997,,8A:15:04:58:0F:BF,6,-77,WEP
2026-03-19 21:56:17,19.5084686,-99.1268997,INFINITUMC357,12:55:E4:1B:26:ED,1,-78,WPA2_PSK
2026-03-19 21:56:17,19.5084686,-99.1268997,,F2:4B:8A:FC:13:1A,1,-78,UNKNOWN
2026-03-19 21:56:17,19.5084686,-99.1268997,infinitum movil,8A:15:04:58:0F:B0,6,-80,OPEN
2026-03-19 21:56:17,19.5084686,-99.1268997,Cinves-WiFi,60:A4:B7:C8:AA:BC,1,-82,WPA_WPA2_PSK
2026-03-19 21:56:17,19.5084686,-99.1268997,WFCDECONTROL,0C:80:63:75:2F:D3,11,-82,WPA_WPA2_PSK
2026-03-19 21:56:17,19.5084686,-99.1268997,R_MC5423,34:0A:9A:31:22:41,7,-84,WPA_WPA2_PSK
2026-03-19 21:56:17,19.5084686,-99.1268997,Invitados Cinves,66:A4:B7:C8:AA:B6,11,-84,OPEN
2026-03-19 21:56:17,19.5084686,-99.1268997,Cinves-WiFi,14:EB:B6:65:63:9E,1,-85,WPA_WPA2_PSK
2026-03-19 21:56:17,19.5084686,-99.1268997,INFINITUM8BDA,00:5F:67:74:48:B8,6,-85,WPA2_PSK
2026-03-19 21:56:17,19.5084686,-99.1268997,Cinves-WiFi,60:A4:B7:C8:AA:B6,11,-85,WPA_WPA2_PSK
2026-03-19 21:56:17,19.5084686,-99.1268997,,60:A6:C5:2F:9C:DF,1,-86,WPA2_PSK
2026-03-19 21:56:17,19.5084686,-99.1268997,LDPTPWF01,3A:60:F9:E5:83:76,6,-87,WPA2_PSK
2026-03-19 21:56:17,19.5084686,-99.1268997,IZZI-DF2F,A4:98:13:7A:F6:8A,6,-87,WPA2_PSK
2026-03-19 21:56:17,19.5084686,-99.1268997,MC19474,30:3D:51:11:11:EA,7,-87,WPA_WPA2_PSK
2026-03-19 21:56:17,19.5084686,-99.1268997,linksys,00:1A:70:67:AF:CA,11,-87,WPA2_PSK
2026-03-19 21:56:17,19.5084686,-99.1268997,,A6:98:13:2A:F6:8A,6,-88,UNKNOWN
2026-03-19 21:56:17,19.5084686,-99.1268997,,52:02:38:4A:38:79,8,-88,WPA2_PSK
2026-03-19 21:56:17,19.5084686,-99.1268997,STARLINK,DA:EE:C2:27:55:5B,1,-89,OPEN
2026-03-19 21:56:17,19.5084686,-99.1268997,,E2:62:79:32:8D:F2,4,-89,WPA2_PSK
2026-03-19 21:56:17,19.5084686,-99.1268997,omni,52:0F:F5:7F:A2:91,6,-89,WPA_WPA2_PSK
2026-03-19 21:56:17,19.5084686,-99.1268997,INFINITUM2746,A8:E8:1E:E6:5A:80,8,-89,WPA2_PSK
2026-03-19 21:56:17,19.5084686,-99.1268997,,6C:E8:74:60:A4:96,7,-90,WPA2_PSK
2026-03-19 21:56:17,19.5084686,-99.1268997,IZZI-CE74,D4:E2:CB:61:CE:78,1,-91,WPA2_PSK
2026-03-19 21:56:17,19.5084686,-99.1268997,Mega_2.4G_3922,48:96:D9:7E:39:22,4,-91,WPA_WPA2_PSK
2026-03-19 21:56:33,19.5084686,-99.1268997,AndroidAP_1209,8A:B6:BD:F0:BB:EC,1,-58,WPA2_PSK
2026-03-19 21:56:33,19.5084686,-99.1268997,CGSTIC-WiFi-Cel,E2:8F:71:3A:34:34,2,-72,WPA2_PSK
2026-03-19 21:56:33,19.5084686,-99.1268997,Totalplay-4CB2,E6:82:10:61:2E:CC,11,-72,WPA2_PSK
2026-03-19 21:56:33,19.5084686,-99.1268997,,E6:82:10:61:2E:CE,11,-72,WPA2_PSK
2026-03-19 21:56:33,19.5084686,-99.1268997,Club_Totalplay_WiFi,E6:82:10:61:2E:CF,11,-74,OPEN
2026-03-19 21:56:33,19.5084686,-99.1268997,,F2:4B:8A:FC:13:1A,1,-77,UNKNOWN
2026-03-19 21:56:33,19.5084686,-99.1268997,Cinves-WiFi,60:A4:B7:C8:AA:BC,1,-77,WPA_WPA2_PSK
2026-03-19 21:56:33,19.5084686,-99.1268997,,8A:15:04:58:0F:BF,6,-77,WEP
2026-03-19 21:56:33,19.5084686,-99.1268997,infinitum movil,8A:15:04:58:0F:B0,6,-78,OPEN
2026-03-19 21:56:33,19.5084686,-99.1268997,IZZI-E3DD,F0:4B:8A:FC:13:6A,1,-79,WPA2_PSK
2026-03-19 21:56:33,19.5084686,-99.1268997,Invitados Cinves,66:A4:B7:C8:AA:BC,1,-80,OPEN
2026-03-19 21:56:33,19.5084686,-99.1268997,,A6:98:13:2A:F6:8A,6,-83,UNKNOWN
2026-03-19 21:56:33,19.5084686,-99.1268997,Cinves-WiFi,34:60:F9:E5:83:76,6,-84,WPA_WPA2_PSK
2026-03-19 21:56:33,19.5084686,-99.1268997,Invitados Cinves,66:A4:B7:C8:AA:B6,11,-84,OPEN
2026-03-19 21:56:33,19.5084686,-99.1268997,MC19387,30:3D:51:11:12:B3,7,-85,WPA_WPA2_PSK
2026-03-19 21:56:33,19.5084686,-99.1268997,IZZI-DF34,88:71:B1:7E:D9:E2,6,-87,WPA2_PSK
2026-03-19 21:56:33,19.5084686,-99.1268997,LDPTPWF01,3A:60:F9:E5:83:76,6,-87,WPA2_PSK
2026-03-19 21:56:33,19.5084686,-99.1268997,MC19474,30:3D:51:11:11:EA,7,-87,WPA_WPA2_PSK
2026-03-19 21:56:33,19.5084686,-99.1268997,,E2:62:79:32:D0:56,4,-88,WPA2_PSK
2026-03-19 21:56:33,19.5084686,-99.1268997,,AE:42:A1:7C:B8:A6,5,-88,WPA2_PSK
2026-03-19 21:56:33,19.5084686,-99.1268997,,AE:42:A1:7C:B8:AA,5,-88,WPA2_PSK
2026-03-19 21:56:33,19.5084686,-99.1268997,Invitados Cinves,6E:FF:7B:32:CA:42,6,-88,OPEN
2026-03-19 21:56:33,19.5084686,-99.1268997,R_MC5423,34:0A:9A:31:22:41,7,-88,WPA_WPA2_PSK
2026-03-19 21:56:33,19.5084686,-99.1268997,Club_Totalplay_WiFi,28:6E:DA:6F:07:69,6,-89,OPEN
2026-03-19 21:56:33,19.5084686,-99.1268997,Club_Totalplay_WiFi,A2:31:DB:54:81:C7,3,-90,OPEN
2026-03-19 21:56:33,19.5084686,-99.1268997,Totalplay-7CB1,A2:31:DB:54:81:C4,3,-93,WPA2_PSK
2026-03-19 21:56:49,19.5084686,-99.1268997,Totalplay-4CB2,E6:82:10:61:2E:CC,11,-66,WPA2_PSK
2026-03-19 21:56:49,19.5084686,-99.1268997,Club_Totalplay_WiFi,E6:82:10:61:2E:CF,11,-67,OPEN
2026-03-19 21:56:49,19.5084686,-99.1268997,,E6:82:10:61:2E:CE,11,-67,WPA2_PSK
2026-03-19 21:56:49,19.5084686,-99.1268997,CGSTIC-WiFi-Cel,E2:8F:71:3A:34:34,2,-72,WPA2_PSK
2026-03-19 21:56:49,19.5084686,-99.1268997,IZZI-E3DD,F0:4B:8A:FC:13:6A,1,-75,WPA2_PSK
2026-03-19 21:56:49,19.5084686,-99.1268997,,F2:4B:8A:FC:13:1A,1,-75,UNKNOWN
2026-03-19 21:56:49,19.5084686,-99.1268997,INFINITUMC357,12:55:E4:1B:26:ED,1,-78,WPA2_PSK
2026-03-19 21:56:49,19.5084686,-99.1268997,infinitum movil,8A:15:04:58:0F:B0,6,-79,OPEN
2026-03-19 21:56:49,19.5084686,-99.1268997,Invitados Cinves,66:A4:B7:C8:AA:BC,1,-80,OPEN
2026-03-19 21:56:49,19.5084686,-99.1268997,WFCDECONTROL,0C:80:63:75:2F:D3,11,-80,WPA_WPA2_PSK
2026-03-19 21:56:49,19.5084686,-99.1268997,,8A:71:B1:2E:D9:E2,6,-84,UNKNOWN
2026-03-19 21:56:49,19.5084686,-99.1268997,,A6:98:13:2A:F6:8A,6,-86,UNKNOWN
2026-03-19 21:56:49,19.5084686,-99.1268997,MC19387,30:3D:51:11:12:B3,7,-87,WPA_WPA2_PSK
2026-03-19 21:56:49,19.5084686,-99.1268997,MC19474,30:3D:51:11:11:EA,7,-87,WPA_WPA2_PSK
2026-03-19 21:56:49,19.5084686,-99.1268997,IZZI-CE74,D4:E2:CB:61:CE:78,1,-88,WPA2_PSK
2026-03-19 21:56:49,19.5084686,-99.1268997,IZZI-DF34,88:71:B1:7E:D9:E2,6,-88,WPA2_PSK
2026-03-19 21:56:49,19.5084686,-99.1268997,INFINITUM3532,D4:01:45:3D:A6:80,11,-88,WPA2_PSK
2026-03-19 21:56:49,19.5084686,-99.1268997,STARLINK,DA:EE:C2:27:55:5B,1,-89,OPEN
2026-03-19 21:56:49,19.5084686,-99.1268997,R_MC5423,34:0A:9A:31:22:41,7,-89,WPA_WPA2_PSK
2026-03-19 21:56:49,19.5084686,-99.1268997,Tenda_0211D0,58:D9:D5:02:11:D1,3,-90,WPA_WPA2_PSK
2026-03-19 21:56:49,19.5084686,-99.1268997,HUAWEI-2.4G-kDCA,D8:59:82:37:76:B8,5,-91,WPA2_PSK
2026-03-19 21:56:49,19.5084686,-99.1268997,linksys,00:1A:70:67:AF:CA,11,-91,WPA2_PSK
2026-03-19 21:56:49,19.5084686,-99.1268997,,14:EB:08:9F:61:B2,11,-91,WPA2_PSK
2026-03-19 21:57:05,19.5084686,-99.1268997,,E6:82:10:61:2E:CE,11,-70,WPA2_PSK
2026-03-19 21:57:05,19.5084686,-99.1268997,Totalplay-4CB2,E6:82:10:61:2E:CC,11,-71,WPA2_PSK
2026-03-19 21:57:05,19.5084686,-99.1268997,CGSTIC-WiFi-Cel,E2:8F:71:3A:34:34,2,-73,WPA2_PSK
2026-03-19 21:57:05,19.5084686,-99.1268997,Club_Totalplay_WiFi,E6:82:10:61:2E:CF,11,-73,OPEN
2026-03-19 21:57:05,19.5084686,-99.1268997,Cinves-WiFi,60:A4:B7:C8:AA:BC,1,-76,WPA_WPA2_PSK
2026-03-19 21:57:05,19.5084686,-99.1268997,,F2:4B:8A:FC:13:1A,1,-76,UNKNOWN
2026-03-19 21:57:05,19.5084686,-99.1268997,,8A:15:04:58:0F:BF,6,-77,WEP
2026-03-19 21:57:05,19.5084686,-99.1268997,INFINITUMC357,12:55:E4:1B:26:ED,1,-78,WPA2_PSK
2026-03-19 21:57:05,19.5084686,-99.1268997,Invitados Cinves,66:A4:B7:C8:AA:BC,1,-81,OPEN
2026-03-19 21:57:05,19.5084686,-99.1268997,Galaxy A0225f9,A6:3D:04:A3:7F:DC,1,-83,WPA2_PSK
2026-03-19 21:57:05,19.5084686,-99.1268997,Cinves-WiFi,34:60:F9:E5:83:76,6,-84,WPA_WPA2_PSK
2026-03-19 21:57:05,19.5084686,-99.1268997,Cinves-WiFi,60:A4:B7:C8:AA:B6,11,-84,WPA_WPA2_PSK
2026-03-19 21:57:05,19.5084686,-99.1268997,INFINITUM8BDA,00:5F:67:74:48:B8,6,-85,WPA2_PSK
2026-03-19 21:57:05,19.5084686,-99.1268997,R_MC5423,34:0A:9A:31:22:41,7,-85,WPA_WPA2_PSK
2026-03-19 21:57:05,19.5084686,-99.1268997,Tenda_0211D0,58:D9:D5:02:11:D1,3,-86,WPA_WPA2_PSK
2026-03-19 21:57:05,19.5084686,-99.1268997,Invitados Cinves,66:A4:B7:C8:AA:B6,11,-86,OPEN
2026-03-19 21:57:05,19.5084686,-99.1268997,ALTOS 1 ,A8:42:A1:7C:B8:AA,5,-87,WPA2_PSK
2026-03-19 21:57:05,19.5084686,-99.1268997,,AE:42:A1:7C:B8:AA,5,-87,WPA2_PSK
2026-03-19 21:57:05,19.5084686,-99.1268997,IZZI-DF2F,A4:98:13:7A:F6:8A,6,-87,WPA2_PSK
2026-03-19 21:57:05,19.5084686,-99.1268997,Mega_2.4G_3922,48:96:D9:7E:39:22,4,-88,WPA_WPA2_PSK
2026-03-19 21:57:05,19.5084686,-99.1268997,LBS-3 Cinvestav,DC:62:79:32:D0:56,4,-88,WPA2_PSK
2026-03-19 21:57:05,19.5084686,-99.1268997,,E2:62:79:32:D0:56,4,-88,WPA2_PSK
2026-03-19 21:57:05,19.5084686,-99.1268997,SALONES ALVI_2.4G,6C:E8:74:60:A4:94,7,-88,WPA_WPA2_PSK
2026-03-19 21:57:05,19.5084686,-99.1268997,linksys,00:1A:70:67:AF:CA,11,-88,WPA2_PSK
2026-03-19 21:57:05,19.5084686,-99.1268997,omni,52:0F:F5:7F:A2:91,6,-89,WPA_WPA2_PSK
2026-03-19 21:57:05,19.5084686,-99.1268997,Cinves-WiFi,14:EB:B6:65:63:9E,1,-90,WPA_WPA2_PSK
2026-03-19 21:57:05,19.5084686,-99.1268997,LDPTPWF01,3A:60:F9:E5:83:76,6,-90,WPA2_PSK
2026-03-19 21:57:05,19.5084686,-99.1268997,,00:4E:35:01:B6:82,1,-91,WPA2_PSK
2026-03-19 21:57:05,19.5084686,-99.1268997,Red Wi-Fi de Lizette,E8:8D:28:5F:F1:09,6,-91,WPA2_PSK
2026-03-19 21:57:05,19.5084686,-99.1268997,Club_Totalplay_WiFi,6C:E8:74:5A:B7:23,8,-91,OPEN
2026-03-19 21:57:05,19.5084686,-99.1268997,,52:02:38:4A:38:79,8,-91,WPA2_PSK
2026-03-19 21:57:05,19.5084686,-99.1268997,Steren COM-780_35110,08:97:58:3A:5F:2C,10,-92,WPA2_PSK
2026-03-19 21:57:21,19.5084686,-99.1268997,Totalplay-4CB2,E6:82:10:61:2E:CC,11,-66,WPA2_PSK
2026-03-19 21:57:21,19.5084686,-99.1268997,Club_Totalplay_WiFi,E6:82:10:61:2E:CF,11,-68,OPEN
2026-03-19 21:57:21,19.5084686,-99.1268997,,E6:82:10:61:2E:CE,11,-69,WPA2_PSK
2026-03-19 21:57:21,19.5084686,-99.1268997,,F2:4B:8A:FC:13:1A,1,-74,UNKNOWN
2026-03-19 21:57:21,19.5084686,-99.1268997,IZZI-E3DD,F0:4B:8A:FC:13:6A,1,-74,WPA2_PSK
2026-03-19 21:57:21,19.5084686,-99.1268997,CGSTIC-WiFi-Cel,E2:8F:71:3A:34:34,2,-75,WPA2_PSK
2026-03-19 21:57:21,19.5084686,-99.1268997,Invitados Cinves,66:A4:B7:C8:AA:BC,1,-78,OPEN
2026-03-19 21:57:21,19.5084686,-99.1268997,INFINITUMC357,12:55:E4:1B:26:ED,1,-79,WPA2_PSK
2026-03-19 21:57:21,19.5084686,-99.1268997,Cinves-WiFi,60:A4:B7:C8:AA:BC,1,-79,WPA_WPA2_PSK
2026-03-19 21:57:21,19.5084686,-99.1268997,Invitados Cinves,66:A4:B7:C8:AA:B6,11,-82,OPEN
2026-03-19 21:57:21,19.5084686,-99.1268997,linksys,00:1A:70:67:AF:CA,11,-84,WPA2_PSK
2026-03-19 21:57:21,19.5084686,-99.1268997,LDPTPWF01,3A:60:F9:E5:83:76,6,-86,WPA2_PSK
2026-03-19 21:57:21,19.5084686,-99.1268997,AC92,DE:F7:17:BE:80:17,5,-87,WPA2_WPA3_PSK
2026-03-19 21:57:21,19.5084686,-99.1268997,Steren COM-780_35110,08:97:58:3A:5F:2C,10,-88,WPA2_PSK
2026-03-19 21:57:21,19.5084686,-99.1268997,Audi_MMI_d15ac2,2C:DC:AD:D1:5A:C2,11,-88,WPA2_PSK
2026-03-19 21:57:21,19.5084686,-99.1268997,IZZI-DF34,88:71:B1:7E:D9:E2,6,-89,WPA2_PSK
2026-03-19 21:57:21,19.5084686,-99.1268997,MC19387,30:3D:51:11:12:B3,7,-89,WPA_WPA2_PSK
2026-03-19 21:57:21,19.5084686,-99.1268997,SALONES ALVI_2.4G,6C:E8:74:60:A4:94,7,-89,WPA_WPA2_PSK
2026-03-19 21:57:21,19.5084686,-99.1268997,INFINITUM3532,D4:01:45:3D:A6:80,11,-89,WPA2_PSK
2026-03-19 21:57:21,19.5084686,-99.1268997,INFINITUM62FA,D4:01:45:40:83:00,1,-90,WPA2_PSK
2026-03-19 21:57:21,19.5084686,-99.1268997,IZZI-CE74,D4:E2:CB:61:CE:78,1,-90,WPA2_PSK
2026-03-19 21:57:21,19.5084686,-99.1268997,Mega_2.4G_5AAE,48:96:D9:24:5A:AE,3,-90,WPA_WPA2_PSK
2026-03-19 21:57:21,19.5084686,-99.1268997,omni,52:0F:F5:7F:A2:91,6,-90,WPA_WPA2_PSK
2026-03-19 21:57:21,19.5084686,-99.1268997,MC19474,30:3D:51:11:11:EA,7,-90,WPA_WPA2_PSK
2026-03-19 21:57:21,19.5084686,-99.1268997,,6C:E8:74:60:A4:96,7,-90,WPA2_PSK
2026-03-19 21:57:21,19.5084686,-99.1268997,,14:EB:08:9F:61:B2,11,-90,WPA2_PSK
2026-03-19 21:57:21,19.5084686,-99.1268997,Cinves-WiFi,74:FE:CE:69:FB:0A,1,-91,WPA_WPA2_PSK
2026-03-19 21:57:21,19.5084686,-99.1268997,Mega_2.4G_3922,48:96:D9:7E:39:22,4,-91,WPA_WPA2_PSK
2026-03-19 21:57:21,19.5084686,-99.1268997,INFINITUM2746,A8:E8:1E:E6:5A:80,8,-91,WPA2_PSK
2026-03-19 21:57:21,19.5084686,-99.1268997,R_MC5423,34:0A:9A:31:22:41,7,-92,WPA_WPA2_PSK
2026-03-19 21:57:21,19.5084686,-99.1268997,Cinves-WiFi,60:A4:B7:C8:AA:B6,11,-93,WPA_WPA2_PSK
2026-03-19 21:57:37,19.5084686,-99.1268997,,F2:4B:8A:FC:13:1A,1,-75,UNKNOWN
2026-03-19 21:57:37,19.5084686,-99.1268997,IZZI-E3DD,F0:4B:8A:FC:13:6A,1,-75,WPA2_PSK
2026-03-19 21:57:37,19.5084686,-99.1268997,Club_Totalplay_WiFi,E6:82:10:61:2E:CF,11,-76,OPEN
2026-03-19 21:57:37,19.5084686,-99.1268997,,E6:82:10:61:2E:CE,11,-76,WPA2_PSK
2026-03-19 21:57:37,19.5084686,-99.1268997,infinitum movil,8A:15:04:58:0F:B0,6,-78,OPEN
2026-03-19 21:57:37,19.5084686,-99.1268997,Totalplay-4CB2,E6:82:10:61:2E:CC,11,-78,WPA2_PSK
2026-03-19 21:57:37,19.5084686,-99.1268997,INFINITUMC357,12:55:E4:1B:26:ED,1,-80,WPA2_PSK
2026-03-19 21:57:37,19.5084686,-99.1268997,INFINITUM8BDA,00:5F:67:74:48:B8,6,-82,WPA2_PSK
2026-03-19 21:57:37,19.5084686,-99.1268997,CGSTIC-WiFi-Cel,E2:8F:71:3A:34:34,2,-83,WPA2_PSK
2026-03-19 21:57:37,19.5084686,-99.1268997,Tenda_0211D0,58:D9:D5:02:11:D1,3,-84,WPA_WPA2_PSK
2026-03-19 21:57:37,19.5084686,-99.1268997,Mega_2.4G_3922,48:96:D9:7E:39:22,4,-84,WPA_WPA2_PSK
2026-03-19 21:57:37,19.5084686,-99.1268997,IZZI-DF2F,A4:98:13:7A:F6:8A,6,-84,WPA2_PSK
2026-03-19 21:57:37,19.5084686,-99.1268997,omni,52:0F:F5:7F:A2:91,6,-84,WPA_WPA2_PSK
2026-03-19 21:57:37,19.5084686,-99.1268997,ALTOS 1 _EXT,40:AE:30:DF:07:AB,5,-85,WPA2_PSK
2026-03-19 21:57:37,19.5084686,-99.1268997,Kygo Rogers Kent ,B6:33:29:24:1E:D9,6,-85,WPA2_PSK
2026-03-19 21:57:37,19.5084686,-99.1268997,MC19387,30:3D:51:11:12:B3,7,-85,WPA_WPA2_PSK
2026-03-19 21:57:37,19.5084686,-99.1268997,R_MC5423,34:0A:9A:31:22:41,7,-85,WPA_WPA2_PSK
2026-03-19 21:57:37,19.5084686,-99.1268997,Cinves-WiFi,14:EB:B6:65:63:9E,1,-86,WPA_WPA2_PSK
2026-03-19 21:57:37,19.5084686,-99.1268997,Invitados Cinves,66:A4:B7:C8:AA:B6,11,-86,OPEN
2026-03-19 21:57:37,19.5084686,-99.1268997,,F2:A7:31:87:F3:FD,5,-87,WPA2_PSK
2026-03-19 21:57:37,19.5084686,-99.1268997,INFINITUM62FA,D4:01:45:40:83:00,1,-88,WPA2_PSK
2026-03-19 21:57:37,19.5084686,-99.1268997,LBS-3 Cinvestav,DC:62:79:32:D0:56,4,-88,WPA2_PSK
2026-03-19 21:57:37,19.5084686,-99.1268997,MC19474,30:3D:51:11:11:EA,7,-88,WPA_WPA2_PSK
2026-03-19 21:57:37,19.5084686,-99.1268997,Megacable_2.4G_3530,34:36:54:9C:35:30,9,-88,WPA_WPA2_PSK
2026-03-19 21:57:37,19.5084686,-99.1268997,,E2:62:79:32:D0:56,4,-89,WPA2_PSK
2026-03-19 21:57:37,19.5084686,-99.1268997,linksys,00:1A:70:67:AF:CA,11,-89,WPA2_PSK
2026-03-19 21:57:37,19.5084686,-99.1268997,Invitados Cinves,6E:FF:7B:32:CA:42,6,-90,OPEN
2026-03-19 21:57:37,19.5084686,-99.1268997,SALONES ALVI_2.4G,6C:E8:74:60:A4:94,7,-90,WPA_WPA2_PSK
2026-03-19 21:57:37,19.5084686,-99.1268997,Club_Totalplay_WiFi,6C:E8:74:60:A4:97,7,-90,OPEN
2026-03-19 21:57:37,19.5084686,-99.1268997,INFINITUM2849,50:02:38:2A:38:79,8,-91,WPA2_PSK
2026-03-19 21:57:37,19.5084686,-99.1268997,,66:DB:F7:C3:1C:59,10,-91,WPA2_PSK
2026-03-19 21:57:37,19.5084686,-99.1268997,,6C:E8:74:60:A4:96,7,-92,WPA2_PSK
2026-03-19 21:57:37,19.5084686,-99.1268997,,F2:A7:31:97:F3:FD,5,-93,WPA2_PSK
2026-03-19 21:57:53,19.5084686,-99.1268997,Club_Totalplay_WiFi,E6:82:10:61:2E:CF,11,-72,OPEN
2026-03-19 21:57:53,19.5084686,-99.1268997,Totalplay-4CB2,E6:82:10:61:2E:CC,11,-73,WPA2_PSK
2026-03-19 21:57:53,19.5084686,-99.1268997,,E6:82:10:61:2E:CE,11,-73,WPA2_PSK
2026-03-19 21:57:53,19.5084686,-99.1268997,CGSTIC-WiFi-Cel,E2:8F:71:3A:34:34,2,-74,WPA2_PSK
2026-03-19 21:57:53,19.5084686,-99.1268997,infinitum movil,8A:15:04:58:0F:B0,6,-75,OPEN
2026-03-19 21:57:53,19.5084686,-99.1268997,,8A:15:04:58:0F:BF,6,-75,WEP
2026-03-19 21:57:53,19.5084686,-99.1268997,,F2:4B:8A:FC:13:1A,1,-76,UNKNOWN
2026-03-19 21:57:53,19.5084686,-99.1268997,WFCDECONTROL,0C:80:63:75:2F:D3,11,-77,WPA_WPA2_PSK
2026-03-19 21:57:53,19.5084686,-99.1268997,IZZI-E3DD,F0:4B:8A:FC:13:6A,1,-78,WPA2_PSK
2026-03-19 21:57:53,19.5084686,-99.1268997,INFINITUMC357,12:55:E4:1B:26:ED,1,-78,WPA2_PSK
2026-03-19 21:57:53,19.5084686,-99.1268997,Cinves-WiFi,60:A4:B7:C8:AA:BC,1,-78,WPA_WPA2_PSK
2026-03-19 21:57:53,19.5084686,-99.1268997,IPCF3821626686401,9C:A3:A9:47:7C:9F,1,-80,WPA2_PSK
2026-03-19 21:57:53,19.5084686,-99.1268997,Invitados Cinves,66:A4:B7:C8:AA:BC,1,-81,OPEN
2026-03-19 21:57:53,19.5084686,-99.1268997,Invitados Cinves,66:A4:B7:C8:AA:B6,11,-81,OPEN
2026-03-19 21:57:53,19.5084686,-99.1268997,Cinves-WiFi,60:A4:B7:C8:AA:B6,11,-82,WPA_WPA2_PSK
2026-03-19 21:57:53,19.5084686,-99.1268997,Cinves-WiFi,14:EB:B6:65:63:9E,1,-85,WPA_WPA2_PSK
2026-03-19 21:57:53,19.5084686,-99.1268997,IZZI-DF2F,A4:98:13:7A:F6:8A,6,-85,WPA2_PSK
2026-03-19 21:57:53,19.5084686,-99.1268997,Cinves-WiFi,34:60:F9:E5:83:76,6,-85,WPA_WPA2_PSK
2026-03-19 21:57:53,19.5084686,-99.1268997,INFINITUM8BDA,00:5F:67:74:48:B8,6,-85,WPA2_PSK
2026-03-19 21:57:53,19.5084686,-99.1268997,Steren COM-780_35110,08:97:58:3A:5F:2C,10,-85,WPA2_PSK
2026-03-19 21:57:53,19.5084686,-99.1268997,,E2:62:79:32:D0:56,4,-86,WPA2_PSK
2026-03-19 21:57:53,19.5084686,-99.1268997,,A6:98:13:2A:F6:8A,6,-86,UNKNOWN
2026-03-19 21:57:53,19.5084686,-99.1268997,omni,52:0F:F5:7F:A2:91,6,-86,WPA_WPA2_PSK
2026-03-19 21:57:53,19.5084686,-99.1268997,R_MC5423,34:0A:9A:31:22:41,7,-86,WPA_WPA2_PSK
2026-03-19 21:57:53,19.5084686,-99.1268997,,8A:71:B1:2E:D9:E2,6,-87,UNKNOWN
2026-03-19 21:57:53,19.5084686,-99.1268997,MC19474,30:3D:51:11:11:EA,7,-87,WPA_WPA2_PSK
2026-03-19 21:57:53,19.5084686,-99.1268997,linksys,00:1A:70:67:AF:CA,11,-87,WPA2_PSK
2026-03-19 21:57:53,19.5084686,-99.1268997,Cinves-WiFi,68:FF:7B:32:CA:42,6,-89,WPA_WPA2_PSK
2026-03-19 21:57:53,19.5084686,-99.1268997,,A2:31:DB:54:81:C6,3,-90,WPA2_PSK
2026-03-19 21:57:53,19.5084686,-99.1268997,LBS-3 Cinvestav,DC:62:79:32:D0:56,4,-90,WPA2_PSK
2026-03-19 21:57:53,19.5084686,-99.1268997,IZZI-DF34,88:71:B1:7E:D9:E2,6,-90,WPA2_PSK
2026-03-19 21:57:53,19.5084686,-99.1268997,WIFIBRG001300487f4dIPC080,3A:54:F5:BD:77:4D,11,-90,WPA2_PSK
2026-03-19 21:57:53,19.5084686,-99.1268997,INFINITUM2746,A8:E8:1E:E6:5A:80,8,-91,WPA2_PSK
2026-03-19 21:58:09,19.5084686,-99.1268997,CGSTIC-WiFi-Cel,E2:8F:71:3A:34:34,2,-70,WPA2_PSK
2026-03-19 21:58:09,19.5084686,-99.1268997,IZZI-E3DD,F0:4B:8A:FC:13:6A,1,-72,WPA2_PSK
2026-03-19 21:58:09,19.5084686,-99.1268997,,F2:4B:8A:FC:13:1A,1,-74,UNKNOWN
2026-03-19 21:58:09,19.5084686,-99.1268997,,8A:15:04:58:0F:BF,6,-75,WEP
2026-03-19 21:58:09,19.5084686,-99.1268997,Totalplay-4CB2,E6:82:10:61:2E:CC,11,-77,WPA2_PSK
2026-03-19 21:58:09,19.5084686,-99.1268997,,E6:82:10:61:2E:CE,11,-77,WPA2_PSK
2026-03-19 21:58:09,19.5084686,-99.1268997,Invitados Cinves,66:A4:B7:C8:AA:BC,1,-78,OPEN
2026-03-19 21:58:09,19.5084686,-99.1268997,Club_Totalplay_WiFi,E6:82:10:61:2E:CF,11,-78,OPEN
2026-03-19 21:58:09,19.5084686,-99.1268997,infinitum movil,8A:15:04:58:0F:B0,6,-79,OPEN
2026-03-19 21:58:09,19.5084686,-99.1268997,INFINITUMC357,12:55:E4:1B:26:ED,1,-80,WPA2_PSK
2026-03-19 21:58:09,19.5084686,-99.1268997,WFCDECONTROL,0C:80:63:75:2F:D3,11,-81,WPA_WPA2_PSK
2026-03-19 21:58:09,19.5084686,-99.1268997,R_MC5423,34:0A:9A:31:22:41,7,-82,WPA_WPA2_PSK
2026-03-19 21:58:09,19.5084686,-99.1268997,Tenda_0211D0,58:D9:D5:02:11:D1,3,-84,WPA_WPA2_PSK
2026-03-19 21:58:09,19.5084686,-99.1268997,Cinves-WiFi,34:60:F9:E5:83:76,6,-84,WPA_WPA2_PSK
2026-03-19 21:58:09,19.5084686,-99.1268997,IZZI-DF2F,A4:98:13:7A:F6:8A,6,-84,WPA2_PSK
2026-03-19 21:58:09,19.5084686,-99.1268997,MC19474,30:3D:51:11:11:EA,7,-85,WPA_WPA2_PSK
2026-03-19 21:58:09,19.5084686,-99.1268997,LBS-3 Cinvestav,DC:62:79:32:D0:56,4,-86,WPA2_PSK
2026-03-19 21:58:09,19.5084686,-99.1268997,INFINITUM2849,50:02:38:2A:38:79,8,-86,WPA2_PSK
2026-03-19 21:58:09,19.5084686,-99.1268997,Steren COM-780_35110,08:97:58:3A:5F:2C,10,-86,WPA2_PSK
2026-03-19 21:58:09,19.5084686,-99.1268997,,AE:42:A1:7C:B8:AA,5,-87,WPA2_PSK
2026-03-19 21:58:09,19.5084686,-99.1268997,ALTOS 1 ,A8:42:A1:7C:B8:AA,5,-87,WPA2_PSK
2026-03-19 21:58:09,19.5084686,-99.1268997,linksys,00:1A:70:67:AF:CA,11,-87,WPA2_PSK
2026-03-19 21:58:09,19.5084686,-99.1268997,Cinves-WiFi,60:A4:B7:C8:AA:B6,11,-87,WPA_WPA2_PSK
2026-03-19 21:58:09,19.5084686,-99.1268997,,00:4E:35:01:E7:C2,6,-88,WPA2_PSK
2026-03-19 21:58:09,19.5084686,-99.1268997,Red Wi-Fi de Lizette,E8:8D:28:5F:F1:09,6,-89,WPA2_PSK
2026-03-19 21:58:09,19.5084686,-99.1268997,SALONES ALVI_2.4G,6C:E8:74:60:A4:94,7,-89,WPA_WPA2_PSK
2026-03-19 21:58:09,19.5084686,-99.1268997,INFINITUM2746,A8:E8:1E:E6:5A:80,8,-90,WPA2_PSK
2026-03-19 21:58:09,19.5084686,-99.1268997,Cinves-WiFi,1C:61:B4:13:64:5A,11,-91,WPA_WPA2_PSK
2026-03-19 21:58:09,19.5084686,-99.1268997,WIFIBRG001300487f4dIPC080,3A:54:F5:BD:77:4D,11,-93,WPA2_PSK
2026-03-19 21:58:25,19.5084686,-99.1268997,CGSTIC-WiFi-Cel,E2:8F:71:3A:34:34,2,-70,WPA2_PSK
2026-03-19 21:58:25,19.5084686,-99.1268997,,8A:15:04:58:0F:BF,6,-73,WEP
2026-03-19 21:58:25,19.5084686,-99.1268997,Club_Totalplay_WiFi,E6:82:10:61:2E:CF,11,-74,OPEN
2026-03-19 21:58:25,19.5084686,-99.1268997,,E6:82:10:61:2E:CE,11,-74,WPA2_PSK
2026-03-19 21:58:25,19.5084686,-99.1268997,,F2:4B:8A:FC:13:1A,1,-75,UNKNOWN
2026-03-19 21:58:25,19.5084686,-99.1268997,IZZI-E3DD,F0:4B:8A:FC:13:6A,1,-75,WPA2_PSK
2026-03-19 21:58:25,19.5084686,-99.1268997,infinitum movil,8A:15:04:58:0F:B0,6,-76,OPEN
2026-03-19 21:58:25,19.5084686,-99.1268997,Totalplay-4CB2,E6:82:10:61:2E:CC,11,-76,WPA2_PSK
2026-03-19 21:58:25,19.5084686,-99.1268997,Invitados Cinves,66:A4:B7:C8:AA:BC,1,-77,OPEN
2026-03-19 21:58:25,19.5084686,-99.1268997,Cinves-WiFi,60:A4:B7:C8:AA:BC,1,-78,WPA_WPA2_PSK
2026-03-19 21:58:25,19.5084686,-99.1268997,WFCDECONTROL,0C:80:63:75:2F:D3,11,-80,WPA_WPA2_PSK
2026-03-19 21:58:25,19.5084686,-99.1268997,Tenda_0211D0,58:D9:D5:02:11:D1,3,-84,WPA_WPA2_PSK
2026-03-19 21:58:25,19.5084686,-99.1268997,R_MC5423,34:0A:9A:31:22:41,7,-84,WPA_WPA2_PSK
2026-03-19 21:58:25,19.5084686,-99.1268997,Cinves-WiFi,60:A4:B7:C8:AA:B6,11,-84,WPA_WPA2_PSK
2026-03-19 21:58:25,19.5084686,-99.1268997,LBS-3 Cinvestav,DC:62:79:32:D0:56,4,-85,WPA2_PSK
2026-03-19 21:58:25,19.5084686,-99.1268997,Cinves-WiFi,68:FF:7B:32:CA:42,6,-85,WPA_WPA2_PSK
2026-03-19 21:58:25,19.5084686,-99.1268997,IZZI-DF2F,A4:98:13:7A:F6:8A,6,-86,WPA2_PSK
2026-03-19 21:58:25,19.5084686,-99.1268997,MVS,60:32:B1:ED:F1:37,11,-86,WPA_WPA2_PSK
2026-03-19 21:58:25,19.5084686,-99.1268997,Dra. E_Calderon,B4:B0:24:6E:0C:77,9,-87,WPA2_PSK
2026-03-19 21:58:25,19.5084686,-99.1268997,INFINITUM8BDA,00:5F:67:74:48:B8,6,-88,WPA2_PSK
2026-03-19 21:58:25,19.5084686,-99.1268997,Invitados Cinves,6E:FF:7B:32:CA:42,6,-88,OPEN
2026-03-19 21:58:25,19.5084686,-99.1268997,MC19474,30:3D:51:11:11:EA,7,-88,WPA_WPA2_PSK
2026-03-19 21:58:25,19.5084686,-99.1268997,Cinves-WiFi,14:EB:B6:65:63:9E,1,-89,WPA_WPA2_PSK
2026-03-19 21:58:25,19.5084686,-99.1268997,Invitados Cinves,5A:AF:97:CA:02:F4,1,-89,OPEN
2026-03-19 21:58:25,19.5084686,-99.1268997,Club_Totalplay_WiFi,A2:31:DB:54:81:C7,3,-89,OPEN
2026-03-19 21:58:25,19.5084686,-99.1268997,IZZI-E489,98:39:10:83:E4:8E,1,-90,WPA2_PSK
2026-03-19 21:58:25,19.5084686,-99.1268997,hw_manage_fit_9cd0,60:A6:C5:2F:9C:DB,1,-90,OPEN
2026-03-19 21:58:25,19.5084686,-99.1268997,SALONES ALVI_2.4G,6C:E8:74:60:A4:94,7,-90,WPA_WPA2_PSK
2026-03-19 21:58:25,19.5084686,-99.1268997,LDPTPWF01,3A:60:F9:E5:83:76,6,-91,WPA2_PSK
2026-03-19 21:58:25,19.5084686,-99.1268997,Club_Totalplay_WiFi,6C:E8:74:60:A4:97,7,-91,OPEN
2026-03-19 21:58:41,19.5084686,-99.1268997,CGSTIC-WiFi-Cel,E2:8F:71:3A:34:34,2,-70,WPA2_PSK
2026-03-19 21:58:41,19.5084686,-99.1268997,,8A:15:04:58:0F:BF,6,-74,WEP
2026-03-19 21:58:41,19.5084686,-99.1268997,,F2:4B:8A:FC:13:1A,1,-75,UNKNOWN
2026-03-19 21:58:41,19.5084686,-99.1268997,IZZI-E3DD,F0:4B:8A:FC:13:6A,1,-75,WPA2_PSK
2026-03-19 21:58:41,19.5084686,-99.1268997,Club_Totalplay_WiFi,E6:82:10:61:2E:CF,11,-75,OPEN
2026-03-19 21:58:41,19.5084686,-99.1268997,Cinves-WiFi,60:A4:B7:C8:AA:BC,1,-77,WPA_WPA2_PSK
2026-03-19 21:58:41,19.5084686,-99.1268997,infinitum movil,8A:15:04:58:0F:B0,6,-78,OPEN
2026-03-19 21:58:41,19.5084686,-99.1268997,,E6:82:10:61:2E:CE,11,-78,WPA2_PSK
2026-03-19 21:58:41,19.5084686,-99.1268997,WFCDECONTROL,0C:80:63:75:2F:D3,11,-78,WPA_WPA2_PSK
2026-03-19 21:58:41,19.5084686,-99.1268997,INFINITUMC357,12:55:E4:1B:26:ED,1,-79,WPA2_PSK
2026-03-19 21:58:41,19.5084686,-99.1268997,Totalplay-4CB2,E6:82:10:61:2E:CC,11,-79,WPA2_PSK
2026-03-19 21:58:41,19.5084686,-99.1268997,Cinves-WiFi,14:EB:B6:65:63:9E,1,-81,WPA_WPA2_PSK
2026-03-19 21:58:41,19.5084686,-99.1268997,MC19474,30:3D:51:11:11:EA,7,-82,WPA_WPA2_PSK
2026-03-19 21:58:41,19.5084686,-99.1268997,,D2:B0:24:6E:0C:79,9,-83,WPA2_PSK
2026-03-19 21:58:41,19.5084686,-99.1268997,Invitados Cinves,66:A4:B7:C8:AA:B6,11,-83,OPEN
2026-03-19 21:58:41,19.5084686,-99.1268997,Cinves-WiFi,60:A4:B7:C8:AA:B6,11,-83,WPA_WPA2_PSK
2026-03-19 21:58:41,19.5084686,-99.1268997,LBS-3 Cinvestav,DC:62:79:32:D0:56,4,-84,WPA2_PSK
2026-03-19 21:58:41,19.5084686,-99.1268997,Club_Totalplay_WiFi,A2:31:DB:54:81:C7,3,-85,OPEN
2026-03-19 21:58:41,19.5084686,-99.1268997,,E2:62:79:32:D0:56,4,-85,WPA2_PSK
2026-03-19 21:58:41,19.5084686,-99.1268997,R_MC5423,34:0A:9A:31:22:41,7,-85,WPA_WPA2_PSK
2026-03-19 21:58:41,19.5084686,-99.1268997,MC19387,30:3D:51:11:12:B3,7,-85,WPA_WPA2_PSK
2026-03-19 21:58:41,19.5084686,-99.1268997,Steren COM-780_35110,08:97:58:3A:5F:2C,10,-85,WPA2_PSK
2026-03-19 21:58:41,19.5084686,-99.1268997,INFINITUM8BDA,00:5F:67:74:48:B8,6,-86,WPA2_PSK
2026-03-19 21:58:41,19.5084686,-99.1268997,INFINITUM3532,D4:01:45:3D:A6:80,11,-86,WPA2_PSK
2026-03-19 21:58:41,19.5084686,-99.1268997,,A2:31:DB:54:81:C6,3,-87,WPA2_PSK
2026-03-19 21:58:41,19.5084686,-99.1268997,IZZI-DF2F,A4:98:13:7A:F6:8A,6,-87,WPA2_PSK
2026-03-19 21:58:41,19.5084686,-99.1268997,,A6:98:13:2A:F6:8A,6,-87,UNKNOWN
2026-03-19 21:58:41,19.5084686,-99.1268997,linksys,00:1A:70:67:AF:CA,11,-87,WPA2_PSK
2026-03-19 21:58:41,19.5084686,-99.1268997,Invitados Cinves,6E:FF:7B:32:CA:42,6,-88,OPEN
2026-03-19 21:58:41,19.5084686,-99.1268997,Megacable_2.4G_3530,34:36:54:9C:35:30,9,-88,WPA_WPA2_PSK
2026-03-19 21:58:41,19.5084686,-99.1268997,WIFIBRG001300487f4dIPC080,3A:54:F5:BD:77:4D,11,-89,WPA2_PSK
2026-03-19 21:58:41,19.5084686,-99.1268997,,00:4E:35:01:B6:82,1,-90,WPA2_PSK
2026-03-19 21:58:41,19.5084686,-99.1268997,IZZI-CE74,D4:E2:CB:61:CE:78,1,-90,WPA2_PSK
2026-03-19 21:58:41,19.5084686,-99.1268997,,14:EB:08:9F:61:B2,11,-90,WPA2_PSK
2026-03-19 21:58:41,19.5084686,-99.1268997,Megacable_2.4G_EA92,08:F6:06:C4:EA:92,3,-93,WPA_WPA2_PSK
2026-03-19 21:58:57,19.5084686,-99.1268997,Totalplay-4CB2,E6:82:10:61:2E:CC,11,-73,WPA2_PSK
2026-03-19 21:58:57,19.5084686,-99.1268997,Club_Totalplay_WiFi,E6:82:10:61:2E:CF,11,-73,OPEN
2026-03-19 21:58:57,19.5084686,-99.1268997,,F2:4B:8A:FC:13:1A,1,-74,UNKNOWN
2026-03-19 21:58:57,19.5084686,-99.1268997,,E6:82:10:61:2E:CE,11,-74,WPA2_PSK
2026-03-19 21:58:57,19.5084686,-99.1268997,Cinves-WiFi,60:A4:B7:C8:AA:BC,1,-78,WPA_WPA2_PSK
2026-03-19 21:58:57,19.5084686,-99.1268997,infinitum movil,8A:15:04:58:0F:B0,6,-79,OPEN
2026-03-19 21:58:57,19.5084686,-99.1268997,,8A:15:04:58:0F:BF,6,-79,WEP
2026-03-19 21:58:57,19.5084686,-99.1268997,INFINITUMC357,12:55:E4:1B:26:ED,1,-80,WPA2_PSK
2026-03-19 21:58:57,19.5084686,-99.1268997,Lichis truck,CE:22:26:51:D9:2A,6,-81,WPA2_PSK
2026-03-19 21:58:57,19.5084686,-99.1268997,IZZI-E3DD,F0:4B:8A:FC:13:6A,1,-82,WPA2_PSK
2026-03-19 21:58:57,19.5084686,-99.1268997,WFCDECONTROL,0C:80:63:75:2F:D3,11,-82,WPA_WPA2_PSK
2026-03-19 21:58:57,19.5084686,-99.1268997,INFINITUM8BDA,00:5F:67:74:48:B8,6,-83,WPA2_PSK
2026-03-19 21:58:57,19.5084686,-99.1268997,Invitados Cinves,66:A4:B7:C8:AA:B6,11,-84,OPEN
2026-03-19 21:58:57,19.5084686,-99.1268997,omni,52:0F:F5:7F:A2:91,6,-85,WPA_WPA2_PSK
2026-03-19 21:58:57,19.5084686,-99.1268997,,8A:71:B1:2E:D9:E2,6,-85,UNKNOWN
2026-03-19 21:58:57,19.5084686,-99.1268997,MC19474,30:3D:51:11:11:EA,7,-85,WPA_WPA2_PSK
2026-03-19 21:58:57,19.5084686,-99.1268997,,AE:42:A1:7C:B8:AA,5,-86,WPA2_PSK
2026-03-19 21:58:57,19.5084686,-99.1268997,LBS-3 Cinvestav,DC:62:79:32:D0:56,4,-87,WPA2_PSK
2026-03-19 21:58:57,19.5084686,-99.1268997,IZZI-DF2F,A4:98:13:7A:F6:8A,6,-87,WPA2_PSK
2026-03-19 21:58:57,19.5084686,-99.1268997,R_MC5423,34:0A:9A:31:22:41,7,-87,WPA_WPA2_PSK
2026-03-19 21:58:57,19.5084686,-99.1268997,IZZI-CE74,D4:E2:CB:61:CE:78,1,-88,WPA2_PSK
2026-03-19 21:58:57,19.5084686,-99.1268997,,66:DB:F7:C3:1C:59,10,-89,WPA2_PSK
2026-03-19 21:58:57,19.5084686,-99.1268997,WIFIBRG001300487f4dIPC080,3A:54:F5:BD:77:4D,11,-89,WPA2_PSK
2026-03-19 21:58:57,19.5084686,-99.1268997,INFINITUM2849,50:02:38:2A:38:79,8,-92,WPA2_PSK
2026-03-19 21:58:57,19.5084686,-99.1268997,Megacable_2.4G_3530,34:36:54:9C:35:30,9,-92,WPA_WPA2_PSK
2026-03-19 21:59:13,19.5084686,-99.1268997,Samsara,FC:DB:21:04:31:24,6,-72,WPA2_PSK
2026-03-19 21:59:13,19.5084686,-99.1268997,Totalplay-4CB2,E6:82:10:61:2E:CC,11,-72,WPA2_PSK
2026-03-19 21:59:13,19.5084686,-99.1268997,,E6:82:10:61:2E:CE,11,-72,WPA2_PSK
2026-03-19 21:59:13,19.5084686,-99.1268997,,F2:4B:8A:FC:13:1A,1,-74,UNKNOWN
2026-03-19 21:59:13,19.5084686,-99.1268997,Club_Totalplay_WiFi,E6:82:10:61:2E:CF,11,-74,OPEN
2026-03-19 21:59:13,19.5084686,-99.1268997,IZZI-E3DD,F0:4B:8A:FC:13:6A,1,-75,WPA2_PSK
2026-03-19 21:59:13,19.5084686,-99.1268997,,8A:15:04:58:0F:BF,6,-75,WEP
2026-03-19 21:59:13,19.5084686,-99.1268997,INFINITUMC357,12:55:E4:1B:26:ED,1,-78,WPA2_PSK
2026-03-19 21:59:13,19.5084686,-99.1268997,Cinves-WiFi,60:A4:B7:C8:AA:BC,1,-78,WPA_WPA2_PSK
2026-03-19 21:59:13,19.5084686,-99.1268997,CGSTIC-WiFi-Cel,E2:8F:71:3A:34:34,2,-79,WPA2_PSK
2026-03-19 21:59:13,19.5084686,-99.1268997,infinitum movil,8A:15:04:58:0F:B0,6,-80,OPEN
2026-03-19 21:59:13,19.5084686,-99.1268997,Tenda_0211D0,58:D9:D5:02:11:D1,3,-83,WPA_WPA2_PSK
2026-03-19 21:59:13,19.5084686,-99.1268997,IZZI-DF34,88:71:B1:7E:D9:E2,6,-83,WPA2_PSK
2026-03-19 21:59:13,19.5084686,-99.1268997,MC19474,30:3D:51:11:11:EA,7,-84,WPA_WPA2_PSK
2026-03-19 21:59:13,19.5084686,-99.1268997,,8A:71:B1:2E:D9:E2,6,-85,UNKNOWN
2026-03-19 21:59:13,19.5084686,-99.1268997,,E2:62:79:32:D0:56,4,-86,WPA2_PSK
2026-03-19 21:59:13,19.5084686,-99.1268997,,A6:98:13:2A:F6:8A,6,-87,UNKNOWN
2026-03-19 21:59:13,19.5084686,-99.1268997,Club_Totalplay_WiFi,A2:31:DB:54:81:C7,3,-88,OPEN
2026-03-19 21:59:13,19.5084686,-99.1268997,,AE:42:A1:7C:B8:AA,5,-88,WPA2_PSK
2026-03-19 21:59:13,19.5084686,-99.1268997,LDPTPWF01,3A:60:F9:E5:83:76,6,-89,WPA2_PSK
2026-03-19 21:59:13,19.5084686,-99.1268997,Club_Totalplay_WiFi,6C:E8:74:5A:B7:23,8,-89,OPEN
2026-03-19 21:59:13,19.5084686,-99.1268997,Mega_2.4G_3922,48:96:D9:7E:39:22,4,-91,WPA_WPA2_PSK
2026-03-19 21:59:29,19.5084686,-99.1268997,CGSTIC-WiFi-Cel,E2:8F:71:3A:34:34,2,-71,WPA2_PSK
2026-03-19 21:59:29,19.5084686,-99.1268997,,8A:15:04:58:0F:BF,6,-73,WEP
2026-03-19 21:59:29,19.5084686,-99.1268997,,E6:82:10:61:2E:CE,11,-75,WPA2_PSK
2026-03-19 21:59:29,19.5084686,-99.1268997,Totalplay-4CB2,E6:82:10:61:2E:CC,11,-76,WPA2_PSK
2026-03-19 21:59:29,19.5084686,-99.1268997,Club_Totalplay_WiFi,E6:82:10:61:2E:CF,11,-76,OPEN
2026-03-19 21:59:29,19.5084686,-99.1268997,infinitum movil,8A:15:04:58:0F:B0,6,-77,OPEN
2026-03-19 21:59:29,19.5084686,-99.1268997,INFINITUMC357,12:55:E4:1B:26:ED,1,-78,WPA2_PSK
2026-03-19 21:59:29,19.5084686,-99.1268997,Cinves-WiFi,60:A4:B7:C8:AA:B6,11,-83,WPA_WPA2_PSK
2026-03-19 21:59:29,19.5084686,-99.1268997,,8A:71:B1:2E:D9:E2,6,-84,UNKNOWN
2026-03-19 21:59:29,19.5084686,-99.1268997,INFINITUM8BDA,00:5F:67:74:48:B8,6,-84,WPA2_PSK
2026-03-19 21:59:29,19.5084686,-99.1268997,IZZI-DF34,88:71:B1:7E:D9:E2,6,-85,WPA2_PSK
2026-03-19 21:59:29,19.5084686,-99.1268997,R_MC5423,34:0A:9A:31:22:41,7,-85,WPA_WPA2_PSK
2026-03-19 21:59:29,19.5084686,-99.1268997,Tenda_0211D0,58:D9:D5:02:11:D1,3,-87,WPA_WPA2_PSK
2026-03-19 21:59:29,19.5084686,-99.1268997,LBS-3 Cinvestav,DC:62:79:32:D0:56,4,-87,WPA2_PSK
2026-03-19 21:59:29,19.5084686,-99.1268997,Cinves-WiFi,34:60:F9:E5:83:76,6,-87,WPA_WPA2_PSK
2026-03-19 21:59:29,19.5084686,-99.1268997,MC19474,30:3D:51:11:11:EA,7,-87,WPA_WPA2_PSK
2026-03-19 21:59:29,19.5084686,-99.1268997,,A6:98:13:2A:F6:8A,6,-88,UNKNOWN
2026-03-19 21:59:29,19.5084686,-99.1268997,linksys,00:1A:70:67:AF:CA,11,-88,WPA2_PSK
2026-03-19 21:59:29,19.5084686,-99.1268997,Mega_2.4G_5AAE,48:96:D9:24:5A:AE,3,-89,WPA_WPA2_PSK
2026-03-19 21:59:29,19.5084686,-99.1268997,INFINITUM2746,A8:E8:1E:E6:5A:80,8,-91,WPA2_PSK
2026-03-19 21:59:29,19.5084686,-99.1268997,Megacable_2.4G_3530,34:36:54:9C:35:30,9,-91,WPA_WPA2_PSK
2026-03-19 21:59:29,19.5084686,-99.1268997,INFINITUM2849,50:02:38:2A:38:79,8,-92,WPA2_PSK
2026-03-19 21:59:29,19.5084686,-99.1268997,,00:4E:35:01:B6:82,1,-94,WPA2_PSK
2026-03-19 21:59:45,19.5084686,-99.1268997,Totalplay-4CB2,E6:82:10:61:2E:CC,11,-68,WPA2_PSK
2026-03-19 21:59:45,19.5084686,-99.1268997,Club_Totalplay_WiFi,E6:82:10:61:2E:CF,11,-68,OPEN
2026-03-19 21:59:45,19.5084686,-99.1268997,,E6:82:10:61:2E:CE,11,-68,WPA2_PSK
2026-03-19 21:59:45,19.5084686,-99.1268997,CGSTIC-WiFi-Cel,E2:8F:71:3A:34:34,2,-72,WPA2_PSK
2026-03-19 21:59:45,19.5084686,-99.1268997,,F2:4B:8A:FC:13:1A,1,-77,UNKNOWN
2026-03-19 21:59:45,19.5084686,-99.1268997,Cinves-WiFi,60:A4:B7:C8:AA:BC,1,-77,WPA_WPA2_PSK
2026-03-19 21:59:45,19.5084686,-99.1268997,IZZI-E3DD,F0:4B:8A:FC:13:6A,1,-78,WPA2_PSK
2026-03-19 21:59:45,19.5084686,-99.1268997,INFINITUMC357,12:55:E4:1B:26:ED,1,-81,WPA2_PSK
2026-03-19 21:59:45,19.5084686,-99.1268997,MC19474,30:3D:51:11:11:EA,7,-82,WPA_WPA2_PSK
2026-03-19 21:59:45,19.5084686,-99.1268997,WFCDECONTROL,0C:80:63:75:2F:D3,11,-82,WPA_WPA2_PSK
2026-03-19 21:59:45,19.5084686,-99.1268997,LDPTPWF01,3A:60:F9:E5:83:76,6,-83,WPA2_PSK
2026-03-19 21:59:45,19.5084686,-99.1268997,LBS-3 Cinvestav,DC:62:79:32:D0:56,4,-84,WPA2_PSK
2026-03-19 21:59:45,19.5084686,-99.1268997,IZZI-DF34,88:71:B1:7E:D9:E2,6,-85,WPA2_PSK
2026-03-19 21:59:45,19.5084686,-99.1268997,MC19387,30:3D:51:11:12:B3,7,-85,WPA_WPA2_PSK
2026-03-19 21:59:45,19.5084686,-99.1268997,Tenda_0211D0,58:D9:D5:02:11:D1,3,-87,WPA_WPA2_PSK
2026-03-19 21:59:45,19.5084686,-99.1268997,INFINITUM8BDA,00:5F:67:74:48:B8,6,-87,WPA2_PSK
2026-03-19 21:59:45,19.5084686,-99.1268997,Megacable_2.4G_3530,34:36:54:9C:35:30,9,-88,WPA_WPA2_PSK
2026-03-19 21:59:45,19.5084686,-99.1268997,Cinves-WiFi,68:FF:7B:32:CA:42,6,-89,WPA_WPA2_PSK
2026-03-19 21:59:45,19.5084686,-99.1268997,linksys,00:1A:70:67:AF:CA,11,-90,WPA2_PSK
2026-03-19 22:00:01,19.5084686,-99.1268997,CGSTIC-WiFi-Cel,E2:8F:71:3A:34:34,2,-72,WPA2_PSK
2026-03-19 22:00:01,19.5084686,-99.1268997,IZZI-E3DD,F0:4B:8A:FC:13:6A,1,-73,WPA2_PSK
2026-03-19 22:00:01,19.5084686,-99.1268997,,F2:4B:8A:FC:13:1A,1,-73,UNKNOWN
2026-03-19 22:00:01,19.5084686,-99.1268997,,8A:15:04:58:0F:BF,6,-77,WEP
2026-03-19 22:00:01,19.5084686,-99.1268997,infinitum movil,8A:15:04:58:0F:B0,6,-79,OPEN
2026-03-19 22:00:01,19.5084686,-99.1268997,Cinves-WiFi,60:A4:B7:C8:AA:BC,1,-80,WPA_WPA2_PSK
2026-03-19 22:00:01,19.5084686,-99.1268997,INFINITUMC357,12:55:E4:1B:26:ED,1,-80,WPA2_PSK
2026-03-19 22:00:01,19.5084686,-99.1268997,WFCDECONTROL,0C:80:63:75:2F:D3,11,-80,WPA_WPA2_PSK
2026-03-19 22:00:01,19.5084686,-99.1268997,,E6:82:10:61:2E:CE,11,-80,WPA2_PSK
2026-03-19 22:00:01,19.5084686,-99.1268997,Club_Totalplay_WiFi,E6:82:10:61:2E:CF,11,-80,OPEN
2026-03-19 22:00:01,19.5084686,-99.1268997,,A6:98:13:2A:F6:8A,6,-81,UNKNOWN
2026-03-19 22:00:01,19.5084686,-99.1268997,IZZI-DF2F,A4:98:13:7A:F6:8A,6,-83,WPA2_PSK
2026-03-19 22:00:01,19.5084686,-99.1268997,R_MC5423,34:0A:9A:31:22:41,7,-83,WPA_WPA2_PSK
2026-03-19 22:00:01,19.5084686,-99.1268997,Invitados Cinves,66:A4:B7:C8:AA:B6,11,-85,OPEN
2026-03-19 22:00:01,19.5084686,-99.1268997,DIRECT-40-HP M254 LaserJet,42:23:43:4E:08:40,6,-86,WPA2_PSK
2026-03-19 22:00:01,19.5084686,-99.1268997,Tenda_0211D0,58:D9:D5:02:11:D1,3,-87,WPA_WPA2_PSK
2026-03-19 22:00:01,19.5084686,-99.1268997,MC19387,30:3D:51:11:12:B3,7,-87,WPA_WPA2_PSK
2026-03-19 22:00:01,19.5084686,-99.1268997,linksys,00:1A:70:67:AF:CA,11,-87,WPA2_PSK
2026-03-19 22:00:01,19.5084686,-99.1268997,moto g85 5G_3148,4A:AD:5D:6C:90:B2,4,-88,WPA2_WPA3_PSK
2026-03-19 22:00:01,19.5084686,-99.1268997,IZZI-CE74,D4:E2:CB:61:CE:78,1,-90,WPA2_PSK
2026-03-19 22:00:01,19.5084686,-99.1268997,,E2:62:79:32:D0:56,4,-90,WPA2_PSK
2026-03-19 22:00:17,19.5084686,-99.1268997,Totalplay-4CB2,E6:82:10:61:2E:CC,11,-64,WPA2_PSK
2026-03-19 22:00:17,19.5084686,-99.1268997,,E6:82:10:61:2E:CE,11,-65,WPA2_PSK
2026-03-19 22:00:17,19.5084686,-99.1268997,Club_Totalplay_WiFi,E6:82:10:61:2E:CF,11,-65,OPEN
2026-03-19 22:00:17,19.5084686,-99.1268997,CGSTIC-WiFi-Cel,E2:8F:71:3A:34:34,2,-72,WPA2_PSK
2026-03-19 22:00:17,19.5084686,-99.1268997,IZZI-E3DD,F0:4B:8A:FC:13:6A,1,-75,WPA2_PSK
2026-03-19 22:00:17,19.5084686,-99.1268997,,F2:4B:8A:FC:13:1A,1,-76,UNKNOWN
2026-03-19 22:00:17,19.5084686,-99.1268997,INFINITUMC357,12:55:E4:1B:26:ED,1,-78,WPA2_PSK
2026-03-19 22:00:17,19.5084686,-99.1268997,Cinves-WiFi,60:A4:B7:C8:AA:BC,1,-78,WPA_WPA2_PSK
2026-03-19 22:00:17,19.5084686,-99.1268997,infinitum movil,8A:15:04:58:0F:B0,6,-78,OPEN
2026-03-19 22:00:17,19.5084686,-99.1268997,INFINITUM8BDA,00:5F:67:74:48:B8,6,-83,WPA2_PSK
2026-03-19 22:00:17,19.5084686,-99.1268997,,A6:98:13:2A:F6:8A,6,-83,UNKNOWN
2026-03-19 22:00:17,19.5084686,-99.1268997,,E2:62:79:32:D0:56,4,-84,WPA2_PSK
2026-03-19 22:00:17,19.5084686,-99.1268997,Cinves-WiFi,34:60:F9:E5:83:76,6,-84,WPA_WPA2_PSK
2026-03-19 22:00:17,19.5084686,-99.1268997,LDPTPWF01,3A:60:F9:E5:83:76,6,-84,WPA2_PSK
2026-03-19 22:00:17,19.5084686,-99.1268997,LBS-3 Cinvestav,DC:62:79:32:D0:56,4,-85,WPA2_PSK
2026-03-19 22:00:17,19.5084686,-99.1268997,Totalplay-7CB1,A2:31:DB:54:81:C4,3,-86,WPA2_PSK
2026-03-19 22:00:17,19.5084686,-99.1268997,R_MC5423,34:0A:9A:31:22:41,7,-87,WPA_WPA2_PSK
2026-03-19 22:00:17,19.5084686,-99.1268997,,A2:31:DB:54:81:C6,3,-88,WPA2_PSK
2026-03-19 22:00:17,19.5084686,-99.1268997,,AE:42:A1:7C:B8:AA,5,-88,WPA2_PSK
2026-03-19 22:00:17,19.5084686,-99.1268997,MC19474,30:3D:51:11:11:EA,7,-88,WPA_WPA2_PSK
2026-03-19 22:00:17,19.5084686,-99.1268997,linksys,00:1A:70:67:AF:CA,11,-88,WPA2_PSK
2026-03-19 22:00:17,19.5084686,-99.1268997,ALTOS 1 ,A8:42:A1:7C:B8:A6,5,-89,WPA2_PSK
2026-03-19 22:00:17,19.5084686,-99.1268997,,AE:42:A1:7C:B8:A6,5,-90,WPA2_PSK
2026-03-19 22:00:17,19.5084686,-99.1268997,HUAWEI-3L4N4J_HiLink-2G-EXT,A0:3E:8C:CF:99:00,1,-91,WPA2_PSK
2026-03-19 22:00:33,19.5084686,-99.1268997,Club_Totalplay_WiFi,E6:82:10:61:2E:CF,11,-68,OPEN
2026-03-19 22:00:33,19.5084686,-99.1268997,Totalplay-4CB2,E6:82:10:61:2E:CC,11,-68,WPA2_PSK
2026-03-19 22:00:33,19.5084686,-99.1268997,,E6:82:10:61:2E:CE,11,-69,WPA2_PSK
2026-03-19 22:00:33,19.5084686,-99.1268997,CGSTIC-WiFi-Cel,E2:8F:71:3A:34:34,2,-71,WPA2_PSK
2026-03-19 22:00:33,19.5084686,-99.1268997,INFINITUMC357,12:55:E4:1B:26:ED,1,-74,WPA2_PSK
2026-03-19 22:00:33,19.5084686,-99.1268997,Invitados Cinves,66:A4:B7:C8:AA:BC,1,-75,OPEN
2026-03-19 22:00:33,19.5084686,-99.1268997,IZZI-E3DD,F0:4B:8A:FC:13:6A,1,-76,WPA2_PSK
2026-03-19 22:00:33,19.5084686,-99.1268997,IZZI-DF2F,A4:98:13:7A:F6:8A,6,-78,WPA2_PSK
2026-03-19 22:00:33,19.5084686,-99.1268997,infinitum movil,8A:15:04:58:0F:B0,6,-80,OPEN
2026-03-19 22:00:33,19.5084686,-99.1268997,Invitados Cinves,66:A4:B7:C8:AA:B6,11,-80,OPEN
2026-03-19 22:00:33,19.5084686,-99.1268997,R_MC5423,34:0A:9A:31:22:41,7,-81,WPA_WPA2_PSK
2026-03-19 22:00:33,19.5084686,-99.1268997,omni,52:0F:F5:7F:A2:91,6,-82,WPA_WPA2_PSK
2026-03-19 22:00:33,19.5084686,-99.1268997,,E2:62:79:32:D0:56,4,-83,WPA2_PSK
2026-03-19 22:00:33,19.5084686,-99.1268997,INFINITUM8BDA,00:5F:67:74:48:B8,6,-84,WPA2_PSK
2026-03-19 22:00:33,19.5084686,-99.1268997,Tenda_0211D0,58:D9:D5:02:11:D1,3,-85,WPA_WPA2_PSK
2026-03-19 22:00:33,19.5084686,-99.1268997,LBS-3 Cinvestav,DC:62:79:32:D0:56,4,-86,WPA2_PSK
2026-03-19 22:00:33,19.5084686,-99.1268997,ALTOS 1 ,A8:42:A1:7C:B8:A6,5,-86,WPA2_PSK
2026-03-19 22:00:33,19.5084686,-99.1268997,ALTOS 1 _EXT,40:AE:30:DF:07:AB,5,-86,WPA2_PSK
2026-03-19 22:00:33,19.5084686,-99.1268997,linksys,00:1A:70:67:AF:CA,11,-87,WPA2_PSK
2026-03-19 22:00:33,19.5084686,-99.1268997,IZZI-CE74,D4:E2:CB:61:CE:78,1,-88,WPA2_PSK
2026-03-19 22:00:33,19.5084686,-99.1268997,STARLINK,DA:EE:C2:27:55:5B,1,-88,OPEN
2026-03-19 22:00:33,19.5084686,-99.1268997,LEDnet00086189F8,B4:E8:42:61:89:F8,1,-89,OPEN
2026-03-19 22:00:33,19.5084686,-99.1268997,Club_Totalplay_WiFi,A2:31:DB:54:81:C7,3,-90,OPEN
2026-03-19 22:00:33,19.5084686,-99.1268997,Totalplay-7CB1,A2:31:DB:54:81:C4,3,-90,WPA2_PSK
2026-03-19 22:00:33,19.5084686,-99.1268997,iCinvestav,00:20:A6:B4:31:5D,1,-91,UNKNOWN
2026-03-19 22:00:33,19.5084686,-99.1268997,Mega_2.4G_3922,48:96:D9:7E:39:22,4,-91,WPA_WPA2_PSK
2026-03-19 22:00:49,19.5084686,-99.1268997,,F2:4B:8A:FC:13:1A,1,-74,UNKNOWN
2026-03-19 22:00:49,19.5084686,-99.1268997,IZZI-E3DD,F0:4B:8A:FC:13:6A,1,-74,WPA2_PSK
2026-03-19 22:00:49,19.5084686,-99.1268997,,E6:82:10:61:2E:CE,11,-74,WPA2_PSK
2026-03-19 22:00:49,19.5084686,-99.1268997,Totalplay-4CB2,E6:82:10:61:2E:CC,11,-75,WPA2_PSK
2026-03-19 22:00:49,19.5084686,-99.1268997,INFINITUMC357,12:55:E4:1B:26:ED,1,-77,WPA2_PSK
2026-03-19 22:00:49,19.5084686,-99.1268997,CGSTIC-WiFi-Cel,E2:8F:71:3A:34:34,2,-77,WPA2_PSK
2026-03-19 22:00:49,19.5084686,-99.1268997,Club_Totalplay_WiFi,E6:82:10:61:2E:CF,11,-77,OPEN
2026-03-19 22:00:49,19.5084686,-99.1268997,Cinves-WiFi,60:A4:B7:C8:AA:BC,1,-80,WPA_WPA2_PSK
2026-03-19 22:00:49,19.5084686,-99.1268997,Invitados Cinves,66:A4:B7:C8:AA:BC,1,-81,OPEN
2026-03-19 22:00:49,19.5084686,-99.1268997,infinitum movil,8A:15:04:58:0F:B0,6,-81,OPEN
2026-03-19 22:00:49,19.5084686,-99.1268997,,8A:15:04:58:0F:BF,6,-81,WEP
2026-03-19 22:00:49,19.5084686,-99.1268997,WFCDECONTROL,0C:80:63:75:2F:D3,11,-82,WPA_WPA2_PSK
2026-03-19 22:00:49,19.5084686,-99.1268997,Invitados Cinves,66:A4:B7:C8:AA:B6,11,-84,OPEN
2026-03-19 22:00:49,19.5084686,-99.1268997,Tenda_0211D0,58:D9:D5:02:11:D1,3,-85,WPA_WPA2_PSK
2026-03-19 22:00:49,19.5084686,-99.1268997,LDPTPWF01,3A:60:F9:E5:83:76,6,-85,WPA2_PSK
2026-03-19 22:00:49,19.5084686,-99.1268997,Invitados Cinves,6E:FF:7B:32:CA:42,6,-85,OPEN
2026-03-19 22:00:49,19.5084686,-99.1268997,INFINITUM8BDA,00:5F:67:74:48:B8,6,-85,WPA2_PSK
2026-03-19 22:00:49,19.5084686,-99.1268997,Cinves-WiFi,14:EB:B6:65:63:9E,1,-86,WPA_WPA2_PSK
2026-03-19 22:00:49,19.5084686,-99.1268997,,E2:62:79:32:D0:56,4,-86,WPA2_PSK
2026-03-19 22:00:49,19.5084686,-99.1268997,IZZI-DF2F,A4:98:13:7A:F6:8A,6,-86,WPA2_PSK
2026-03-19 22:00:49,19.5084686,-99.1268997,,A2:31:DB:54:81:C6,3,-87,WPA2_PSK
2026-03-19 22:00:49,19.5084686,-99.1268997,ALTOS 1 ,A8:42:A1:7C:B8:AA,5,-87,WPA2_PSK
2026-03-19 22:00:49,19.5084686,-99.1268997,linksys,00:1A:70:67:AF:CA,11,-87,WPA2_PSK
2026-03-19 22:00:49,19.5084686,-99.1268997,R_MC5423,34:0A:9A:31:22:41,7,-88,WPA_WPA2_PSK
2026-03-19 22:00:49,19.5084686,-99.1268997,Mega_2.4G_3922,48:96:D9:7E:39:22,4,-89,WPA_WPA2_PSK
2026-03-19 22:00:49,19.5084686,-99.1268997,IZZI-CE74,D4:E2:CB:61:CE:78,1,-90,WPA2_PSK
2026-03-19 22:01:05,19.5084686,-99.1268997,Club_Totalplay_WiFi,E6:82:10:61:2E:CF,11,-67,OPEN
2026-03-19 22:01:05,19.5084686,-99.1268997,Totalplay-4CB2,E6:82:10:61:2E:CC,11,-69,WPA2_PSK
2026-03-19 22:01:05,19.5084686,-99.1268997,,E6:82:10:61:2E:CE,11,-69,WPA2_PSK
2026-03-19 22:01:05,19.5084686,-99.1268997,,F2:4B:8A:FC:13:1A,1,-72,UNKNOWN
2026-03-19 22:01:05,19.5084686,-99.1268997,IZZI-E3DD,F0:4B:8A:FC:13:6A,1,-72,WPA2_PSK
2026-03-19 22:01:05,19.5084686,-99.1268997,,8A:15:04:58:0F:BF,6,-76,WEP
2026-03-19 22:01:05,19.5084686,-99.1268997,Invitados Cinves,66:A4:B7:C8:AA:BC,1,-78,OPEN
2026-03-19 22:01:05,19.5084686,-99.1268997,CGSTIC-WiFi-Cel,E2:8F:71:3A:34:34,2,-79,WPA2_PSK
2026-03-19 22:01:05,19.5084686,-99.1268997,infinitum movil,8A:15:04:58:0F:B0,6,-79,OPEN
2026-03-19 22:01:05,19.5084686,-99.1268997,INFINITUMC357,12:55:E4:1B:26:ED,1,-80,WPA2_PSK
2026-03-19 22:01:05,19.5084686,-99.1268997,Cinves-WiFi,60:A4:B7:C8:AA:BC,1,-82,WPA_WPA2_PSK
2026-03-19 22:01:05,19.5084686,-99.1268997,Cinves-WiFi,60:A4:B7:C8:AA:B6,11,-82,WPA_WPA2_PSK
2026-03-19 22:01:05,19.5084686,-99.1268997,Invitados Cinves,66:A4:B7:C8:AA:B6,11,-83,OPEN
2026-03-19 22:01:05,19.5084686,-99.1268997,,E2:62:79:32:D0:56,4,-85,WPA2_PSK
2026-03-19 22:01:05,19.5084686,-99.1268997,MC19474,30:3D:51:11:11:EA,7,-85,WPA_WPA2_PSK
2026-03-19 22:01:05,19.5084686,-99.1268997,R_MC5423,34:0A:9A:31:22:41,7,-85,WPA_WPA2_PSK
2026-03-19 22:01:05,19.5084686,-99.1268997,Cinves-WiFi,14:EB:B6:65:63:9E,1,-86,WPA_WPA2_PSK
2026-03-19 22:01:05,19.5084686,-99.1268997,ALTOS 1 _EXT,40:AE:30:DF:07:AB,5,-86,WPA2_PSK
2026-03-19 22:01:05,19.5084686,-99.1268997,MC19387,30:3D:51:11:12:B3,7,-87,WPA_WPA2_PSK
2026-03-19 22:01:05,19.5084686,-99.1268997,camargo,C0:06:C3:8E:7B:5B,10,-87,WPA2_PSK
2026-03-19 22:01:05,19.5084686,-99.1268997,Invitados Cinves,6E:FF:7B:32:CA:42,6,-88,OPEN
2026-03-19 22:01:05,19.5084686,-99.1268997,,62:06:C3:8E:7B:5D,10,-88,WPA2_PSK
2026-03-19 22:01:05,19.5084686,-99.1268997,linksys,00:1A:70:67:AF:CA,11,-89,WPA2_PSK
2026-03-19 22:01:05,19.5084686,-99.1268997,Redmi A3,D2:15:F8:0E:47:9A,13,-91,WPA2_WPA3_PSK
2026-03-19 22:01:05,19.5084686,-99.1268997,HUAWEI-3L4N4J_HiLink-2G-EXT,A0:3E:8C:CF:99:00,1,-92,WPA2_PSK
2026-03-19 22:01:05,19.5084686,-99.1268997,,14:EB:08:9F:61:B2,11,-93,WPA2_PSK
2026-03-19 22:01:21,19.5084686,-99.1268997,CGSTIC-WiFi-Cel,E2:8F:71:3A:34:34,2,-71,WPA2_PSK
2026-03-19 22:01:21,19.5084686,-99.1268997,,8A:15:04:58:0F:BF,6,-73,WEP
2026-03-19 22:01:21,19.5084686,-99.1268997,IZZI-E3DD,F0:4B:8A:FC:13:6A,1,-74,WPA2_PSK
2026-03-19 22:01:21,19.5084686,-99.1268997,Totalplay-4CB2,E6:82:10:61:2E:CC,11,-74,WPA2_PSK
2026-03-19 22:01:21,19.5084686,-99.1268997,,F2:4B:8A:FC:13:1A,1,-75,UNKNOWN
2026-03-19 22:01:21,19.5084686,-99.1268997,infinitum movil,8A:15:04:58:0F:B0,6,-77,OPEN
2026-03-19 22:01:21,19.5084686,-99.1268997,Club_Totalplay_WiFi,E6:82:10:61:2E:CF,11,-77,OPEN
2026-03-19 22:01:21,19.5084686,-99.1268997,Cinves-WiFi,60:A4:B7:C8:AA:BC,1,-80,WPA_WPA2_PSK
2026-03-19 22:01:21,19.5084686,-99.1268997,,A6:98:13:2A:F6:8A,6,-80,UNKNOWN
2026-03-19 22:01:21,19.5084686,-99.1268997,,E6:82:10:61:2E:CE,11,-82,WPA2_PSK
2026-03-19 22:01:21,19.5084686,-99.1268997,Redmi A3,D2:15:F8:0E:47:9A,13,-83,WPA2_WPA3_PSK
2026-03-19 22:01:21,19.5084686,-99.1268997,LBS-3 Cinvestav,DC:62:79:32:D0:56,4,-85,WPA2_PSK
2026-03-19 22:01:21,19.5084686,-99.1268997,,AE:42:A1:7C:B8:AA,5,-85,WPA2_PSK
2026-03-19 22:01:21,19.5084686,-99.1268997,MC19387,30:3D:51:11:12:B3,7,-85,WPA_WPA2_PSK
2026-03-19 22:01:21,19.5084686,-99.1268997,,DE:92:72:21:8D:CF,1,-87,UNKNOWN
2026-03-19 22:01:21,19.5084686,-99.1268997,R_MC5423,34:0A:9A:31:22:41,7,-88,WPA_WPA2_PSK
2026-03-19 22:01:21,19.5084686,-99.1268997,IZZI-8CC8,DC:92:72:21:8C:CD,1,-89,WPA2_PSK
2026-03-19 22:01:21,19.5084686,-99.1268997,linksys,00:1A:70:67:AF:CA,11,-89,WPA2_PSK
2026-03-19 22:01:21,19.5084686,-99.1268997,,66:DB:F7:C3:1C:59,10,-92,WPA2_PSK
2026-03-19 22:01:37,19.5084686,-99.1268997,CGSTIC-WiFi-Cel,E2:8F:71:3A:34:34,2,-71,WPA2_PSK
2026-03-19 22:01:37,19.5084686,-99.1268997,Totalplay-4CB2,E6:82:10:61:2E:CC,11,-72,WPA2_PSK
2026-03-19 22:01:37,19.5084686,-99.1268997,,E6:82:10:61:2E:CE,11,-72,WPA2_PSK
2026-03-19 22:01:37,19.5084686,-99.1268997,Club_Totalplay_WiFi,E6:82:10:61:2E:CF,11,-73,OPEN
2026-03-19 22:01:37,19.5084686,-99.1268997,,F2:4B:8A:FC:13:1A,1,-74,UNKNOWN
2026-03-19 22:01:37,19.5084686,-99.1268997,,8A:15:04:58:0F:BF,6,-76,WEP
2026-03-19 22:01:37,19.5084686,-99.1268997,infinitum movil,8A:15:04:58:0F:B0,6,-78,OPEN
2026-03-19 22:01:37,19.5084686,-99.1268997,WFCDECONTROL,0C:80:63:75:2F:D3,11,-78,WPA_WPA2_PSK
2026-03-19 22:01:37,19.5084686,-99.1268997,Cinves-WiFi,60:A4:B7:C8:AA:BC,1,-80,WPA_WPA2_PSK
2026-03-19 22:01:37,19.5084686,-99.1268997,INFINITUMC357,12:55:E4:1B:26:ED,1,-81,WPA2_PSK
2026-03-19 22:01:37,19.5084686,-99.1268997,MC19474,30:3D:51:11:11:EA,7,-83,WPA_WPA2_PSK
2026-03-19 22:01:37,19.5084686,-99.1268997,LBS-3 Cinvestav,DC:62:79:32:D0:56,4,-84,WPA2_PSK
2026-03-19 22:01:37,19.5084686,-99.1268997,ALTOS 1 ,A8:42:A1:7C:B8:AA,5,-84,WPA2_PSK
2026-03-19 22:01:37,19.5084686,-99.1268997,R_MC5423,34:0A:9A:31:22:41,7,-85,WPA_WPA2_PSK
2026-03-19 22:01:37,19.5084686,-99.1268997,,8A:71:B1:2E:D9:E2,6,-86,UNKNOWN
2026-03-19 22:01:37,19.5084686,-99.1268997,MC19387,30:3D:51:11:12:B3,7,-86,WPA_WPA2_PSK
2026-03-19 22:01:37,19.5084686,-99.1268997,,E2:62:79:32:D0:56,4,-87,WPA2_PSK
2026-03-19 22:01:37,19.5084686,-99.1268997,Mega_2.4G_3922,48:96:D9:7E:39:22,4,-87,WPA_WPA2_PSK
2026-03-19 22:01:37,19.5084686,-99.1268997,STARLINK,DA:EE:C2:27:55:5B,1,-88,OPEN
2026-03-19 22:01:37,19.5084686,-99.1268997,linksys,00:1A:70:67:AF:CA,11,-89,WPA2_PSK
2026-03-19 22:01:37,19.5084686,-99.1268997,SALONES ALVI_2.4G,6C:E8:74:60:A4:94,7,-91,WPA_WPA2_PSK
2026-03-19 22:01:37,19.5084686,-99.1268997,HUAWEI-3L4N4J_HiLink-2G-EXT,A0:3E:8C:CF:99:00,1,-92,WPA2_PSK
2026-03-19 22:01:53,19.5084686,-99.1268997,CGSTIC-WiFi-Cel,E2:8F:71:3A:34:34,2,-70,WPA2_PSK
2026-03-19 22:01:53,19.5084686,-99.1268997,Totalplay-4CB2,E6:82:10:61:2E:CC,11,-73,WPA2_PSK
2026-03-19 22:01:53,19.5084686,-99.1268997,,F2:4B:8A:FC:13:1A,1,-74,UNKNOWN
2026-03-19 22:01:53,19.5084686,-99.1268997,Club_Totalplay_WiFi,E6:82:10:61:2E:CF,11,-74,OPEN
2026-03-19 22:01:53,19.5084686,-99.1268997,IZZI-E3DD,F0:4B:8A:FC:13:6A,1,-75,WPA2_PSK
2026-03-19 22:01:53,19.5084686,-99.1268997,,8A:15:04:58:0F:BF,6,-75,WEP
2026-03-19 22:01:53,19.5084686,-99.1268997,,E6:82:10:61:2E:CE,11,-75,WPA2_PSK
2026-03-19 22:01:53,19.5084686,-99.1268997,Cinves-WiFi,60:A4:B7:C8:AA:BC,1,-77,WPA_WPA2_PSK
2026-03-19 22:01:53,19.5084686,-99.1268997,infinitum movil,8A:15:04:58:0F:B0,6,-77,OPEN
2026-03-19 22:01:53,19.5084686,-99.1268997,Invitados Cinves,66:A4:B7:C8:AA:BC,1,-78,OPEN
2026-03-19 22:01:53,19.5084686,-99.1268997,WFCDECONTROL,0C:80:63:75:2F:D3,11,-82,WPA_WPA2_PSK
2026-03-19 22:01:53,19.5084686,-99.1268997,Invitados Cinves,66:A4:B7:C8:AA:B6,11,-83,OPEN
2026-03-19 22:01:53,19.5084686,-99.1268997,Cinves-WiFi,60:A4:B7:C8:AA:B6,11,-83,WPA_WPA2_PSK
2026-03-19 22:01:53,19.5084686,-99.1268997,Cinves-WiFi,34:60:F9:E5:83:76,6,-84,WPA_WPA2_PSK
2026-03-19 22:01:53,19.5084686,-99.1268997,R_MC5423,34:0A:9A:31:22:41,7,-84,WPA_WPA2_PSK
2026-03-19 22:01:53,19.5084686,-99.1268997,Club_Totalplay_WiFi,A2:31:DB:54:81:C7,3,-85,OPEN
2026-03-19 22:01:53,19.5084686,-99.1268997,Tenda_0211D0,58:D9:D5:02:11:D1,3,-86,WPA_WPA2_PSK
2026-03-19 22:01:53,19.5084686,-99.1268997,Megacable_2.4G_EA92,08:F6:06:C4:EA:92,3,-86,WPA_WPA2_PSK
2026-03-19 22:01:53,19.5084686,-99.1268997,Cinves-WiFi,68:FF:7B:32:CA:42,6,-87,WPA_WPA2_PSK
2026-03-19 22:01:53,19.5084686,-99.1268997,linksys,00:1A:70:67:AF:CA,11,-87,WPA2_PSK
2026-03-19 22:01:53,19.5084686,-99.1268997,,14:EB:08:9F:61:B2,11,-88,WPA2_PSK
2026-03-19 22:01:53,19.5084686,-99.1268997,omni,52:0F:F5:7F:A2:91,6,-90,WPA_WPA2_PSK
2026-03-19 22:01:53,19.5084686,-99.1268997,Megacable_2.4G_3530,34:36:54:9C:35:30,9,-90,WPA_WPA2_PSK
2026-03-19 22:01:53,19.5084686,-99.1268997,Club_Totalplay_WiFi,6C:E8:74:5A:B7:23,8,-92,OPEN
2026-03-19 22:01:53,19.5084686,-99.1268997,Totalplay-C8AC,14:EB:08:9F:61:B0,11,-93,WPA2_PSK
2026-03-19 22:02:09,19.5084686,-99.1268997,,F2:4B:8A:FC:13:1A,1,-72,UNKNOWN
2026-03-19 22:02:09,19.5084686,-99.1268997,CGSTIC-WiFi-Cel,E2:8F:71:3A:34:34,2,-73,WPA2_PSK
2026-03-19 22:02:09,19.5084686,-99.1268997,,8A:15:04:58:0F:BF,6,-73,WEP
2026-03-19 22:02:09,19.5084686,-99.1268997,Totalplay-4CB2,E6:82:10:61:2E:CC,11,-74,WPA2_PSK
2026-03-19 22:02:09,19.5084686,-99.1268997,,E6:82:10:61:2E:CE,11,-74,WPA2_PSK
2026-03-19 22:02:09,19.5084686,-99.1268997,Club_Totalplay_WiFi,E6:82:10:61:2E:CF,11,-75,OPEN
2026-03-19 22:02:09,19.5084686,-99.1268997,IZZI-E3DD,F0:4B:8A:FC:13:6A,1,-76,WPA2_PSK
2026-03-19 22:02:09,19.5084686,-99.1268997,Cinves-WiFi,60:A4:B7:C8:AA:BC,1,-78,WPA_WPA2_PSK
2026-03-19 22:02:09,19.5084686,-99.1268997,INFINITUMC357,12:55:E4:1B:26:ED,1,-79,WPA2_PSK
2026-03-19 22:02:09,19.5084686,-99.1268997,Invitados Cinves,66:A4:B7:C8:AA:BC,1,-79,OPEN
2026-03-19 22:02:09,19.5084686,-99.1268997,infinitum movil,8A:15:04:58:0F:B0,6,-79,OPEN
2026-03-19 22:02:09,19.5084686,-99.1268997,WFCDECONTROL,0C:80:63:75:2F:D3,11,-82,WPA_WPA2_PSK
2026-03-19 22:02:09,19.5084686,-99.1268997,R_MC5423,34:0A:9A:31:22:41,7,-83,WPA_WPA2_PSK
2026-03-19 22:02:09,19.5084686,-99.1268997,MC19474,30:3D:51:11:11:EA,7,-84,WPA_WPA2_PSK
2026-03-19 22:02:09,19.5084686,-99.1268997,linksys,00:1A:70:67:AF:CA,11,-85,WPA2_PSK
2026-03-19 22:02:09,19.5084686,-99.1268997,,A2:31:DB:54:81:C6,3,-86,WPA2_PSK
2026-03-19 22:02:09,19.5084686,-99.1268997,Club_Totalplay_WiFi,A2:31:DB:54:81:C7,3,-86,OPEN
2026-03-19 22:02:09,19.5084686,-99.1268997,ALTOS 1 ,A8:42:A1:7C:B8:AA,5,-86,WPA2_PSK
2026-03-19 22:02:09,19.5084686,-99.1268997,IZZI-DF2F,A4:98:13:7A:F6:8A,6,-86,WPA2_PSK
2026-03-19 22:02:09,19.5084686,-99.1268997,Mega_2.4G_3922,48:96:D9:7E:39:22,4,-88,WPA_WPA2_PSK
2026-03-19 22:02:09,19.5084686,-99.1268997,LBS-3 Cinvestav,DC:62:79:32:D0:56,4,-89,WPA2_PSK
2026-03-19 22:02:09,19.5084686,-99.1268997,Megacable_2.4G_3530,34:36:54:9C:35:30,9,-90,WPA_WPA2_PSK
2026-03-19 22:02:25,19.5084686,-99.1268997,CGSTIC-WiFi-Cel,E2:8F:71:3A:34:34,2,-71,WPA2_PSK
2026-03-19 22:02:25,19.5084686,-99.1268997,,F2:4B:8A:FC:13:1A,1,-73,UNKNOWN
2026-03-19 22:02:25,19.5084686,-99.1268997,,8A:15:04:58:0F:BF,6,-74,WEP
2026-03-19 22:02:25,19.5084686,-99.1268997,IZZI-E3DD,F0:4B:8A:FC:13:6A,1,-75,WPA2_PSK
2026-03-19 22:02:25,19.5084686,-99.1268997,infinitum movil,8A:15:04:58:0F:B0,6,-75,OPEN
2026-03-19 22:02:25,19.5084686,-99.1268997,Totalplay-4CB2,E6:82:10:61:2E:CC,11,-78,WPA2_PSK
2026-03-19 22:02:25,19.5084686,-99.1268997,Club_Totalplay_WiFi,E6:82:10:61:2E:CF,11,-78,OPEN
2026-03-19 22:02:25,19.5084686,-99.1268997,INFINITUM8BDA,00:5F:67:74:48:B8,6,-79,WPA2_PSK
2026-03-19 22:02:25,19.5084686,-99.1268997,Cinves-WiFi,60:A4:B7:C8:AA:BC,1,-83,WPA_WPA2_PSK
2026-03-19 22:02:25,19.5084686,-99.1268997,Invitados Cinves,66:A4:B7:C8:AA:BC,1,-83,OPEN
2026-03-19 22:02:25,19.5084686,-99.1268997,WFCDECONTROL,0C:80:63:75:2F:D3,11,-83,WPA_WPA2_PSK
2026-03-19 22:02:25,19.5084686,-99.1268997,Cinves-WiFi,60:A4:B7:C8:AA:B6,11,-84,WPA_WPA2_PSK
2026-03-19 22:02:25,19.5084686,-99.1268997,,A2:31:DB:54:81:C6,3,-85,WPA2_PSK
2026-03-19 22:02:25,19.5084686,-99.1268997,Club_Totalplay_WiFi,A2:31:DB:54:81:C7,3,-85,OPEN
2026-03-19 22:02:25,19.5084686,-99.1268997,KAWA_D5_157f,BC:FD:0C:29:15:7F,7,-85,WPA_WPA2_PSK
2026-03-19 22:02:25,19.5084686,-99.1268997,MC19474,30:3D:51:11:11:EA,7,-85,WPA_WPA2_PSK
2026-03-19 22:02:25,19.5084686,-99.1268997,Invitados Cinves,66:A4:B7:C8:AA:B6,11,-85,OPEN
2026-03-19 22:02:25,19.5084686,-99.1268997,R_MC5423,34:0A:9A:31:22:41,7,-86,WPA_WPA2_PSK
2026-03-19 22:02:25,19.5084686,-99.1268997,linksys,00:1A:70:67:AF:CA,11,-87,WPA2_PSK
2026-03-19 22:02:41,19.5084686,-99.1268997,,E6:82:10:61:2E:CE,11,-72,WPA2_PSK
2026-03-19 22:02:41,19.5084686,-99.1268997,CGSTIC-WiFi-Cel,E2:8F:71:3A:34:34,2,-73,WPA2_PSK
2026-03-19 22:02:41,19.5084686,-99.1268997,Totalplay-4CB2,E6:82:10:61:2E:CC,11,-73,WPA2_PSK
2026-03-19 22:02:41,19.5084686,-99.1268997,,F2:4B:8A:FC:13:1A,1,-74,UNKNOWN
2026-03-19 22:02:41,19.5084686,-99.1268997,IZZI-E3DD,F0:4B:8A:FC:13:6A,1,-74,WPA2_PSK
2026-03-19 22:02:41,19.5084686,-99.1268997,Club_Totalplay_WiFi,E6:82:10:61:2E:CF,11,-74,OPEN
2026-03-19 22:02:41,19.5084686,-99.1268997,,8A:15:04:58:0F:BF,6,-76,WEP
2026-03-19 22:02:41,19.5084686,-99.1268997,INFINITUMC357,12:55:E4:1B:26:ED,1,-78,WPA2_PSK
2026-03-19 22:02:41,19.5084686,-99.1268997,Invitados Cinves,66:A4:B7:C8:AA:BC,1,-79,OPEN
2026-03-19 22:02:41,19.5084686,-99.1268997,infinitum movil,8A:15:04:58:0F:B0,6,-79,OPEN
2026-03-19 22:02:41,19.5084686,-99.1268997,Cinves-WiFi,60:A4:B7:C8:AA:BC,1,-80,WPA_WPA2_PSK
2026-03-19 22:02:41,19.5084686,-99.1268997,WFCDECONTROL,0C:80:63:75:2F:D3,11,-82,WPA_WPA2_PSK
2026-03-19 22:02:41,19.5084686,-99.1268997,Cinves-WiFi,60:A4:B7:C8:AA:B6,11,-83,WPA_WPA2_PSK
2026-03-19 22:02:41,19.5084686,-99.1268997,VIOFO_A129_782d2c,6C:21:A2:78:2D:2C,1,-84,WPA2_PSK
2026-03-19 22:02:41,19.5084686,-99.1268997,MC19387,30:3D:51:11:12:B3,7,-84,WPA_WPA2_PSK
2026-03-19 22:02:41,19.5084686,-99.1268997,MC19474,30:3D:51:11:11:EA,7,-84,WPA_WPA2_PSK
2026-03-19 22:02:41,19.5084686,-99.1268997,Cinves-WiFi,14:EB:B6:65:63:9E,1,-85,WPA_WPA2_PSK
2026-03-19 22:02:41,19.5084686,-99.1268997,Club_Totalplay_WiFi,A2:31:DB:54:81:C7,3,-85,OPEN
2026-03-19 22:02:41,19.5084686,-99.1268997,R_MC5423,34:0A:9A:31:22:41,7,-85,WPA_WPA2_PSK
2026-03-19 22:02:41,19.5084686,-99.1268997,ALTOS 1 _EXT,40:AE:30:DF:07:AB,5,-86,WPA2_PSK
2026-03-19 22:02:41,19.5084686,-99.1268997,Totalplay-C8AC,14:EB:08:9F:61:B0,11,-86,WPA2_PSK
2026-03-19 22:02:41,19.5084686,-99.1268997,ja123456,9C:A3:A9:47:7C:A1,1,-87,WPA2_PSK
2026-03-19 22:02:41,19.5084686,-99.1268997,,AE:42:A1:7C:B8:AA,5,-87,WPA2_PSK
2026-03-19 22:02:41,19.5084686,-99.1268997,,E2:62:79:32:D0:56,4,-88,WPA2_PSK
2026-03-19 22:02:41,19.5084686,-99.1268997,,AE:42:A1:7C:B8:A6,5,-88,WPA2_PSK
2026-03-19 22:02:41,19.5084686,-99.1268997,Invitados Cinves,6E:FF:7B:32:CA:42,6,-89,OPEN
2026-03-19 22:02:41,19.5084686,-99.1268997,,D2:B0:24:6E:0C:79,9,-89,WPA2_PSK
2026-03-19 22:02:41,19.5084686,-99.1268997,Mega_2.4G_3922,48:96:D9:7E:39:22,4,-90,WPA_WPA2_PSK
2026-03-19 22:02:41,19.5084686,-99.1268997,INFINITUM8BDA,00:5F:67:74:48:B8,6,-90,WPA2_PSK
2026-03-19 22:02:41,19.5084686,-99.1268997,,A6:98:13:2A:F6:8A,6,-90,UNKNOWN
2026-03-19 22:02:41,19.5084686,-99.1268997,TP-Link_3FFB,B0:A7:B9:32:3F:FB,2,-91,WPA2_PSK
2026-03-19 22:02:41,19.5084686,-99.1268997,IZZI-DF2F,A4:98:13:7A:F6:8A,6,-91,WPA2_PSK
2026-03-19 22:02:41,19.5084686,-99.1268997,Totalplay-DCAA,6C:E8:74:5A:B7:20,8,-92,WPA2_PSK
2026-03-19 22:02:41,19.5084686,-99.1268997,,66:DB:F7:C3:1C:59,10,-92,WPA2_PSK
2026-03-19 22:02:41,19.5084686,-99.1268997,linksys,00:1A:70:67:AF:CA,11,-92,WPA2_PSK
2026-03-19 22:02:41,19.5084686,-99.1268997,Megacable_2.4G_3530,34:36:54:9C:35:30,9,-93,WPA_WPA2_PSK
2026-03-19 22:02:57,19.5084686,-99.1268997,CGSTIC-WiFi-Cel,E2:8F:71:3A:34:34,2,-71,WPA2_PSK
2026-03-19 22:02:57,19.5084686,-99.1268997,,8A:15:04:58:0F:BF,6,-74,WEP
2026-03-19 22:02:57,19.5084686,-99.1268997,IZZI-E3DD,F0:4B:8A:FC:13:6A,1,-75,WPA2_PSK
2026-03-19 22:02:57,19.5084686,-99.1268997,Invitados Cinves,66:A4:B7:C8:AA:BC,1,-76,OPEN
2026-03-19 22:02:57,19.5084686,-99.1268997,,F2:4B:8A:FC:13:1A,1,-76,UNKNOWN
2026-03-19 22:02:57,19.5084686,-99.1268997,Cinves-WiFi,60:A4:B7:C8:AA:BC,1,-77,WPA_WPA2_PSK
2026-03-19 22:02:57,19.5084686,-99.1268997,Club_Totalplay_WiFi,E6:82:10:61:2E:CF,11,-80,OPEN
2026-03-19 22:02:57,19.5084686,-99.1268997,LDPTPWF01,3A:60:F9:E5:83:76,6,-83,WPA2_PSK
2026-03-19 22:02:57,19.5084686,-99.1268997,MC19387,30:3D:51:11:12:B3,7,-83,WPA_WPA2_PSK
2026-03-19 22:02:57,19.5084686,-99.1268997,Cinves-WiFi,14:EB:B6:65:63:9E,1,-84,WPA_WPA2_PSK
2026-03-19 22:02:57,19.5084686,-99.1268997,,A6:98:13:2A:F6:8A,6,-86,UNKNOWN
2026-03-19 22:02:57,19.5084686,-99.1268997,R_MC5423,34:0A:9A:31:22:41,7,-86,WPA_WPA2_PSK
2026-03-19 22:02:57,19.5084686,-99.1268997,LBS-3 Cinvestav,DC:62:79:32:D0:56,4,-87,WPA2_PSK
2026-03-19 22:02:57,19.5084686,-99.1268997,ALTOS 1 _EXT,40:AE:30:DF:07:AB,5,-87,WPA2_PSK
2026-03-19 22:02:57,19.5084686,-99.1268997,Club_Totalplay_WiFi,6C:E8:74:60:A4:97,7,-89,OPEN
2026-03-19 22:02:57,19.5084686,-99.1268997,Dra. E_Calderon,B4:B0:24:6E:0C:77,9,-91,WPA2_PSK
2026-03-19 22:02:57,19.5084686,-99.1268997,Megacable_2.4G_EA92,08:F6:06:C4:EA:92,3,-92,WPA_WPA2_PSK
2026-03-19 22:03:13,19.5084705,-99.1268997,HONOR,A6:43:DD:FE:B9:1F,11,-66,WPA2_PSK
2026-03-19 22:03:13,19.5084705,-99.1268997,CGSTIC-WiFi-Cel,E2:8F:71:3A:34:34,2,-71,WPA2_PSK
2026-03-19 22:03:13,19.5084705,-99.1268997,,8A:15:04:58:0F:BF,6,-72,WEP
2026-03-19 22:03:13,19.5084705,-99.1268997,Club_Totalplay_WiFi,E6:82:10:61:2E:CF,11,-72,OPEN
2026-03-19 22:03:13,19.5084705,-99.1268997,Totalplay-4CB2,E6:82:10:61:2E:CC,11,-73,WPA2_PSK
2026-03-19 22:03:13,19.5084705,-99.1268997,,E6:82:10:61:2E:CE,11,-74,WPA2_PSK
2026-03-19 22:03:13,19.5084705,-99.1268997,IZZI-E3DD,F0:4B:8A:FC:13:6A,1,-75,WPA2_PSK
2026-03-19 22:03:13,19.5084705,-99.1268997,,F2:4B:8A:FC:13:1A,1,-76,UNKNOWN
2026-03-19 22:03:13,19.5084705,-99.1268997,INFINITUMC357,12:55:E4:1B:26:ED,1,-77,WPA2_PSK
2026-03-19 22:03:13,19.5084705,-99.1268997,infinitum movil,8A:15:04:58:0F:B0,6,-78,OPEN
2026-03-19 22:03:13,19.5084705,-99.1268997,Cinves-WiFi,60:A4:B7:C8:AA:BC,1,-82,WPA_WPA2_PSK
2026-03-19 22:03:13,19.5084705,-99.1268997,Invitados Cinves,66:A4:B7:C8:AA:BC,1,-82,OPEN
2026-03-19 22:03:13,19.5084705,-99.1268997,IZZI-DF2F,A4:98:13:7A:F6:8A,6,-82,WPA2_PSK
2026-03-19 22:03:13,19.5084705,-99.1268997,,A6:98:13:2A:F6:8A,6,-82,UNKNOWN
2026-03-19 22:03:13,19.5084705,-99.1268997,R_MC5423,34:0A:9A:31:22:41,7,-84,WPA_WPA2_PSK
2026-03-19 22:03:13,19.5084705,-99.1268997,Invitados Cinves,66:A4:B7:C8:AA:B6,11,-84,OPEN
2026-03-19 22:03:13,19.5084705,-99.1268997,MC19387,30:3D:51:11:12:B3,7,-86,WPA_WPA2_PSK
2026-03-19 22:03:13,19.5084705,-99.1268997,Tenda_0211D0,58:D9:D5:02:11:D1,3,-87,WPA_WPA2_PSK
2026-03-19 22:03:13,19.5084705,-99.1268997,Cinves-WiFi,68:FF:7B:32:CA:42,6,-88,WPA_WPA2_PSK
2026-03-19 22:03:29,19.5084686,-99.1268997,,8A:15:04:58:0F:BF,6,-71,WEP
2026-03-19 22:03:29,19.5084686,-99.1268997,Totalplay-4CB2,E6:82:10:61:2E:CC,11,-71,WPA2_PSK
2026-03-19 22:03:29,19.5084686,-99.1268997,Club_Totalplay_WiFi,E6:82:10:61:2E:CF,11,-71,OPEN
2026-03-19 22:03:29,19.5084686,-99.1268997,,E6:82:10:61:2E:CE,11,-73,WPA2_PSK
2026-03-19 22:03:29,19.5084686,-99.1268997,IZZI-E3DD,F0:4B:8A:FC:13:6A,1,-75,WPA2_PSK
2026-03-19 22:03:29,19.5084686,-99.1268997,,F2:4B:8A:FC:13:1A,1,-77,UNKNOWN
2026-03-19 22:03:29,19.5084686,-99.1268997,infinitum movil,8A:15:04:58:0F:B0,6,-77,OPEN
2026-03-19 22:03:29,19.5084686,-99.1268997,Invitados Cinves,66:A4:B7:C8:AA:BC,1,-78,OPEN
2026-03-19 22:03:29,19.5084686,-99.1268997,Cinves-WiFi,60:A4:B7:C8:AA:B6,11,-81,WPA_WPA2_PSK
2026-03-19 22:03:29,19.5084686,-99.1268997,WFCDECONTROL,0C:80:63:75:2F:D3,11,-81,WPA_WPA2_PSK
2026-03-19 22:03:29,19.5084686,-99.1268997,INFINITUM8BDA,00:5F:67:74:48:B8,6,-82,WPA2_PSK
2026-03-19 22:03:29,19.5084686,-99.1268997,MC19474,30:3D:51:11:11:EA,7,-83,WPA_WPA2_PSK
2026-03-19 22:03:29,19.5084686,-99.1268997,linksys,00:1A:70:67:AF:CA,11,-84,WPA2_PSK
2026-03-19 22:03:29,19.5084686,-99.1268997,ALTOS 1 _EXT,40:AE:30:DF:07:AB,5,-85,WPA2_PSK
2026-03-19 22:03:29,19.5084686,-99.1268997,Tenda_0211D0,58:D9:D5:02:11:D1,3,-86,WPA_WPA2_PSK
2026-03-19 22:03:29,19.5084686,-99.1268997,LBS-3 Cinvestav,DC:62:79:32:D0:56,4,-86,WPA2_PSK
2026-03-19 22:03:29,19.5084686,-99.1268997,Club_Totalplay_WiFi,A2:31:DB:54:81:C7,3,-87,OPEN
2026-03-19 22:03:29,19.5084686,-99.1268997,,A2:31:DB:54:81:C6,3,-87,WPA2_PSK
2026-03-19 22:03:29,19.5084686,-99.1268997,,E2:62:79:32:D0:56,4,-87,WPA2_PSK
2026-03-19 22:03:29,19.5084686,-99.1268997,,52:02:38:4A:38:79,8,-87,WPA2_PSK
2026-03-19 22:03:29,19.5084686,-99.1268997,IPCF3811614596994,9C:A3:A9:47:7C:9A,1,-88,WPA2_PSK
2026-03-19 22:03:29,19.5084686,-99.1268997,MC19387,30:3D:51:11:12:B3,7,-88,WPA_WPA2_PSK
2026-03-19 22:03:29,19.5084686,-99.1268997,,00:4E:35:01:B6:82,1,-89,WPA2_PSK
2026-03-19 22:03:29,19.5084686,-99.1268997,Red Wi-Fi de Lizette,E8:8D:28:5F:F1:09,6,-90,WPA2_PSK
2026-03-19 22:03:29,19.5084686,-99.1268997,INFINITUM2746,A8:E8:1E:E6:5A:80,8,-91,WPA2_PSK
2026-03-19 22:03:45,19.5084705,-99.1268997,CGSTIC-WiFi-Cel,E2:8F:71:3A:34:34,2,-70,WPA2_PSK
2026-03-19 22:03:45,19.5084705,-99.1268997,,F2:4B:8A:FC:13:1A,1,-73,UNKNOWN
2026-03-19 22:03:45,19.5084705,-99.1268997,,8A:15:04:58:0F:BF,6,-73,WEP
2026-03-19 22:03:45,19.5084705,-99.1268997,Totalplay-4CB2,E6:82:10:61:2E:CC,11,-73,WPA2_PSK
2026-03-19 22:03:45,19.5084705,-99.1268997,IZZI-E3DD,F0:4B:8A:FC:13:6A,1,-74,WPA2_PSK
2026-03-19 22:03:45,19.5084705,-99.1268997,Club_Totalplay_WiFi,E6:82:10:61:2E:CF,11,-74,OPEN
2026-03-19 22:03:45,19.5084705,-99.1268997,,E6:82:10:61:2E:CE,11,-74,WPA2_PSK
2026-03-19 22:03:45,19.5084705,-99.1268997,infinitum movil,8A:15:04:58:0F:B0,6,-77,OPEN
2026-03-19 22:03:45,19.5084705,-99.1268997,Cinves-WiFi,60:A4:B7:C8:AA:BC,1,-78,WPA_WPA2_PSK
2026-03-19 22:03:45,19.5084705,-99.1268997,Invitados Cinves,66:A4:B7:C8:AA:BC,1,-78,OPEN
2026-03-19 22:03:45,19.5084705,-99.1268997,WFCDECONTROL,0C:80:63:75:2F:D3,11,-81,WPA_WPA2_PSK
2026-03-19 22:03:45,19.5084705,-99.1268997,IZZI-DF2F,A4:98:13:7A:F6:8A,6,-85,WPA2_PSK
2026-03-19 22:03:45,19.5084705,-99.1268997,R_MC5423,34:0A:9A:31:22:41,7,-85,WPA_WPA2_PSK
2026-03-19 22:03:45,19.5084705,-99.1268997,Invitados Cinves,66:A4:B7:C8:AA:B6,11,-85,OPEN
2026-03-19 22:03:45,19.5084705,-99.1268997,Cinves-WiFi,60:A4:B7:C8:AA:B6,11,-85,WPA_WPA2_PSK
2026-03-19 22:03:45,19.5084705,-99.1268997,Tenda_0211D0,58:D9:D5:02:11:D1,3,-86,WPA_WPA2_PSK
2026-03-19 22:03:45,19.5084705,-99.1268997,INFINITUMF8E0,64:DB:F7:C3:1C:59,10,-88,WPA2_PSK
2026-03-19 22:03:45,19.5084705,-99.1268997,linksys,00:1A:70:67:AF:CA,11,-89,WPA2_PSK
2026-03-19 22:03:45,19.5084705,-99.1268997,Totalplay-C8AC,14:EB:08:9F:61:B0,11,-89,WPA2_PSK
2026-03-19 22:03:45,19.5084705,-99.1268997,Club_Totalplay_WiFi,A2:31:DB:54:81:C7,3,-90,OPEN
2026-03-19 22:03:45,19.5084705,-99.1268997,,14:EB:08:9F:61:B2,11,-90,WPA2_PSK
2026-03-19 22:04:01,19.5084705,-99.1268997,CGSTIC-WiFi-Cel,E2:8F:71:3A:34:34,2,-67,WPA2_PSK
2026-03-19 22:04:01,19.5084705,-99.1268997,Totalplay-4CB2,E6:82:10:61:2E:CC,11,-72,WPA2_PSK
2026-03-19 22:04:01,19.5084705,-99.1268997,,E6:82:10:61:2E:CE,11,-72,WPA2_PSK
2026-03-19 22:04:01,19.5084705,-99.1268997,Club_Totalplay_WiFi,E6:82:10:61:2E:CF,11,-73,OPEN
2026-03-19 22:04:01,19.5084705,-99.1268997,,F2:4B:8A:FC:13:1A,1,-75,UNKNOWN
2026-03-19 22:04:01,19.5084705,-99.1268997,IZZI-E3DD,F0:4B:8A:FC:13:6A,1,-76,WPA2_PSK
2026-03-19 22:04:01,19.5084705,-99.1268997,Cinves-WiFi,60:A4:B7:C8:AA:BC,1,-77,WPA_WPA2_PSK
2026-03-19 22:04:01,19.5084705,-99.1268997,,8A:15:04:58:0F:BF,6,-77,WEP
2026-03-19 22:04:01,19.5084705,-99.1268997,infinitum movil,8A:15:04:58:0F:B0,6,-79,OPEN
2026-03-19 22:04:01,19.5084705,-99.1268997,WFCDECONTROL,0C:80:63:75:2F:D3,11,-80,WPA_WPA2_PSK
2026-03-19 22:04:01,19.5084705,-99.1268997,Tenda_0211D0,58:D9:D5:02:11:D1,3,-83,WPA_WPA2_PSK
2026-03-19 22:04:01,19.5084705,-99.1268997,INFINITUM8BDA,00:5F:67:74:48:B8,6,-84,WPA2_PSK
2026-03-19 22:04:01,19.5084705,-99.1268997,MC19387,30:3D:51:11:12:B3,7,-85,WPA_WPA2_PSK
2026-03-19 22:04:01,19.5084705,-99.1268997,STARLINK,DA:EE:C2:27:55:5B,1,-86,OPEN
2026-03-19 22:04:01,19.5084705,-99.1268997,LBS-3 Cinvestav,DC:62:79:32:D0:56,4,-87,WPA2_PSK
2026-03-19 22:04:01,19.5084705,-99.1268997,,AE:42:A1:7C:B8:AA,5,-87,WPA2_PSK
2026-03-19 22:04:01,19.5084705,-99.1268997,ALTOS 1 _EXT,40:AE:30:DF:07:AB,5,-87,WPA2_PSK
2026-03-19 22:04:01,19.5084705,-99.1268997,,E2:62:79:32:D0:56,4,-88,WPA2_PSK
2026-03-19 22:04:01,19.5084705,-99.1268997,,A6:98:13:2A:F6:8A,6,-88,UNKNOWN
2026-03-19 22:04:01,19.5084705,-99.1268997,R_MC5423,34:0A:9A:31:22:41,7,-88,WPA_WPA2_PSK
2026-03-19 22:04:01,19.5084705,-99.1268997,Totalplay-DCAA,6C:E8:74:5A:B7:20,8,-88,WPA2_PSK
2026-03-19 22:04:01,19.5084705,-99.1268997,linksys,00:1A:70:67:AF:CA,11,-88,WPA2_PSK
2026-03-19 22:04:17,19.5084705,-99.1268997,IZZI-E3DD,F0:4B:8A:FC:13:6A,1,-74,WPA2_PSK
2026-03-19 22:04:17,19.5084705,-99.1268997,TYPE_S_DVR27_4K_AAECA8,80:9D:65:AA:EC:A8,2,-74,WPA2_PSK
2026-03-19 22:04:17,19.5084705,-99.1268997,,8A:15:04:58:0F:BF,6,-77,WEP
2026-03-19 22:04:17,19.5084705,-99.1268997,Cinves-WiFi,60:A4:B7:C8:AA:BC,1,-78,WPA_WPA2_PSK
2026-03-19 22:04:17,19.5084705,-99.1268997,INFINITUMC357,12:55:E4:1B:26:ED,1,-78,WPA2_PSK
2026-03-19 22:04:17,19.5084705,-99.1268997,Invitados Cinves,66:A4:B7:C8:AA:BC,1,-78,OPEN
2026-03-19 22:04:17,19.5084705,-99.1268997,Club_Totalplay_WiFi,E6:82:10:61:2E:CF,11,-80,OPEN
2026-03-19 22:04:17,19.5084705,-99.1268997,WFCDECONTROL,0C:80:63:75:2F:D3,11,-81,WPA_WPA2_PSK
2026-03-19 22:04:17,19.5084705,-99.1268997,,E6:82:10:61:2E:CE,11,-81,WPA2_PSK
2026-03-19 22:04:17,19.5084705,-99.1268997,Totalplay-4CB2,E6:82:10:61:2E:CC,11,-82,WPA2_PSK
2026-03-19 22:04:17,19.5084705,-99.1268997,Tenda_0211D0,58:D9:D5:02:11:D1,3,-83,WPA_WPA2_PSK
2026-03-19 22:04:17,19.5084705,-99.1268997,IZZI-DF2F,A4:98:13:7A:F6:8A,6,-84,WPA2_PSK
2026-03-19 22:04:17,19.5084705,-99.1268997,,A6:98:13:2A:F6:8A,6,-85,UNKNOWN
2026-03-19 22:04:17,19.5084705,-99.1268997,ALTOS 1 _EXT,40:AE:30:DF:07:AB,5,-86,WPA2_PSK
2026-03-19 22:04:17,19.5084705,-99.1268997,LDPTPWF01,3A:60:F9:E5:83:76,6,-86,WPA2_PSK
2026-03-19 22:04:17,19.5084705,-99.1268997,,E2:62:79:32:D0:56,4,-87,WPA2_PSK
2026-03-19 22:04:17,19.5084705,-99.1268997,INFINITUM3532,D4:01:45:3D:A6:80,11,-87,WPA2_PSK
2026-03-19 22:04:17,19.5084705,-99.1268997,Cinves-WiFi,14:EB:B6:65:63:9E,1,-88,WPA_WPA2_PSK
2026-03-19 22:04:17,19.5084705,-99.1268997,,A2:31:DB:54:81:C6,3,-89,WPA2_PSK
2026-03-19 22:04:17,19.5084705,-99.1268997,linksys,00:1A:70:67:AF:CA,11,-89,WPA2_PSK
2026-03-19 22:04:33,19.5084705,-99.1268997,TYPE_S_DVR27_4K_AAECA8,80:9D:65:AA:EC:A8,2,-63,WPA2_PSK
2026-03-19 22:04:33,19.5084705,-99.1268997,CGSTIC-WiFi-Cel,E2:8F:71:3A:34:34,2,-72,WPA2_PSK
2026-03-19 22:04:33,19.5084705,-99.1268997,IZZI-E3DD,F0:4B:8A:FC:13:6A,1,-75,WPA2_PSK
2026-03-19 22:04:33,19.5084705,-99.1268997,,8A:15:04:58:0F:BF,6,-76,WEP
2026-03-19 22:04:33,19.5084705,-99.1268997,Cinves-WiFi,60:A4:B7:C8:AA:BC,1,-77,WPA_WPA2_PSK
2026-03-19 22:04:33,19.5084705,-99.1268997,Totalplay-4CB2,E6:82:10:61:2E:CC,11,-77,WPA2_PSK
2026-03-19 22:04:33,19.5084705,-99.1268997,infinitum movil,8A:15:04:58:0F:B0,6,-78,OPEN
2026-03-19 22:04:33,19.5084705,-99.1268997,,E6:82:10:61:2E:CE,11,-78,WPA2_PSK
2026-03-19 22:04:33,19.5084705,-99.1268997,Club_Totalplay_WiFi,E6:82:10:61:2E:CF,11,-78,OPEN
2026-03-19 22:04:33,19.5084705,-99.1268997,WFCDECONTROL,0C:80:63:75:2F:D3,11,-80,WPA_WPA2_PSK
2026-03-19 22:04:33,19.5084705,-99.1268997,MC19474,30:3D:51:11:11:EA,7,-83,WPA_WPA2_PSK
2026-03-19 22:04:33,19.5084705,-99.1268997,Cinves-WiFi,60:A4:B7:C8:AA:B6,11,-83,WPA_WPA2_PSK
2026-03-19 22:04:33,19.5084705,-99.1268997,ALTOS 1 _EXT,40:AE:30:DF:07:AB,5,-84,WPA2_PSK
2026-03-19 22:04:33,19.5084705,-99.1268997,INFINITUM8BDA,00:5F:67:74:48:B8,6,-84,WPA2_PSK
2026-03-19 22:04:33,19.5084705,-99.1268997,R_MC5423,34:0A:9A:31:22:41,7,-84,WPA_WPA2_PSK
2026-03-19 22:04:33,19.5084705,-99.1268997,MC19387,30:3D:51:11:12:B3,7,-84,WPA_WPA2_PSK
2026-03-19 22:04:33,19.5084705,-99.1268997,Invitados Cinves,66:A4:B7:C8:AA:B6,11,-84,OPEN
2026-03-19 22:04:33,19.5084705,-99.1268997,STARLINK,DA:EE:C2:27:55:5B,1,-85,OPEN
2026-03-19 22:04:33,19.5084705,-99.1268997,LBS-3 Cinvestav,DC:62:79:32:D0:56,4,-87,WPA2_PSK
2026-03-19 22:04:33,19.5084705,-99.1268997,Invitados Cinves,6E:FF:7B:32:CA:42,6,-87,OPEN
2026-03-19 22:04:33,19.5084705,-99.1268997,IZZI-CE74,D4:E2:CB:61:CE:78,1,-88,WPA2_PSK
2026-03-19 22:04:33,19.5084705,-99.1268997,Club_Totalplay_WiFi,A2:31:DB:54:81:C7,3,-88,OPEN
2026-03-19 22:04:33,19.5084705,-99.1268997,Cinves-WiFi,68:FF:7B:32:CA:42,6,-88,WPA_WPA2_PSK
2026-03-19 22:04:33,19.5084705,-99.1268997,linksys,00:1A:70:67:AF:CA,11,-88,WPA2_PSK
2026-03-19 22:04:33,19.5084705,-99.1268997,,DA:EE:C2:57:55:5B,1,-89,WPA2_PSK
2026-03-19 22:04:33,19.5084705,-99.1268997,Club_Totalplay_WiFi,6C:E8:74:60:A4:97,7,-89,OPEN
2026-03-19 22:04:33,19.5084705,-99.1268997,,E2:62:79:32:75:DA,4,-91,WPA2_PSK
2026-03-19 22:04:49,19.5084705,-99.1268997,Club_Totalplay_WiFi,E6:82:10:61:2E:CF,11,-71,OPEN
2026-03-19 22:04:49,19.5084705,-99.1268997,,E6:82:10:61:2E:CE,11,-71,WPA2_PSK
2026-03-19 22:04:49,19.5084705,-99.1268997,CGSTIC-WiFi-Cel,E2:8F:71:3A:34:34,2,-73,WPA2_PSK
2026-03-19 22:04:49,19.5084705,-99.1268997,Totalplay-4CB2,E6:82:10:61:2E:CC,11,-73,WPA2_PSK
2026-03-19 22:04:49,19.5084705,-99.1268997,,F2:4B:8A:FC:13:1A,1,-75,UNKNOWN
2026-03-19 22:04:49,19.5084705,-99.1268997,,8A:15:04:58:0F:BF,6,-75,WEP
2026-03-19 22:04:49,19.5084705,-99.1268997,IZZI-E3DD,F0:4B:8A:FC:13:6A,1,-76,WPA2_PSK
2026-03-19 22:04:49,19.5084705,-99.1268997,Invitados Cinves,66:A4:B7:C8:AA:BC,1,-77,OPEN
2026-03-19 22:04:49,19.5084705,-99.1268997,infinitum movil,8A:15:04:58:0F:B0,6,-77,OPEN
2026-03-19 22:04:49,19.5084705,-99.1268997,Cinves-WiFi,60:A4:B7:C8:AA:BC,1,-78,WPA_WPA2_PSK
2026-03-19 22:04:49,19.5084705,-99.1268997,INFINITUMC357,12:55:E4:1B:26:ED,1,-79,WPA2_PSK
2026-03-19 22:04:49,19.5084705,-99.1268997,R_MC5423,34:0A:9A:31:22:41,7,-82,WPA_WPA2_PSK
2026-03-19 22:04:49,19.5084705,-99.1268997,Cinves-WiFi,14:EB:B6:65:63:9E,1,-84,WPA_WPA2_PSK
2026-03-19 22:04:49,19.5084705,-99.1268997,INFINITUM8BDA,00:5F:67:74:48:B8,6,-84,WPA2_PSK
2026-03-19 22:04:49,19.5084705,-99.1268997,Tenda_0211D0,58:D9:D5:02:11:D1,3,-86,WPA_WPA2_PSK
2026-03-19 22:04:49,19.5084705,-99.1268997,,A6:98:13:2A:F6:8A,6,-86,UNKNOWN
2026-03-19 22:04:49,19.5084705,-99.1268997,omni,52:0F:F5:7F:A2:91,6,-86,WPA_WPA2_PSK
2026-03-19 22:04:49,19.5084705,-99.1268997,MC19387,30:3D:51:11:12:B3,7,-86,WPA_WPA2_PSK
2026-03-19 22:04:49,19.5084705,-99.1268997,Cinves-WiFi,60:A4:B7:C8:AA:B6,11,-87,WPA_WPA2_PSK
2026-03-19 22:04:49,19.5084705,-99.1268997,IZZI-CE74,D4:E2:CB:61:CE:78,1,-88,WPA2_PSK
2026-03-19 22:04:49,19.5084705,-99.1268997,linksys,00:1A:70:67:AF:CA,11,-88,WPA2_PSK
2026-03-19 22:04:49,19.5084705,-99.1268997,,A2:31:DB:54:81:C6,3,-89,WPA2_PSK
2026-03-19 22:04:49,19.5084705,-99.1268997,Mega_2.4G_5AAE,48:96:D9:24:5A:AE,3,-90,WPA_WPA2_PSK
2026-03-19 22:04:49,19.5084705,-99.1268997,android-zj-123,88:00:33:77:FC:AD,9,-91,WPA2_PSK
2026-03-19 22:04:49,19.5084705,-99.1268997,Mega_2.4G_E97A,F8:79:28:EC:E9:7A,10,-91,WPA2_PSK
2026-03-19 22:05:05,19.5084686,-99.1268997,,E6:82:10:61:2E:CE,11,-71,WPA2_PSK
2026-03-19 22:05:05,19.5084686,-99.1268997,CGSTIC-WiFi-Cel,E2:8F:71:3A:34:34,2,-73,WPA2_PSK
2026-03-19 22:05:05,19.5084686,-99.1268997,Club_Totalplay_WiFi,E6:82:10:61:2E:CF,11,-74,OPEN
2026-03-19 22:05:05,19.5084686,-99.1268997,IZZI-E3DD,F0:4B:8A:FC:13:6A,1,-75,WPA2_PSK
2026-03-19 22:05:05,19.5084686,-99.1268997,,F2:4B:8A:FC:13:1A,1,-75,UNKNOWN
2026-03-19 22:05:05,19.5084686,-99.1268997,,8A:15:04:58:0F:BF,6,-75,WEP
2026-03-19 22:05:05,19.5084686,-99.1268997,Invitados Cinves,66:A4:B7:C8:AA:BC,1,-76,OPEN
2026-03-19 22:05:05,19.5084686,-99.1268997,Cinves-WiFi,60:A4:B7:C8:AA:BC,1,-79,WPA_WPA2_PSK
2026-03-19 22:05:05,19.5084686,-99.1268997,Totalplay-4CB2,E6:82:10:61:2E:CC,11,-80,WPA2_PSK
2026-03-19 22:05:05,19.5084686,-99.1268997,WFCDECONTROL,0C:80:63:75:2F:D3,11,-81,WPA_WPA2_PSK
2026-03-19 22:05:05,19.5084686,-99.1268997,INFINITUMC357,12:55:E4:1B:26:ED,1,-82,WPA2_PSK
2026-03-19 22:05:05,19.5084686,-99.1268997,Cinves-WiFi,60:A4:B7:C8:AA:B6,11,-82,WPA_WPA2_PSK
2026-03-19 22:05:05,19.5084686,-99.1268997,STARLINK,DA:EE:C2:27:55:5B,1,-84,OPEN
2026-03-19 22:05:05,19.5084686,-99.1268997,ALTOS 1 _EXT,40:AE:30:DF:07:AB,5,-84,WPA2_PSK
2026-03-19 22:05:05,19.5084686,-99.1268997,Invitados Cinves,66:A4:B7:C8:AA:B6,11,-85,OPEN
2026-03-19 22:05:05,19.5084686,-99.1268997,INFINITUM3532,D4:01:45:3D:A6:80,11,-86,WPA2_PSK
2026-03-19 22:05:05,19.5084686,-99.1268997,Tenda_0211D0,58:D9:D5:02:11:D1,3,-87,WPA_WPA2_PSK
2026-03-19 22:05:05,19.5084686,-99.1268997,R_MC5423,34:0A:9A:31:22:41,7,-87,WPA_WPA2_PSK
2026-03-19 22:05:05,19.5084686,-99.1268997,linksys,00:1A:70:67:AF:CA,11,-87,WPA2_PSK
2026-03-19 22:05:05,19.5084686,-99.1268997,MC19387,30:3D:51:11:12:B3,7,-89,WPA_WPA2_PSK
2026-03-19 22:05:05,19.5084686,-99.1268997,Mega_2.4G_3922,48:96:D9:7E:39:22,4,-90,WPA_WPA2_PSK
2026-03-19 22:05:05,19.5084686,-99.1268997,Cinves-WiFi,1C:61:B4:13:64:5A,11,-90,WPA_WPA2_PSK
2026-03-19 22:05:05,19.5084686,-99.1268997,,00:4E:35:01:B6:82,1,-93,WPA2_PSK
2026-03-19 22:05:22,19.5084686,-99.1269073,,E6:82:10:61:2E:CE,11,-69,WPA2_PSK
2026-03-19 22:05:22,19.5084686,-99.1269073,Totalplay-4CB2,E6:82:10:61:2E:CC,11,-71,WPA2_PSK
2026-03-19 22:05:22,19.5084686,-99.1269073,Club_Totalplay_WiFi,E6:82:10:61:2E:CF,11,-71,OPEN
2026-03-19 22:05:22,19.5084686,-99.1269073,IZZI-E3DD,F0:4B:8A:FC:13:6A,1,-73,WPA2_PSK
2026-03-19 22:05:22,19.5084686,-99.1269073,,F2:4B:8A:FC:13:1A,1,-73,UNKNOWN
2026-03-19 22:05:22,19.5084686,-99.1269073,CGSTIC-WiFi-Cel,E2:8F:71:3A:34:34,2,-78,WPA2_PSK
2026-03-19 22:05:22,19.5084686,-99.1269073,infinitum movil,8A:15:04:58:0F:B0,6,-78,OPEN
2026-03-19 22:05:22,19.5084686,-99.1269073,WFCDECONTROL,0C:80:63:75:2F:D3,11,-80,WPA_WPA2_PSK
2026-03-19 22:05:22,19.5084686,-99.1269073,,8A:71:B1:2E:D9:E2,6,-81,UNKNOWN
2026-03-19 22:05:22,19.5084686,-99.1269073,R_MC5423,34:0A:9A:31:22:41,7,-83,WPA_WPA2_PSK
2026-03-19 22:05:22,19.5084686,-99.1269073,ALTOS 1 _EXT,40:AE:30:DF:07:AB,5,-84,WPA2_PSK
2026-03-19 22:05:22,19.5084686,-99.1269073,INFINITUM6007,12:55:E4:1F:5F:6D,1,-85,WPA2_PSK
2026-03-19 22:05:22,19.5084686,-99.1269073,Invitados Cinves,66:A4:B7:C8:AA:B6,11,-85,OPEN
2026-03-19 22:05:22,19.5084686,-99.1269073,Cinves-WiFi,60:A4:B7:C8:AA:B6,11,-86,WPA_WPA2_PSK
2026-03-19 22:05:22,19.5084686,-99.1269073,DIRECT-40-HP M254 LaserJet,42:23:43:4E:08:40,6,-87,WPA2_PSK
2026-03-19 22:05:22,19.5084686,-99.1269073,,AE:42:A1:7C:B8:AA,5,-88,WPA2_PSK
2026-03-19 22:05:22,19.5084686,-99.1269073,Totalplay-DCAA,6C:E8:74:5A:B7:20,8,-90,WPA2_PSK
2026-03-19 22:05:22,19.5084686,-99.1269073,Red Wi-Fi de Olivier,88:1F:A1:38:24:B0,11,-90,WPA2_PSK
2026-03-19 22:05:22,19.5084686,-99.1269073,,8E:04:FF:73:9E:16,9,-93,WPA2_PSK
2026-03-19 22:05:38,19.5084686,-99.1269073,Club_Totalplay_WiFi,E6:82:10:61:2E:CF,11,-69,OPEN
2026-03-19 22:05:38,19.5084686,-99.1269073,Totalplay-4CB2,E6:82:10:61:2E:CC,11,-70,WPA2_PSK
2026-03-19 22:05:38,19.5084686,-99.1269073,CGSTIC-WiFi-Cel,E2:8F:71:3A:34:34,2,-72,WPA2_PSK
2026-03-19 22:05:38,19.5084686,-99.1269073,,8A:15:04:58:0F:BF,6,-74,WEP
2026-03-19 22:05:38,19.5084686,-99.1269073,IZZI-E3DD,F0:4B:8A:FC:13:6A,1,-75,WPA2_PSK
2026-03-19 22:05:38,19.5084686,-99.1269073,INFINITUMC357,12:55:E4:1B:26:ED,1,-76,WPA2_PSK
2026-03-19 22:05:38,19.5084686,-99.1269073,,F2:4B:8A:FC:13:1A,1,-76,UNKNOWN
2026-03-19 22:05:38,19.5084686,-99.1269073,Cinves-WiFi,60:A4:B7:C8:AA:BC,1,-77,WPA_WPA2_PSK
2026-03-19 22:05:38,19.5084686,-99.1269073,Invitados Cinves,66:A4:B7:C8:AA:BC,1,-77,OPEN
2026-03-19 22:05:38,19.5084686,-99.1269073,WFCDECONTROL,0C:80:63:75:2F:D3,11,-77,WPA_WPA2_PSK
2026-03-19 22:05:38,19.5084686,-99.1269073,infinitum movil,8A:15:04:58:0F:B0,6,-78,OPEN
2026-03-19 22:05:38,19.5084686,-99.1269073,IZZI-DF2F,A4:98:13:7A:F6:8A,6,-85,WPA2_PSK
2026-03-19 22:05:38,19.5084686,-99.1269073,R_MC5423,34:0A:9A:31:22:41,7,-85,WPA_WPA2_PSK
2026-03-19 22:05:38,19.5084686,-99.1269073,MC19474,30:3D:51:11:11:EA,7,-85,WPA_WPA2_PSK
2026-03-19 22:05:38,19.5084686,-99.1269073,Invitados Cinves,66:A4:B7:C8:AA:B6,11,-85,OPEN
2026-03-19 22:05:38,19.5084686,-99.1269073,ALTOS 1 _EXT,40:AE:30:DF:07:AB,5,-86,WPA2_PSK
2026-03-19 22:05:38,19.5084686,-99.1269073,INFINITUM8BDA,00:5F:67:74:48:B8,6,-86,WPA2_PSK
2026-03-19 22:05:38,19.5084686,-99.1269073,,A6:98:13:2A:F6:8A,6,-86,UNKNOWN
2026-03-19 22:05:38,19.5084686,-99.1269073,,E2:62:79:32:75:DA,4,-89,WPA2_PSK
2026-03-19 22:05:38,19.5084686,-99.1269073,Invitados Cinves,6E:FF:7B:32:CA:42,6,-89,OPEN
2026-03-19 22:05:38,19.5084686,-99.1269073,Club_Totalplay_WiFi,6C:E8:74:60:A4:97,7,-89,OPEN
2026-03-19 22:05:38,19.5084686,-99.1269073,linksys,00:1A:70:67:AF:CA,11,-89,WPA2_PSK
2026-03-19 22:05:38,19.5084686,-99.1269073,IZZI-003C_EXT,7C:F1:7E:4A:7C:84,1,-90,WPA2_PSK
2026-03-19 22:05:38,19.5084686,-99.1269073,LBS-3 Cinvestav,DC:62:79:32:D0:56,4,-90,WPA2_PSK
2026-03-19 22:05:38,19.5084686,-99.1269073,MC19387,30:3D:51:11:12:B3,7,-91,WPA_WPA2_PSK
2026-03-19 22:05:54,19.5084686,-99.1269073,,E6:82:10:61:2E:CE,11,-69,WPA2_PSK
2026-03-19 22:05:54,19.5084686,-99.1269073,Club_Totalplay_WiFi,E6:82:10:61:2E:CF,11,-70,OPEN
2026-03-19 22:05:54,19.5084686,-99.1269073,Totalplay-4CB2,E6:82:10:61:2E:CC,11,-70,WPA2_PSK
2026-03-19 22:05:54,19.5084686,-99.1269073,CGSTIC-WiFi-Cel,E2:8F:71:3A:34:34,2,-72,WPA2_PSK
2026-03-19 22:05:54,19.5084686,-99.1269073,Invitados Cinves,66:A4:B7:C8:AA:BC,1,-75,OPEN
2026-03-19 22:05:54,19.5084686,-99.1269073,Cinves-WiFi,60:A4:B7:C8:AA:BC,1,-75,WPA_WPA2_PSK
2026-03-19 22:05:54,19.5084686,-99.1269073,,8A:15:04:58:0F:BF,6,-75,WEP
2026-03-19 22:05:54,19.5084686,-99.1269073,infinitum movil,8A:15:04:58:0F:B0,6,-76,OPEN
2026-03-19 22:05:54,19.5084686,-99.1269073,,F2:4B:8A:FC:13:1A,1,-78,UNKNOWN
2026-03-19 22:05:54,19.5084686,-99.1269073,IZZI-E3DD,F0:4B:8A:FC:13:6A,1,-79,WPA2_PSK
2026-03-19 22:05:54,19.5084686,-99.1269073,,A6:98:13:2A:F6:8A,6,-83,UNKNOWN
2026-03-19 22:05:54,19.5084686,-99.1269073,Tenda_0211D0,58:D9:D5:02:11:D1,3,-85,WPA_WPA2_PSK
2026-03-19 22:05:54,19.5084686,-99.1269073,INFINITUM8BDA,00:5F:67:74:48:B8,6,-85,WPA2_PSK
2026-03-19 22:05:54,19.5084686,-99.1269073,IZZI-DF2F,A4:98:13:7A:F6:8A,6,-85,WPA2_PSK
2026-03-19 22:05:54,19.5084686,-99.1269073,ALTOS 1 _EXT,40:AE:30:DF:07:AB,5,-86,WPA2_PSK
2026-03-19 22:05:54,19.5084686,-99.1269073,MC19474,30:3D:51:11:11:EA,7,-87,WPA_WPA2_PSK
2026-03-19 22:05:54,19.5084686,-99.1269073,R_MC5423,34:0A:9A:31:22:41,7,-88,WPA_WPA2_PSK
2026-03-19 22:05:54,19.5084686,-99.1269073,LDPTPWF01,3A:60:F9:E5:83:76,6,-89,WPA2_PSK
2026-03-19 22:05:54,19.5084686,-99.1269073,linksys,00:1A:70:67:AF:CA,11,-89,WPA2_PSK
2026-03-19 22:05:54,19.5084686,-99.1269073,,52:02:38:4A:38:79,8,-90,WPA2_PSK
2026-03-19 22:06:10,19.5084686,-99.1269073,Totalplay-4CB2,E6:82:10:61:2E:CC,11,-62,WPA2_PSK
2026-03-19 22:06:10,19.5084686,-99.1269073,,E6:82:10:61:2E:CE,11,-63,WPA2_PSK
2026-03-19 22:06:10,19.5084686,-99.1269073,Club_Totalplay_WiFi,E6:82:10:61:2E:CF,11,-63,OPEN
2026-03-19 22:06:10,19.5084686,-99.1269073,CGSTIC-WiFi-Cel,E2:8F:71:3A:34:34,2,-72,WPA2_PSK
2026-03-19 22:06:10,19.5084686,-99.1269073,INFINITUMC357,12:55:E4:1B:26:ED,1,-75,WPA2_PSK
2026-03-19 22:06:10,19.5084686,-99.1269073,,F2:4B:8A:FC:13:1A,1,-75,UNKNOWN
2026-03-19 22:06:10,19.5084686,-99.1269073,IZZI-E3DD,F0:4B:8A:FC:13:6A,1,-75,WPA2_PSK
2026-03-19 22:06:10,19.5084686,-99.1269073,,8A:15:04:58:0F:BF,6,-76,WEP
2026-03-19 22:06:10,19.5084686,-99.1269073,Cinves-WiFi,60:A4:B7:C8:AA:BC,1,-78,WPA_WPA2_PSK
2026-03-19 22:06:10,19.5084686,-99.1269073,Invitados Cinves,66:A4:B7:C8:AA:BC,1,-78,OPEN
2026-03-19 22:06:10,19.5084686,-99.1269073,infinitum movil,8A:15:04:58:0F:B0,6,-78,OPEN
2026-03-19 22:06:10,19.5084686,-99.1269073,,A6:98:13:2A:F6:8A,6,-80,UNKNOWN
2026-03-19 22:06:10,19.5084686,-99.1269073,R_MC5423,34:0A:9A:31:22:41,7,-82,WPA_WPA2_PSK
2026-03-19 22:06:10,19.5084686,-99.1269073,IZZI-DF2F,A4:98:13:7A:F6:8A,6,-84,WPA2_PSK
2026-03-19 22:06:10,19.5084686,-99.1269073,LBS-3 Cinvestav,DC:62:79:32:D0:56,4,-85,WPA2_PSK
2026-03-19 22:06:10,19.5084686,-99.1269073,Tenda_0211D0,58:D9:D5:02:11:D1,3,-86,WPA_WPA2_PSK
2026-03-19 22:06:10,19.5084686,-99.1269073,Cinves-WiFi,60:A4:B7:C8:AA:B6,11,-86,WPA_WPA2_PSK
2026-03-19 22:06:10,19.5084686,-99.1269073,,F2:A7:31:87:F3:FD,5,-88,WPA2_PSK
2026-03-19 22:06:10,19.5084686,-99.1269073,STARLINK,DA:EE:C2:27:55:5B,1,-89,OPEN
2026-03-19 22:06:10,19.5084686,-99.1269073,IZZI-CE74,D4:E2:CB:61:CE:78,1,-90,WPA2_PSK
2026-03-19 22:06:26,19.5084686,-99.1269073,CGSTIC-WiFi-Cel,E2:8F:71:3A:34:34,2,-71,WPA2_PSK
2026-03-19 22:06:26,19.5084686,-99.1269073,,E6:82:10:61:2E:CE,11,-73,WPA2_PSK
2026-03-19 22:06:26,19.5084686,-99.1269073,Club_Totalplay_WiFi,E6:82:10:61:2E:CF,11,-73,OPEN
2026-03-19 22:06:26,19.5084686,-99.1269073,Totalplay-4CB2,E6:82:10:61:2E:CC,11,-73,WPA2_PSK
2026-03-19 22:06:26,19.5084686,-99.1269073,,F2:4B:8A:FC:13:1A,1,-74,UNKNOWN
2026-03-19 22:06:26,19.5084686,-99.1269073,IZZI-E3DD,F0:4B:8A:FC:13:6A,1,-74,WPA2_PSK
2026-03-19 22:06:26,19.5084686,-99.1269073,HONOR Magic7 Lite,06:49:72:80:97:46,1,-75,WPA2_PSK
2026-03-19 22:06:26,19.5084686,-99.1269073,INFINITUMC357,12:55:E4:1B:26:ED,1,-77,WPA2_PSK
2026-03-19 22:06:26,19.5084686,-99.1269073,,8A:15:04:58:0F:BF,6,-77,WEP
2026-03-19 22:06:26,19.5084686,-99.1269073,infinitum movil,8A:15:04:58:0F:B0,6,-78,OPEN
2026-03-19 22:06:26,19.5084686,-99.1269073,Cinves-WiFi,60:A4:B7:C8:AA:BC,1,-79,WPA_WPA2_PSK
2026-03-19 22:06:26,19.5084686,-99.1269073,Cinves-WiFi,14:EB:B6:65:63:9E,1,-81,WPA_WPA2_PSK
2026-03-19 22:06:26,19.5084686,-99.1269073,Invitados Cinves,66:A4:B7:C8:AA:BC,1,-82,OPEN
2026-03-19 22:06:26,19.5084686,-99.1269073,Cinves-WiFi,60:A4:B7:C8:AA:B6,11,-85,WPA_WPA2_PSK
2026-03-19 22:06:26,19.5084686,-99.1269073,IZZI-DF2F,A4:98:13:7A:F6:8A,6,-86,WPA2_PSK
2026-03-19 22:06:26,19.5084686,-99.1269073,,A6:98:13:2A:F6:8A,6,-88,UNKNOWN
2026-03-19 22:06:26,19.5084686,-99.1269073,IZZI-CE74,D4:E2:CB:61:CE:78,1,-89,WPA2_PSK
2026-03-19 22:06:26,19.5084686,-99.1269073,,52:02:38:4A:38:79,8,-89,WPA2_PSK
2026-03-19 22:06:26,19.5084686,-99.1269073,Club_Totalplay_WiFi,6C:E8:74:5A:B7:23,8,-89,OPEN
2026-03-19 22:06:26,19.5084686,-99.1269073,Invitados Cinves,6E:FF:7B:32:CA:42,6,-90,OPEN
2026-03-19 22:06:26,19.5084686,-99.1269073,linksys,00:1A:70:67:AF:CA,11,-90,WPA2_PSK
2026-03-19 22:06:26,19.5084686,-99.1269073,Totalplay-C8AC,14:EB:08:9F:61:B0,11,-90,WPA2_PSK
2026-03-19 22:06:42,19.5084686,-99.1269073,,E6:82:10:61:2E:CE,11,-68,WPA2_PSK
2026-03-19 22:06:42,19.5084686,-99.1269073,Club_Totalplay_WiFi,E6:82:10:61:2E:CF,11,-69,OPEN
2026-03-19 22:06:42,19.5084686,-99.1269073,Totalplay-4CB2,E6:82:10:61:2E:CC,11,-69,WPA2_PSK
2026-03-19 22:06:42,19.5084686,-99.1269073,CGSTIC-WiFi-Cel,E2:8F:71:3A:34:34,2,-71,WPA2_PSK
2026-03-19 22:06:42,19.5084686,-99.1269073,,8A:15:04:58:0F:BF,6,-72,WEP
2026-03-19 22:06:42,19.5084686,-99.1269073,infinitum movil,8A:15:04:58:0F:B0,6,-76,OPEN
2026-03-19 22:06:42,19.5084686,-99.1269073,INFINITUMC357,12:55:E4:1B:26:ED,1,-77,WPA2_PSK
2026-03-19 22:06:42,19.5084686,-99.1269073,Cinves-WiFi,60:A4:B7:C8:AA:BC,1,-77,WPA_WPA2_PSK
2026-03-19 22:06:42,19.5084686,-99.1269073,,F2:4B:8A:FC:13:1A,1,-77,UNKNOWN
2026-03-19 22:06:42,19.5084686,-99.1269073,IZZI-E3DD,F0:4B:8A:FC:13:6A,1,-77,WPA2_PSK
2026-03-19 22:06:42,19.5084686,-99.1269073,Tenda_0211D0,58:D9:D5:02:11:D1,3,-81,WPA_WPA2_PSK
2026-03-19 22:06:42,19.5084686,-99.1269073,WFCDECONTROL,0C:80:63:75:2F:D3,11,-81,WPA_WPA2_PSK
2026-03-19 22:06:42,19.5084686,-99.1269073,INFINITUM8BDA,00:5F:67:74:48:B8,6,-82,WPA2_PSK
2026-03-19 22:06:42,19.5084686,-99.1269073,Cinves-WiFi,60:A4:B7:C8:AA:B6,11,-83,WPA_WPA2_PSK
2026-03-19 22:06:42,19.5084686,-99.1269073,IZZI-003C_EXT,7C:F1:7E:4A:7C:84,1,-86,WPA2_PSK
2026-03-19 22:06:42,19.5084686,-99.1269073,linksys,00:1A:70:67:AF:CA,11,-89,WPA2_PSK
2026-03-19 22:06:42,19.5084686,-99.1269073,Club_Totalplay_WiFi,A2:31:DB:54:81:C7,3,-90,OPEN
2026-03-19 22:06:42,19.5084686,-99.1269073,,DE:92:72:21:8D:CF,1,-92,UNKNOWN
2026-03-19 22:06:42,19.5084686,-99.1269073,IZZI-1354,40:0F:C1:62:13:58,1,-92,WPA2_PSK
2026-03-19 22:06:58,19.5084705,-99.1269073,CGSTIC-WiFi-Cel,E2:8F:71:3A:34:34,2,-73,WPA2_PSK
2026-03-19 22:06:58,19.5084705,-99.1269073,Totalplay-4CB2,E6:82:10:61:2E:CC,11,-73,WPA2_PSK
2026-03-19 22:06:58,19.5084705,-99.1269073,Club_Totalplay_WiFi,E6:82:10:61:2E:CF,11,-73,OPEN
2026-03-19 22:06:58,19.5084705,-99.1269073,Invitados Cinves,66:A4:B7:C8:AA:BC,1,-75,OPEN
2026-03-19 22:06:58,19.5084705,-99.1269073,,F2:4B:8A:FC:13:1A,1,-75,UNKNOWN
2026-03-19 22:06:58,19.5084705,-99.1269073,IZZI-E3DD,F0:4B:8A:FC:13:6A,1,-75,WPA2_PSK
2026-03-19 22:06:58,19.5084705,-99.1269073,,E6:82:10:61:2E:CE,11,-75,WPA2_PSK
2026-03-19 22:06:58,19.5084705,-99.1269073,INFINITUMC357,12:55:E4:1B:26:ED,1,-76,WPA2_PSK
2026-03-19 22:06:58,19.5084705,-99.1269073,,8A:15:04:58:0F:BF,6,-76,WEP
2026-03-19 22:06:58,19.5084705,-99.1269073,Cinves-WiFi,60:A4:B7:C8:AA:BC,1,-78,WPA_WPA2_PSK
2026-03-19 22:06:58,19.5084705,-99.1269073,infinitum movil,8A:15:04:58:0F:B0,6,-79,OPEN
2026-03-19 22:06:58,19.5084705,-99.1269073,Minicoopercam,CC:B8:5E:B1:78:02,11,-82,WPA2_PSK
2026-03-19 22:06:58,19.5084705,-99.1269073,INFINITUM8BDA,00:5F:67:74:48:B8,6,-84,WPA2_PSK
2026-03-19 22:06:58,19.5084705,-99.1269073,Invitados Cinves,66:A4:B7:C8:AA:B6,11,-84,OPEN
2026-03-19 22:06:58,19.5084705,-99.1269073,omni,52:0F:F5:7F:A2:91,6,-85,WPA_WPA2_PSK
2026-03-19 22:06:58,19.5084705,-99.1269073,Cinves-WiFi,14:EB:B6:65:63:9E,1,-86,WPA_WPA2_PSK
2026-03-19 22:06:58,19.5084705,-99.1269073,,6C:E8:74:60:A4:96,7,-86,WPA2_PSK
2026-03-19 22:06:58,19.5084705,-99.1269073,MC19474,30:3D:51:11:11:EA,7,-86,WPA_WPA2_PSK
2026-03-19 22:06:58,19.5084705,-99.1269073,R_MC5423,34:0A:9A:31:22:41,7,-87,WPA_WPA2_PSK
2026-03-19 22:06:58,19.5084705,-99.1269073,LDPTPWF01,3A:60:F9:E5:83:76,6,-88,WPA2_PSK
2026-03-19 22:06:58,19.5084705,-99.1269073,SALONES ALVI_2.4G,6C:E8:74:60:A4:94,7,-88,WPA_WPA2_PSK
2026-03-19 22:06:58,19.5084705,-99.1269073,linksys,00:1A:70:67:AF:CA,11,-89,WPA2_PSK
2026-03-19 22:06:58,19.5084705,-99.1269073,Totalplay-C8AC,14:EB:08:9F:61:B0,11,-92,WPA2_PSK
2026-03-19 22:07:14,19.5084705,-99.1269073,Club_Totalplay_WiFi,E6:82:10:61:2E:CF,11,-69,OPEN
2026-03-19 22:07:14,19.5084705,-99.1269073,Totalplay-4CB2,E6:82:10:61:2E:CC,11,-69,WPA2_PSK
2026-03-19 22:07:14,19.5084705,-99.1269073,CGSTIC-WiFi-Cel,E2:8F:71:3A:34:34,2,-70,WPA2_PSK
2026-03-19 22:07:14,19.5084705,-99.1269073,,E6:82:10:61:2E:CE,11,-70,WPA2_PSK
2026-03-19 22:07:14,19.5084705,-99.1269073,,8A:15:04:58:0F:BF,6,-73,WEP
2026-03-19 22:07:14,19.5084705,-99.1269073,,F2:4B:8A:FC:13:1A,1,-75,UNKNOWN
2026-03-19 22:07:14,19.5084705,-99.1269073,IZZI-E3DD,F0:4B:8A:FC:13:6A,1,-76,WPA2_PSK
2026-03-19 22:07:14,19.5084705,-99.1269073,infinitum movil,8A:15:04:58:0F:B0,6,-76,OPEN
2026-03-19 22:07:14,19.5084705,-99.1269073,Cinves-WiFi,60:A4:B7:C8:AA:BC,1,-77,WPA_WPA2_PSK
2026-03-19 22:07:14,19.5084705,-99.1269073,Cinves-WiFi,60:A4:B7:C8:AA:B6,11,-82,WPA_WPA2_PSK
2026-03-19 22:07:14,19.5084705,-99.1269073,IZZI-DF2F,A4:98:13:7A:F6:8A,6,-85,WPA2_PSK
2026-03-19 22:07:14,19.5084705,-99.1269073,ALTOS 1 _EXT,40:AE:30:DF:07:AB,5,-86,WPA2_PSK
2026-03-19 22:07:14,19.5084705,-99.1269073,,6C:E8:74:5A:B7:22,8,-86,WPA2_PSK
2026-03-19 22:07:14,19.5084705,-99.1269073,STARLINK,DA:EE:C2:27:55:5B,1,-88,OPEN
2026-03-19 22:07:14,19.5084705,-99.1269073,,DA:EE:C2:57:55:5B,1,-88,WPA2_PSK
2026-03-19 22:07:14,19.5084705,-99.1269073,Tenda_0211D0,58:D9:D5:02:11:D1,3,-88,WPA_WPA2_PSK
2026-03-19 22:07:14,19.5084705,-99.1269073,,6C:E8:74:60:A4:96,7,-88,WPA2_PSK
2026-03-19 22:07:14,19.5084705,-99.1269073,Megacable_2.4G_3530,34:36:54:9C:35:30,9,-88,WPA_WPA2_PSK
2026-03-19 22:07:14,19.5084705,-99.1269073,,8A:71:B1:2E:D9:E2,6,-89,UNKNOWN
2026-03-19 22:07:14,19.5084705,-99.1269073,linksys,00:1A:70:67:AF:CA,11,-90,WPA2_PSK
2026-03-19 22:07:14,19.5084705,-99.1269073,,00:4E:35:01:E7:C2,6,-91,WPA2_PSK
2026-03-19 22:07:14,19.5084705,-99.1269073,Mega_2.4G_5AAE,48:96:D9:24:5A:AE,3,-92,WPA_WPA2_PSK
2026-03-19 22:07:14,19.5084705,-99.1269073,IZZI-5654,40:0F:C1:1F:56:58,6,-93,WPA2_PSK
2026-03-19 22:07:30,19.5084705,-99.1268997,,E6:82:10:61:2E:CE,11,-71,WPA2_PSK
2026-03-19 22:07:30,19.5084705,-99.1268997,Invitados Cinves,66:A4:B7:C8:AA:BC,1,-73,OPEN
2026-03-19 22:07:30,19.5084705,-99.1268997,Totalplay-4CB2,E6:82:10:61:2E:CC,11,-73,WPA2_PSK
2026-03-19 22:07:30,19.5084705,-99.1268997,Club_Totalplay_WiFi,E6:82:10:61:2E:CF,11,-73,OPEN
2026-03-19 22:07:30,19.5084705,-99.1268997,IZZI-E3DD,F0:4B:8A:FC:13:6A,1,-75,WPA2_PSK
2026-03-19 22:07:30,19.5084705,-99.1268997,,8A:15:04:58:0F:BF,6,-76,WEP
2026-03-19 22:07:30,19.5084705,-99.1268997,,F2:4B:8A:FC:13:1A,1,-77,UNKNOWN
2026-03-19 22:07:30,19.5084705,-99.1268997,infinitum movil,8A:15:04:58:0F:B0,6,-78,OPEN
2026-03-19 22:07:30,19.5084705,-99.1268997,CGSTIC-WiFi-Cel,E2:8F:71:3A:34:34,2,-79,WPA2_PSK
2026-03-19 22:07:30,19.5084705,-99.1268997,WFCDECONTROL,0C:80:63:75:2F:D3,11,-82,WPA_WPA2_PSK
2026-03-19 22:07:30,19.5084705,-99.1268997,INFINITUM8BDA,00:5F:67:74:48:B8,6,-84,WPA2_PSK
2026-03-19 22:07:30,19.5084705,-99.1268997,ALTOS 1 _EXT,40:AE:30:DF:07:AB,5,-86,WPA2_PSK
2026-03-19 22:07:30,19.5084705,-99.1268997,Tenda_0211D0,58:D9:D5:02:11:D1,3,-88,WPA_WPA2_PSK
2026-03-19 22:07:30,19.5084705,-99.1268997,omni,52:0F:F5:7F:A2:91,6,-88,WPA_WPA2_PSK
2026-03-19 22:07:30,19.5084705,-99.1268997,SALONES ALVI_2.4G,6C:E8:74:60:A4:94,7,-88,WPA_WPA2_PSK
2026-03-19 22:07:30,19.5084705,-99.1268997,Club_Totalplay_WiFi,6C:E8:74:60:A4:97,7,-88,OPEN
2026-03-19 22:07:30,19.5084705,-99.1268997,IZZI-DF2F,A4:98:13:7A:F6:8A,6,-89,WPA2_PSK
2026-03-19 22:07:30,19.5084705,-99.1268997,MC19474,30:3D:51:11:11:EA,7,-89,WPA_WPA2_PSK
2026-03-19 22:07:46,19.5084705,-99.1269073,CGSTIC-WiFi-Cel,E2:8F:71:3A:34:34,2,-71,WPA2_PSK
2026-03-19 22:07:46,19.5084705,-99.1269073,,E6:82:10:61:2E:CE,11,-71,WPA2_PSK
2026-03-19 22:07:46,19.5084705,-99.1269073,Club_Totalplay_WiFi,E6:82:10:61:2E:CF,11,-71,OPEN
2026-03-19 22:07:46,19.5084705,-99.1269073,,8A:15:04:58:0F:BF,6,-72,WEP
2026-03-19 22:07:46,19.5084705,-99.1269073,Totalplay-4CB2,E6:82:10:61:2E:CC,11,-72,WPA2_PSK
2026-03-19 22:07:46,19.5084705,-99.1269073,Cinves-WiFi,60:A4:B7:C8:AA:BC,1,-75,WPA_WPA2_PSK
2026-03-19 22:07:46,19.5084705,-99.1269073,IZZI-E3DD,F0:4B:8A:FC:13:6A,1,-75,WPA2_PSK
2026-03-19 22:07:46,19.5084705,-99.1269073,Invitados Cinves,66:A4:B7:C8:AA:BC,1,-76,OPEN
2026-03-19 22:07:46,19.5084705,-99.1269073,infinitum movil,8A:15:04:58:0F:B0,6,-77,OPEN
2026-03-19 22:07:46,19.5084705,-99.1269073,WFCDECONTROL,0C:80:63:75:2F:D3,11,-78,WPA_WPA2_PSK
2026-03-19 22:07:46,19.5084705,-99.1269073,Tenda_0211D0,58:D9:D5:02:11:D1,3,-85,WPA_WPA2_PSK
2026-03-19 22:07:46,19.5084705,-99.1269073,,A6:98:13:2A:F6:8A,6,-85,UNKNOWN
2026-03-19 22:07:46,19.5084705,-99.1269073,Invitados Cinves,66:A4:B7:C8:AA:B6,11,-85,OPEN
2026-03-19 22:07:46,19.5084705,-99.1269073,ALTOS 1 _EXT,40:AE:30:DF:07:AB,5,-86,WPA2_PSK
2026-03-19 22:07:46,19.5084705,-99.1269073,DIRECT-40-HP M254 LaserJet,42:23:43:4E:08:40,6,-86,WPA2_PSK
2026-03-19 22:07:46,19.5084705,-99.1269073,IZZI-DF2F,A4:98:13:7A:F6:8A,6,-86,WPA2_PSK
2026-03-19 22:07:46,19.5084705,-99.1269073,R_MC5423,34:0A:9A:31:22:41,7,-86,WPA_WPA2_PSK
2026-03-19 22:07:46,19.5084705,-99.1269073,,8A:71:B1:2E:D9:E2,6,-87,UNKNOWN
2026-03-19 22:07:46,19.5084705,-99.1269073,INFINITUM8BDA,00:5F:67:74:48:B8,6,-87,WPA2_PSK
2026-03-19 22:07:46,19.5084705,-99.1269073,IZZI-DF34,88:71:B1:7E:D9:E2,6,-87,WPA2_PSK
2026-03-19 22:07:46,19.5084705,-99.1269073,MC19474,30:3D:51:11:11:EA,7,-87,WPA_WPA2_PSK
2026-03-19 22:07:46,19.5084705,-99.1269073,Cinves-WiFi,60:A4:B7:C8:AA:B6,11,-87,WPA_WPA2_PSK
2026-03-19 22:07:46,19.5084705,-99.1269073,,E2:62:79:32:D0:56,4,-88,WPA2_PSK
2026-03-19 22:07:46,19.5084705,-99.1269073,omni,52:0F:F5:7F:A2:91,6,-88,WPA_WPA2_PSK
2026-03-19 22:07:46,19.5084705,-99.1269073,Totalplay-C8AC,14:EB:08:9F:61:B0,11,-88,WPA2_PSK
2026-03-19 22:07:46,19.5084705,-99.1269073,,AE:42:A1:7C:B8:AA,5,-89,WPA2_PSK
2026-03-19 22:07:46,19.5084705,-99.1269073,,F2:A7:31:97:F3:FD,5,-89,WPA2_PSK
2026-03-19 22:07:46,19.5084705,-99.1269073,ALTOS 1 ,A8:42:A1:7C:B8:AA,5,-90,WPA2_PSK
2026-03-19 22:07:46,19.5084705,-99.1269073,,52:02:38:4A:38:79,8,-90,WPA2_PSK
2026-03-19 22:07:46,19.5084705,-99.1269073,INFINITUMDCAF_EXT,E8:48:B8:6C:A5:DF,11,-92,WPA2_PSK
2026-03-19 22:08:02,19.5084705,-99.1269073,,8A:15:04:58:0F:BF,6,-72,WEP
2026-03-19 22:08:02,19.5084705,-99.1269073,CGSTIC-WiFi-Cel,E2:8F:71:3A:34:34,2,-73,WPA2_PSK
2026-03-19 22:08:02,19.5084705,-99.1269073,,F2:4B:8A:FC:13:1A,1,-74,UNKNOWN
2026-03-19 22:08:02,19.5084705,-99.1269073,IZZI-E3DD,F0:4B:8A:FC:13:6A,1,-75,WPA2_PSK
2026-03-19 22:08:02,19.5084705,-99.1269073,infinitum movil,8A:15:04:58:0F:B0,6,-75,OPEN
2026-03-19 22:08:02,19.5084705,-99.1269073,Cinves-WiFi,60:A4:B7:C8:AA:BC,1,-76,WPA_WPA2_PSK
2026-03-19 22:08:02,19.5084705,-99.1269073,Totalplay-4CB2,E6:82:10:61:2E:CC,11,-76,WPA2_PSK
2026-03-19 22:08:02,19.5084705,-99.1269073,,E6:82:10:61:2E:CE,11,-78,WPA2_PSK
2026-03-19 22:08:02,19.5084705,-99.1269073,Club_Totalplay_WiFi,E6:82:10:61:2E:CF,11,-79,OPEN
2026-03-19 22:08:02,19.5084705,-99.1269073,Cinves-WiFi,60:A4:B7:C8:AA:B6,11,-82,WPA_WPA2_PSK
2026-03-19 22:08:02,19.5084705,-99.1269073,,A6:98:13:2A:F6:8A,6,-83,UNKNOWN
2026-03-19 22:08:02,19.5084705,-99.1269073,ALTOS 1 _EXT,40:AE:30:DF:07:AB,5,-84,WPA2_PSK
2026-03-19 22:08:02,19.5084705,-99.1269073,INFINITUM8BDA,00:5F:67:74:48:B8,6,-84,WPA2_PSK
2026-03-19 22:08:02,19.5084705,-99.1269073,SALONES ALVI_2.4G,6C:E8:74:60:A4:94,7,-87,WPA_WPA2_PSK
2026-03-19 22:08:02,19.5084705,-99.1269073,,E2:62:79:32:D0:56,4,-88,WPA2_PSK
2026-03-19 22:08:02,19.5084705,-99.1269073,,8A:71:B1:2E:D9:E2,6,-88,UNKNOWN
2026-03-19 22:08:02,19.5084705,-99.1269073,MC19387,30:3D:51:11:12:B3,7,-88,WPA_WPA2_PSK
2026-03-19 22:08:02,19.5084705,-99.1269073,Club_Totalplay_WiFi,6C:E8:74:60:A4:97,7,-90,OPEN
2026-03-19 22:08:02,19.5084705,-99.1269073,R_MC5423,34:0A:9A:31:22:41,7,-90,WPA_WPA2_PSK
2026-03-19 22:08:02,19.5084705,-99.1269073,ALTOS 1 ,A8:42:A1:7C:B8:AA,5,-91,WPA2_PSK
2026-03-19 22:08:18,19.5084705,-99.1269073,Totalplay-4CB2,E6:82:10:61:2E:CC,11,-70,WPA2_PSK
2026-03-19 22:08:18,19.5084705,-99.1269073,,E6:82:10:61:2E:CE,11,-70,WPA2_PSK
2026-03-19 22:08:18,19.5084705,-99.1269073,Club_Totalplay_WiFi,E6:82:10:61:2E:CF,11,-72,OPEN
2026-03-19 22:08:18,19.5084705,-99.1269073,,F2:4B:8A:FC:13:1A,1,-74,UNKNOWN
2026-03-19 22:08:18,19.5084705,-99.1269073,CGSTIC-WiFi-Cel,E2:8F:71:3A:34:34,2,-74,WPA2_PSK
2026-03-19 22:08:18,19.5084705,-99.1269073,IZZI-E3DD,F0:4B:8A:FC:13:6A,1,-75,WPA2_PSK
2026-03-19 22:08:18,19.5084705,-99.1269073,Invitados Cinves,66:A4:B7:C8:AA:BC,1,-76,OPEN
2026-03-19 22:08:18,19.5084705,-99.1269073,Cinves-WiFi,60:A4:B7:C8:AA:BC,1,-76,WPA_WPA2_PSK
2026-03-19 22:08:18,19.5084705,-99.1269073,,8A:15:04:58:0F:BF,6,-76,WEP
2026-03-19 22:08:18,19.5084705,-99.1269073,infinitum movil,8A:15:04:58:0F:B0,6,-77,OPEN
2026-03-19 22:08:18,19.5084705,-99.1269073,moto e13,26:D6:D5:7C:42:8E,11,-77,WPA2_WPA3_PSK
2026-03-19 22:08:18,19.5084705,-99.1269073,INFINITUMC357,12:55:E4:1B:26:ED,1,-78,WPA2_PSK
2026-03-19 22:08:18,19.5084705,-99.1269073,WFCDECONTROL,0C:80:63:75:2F:D3,11,-80,WPA_WPA2_PSK
2026-03-19 22:08:18,19.5084705,-99.1269073,R_MC5423,34:0A:9A:31:22:41,7,-83,WPA_WPA2_PSK
2026-03-19 22:08:18,19.5084705,-99.1269073,ALTOS 1 _EXT,40:AE:30:DF:07:AB,5,-84,WPA2_PSK
2026-03-19 22:08:18,19.5084705,-99.1269073,Cinves-WiFi,14:EB:B6:65:63:9E,1,-85,WPA_WPA2_PSK
2026-03-19 22:08:18,19.5084705,-99.1269073,Invitados Cinves,66:A4:B7:C8:AA:B6,11,-85,OPEN
2026-03-19 22:08:18,19.5084705,-99.1269073,IZZI-DF2F,A4:98:13:7A:F6:8A,6,-86,WPA2_PSK
2026-03-19 22:08:18,19.5084705,-99.1269073,,A6:98:13:2A:F6:8A,6,-87,UNKNOWN
2026-03-19 22:08:18,19.5084705,-99.1269073,Club_Totalplay_WiFi,6C:E8:74:60:A4:97,7,-87,OPEN
2026-03-19 22:08:18,19.5084705,-99.1269073,LBS-3 Cinvestav,DC:62:79:32:D0:56,4,-88,WPA2_PSK
2026-03-19 22:08:18,19.5084705,-99.1269073,,E2:62:79:32:D0:56,4,-88,WPA2_PSK
2026-03-19 22:08:18,19.5084705,-99.1269073,LDPTPWF01,3A:60:F9:E5:83:76,6,-88,WPA2_PSK
2026-03-19 22:08:18,19.5084705,-99.1269073,MC19474,30:3D:51:11:11:EA,7,-88,WPA_WPA2_PSK
2026-03-19 22:08:18,19.5084705,-99.1269073,Totalplay-DCAA,6C:E8:74:5A:B7:20,8,-88,WPA2_PSK
2026-03-19 22:08:18,19.5084705,-99.1269073,INFINITUM3532,D4:01:45:3D:A6:80,11,-88,WPA2_PSK
2026-03-19 22:08:18,19.5084705,-99.1269073,,8A:71:B1:2E:D9:E2,6,-89,UNKNOWN
2026-03-19 22:08:18,19.5084705,-99.1269073,DIRECT-40-HP M254 LaserJet,42:23:43:4E:08:40,6,-89,WPA2_PSK
2026-03-19 22:08:18,19.5084705,-99.1269073,omni,52:0F:F5:7F:A2:91,6,-89,WPA_WPA2_PSK
2026-03-19 22:08:18,19.5084705,-99.1269073,WIFIBRG001300487f4dIPC080,3A:54:F5:BD:77:4D,11,-89,WPA2_PSK
2026-03-19 22:08:18,19.5084705,-99.1269073,Cinves-WiFi,34:60:F9:E5:83:76,6,-90,WPA_WPA2_PSK
2026-03-19 22:08:18,19.5084705,-99.1269073,SALONES ALVI_2.4G,6C:E8:74:60:A4:94,7,-90,WPA_WPA2_PSK
2026-03-19 22:08:18,19.5084705,-99.1269073,Club_Totalplay_WiFi,6C:E8:74:5A:B7:23,8,-90,OPEN
2026-03-19 22:08:18,19.5084705,-99.1269073,linksys,00:1A:70:67:AF:CA,11,-90,WPA2_PSK
2026-03-19 22:08:18,19.5084705,-99.1269073,CASA AZUL,B4:0F:3B:AF:54:81,1,-91,WPA_WPA2_PSK
2026-03-19 22:08:18,19.5084705,-99.1269073,Totalplay-2.4G-0768,28:6E:DA:6F:07:68,6,-92,WPA2_PSK
2026-03-19 22:08:34,19.5084705,-99.1269073,Club_Totalplay_WiFi,E6:82:10:61:2E:CF,11,-72,OPEN
2026-03-19 22:08:34,19.5084705,-99.1269073,,E6:82:10:61:2E:CE,11,-72,WPA2_PSK
2026-03-19 22:08:34,19.5084705,-99.1269073,,8A:15:04:58:0F:BF,6,-73,WEP
2026-03-19 22:08:34,19.5084705,-99.1269073,Totalplay-4CB2,E6:82:10:61:2E:CC,11,-73,WPA2_PSK
2026-03-19 22:08:34,19.5084705,-99.1269073,INFINITUMC357,12:55:E4:1B:26:ED,1,-74,WPA2_PSK
2026-03-19 22:08:34,19.5084705,-99.1269073,CGSTIC-WiFi-Cel,E2:8F:71:3A:34:34,2,-74,WPA2_PSK
2026-03-19 22:08:34,19.5084705,-99.1269073,IZZI-E3DD,F0:4B:8A:FC:13:6A,1,-76,WPA2_PSK
2026-03-19 22:08:34,19.5084705,-99.1269073,,F2:4B:8A:FC:13:1A,1,-77,UNKNOWN
2026-03-19 22:08:34,19.5084705,-99.1269073,Invitados Cinves,66:A4:B7:C8:AA:BC,1,-77,OPEN
2026-03-19 22:08:34,19.5084705,-99.1269073,infinitum movil,8A:15:04:58:0F:B0,6,-77,OPEN
2026-03-19 22:08:34,19.5084705,-99.1269073,Cinves-WiFi,60:A4:B7:C8:AA:BC,1,-79,WPA_WPA2_PSK
2026-03-19 22:08:34,19.5084705,-99.1269073,ALTOS 1 _EXT,40:AE:30:DF:07:AB,5,-86,WPA2_PSK
2026-03-19 22:08:34,19.5084705,-99.1269073,Cinves-WiFi,14:EB:B6:65:63:9E,1,-87,WPA_WPA2_PSK
2026-03-19 22:08:34,19.5084705,-99.1269073,Tenda_0211D0,58:D9:D5:02:11:D1,3,-87,WPA_WPA2_PSK
2026-03-19 22:08:34,19.5084705,-99.1269073,,E2:62:79:32:D0:56,4,-87,WPA2_PSK
2026-03-19 22:08:34,19.5084705,-99.1269073,IZZI-DF2F,A4:98:13:7A:F6:8A,6,-87,WPA2_PSK
2026-03-19 22:08:34,19.5084705,-99.1269073,MC19474,30:3D:51:11:11:EA,7,-87,WPA_WPA2_PSK
2026-03-19 22:08:34,19.5084705,-99.1269073,R_MC5423,34:0A:9A:31:22:41,7,-87,WPA_WPA2_PSK
2026-03-19 22:08:34,19.5084705,-99.1269073,Cinves-WiFi,60:A4:B7:C8:AA:B6,11,-87,WPA_WPA2_PSK
2026-03-19 22:08:34,19.5084705,-99.1269073,Invitados Cinves,6E:FF:7B:32:CA:42,6,-88,OPEN
2026-03-19 22:08:34,19.5084705,-99.1269073,Cinves-WiFi,34:60:F9:E5:83:76,6,-88,WPA_WPA2_PSK
2026-03-19 22:08:34,19.5084705,-99.1269073,omni,52:0F:F5:7F:A2:91,6,-88,WPA_WPA2_PSK
2026-03-19 22:08:34,19.5084705,-99.1269073,,A6:98:13:2A:F6:8A,6,-88,UNKNOWN
2026-03-19 22:08:34,19.5084705,-99.1269073,Club_Totalplay_WiFi,6C:E8:74:60:A4:97,7,-88,OPEN
2026-03-19 22:08:34,19.5084705,-99.1269073,,F2:A7:31:97:F3:FD,5,-89,WPA2_PSK
2026-03-19 22:08:34,19.5084705,-99.1269073,linksys,00:1A:70:67:AF:CA,11,-89,WPA2_PSK
2026-03-19 22:08:34,19.5084705,-99.1269073,SALONES ALVI_2.4G,6C:E8:74:60:A4:94,7,-90,WPA_WPA2_PSK
2026-03-19 22:08:34,19.5084705,-99.1269073,Mega_2.4G_3922,48:96:D9:7E:39:22,4,-91,WPA_WPA2_PSK
2026-03-19 22:08:34,19.5084705,-99.1269073,,F2:A7:31:87:F3:FD,5,-91,WPA2_PSK
2026-03-19 22:08:34,19.5084705,-99.1269073,ALTOS 1 ,A8:42:A1:7C:B8:AA,5,-91,WPA2_PSK
2026-03-19 22:08:34,19.5084705,-99.1269073,INFINITUMDCAF_EXT,E8:48:B8:6C:A5:DF,11,-91,WPA2_PSK
2026-03-19 22:08:34,19.5084705,-99.1269073,INFINITUM3532,D4:01:45:3D:A6:80,11,-91,WPA2_PSK
2026-03-19 22:08:34,19.5084705,-99.1269073,MC19387,30:3D:51:11:12:B3,7,-92,WPA_WPA2_PSK
2026-03-19 22:08:34,19.5084705,-99.1269073,,52:02:38:4A:38:79,8,-93,WPA2_PSK
2026-03-19 22:08:50,19.5084705,-99.1269073,Totalplay-4CB2,E6:82:10:61:2E:CC,11,-68,WPA2_PSK
2026-03-19 22:08:50,19.5084705,-99.1269073,Club_Totalplay_WiFi,E6:82:10:61:2E:CF,11,-68,OPEN
2026-03-19 22:08:50,19.5084705,-99.1269073,,E6:82:10:61:2E:CE,11,-69,WPA2_PSK
2026-03-19 22:08:50,19.5084705,-99.1269073,Cinves-WiFi,60:A4:B7:C8:AA:BC,1,-76,WPA_WPA2_PSK
2026-03-19 22:08:50,19.5084705,-99.1269073,,F2:4B:8A:FC:13:1A,1,-76,UNKNOWN
2026-03-19 22:08:50,19.5084705,-99.1269073,,8A:15:04:58:0F:BF,6,-76,WEP
2026-03-19 22:08:50,19.5084705,-99.1269073,IZZI-E3DD,F0:4B:8A:FC:13:6A,1,-78,WPA2_PSK
2026-03-19 22:08:50,19.5084705,-99.1269073,INFINITUMC357,12:55:E4:1B:26:ED,1,-79,WPA2_PSK
2026-03-19 22:08:50,19.5084705,-99.1269073,infinitum movil,8A:15:04:58:0F:B0,6,-79,OPEN
2026-03-19 22:08:50,19.5084705,-99.1269073,Invitados Cinves,66:A4:B7:C8:AA:BC,1,-80,OPEN
2026-03-19 22:08:50,19.5084705,-99.1269073,Cinves-WiFi,60:A4:B7:C8:AA:B6,11,-81,WPA_WPA2_PSK
2026-03-19 22:08:50,19.5084705,-99.1269073,WFCDECONTROL,0C:80:63:75:2F:D3,11,-81,WPA_WPA2_PSK
2026-03-19 22:08:50,19.5084705,-99.1269073,Cinves-WiFi,14:EB:B6:65:63:9E,1,-85,WPA_WPA2_PSK
2026-03-19 22:08:50,19.5084705,-99.1269073,Tenda_0211D0,58:D9:D5:02:11:D1,3,-86,WPA_WPA2_PSK
2026-03-19 22:08:50,19.5084705,-99.1269073,Club_Totalplay_WiFi,6C:E8:74:60:A4:97,7,-87,OPEN
2026-03-19 22:08:50,19.5084705,-99.1269073,,E2:62:79:32:D0:56,4,-88,WPA2_PSK
2026-03-19 22:08:50,19.5084705,-99.1269073,LBS-3 Cinvestav,DC:62:79:32:D0:56,4,-88,WPA2_PSK
2026-03-19 22:08:50,19.5084705,-99.1269073,Invitados Cinves,6E:FF:7B:32:CA:42,6,-88,OPEN
2026-03-19 22:08:50,19.5084705,-99.1269073,R_MC5423,34:0A:9A:31:22:41,7,-88,WPA_WPA2_PSK
2026-03-19 22:08:50,19.5084705,-99.1269073,MC19474,30:3D:51:11:11:EA,7,-88,WPA_WPA2_PSK
2026-03-19 22:08:50,19.5084705,-99.1269073,MC19387,30:3D:51:11:12:B3,7,-88,WPA_WPA2_PSK
2026-03-19 22:08:50,19.5084705,-99.1269073,linksys,00:1A:70:67:AF:CA,11,-88,WPA2_PSK
2026-03-19 22:08:50,19.5084705,-99.1269073,IZZI-DF2F,A4:98:13:7A:F6:8A,6,-89,WPA2_PSK
2026-03-19 22:08:50,19.5084705,-99.1269073,Cinves-WiFi,68:FF:7B:32:CA:42,6,-89,WPA_WPA2_PSK
2026-03-19 22:08:50,19.5084705,-99.1269073,LDPTPWF01,3A:60:F9:E5:83:76,6,-89,WPA2_PSK
2026-03-19 22:08:50,19.5084705,-99.1269073,Cinves-WiFi,74:FE:CE:69:FB:0A,1,-90,WPA_WPA2_PSK
2026-03-19 22:08:50,19.5084705,-99.1269073,Cinves-WiFi,34:60:F9:E5:83:76,6,-90,WPA_WPA2_PSK
2026-03-19 22:09:06,19.5084705,-99.1269073,,E6:82:10:61:2E:CE,11,-70,WPA2_PSK
2026-03-19 22:09:06,19.5084705,-99.1269073,Club_Totalplay_WiFi,E6:82:10:61:2E:CF,11,-70,OPEN
2026-03-19 22:09:06,19.5084705,-99.1269073,Totalplay-4CB2,E6:82:10:61:2E:CC,11,-70,WPA2_PSK
2026-03-19 22:09:06,19.5084705,-99.1269073,,8A:15:04:58:0F:BF,6,-74,WEP
2026-03-19 22:09:06,19.5084705,-99.1269073,,F2:4B:8A:FC:13:1A,1,-75,UNKNOWN
2026-03-19 22:09:06,19.5084705,-99.1269073,IZZI-E3DD,F0:4B:8A:FC:13:6A,1,-76,WPA2_PSK
2026-03-19 22:09:06,19.5084705,-99.1269073,Cinves-WiFi,60:A4:B7:C8:AA:BC,1,-76,WPA_WPA2_PSK
2026-03-19 22:09:06,19.5084705,-99.1269073,Invitados Cinves,66:A4:B7:C8:AA:BC,1,-77,OPEN
2026-03-19 22:09:06,19.5084705,-99.1269073,CGSTIC-WiFi-Cel,E2:8F:71:3A:34:34,2,-77,WPA2_PSK
2026-03-19 22:09:06,19.5084705,-99.1269073,infinitum movil,8A:15:04:58:0F:B0,6,-77,OPEN
2026-03-19 22:09:06,19.5084705,-99.1269073,INFINITUMC357,12:55:E4:1B:26:ED,1,-80,WPA2_PSK
2026-03-19 22:09:06,19.5084705,-99.1269073,WFCDECONTROL,0C:80:63:75:2F:D3,11,-81,WPA_WPA2_PSK
2026-03-19 22:09:06,19.5084705,-99.1269073,INFINITUM8BDA,00:5F:67:74:48:B8,6,-84,WPA2_PSK
2026-03-19 22:09:06,19.5084705,-99.1269073,R_MC5423,34:0A:9A:31:22:41,7,-86,WPA_WPA2_PSK
2026-03-19 22:09:06,19.5084705,-99.1269073,Cinves-WiFi,14:EB:B6:65:63:9E,1,-88,WPA_WPA2_PSK
2026-03-19 22:09:06,19.5084705,-99.1269073,LBS-3 Cinvestav,DC:62:79:32:D0:56,4,-88,WPA2_PSK
2026-03-19 22:09:06,19.5084705,-99.1269073,,A6:98:13:2A:F6:8A,6,-88,UNKNOWN
2026-03-19 22:09:06,19.5084705,-99.1269073,,E2:62:79:32:D0:56,4,-89,WPA2_PSK
2026-03-19 22:09:06,19.5084705,-99.1269073,ALTOS 1 _EXT,40:AE:30:DF:07:AB,5,-89,WPA2_PSK
2026-03-19 22:09:06,19.5084705,-99.1269073,LDPTPWF01,3A:60:F9:E5:83:76,6,-89,WPA2_PSK
2026-03-19 22:09:06,19.5084705,-99.1269073,MC19387,30:3D:51:11:12:B3,7,-89,WPA_WPA2_PSK
2026-03-19 22:09:06,19.5084705,-99.1269073,LBS-3 Cinvestav,DC:62:79:32:8D:F2,4,-90,WPA2_PSK
2026-03-19 22:09:06,19.5084705,-99.1269073,ALTOS 1 ,A8:42:A1:7C:B8:AA,5,-90,WPA2_PSK
2026-03-19 22:09:06,19.5084705,-99.1269073,,F2:A7:31:97:F3:FD,5,-92,WPA2_PSK
2026-03-19 22:09:22,19.5084705,-99.1269073,Club_Totalplay_WiFi,E6:82:10:61:2E:CF,11,-69,OPEN
2026-03-19 22:09:22,19.5084705,-99.1269073,Totalplay-4CB2,E6:82:10:61:2E:CC,11,-69,WPA2_PSK
2026-03-19 22:09:22,19.5084705,-99.1269073,,E6:82:10:61:2E:CE,11,-70,WPA2_PSK
2026-03-19 22:09:22,19.5084705,-99.1269073,IZZI-E3DD,F0:4B:8A:FC:13:6A,1,-72,WPA2_PSK
2026-03-19 22:09:22,19.5084705,-99.1269073,CGSTIC-WiFi-Cel,E2:8F:71:3A:34:34,2,-72,WPA2_PSK
2026-03-19 22:09:22,19.5084705,-99.1269073,,F2:4B:8A:FC:13:1A,1,-74,UNKNOWN
2026-03-19 22:09:22,19.5084705,-99.1269073,INFINITUMC357,12:55:E4:1B:26:ED,1,-76,WPA2_PSK
2026-03-19 22:09:22,19.5084705,-99.1269073,Cinves-WiFi,60:A4:B7:C8:AA:BC,1,-79,WPA_WPA2_PSK
2026-03-19 22:09:22,19.5084705,-99.1269073,,8A:15:04:58:0F:BF,6,-79,WEP
2026-03-19 22:09:22,19.5084705,-99.1269073,IZZI-DF2F,A4:98:13:7A:F6:8A,6,-83,WPA2_PSK
2026-03-19 22:09:22,19.5084705,-99.1269073,Tenda_0211D0,58:D9:D5:02:11:D1,3,-85,WPA_WPA2_PSK
2026-03-19 22:09:22,19.5084705,-99.1269073,ALTOS 1 _EXT,40:AE:30:DF:07:AB,5,-86,WPA2_PSK
2026-03-19 22:09:22,19.5084705,-99.1269073,,AE:42:A1:7C:B8:AA,5,-86,WPA2_PSK
2026-03-19 22:09:22,19.5084705,-99.1269073,R_MC5423,34:0A:9A:31:22:41,7,-86,WPA_WPA2_PSK
2026-03-19 22:09:22,19.5084705,-99.1269073,MC19474,30:3D:51:11:11:EA,7,-87,WPA_WPA2_PSK
2026-03-19 22:09:22,19.5084705,-99.1269073,,E2:62:79:32:D0:56,4,-88,WPA2_PSK
2026-03-19 22:09:22,19.5084705,-99.1269073,LDPTPWF01,3A:60:F9:E5:83:76,6,-89,WPA2_PSK
2026-03-19 22:09:22,19.5084705,-99.1269073,Club_Totalplay_WiFi,6C:E8:74:60:A4:97,7,-89,OPEN
2026-03-19 22:09:22,19.5084705,-99.1269073,,A6:98:13:2A:F6:8A,6,-92,UNKNOWN
2026-03-19 22:09:38,19.5084705,-99.1269073,,E6:82:10:61:2E:CE,11,-64,WPA2_PSK
2026-03-19 22:09:38,19.5084705,-99.1269073,Club_Totalplay_WiFi,E6:82:10:61:2E:CF,11,-65,OPEN
2026-03-19 22:09:38,19.5084705,-99.1269073,Totalplay-4CB2,E6:82:10:61:2E:CC,11,-66,WPA2_PSK
2026-03-19 22:09:38,19.5084705,-99.1269073,,F2:4B:8A:FC:13:1A,1,-72,UNKNOWN
2026-03-19 22:09:38,19.5084705,-99.1269073,IZZI-E3DD,F0:4B:8A:FC:13:6A,1,-73,WPA2_PSK
2026-03-19 22:09:38,19.5084705,-99.1269073,Cinves-WiFi,60:A4:B7:C8:AA:BC,1,-74,WPA_WPA2_PSK
2026-03-19 22:09:38,19.5084705,-99.1269073,Invitados Cinves,66:A4:B7:C8:AA:BC,1,-75,OPEN
2026-03-19 22:09:38,19.5084705,-99.1269073,INFINITUMC357,12:55:E4:1B:26:ED,1,-76,WPA2_PSK
2026-03-19 22:09:38,19.5084705,-99.1269073,,8A:15:04:58:0F:BF,6,-79,WEP
2026-03-19 22:09:38,19.5084705,-99.1269073,infinitum movil,8A:15:04:58:0F:B0,6,-80,OPEN
2026-03-19 22:09:38,19.5084705,-99.1269073,,A6:98:13:2A:F6:8A,6,-80,UNKNOWN
2026-03-19 22:09:38,19.5084705,-99.1269073,Tenda_0211D0,58:D9:D5:02:11:D1,3,-82,WPA_WPA2_PSK
2026-03-19 22:09:38,19.5084705,-99.1269073,WFCDECONTROL,0C:80:63:75:2F:D3,11,-84,WPA_WPA2_PSK
2026-03-19 22:09:38,19.5084705,-99.1269073,IZZI-DF2F,A4:98:13:7A:F6:8A,6,-85,WPA2_PSK
2026-03-19 22:09:38,19.5084705,-99.1269073,R_MC5423,34:0A:9A:31:22:41,7,-85,WPA_WPA2_PSK
2026-03-19 22:09:38,19.5084705,-99.1269073,MC19387,30:3D:51:11:12:B3,7,-86,WPA_WPA2_PSK
2026-03-19 22:09:38,19.5084705,-99.1269073,MC19474,30:3D:51:11:11:EA,7,-87,WPA_WPA2_PSK
2026-03-19 22:09:38,19.5084705,-99.1269073,,AE:42:A1:7C:B8:A6,5,-88,WPA2_PSK
2026-03-19 22:09:38,19.5084705,-99.1269073,Totalplay-C8AC,14:EB:08:9F:61:B0,11,-89,WPA2_PSK
2026-03-19 22:09:38,19.5084705,-99.1269073,,DE:92:72:21:8D:CF,1,-90,UNKNOWN
2026-03-19 22:09:38,19.5084705,-99.1269073,linksys,00:1A:70:67:AF:CA,11,-90,WPA2_PSK
2026-03-19 22:09:54,19.5084705,-99.1269073,,8A:15:04:58:0F:BF,6,-73,WEP
2026-03-19 22:09:54,19.5084705,-99.1269073,,E6:82:10:61:2E:CE,11,-73,WPA2_PSK
2026-03-19 22:09:54,19.5084705,-99.1269073,Club_Totalplay_WiFi,E6:82:10:61:2E:CF,11,-73,OPEN
2026-03-19 22:09:54,19.5084705,-99.1269073,Totalplay-4CB2,E6:82:10:61:2E:CC,11,-73,WPA2_PSK
2026-03-19 22:09:54,19.5084705,-99.1269073,infinitum movil,8A:15:04:58:0F:B0,6,-75,OPEN
2026-03-19 22:09:54,19.5084705,-99.1269073,Invitados Cinves,66:A4:B7:C8:AA:BC,1,-76,OPEN
2026-03-19 22:09:54,19.5084705,-99.1269073,Cinves-WiFi,60:A4:B7:C8:AA:BC,1,-76,WPA_WPA2_PSK
2026-03-19 22:09:54,19.5084705,-99.1269073,,F2:4B:8A:FC:13:1A,1,-76,UNKNOWN
2026-03-19 22:09:54,19.5084705,-99.1269073,IZZI-E3DD,F0:4B:8A:FC:13:6A,1,-76,WPA2_PSK
2026-03-19 22:09:54,19.5084705,-99.1269073,CGSTIC-WiFi-Cel,E2:8F:71:3A:34:34,3,-76,WPA2_PSK
2026-03-19 22:09:54,19.5084705,-99.1269073,Cinves-WiFi,60:A4:B7:C8:AA:B6,11,-81,WPA_WPA2_PSK
2026-03-19 22:09:54,19.5084705,-99.1269073,Invitados Cinves,66:A4:B7:C8:AA:B6,11,-81,OPEN
2026-03-19 22:09:54,19.5084705,-99.1269073,WiFi Hotspot 0528,BC:82:5D:6D:F3:E3,6,-83,WPA2_PSK
2026-03-19 22:09:54,19.5084705,-99.1269073,MC19474,30:3D:51:11:11:EA,7,-84,WPA_WPA2_PSK
2026-03-19 22:09:54,19.5084705,-99.1269073,MC19387,30:3D:51:11:12:B3,7,-86,WPA_WPA2_PSK
2026-03-19 22:09:54,19.5084705,-99.1269073,linksys,00:1A:70:67:AF:CA,11,-86,WPA2_PSK
2026-03-19 22:09:54,19.5084705,-99.1269073,Tenda_0211D0,58:D9:D5:02:11:D1,3,-87,WPA_WPA2_PSK
2026-03-19 22:09:54,19.5084705,-99.1269073,INFINITUM8BDA,00:5F:67:74:48:B8,6,-87,WPA2_PSK
2026-03-19 22:09:54,19.5084705,-99.1269073,R_MC5423,34:0A:9A:31:22:41,7,-87,WPA_WPA2_PSK
2026-03-19 22:09:54,19.5084705,-99.1269073,LBS-3 Cinvestav,DC:62:79:32:D0:56,4,-88,WPA2_PSK
2026-03-19 22:09:54,19.5084705,-99.1269073,omni,52:0F:F5:7F:A2:91,6,-88,WPA_WPA2_PSK
2026-03-19 22:09:54,19.5084705,-99.1269073,Red Wi-Fi de Lizette,E8:8D:28:5F:F1:09,6,-88,WPA2_PSK
2026-03-19 22:09:54,19.5084705,-99.1269073,Mega_2.4G_5AAE,48:96:D9:24:5A:AE,3,-89,WPA_WPA2_PSK
2026-03-19 22:09:54,19.5084705,-99.1269073,Cinves-WiFi,68:FF:7B:32:CA:42,6,-89,WPA_WPA2_PSK
2026-03-19 22:09:54,19.5084705,-99.1269073,Club_Totalplay_WiFi,6C:E8:74:60:A4:97,7,-89,OPEN
2026-03-19 22:09:54,19.5084705,-99.1269073,,6C:E8:74:60:A4:96,7,-89,WPA2_PSK
2026-03-19 22:09:54,19.5084705,-99.1269073,IZZI-CE74,D4:E2:CB:61:CE:78,11,-89,WPA2_PSK
2026-03-19 22:09:54,19.5084705,-99.1269073,,E2:62:79:32:D0:56,4,-90,WPA2_PSK
2026-03-19 22:09:54,19.5084705,-99.1269073,IZZI-DF2F,A4:98:13:7A:F6:8A,6,-90,WPA2_PSK
2026-03-19 22:09:54,19.5084705,-99.1269073,,60:A6:C5:2F:9C:DF,1,-93,WPA2_PSK
2026-03-19 22:10:10,19.5084705,-99.1269073,Totalplay-4CB2,E6:82:10:61:2E:CC,11,-63,WPA2_PSK
2026-03-19 22:10:10,19.5084705,-99.1269073,Club_Totalplay_WiFi,E6:82:10:61:2E:CF,11,-63,OPEN
2026-03-19 22:10:10,19.5084705,-99.1269073,,E6:82:10:61:2E:CE,11,-63,WPA2_PSK
2026-03-19 22:10:10,19.5084705,-99.1269073,CGSTIC-WiFi-Cel,E2:8F:71:3A:34:34,3,-70,WPA2_PSK
2026-03-19 22:10:10,19.5084705,-99.1269073,,8A:15:04:58:0F:BF,6,-73,WEP
2026-03-19 22:10:10,19.5084705,-99.1269073,IZZI-E3DD,F0:4B:8A:FC:13:6A,1,-74,WPA2_PSK
2026-03-19 22:10:10,19.5084705,-99.1269073,infinitum movil,8A:15:04:58:0F:B0,6,-76,OPEN
2026-03-19 22:10:10,19.5084705,-99.1269073,INFINITUMC357,12:55:E4:1B:26:ED,1,-80,WPA2_PSK
2026-03-19 22:10:10,19.5084705,-99.1269073,Cinves-WiFi,60:A4:B7:C8:AA:BC,1,-80,WPA_WPA2_PSK
2026-03-19 22:10:10,19.5084705,-99.1269073,Invitados Cinves,66:A4:B7:C8:AA:BC,1,-80,OPEN
2026-03-19 22:10:10,19.5084705,-99.1269073,WFCDECONTROL,0C:80:63:75:2F:D3,11,-81,WPA_WPA2_PSK
2026-03-19 22:10:10,19.5084705,-99.1269073,Cinves-WiFi,34:60:F9:E5:83:76,6,-82,WPA_WPA2_PSK
2026-03-19 22:10:10,19.5084705,-99.1269073,,A6:98:13:2A:F6:8A,6,-82,UNKNOWN
2026-03-19 22:10:10,19.5084705,-99.1269073,Cinves-WiFi,14:EB:B6:65:63:9E,1,-83,WPA_WPA2_PSK
2026-03-19 22:10:10,19.5084705,-99.1269073,INFINITUM8BDA,00:5F:67:74:48:B8,6,-83,WPA2_PSK
2026-03-19 22:10:10,19.5084705,-99.1269073,IZZI-DF2F,A4:98:13:7A:F6:8A,6,-83,WPA2_PSK
2026-03-19 22:10:10,19.5084705,-99.1269073,LDPTPWF01,3A:60:F9:E5:83:76,6,-84,WPA2_PSK
2026-03-19 22:10:10,19.5084705,-99.1269073,MC19387,30:3D:51:11:12:B3,7,-84,WPA_WPA2_PSK
2026-03-19 22:10:10,19.5084705,-99.1269073,Cinves-WiFi,60:A4:B7:C8:AA:B6,11,-84,WPA_WPA2_PSK
2026-03-19 22:10:10,19.5084705,-99.1269073,R_MC5423,34:0A:9A:31:22:41,7,-85,WPA_WPA2_PSK
2026-03-19 22:10:10,19.5084705,-99.1269073,Invitados Cinves,6E:FF:7B:32:CA:42,6,-86,OPEN
2026-03-19 22:10:10,19.5084705,-99.1269073,MC19474,30:3D:51:11:11:EA,7,-86,WPA_WPA2_PSK
2026-03-19 22:10:10,19.5084705,-99.1269073,STARLINK,DA:EE:C2:27:55:5B,1,-87,OPEN
2026-03-19 22:10:10,19.5084705,-99.1269073,Cinves-WiFi,68:FF:7B:32:CA:42,6,-87,WPA_WPA2_PSK
2026-03-19 22:10:10,19.5084705,-99.1269073,SALONES ALVI_2.4G,6C:E8:74:60:A4:94,7,-87,WPA_WPA2_PSK
2026-03-19 22:10:10,19.5084705,-99.1269073,Club_Totalplay_WiFi,6C:E8:74:60:A4:97,7,-87,OPEN
2026-03-19 22:10:10,19.5084705,-99.1269073,,66:DB:F7:C3:1C:59,10,-87,WPA2_PSK
2026-03-19 22:10:10,19.5084705,-99.1269073,Mega_2.4G_5AAE,48:96:D9:24:5A:AE,3,-88,WPA_WPA2_PSK
2026-03-19 22:10:10,19.5084705,-99.1269073,,AE:42:A1:7C:B8:A6,5,-88,WPA2_PSK
2026-03-19 22:10:10,19.5084705,-99.1269073,,AE:42:A1:7C:B8:AA,5,-89,WPA2_PSK
2026-03-19 22:10:10,19.5084705,-99.1269073,ALTOS 1 ,A8:42:A1:7C:B8:AA,5,-89,WPA2_PSK
2026-03-19 22:10:10,19.5084705,-99.1269073,,52:02:38:4A:38:79,8,-89,WPA2_PSK
2026-03-19 22:10:10,19.5084705,-99.1269073,linksys,00:1A:70:67:AF:CA,11,-89,WPA2_PSK
2026-03-19 22:10:10,19.5084705,-99.1269073,Megacable_2.4G_D7F4,C0:B1:01:EF:D7:F4,3,-90,WPA_WPA2_PSK
2026-03-19 22:10:10,19.5084705,-99.1269073,INFINITUM3532,D4:01:45:3D:A6:80,11,-91,WPA2_PSK
2026-03-19 22:10:10,19.5084705,-99.1269073,,F2:A7:31:97:F3:FD,5,-92,WPA2_PSK
2026-03-19 22:10:26,19.5084724,-99.1269073,Totalplay-4CB2,E6:82:10:61:2E:CC,11,-63,WPA2_PSK
2026-03-19 22:10:26,19.5084724,-99.1269073,,E6:82:10:61:2E:CE,11,-63,WPA2_PSK
2026-03-19 22:10:26,19.5084724,-99.1269073,Club_Totalplay_WiFi,E6:82:10:61:2E:CF,11,-64,OPEN
2026-03-19 22:10:26,19.5084724,-99.1269073,CGSTIC-WiFi-Cel,E2:8F:71:3A:34:34,3,-71,WPA2_PSK
2026-03-19 22:10:26,19.5084724,-99.1269073,,8A:15:04:58:0F:BF,6,-73,WEP
2026-03-19 22:10:26,19.5084724,-99.1269073,IZZI-E3DD,F0:4B:8A:FC:13:6A,1,-74,WPA2_PSK
2026-03-19 22:10:26,19.5084724,-99.1269073,,F2:4B:8A:FC:13:1A,1,-76,UNKNOWN
2026-03-19 22:10:26,19.5084724,-99.1269073,Cinves-WiFi,60:A4:B7:C8:AA:BC,1,-76,WPA_WPA2_PSK
2026-03-19 22:10:26,19.5084724,-99.1269073,infinitum movil,8A:15:04:58:0F:B0,6,-77,OPEN
2026-03-19 22:10:26,19.5084724,-99.1269073,Invitados Cinves,66:A4:B7:C8:AA:BC,1,-78,OPEN
2026-03-19 22:10:26,19.5084724,-99.1269073,WFCDECONTROL,0C:80:63:75:2F:D3,11,-79,WPA_WPA2_PSK
2026-03-19 22:10:26,19.5084724,-99.1269073,Totoros a bordo,2A:03:EB:E3:DE:A5,6,-80,WPA2_PSK
2026-03-19 22:10:26,19.5084724,-99.1269073,MC19474,30:3D:51:11:11:EA,7,-84,WPA_WPA2_PSK
2026-03-19 22:10:26,19.5084724,-99.1269073,IZZI-DF2F,A4:98:13:7A:F6:8A,6,-85,WPA2_PSK
2026-03-19 22:10:26,19.5084724,-99.1269073,,A6:98:13:2A:F6:8A,6,-85,UNKNOWN
2026-03-19 22:10:26,19.5084724,-99.1269073,ALTOS 1 ,A8:42:A1:7C:B8:AA,5,-86,WPA2_PSK
2026-03-19 22:10:26,19.5084724,-99.1269073,,AE:42:A1:7C:B8:AA,5,-86,WPA2_PSK
2026-03-19 22:10:26,19.5084724,-99.1269073,R_MC5423,34:0A:9A:31:22:41,7,-86,WPA_WPA2_PSK
2026-03-19 22:10:26,19.5084724,-99.1269073,MC19387,30:3D:51:11:12:B3,7,-87,WPA_WPA2_PSK
2026-03-19 22:10:26,19.5084724,-99.1269073,Tenda_0211D0,58:D9:D5:02:11:D1,3,-88,WPA_WPA2_PSK
2026-03-19 22:10:26,19.5084724,-99.1269073,ALTOS 1 _EXT,40:AE:30:DF:07:AB,5,-89,WPA2_PSK
2026-03-19 22:10:26,19.5084724,-99.1269073,DIRECT-40-HP M254 LaserJet,42:23:43:4E:08:40,6,-89,WPA2_PSK
2026-03-19 22:10:26,19.5084724,-99.1269073,LBS-3 Cinvestav,DC:62:79:32:D0:56,4,-90,WPA2_PSK
2026-03-19 22:10:26,19.5084724,-99.1269073,Cinves-WiFi,68:FF:7B:32:CA:42,6,-92,WPA_WPA2_PSK
2026-03-19 22:10:26,19.5084724,-99.1269073,,6C:E8:74:5A:B7:22,8,-92,WPA2_PSK
2026-03-19 22:10:42,19.5084724,-99.1269073,,E6:82:10:61:2E:CE,11,-68,WPA2_PSK
2026-03-19 22:10:42,19.5084724,-99.1269073,Club_Totalplay_WiFi,E6:82:10:61:2E:CF,11,-68,OPEN
2026-03-19 22:10:42,19.5084724,-99.1269073,Totalplay-4CB2,E6:82:10:61:2E:CC,11,-69,WPA2_PSK
2026-03-19 22:10:42,19.5084724,-99.1269073,CGSTIC-WiFi-Cel,E2:8F:71:3A:34:34,3,-72,WPA2_PSK
2026-03-19 22:10:42,19.5084724,-99.1269073,My VW 3059,DA:10:68:64:9B:45,6,-76,WPA2_PSK
2026-03-19 22:10:42,19.5084724,-99.1269073,INFINITUMC357,12:55:E4:1B:26:ED,1,-77,WPA2_PSK
2026-03-19 22:10:42,19.5084724,-99.1269073,,F2:4B:8A:FC:13:1A,1,-79,UNKNOWN
2026-03-19 22:10:42,19.5084724,-99.1269073,INFINITUM8BDA,00:5F:67:74:48:B8,6,-80,WPA2_PSK
2026-03-19 22:10:42,19.5084724,-99.1269073,IZZI-E3DD,F0:4B:8A:FC:13:6A,1,-81,WPA2_PSK
2026-03-19 22:10:42,19.5084724,-99.1269073,WFCDECONTROL,0C:80:63:75:2F:D3,11,-81,WPA_WPA2_PSK
2026-03-19 22:10:42,19.5084724,-99.1269073,Invitados Cinves,66:A4:B7:C8:AA:BC,1,-82,OPEN
2026-03-19 22:10:42,19.5084724,-99.1269073,LBS-3 Cinvestav,DC:62:79:32:D0:56,4,-82,WPA2_PSK
2026-03-19 22:10:42,19.5084724,-99.1269073,omni,52:0F:F5:7F:A2:91,6,-84,WPA_WPA2_PSK
2026-03-19 22:10:42,19.5084724,-99.1269073,R_MC5423,34:0A:9A:31:22:41,7,-84,WPA_WPA2_PSK
2026-03-19 22:10:42,19.5084724,-99.1269073,ALTOS 1 ,A8:42:A1:7C:B8:AA,5,-86,WPA2_PSK
2026-03-19 22:10:42,19.5084724,-99.1269073,DIRECT-40-HP M254 LaserJet,42:23:43:4E:08:40,6,-86,WPA2_PSK
2026-03-19 22:10:42,19.5084724,-99.1269073,Cinves-WiFi,34:60:F9:E5:83:76,6,-86,WPA_WPA2_PSK
2026-03-19 22:10:42,19.5084724,-99.1269073,MC19387,30:3D:51:11:12:B3,7,-86,WPA_WPA2_PSK
2026-03-19 22:10:42,19.5084724,-99.1269073,linksys,00:1A:70:67:AF:CA,11,-86,WPA2_PSK
2026-03-19 22:10:42,19.5084724,-99.1269073,Cinves-WiFi,14:EB:B6:65:63:9E,1,-87,WPA_WPA2_PSK
2026-03-19 22:10:42,19.5084724,-99.1269073,Audi_MMI_4152,12:E8:A7:41:FE:CC,6,-87,WPA2_PSK
2026-03-19 22:10:42,19.5084724,-99.1269073,Cinves-WiFi,68:FF:7B:32:CA:42,6,-88,WPA_WPA2_PSK
2026-03-19 22:10:42,19.5084724,-99.1269073,Invitados Cinves,6E:FF:7B:32:CA:42,6,-90,OPEN
2026-03-19 22:10:42,19.5084724,-99.1269073,,62:06:C3:8E:7B:5D,10,-91,WPA2_PSK
2026-03-19 22:10:42,19.5084724,-99.1269073,IZZI-1354,40:0F:C1:62:13:58,1,-94,WPA2_PSK
2026-03-19 22:10:58,19.5084724,-99.1269073,Totalplay-4CB2,E6:82:10:61:2E:CC,11,-64,WPA2_PSK
2026-03-19 22:10:58,19.5084724,-99.1269073,Club_Totalplay_WiFi,E6:82:10:61:2E:CF,11,-65,OPEN
2026-03-19 22:10:58,19.5084724,-99.1269073,,E6:82:10:61:2E:CE,11,-65,WPA2_PSK
2026-03-19 22:10:58,19.5084724,-99.1269073,,F2:4B:8A:FC:13:1A,1,-74,UNKNOWN
2026-03-19 22:10:58,19.5084724,-99.1269073,CGSTIC-WiFi-Cel,E2:8F:71:3A:34:34,3,-75,WPA2_PSK
2026-03-19 22:10:58,19.5084724,-99.1269073,Invitados Cinves,66:A4:B7:C8:AA:BC,1,-78,OPEN
2026-03-19 22:10:58,19.5084724,-99.1269073,Cinves-WiFi,60:A4:B7:C8:AA:BC,1,-78,WPA_WPA2_PSK
2026-03-19 22:10:58,19.5084724,-99.1269073,infinitum movil,8A:15:04:58:0F:B0,6,-78,OPEN
2026-03-19 22:10:58,19.5084724,-99.1269073,INFINITUMC357,12:55:E4:1B:26:ED,1,-80,WPA2_PSK
2026-03-19 22:10:58,19.5084724,-99.1269073,IZZI-E3DD,F0:4B:8A:FC:13:6A,1,-81,WPA2_PSK
2026-03-19 22:10:58,19.5084724,-99.1269073,Invitados Cinves,66:A4:B7:C8:AA:B6,11,-81,OPEN
2026-03-19 22:10:58,19.5084724,-99.1269073,INFINITUM8BDA,00:5F:67:74:48:B8,6,-83,WPA2_PSK
2026-03-19 22:10:58,19.5084724,-99.1269073,Samsara,FC:DB:21:2E:06:EE,6,-84,WPA2_PSK
2026-03-19 22:10:58,19.5084724,-99.1269073,Audi_MMI_4152,12:E8:A7:41:FE:CC,6,-85,WPA2_PSK
2026-03-19 22:10:58,19.5084724,-99.1269073,MC19474,30:3D:51:11:11:EA,7,-85,WPA_WPA2_PSK
2026-03-19 22:10:58,19.5084724,-99.1269073,Tenda_0211D0,58:D9:D5:02:11:D1,3,-86,WPA_WPA2_PSK
2026-03-19 22:10:58,19.5084724,-99.1269073,,E2:62:79:32:D0:56,4,-86,WPA2_PSK
2026-03-19 22:10:58,19.5084724,-99.1269073,LDPTPWF01,3A:60:F9:E5:83:76,6,-86,WPA2_PSK
2026-03-19 22:10:58,19.5084724,-99.1269073,R_MC5423,34:0A:9A:31:22:41,7,-86,WPA_WPA2_PSK
2026-03-19 22:10:58,19.5084724,-99.1269073,SALONES ALVI_2.4G,6C:E8:74:60:A4:94,7,-87,WPA_WPA2_PSK
2026-03-19 22:10:58,19.5084724,-99.1269073,STARLINK,DA:EE:C2:27:55:5B,1,-88,OPEN
2026-03-19 22:10:58,19.5084724,-99.1269073,,00:4E:35:01:E7:C2,1,-89,WPA2_PSK
2026-03-19 22:10:58,19.5084724,-99.1269073,Invitados Cinves,6E:FF:7B:32:CA:42,6,-89,OPEN
2026-03-19 22:10:58,19.5084724,-99.1269073,Cinves-WiFi,14:EB:B6:65:63:9E,1,-90,WPA_WPA2_PSK
2026-03-19 22:10:58,19.5084724,-99.1269073,Ale t 2,96:78:39:36:88:50,1,-91,WPA2_PSK
2026-03-19 22:11:14,19.5084724,-99.1269073,Totalplay-4CB2,E6:82:10:61:2E:CC,11,-69,WPA2_PSK
2026-03-19 22:11:14,19.5084724,-99.1269073,Carplay,30:DF:17:96:84:72,9,-70,WPA2_WPA3_PSK
2026-03-19 22:11:14,19.5084724,-99.1269073,Club_Totalplay_WiFi,E6:82:10:61:2E:CF,11,-70,OPEN
2026-03-19 22:11:14,19.5084724,-99.1269073,,E6:82:10:61:2E:CE,11,-70,WPA2_PSK
2026-03-19 22:11:14,19.5084724,-99.1269073,,F2:4B:8A:FC:13:1A,1,-73,UNKNOWN
2026-03-19 22:11:14,19.5084724,-99.1269073,CGSTIC-WiFi-Cel,E2:8F:71:3A:34:34,3,-75,WPA2_PSK
2026-03-19 22:11:14,19.5084724,-99.1269073,INFINITUMC357,12:55:E4:1B:26:ED,1,-76,WPA2_PSK
2026-03-19 22:11:14,19.5084724,-99.1269073,,8A:15:04:58:0F:BF,6,-78,WEP
2026-03-19 22:11:14,19.5084724,-99.1269073,Cinves-WiFi,60:A4:B7:C8:AA:BC,1,-79,WPA_WPA2_PSK
2026-03-19 22:11:14,19.5084724,-99.1269073,Samsara,FC:DB:21:2E:06:EE,6,-79,WPA2_PSK
2026-03-19 22:11:14,19.5084724,-99.1269073,infinitum movil,8A:15:04:58:0F:B0,6,-79,OPEN
2026-03-19 22:11:14,19.5084724,-99.1269073,IZZI-E3DD,F0:4B:8A:FC:13:6A,1,-80,WPA2_PSK
2026-03-19 22:11:14,19.5084724,-99.1269073,WFCDECONTROL,0C:80:63:75:2F:D3,11,-81,WPA_WPA2_PSK
2026-03-19 22:11:14,19.5084724,-99.1269073,INFINITUM8BDA,00:5F:67:74:48:B8,6,-82,WPA2_PSK
2026-03-19 22:11:14,19.5084724,-99.1269073,LBS-3 Cinvestav,DC:62:79:32:D0:56,4,-85,WPA2_PSK
2026-03-19 22:11:14,19.5084724,-99.1269073,MC19387,30:3D:51:11:12:B3,7,-86,WPA_WPA2_PSK
2026-03-19 22:11:14,19.5084724,-99.1269073,R_MC5423,34:0A:9A:31:22:41,7,-86,WPA_WPA2_PSK
2026-03-19 22:11:14,19.5084724,-99.1269073,Invitados Cinves,66:A4:B7:C8:AA:B6,11,-86,OPEN
2026-03-19 22:11:14,19.5084724,-99.1269073,ALTOS 1 _EXT,40:AE:30:DF:07:AB,5,-87,WPA2_PSK
2026-03-19 22:11:14,19.5084724,-99.1269073,,AE:42:A1:7C:B8:AA,5,-87,WPA2_PSK
2026-03-19 22:11:14,19.5084724,-99.1269073,IZZI-DF2F,A4:98:13:7A:F6:8A,6,-87,WPA2_PSK
2026-03-19 22:11:14,19.5084724,-99.1269073,,A6:98:13:2A:F6:8A,6,-87,UNKNOWN
2026-03-19 22:11:14,19.5084724,-99.1269073,,E2:62:79:32:D0:56,4,-89,WPA2_PSK
2026-03-19 22:11:14,19.5084724,-99.1269073,Club_Totalplay_WiFi,28:6E:DA:6F:07:69,6,-89,OPEN
2026-03-19 22:11:14,19.5084724,-99.1269073,INFINITUM3532,D4:01:45:3D:A6:80,11,-89,WPA2_PSK
2026-03-19 22:11:14,19.5084724,-99.1269073,MC19474,30:3D:51:11:11:EA,7,-91,WPA_WPA2_PSK
2026-03-19 22:11:14,19.5084724,-99.1269073,Audi_MMI_4152,12:E8:A7:41:FE:CC,6,-92,WPA2_PSK
2026-03-19 22:11:30,19.5084724,-99.1269073,Totalplay-4CB2,E6:82:10:61:2E:CC,11,-68,WPA2_PSK
2026-03-19 22:11:30,19.5084724,-99.1269073,Club_Totalplay_WiFi,E6:82:10:61:2E:CF,11,-68,OPEN
2026-03-19 22:11:30,19.5084724,-99.1269073,,E6:82:10:61:2E:CE,11,-68,WPA2_PSK
2026-03-19 22:11:30,19.5084724,-99.1269073,CGSTIC-WiFi-Cel,E2:8F:71:3A:34:34,3,-73,WPA2_PSK
2026-03-19 22:11:30,19.5084724,-99.1269073,INFINITUMC357,12:55:E4:1B:26:ED,1,-74,WPA2_PSK
2026-03-19 22:11:30,19.5084724,-99.1269073,Samsara,FC:DB:21:2E:06:EE,6,-74,WPA2_PSK
2026-03-19 22:11:30,19.5084724,-99.1269073,,F2:4B:8A:FC:13:1A,1,-75,UNKNOWN
2026-03-19 22:11:30,19.5084724,-99.1269073,IZZI-E3DD,F0:4B:8A:FC:13:6A,1,-76,WPA2_PSK
2026-03-19 22:11:30,19.5084724,-99.1269073,Cinves-WiFi,60:A4:B7:C8:AA:BC,1,-77,WPA_WPA2_PSK
2026-03-19 22:11:30,19.5084724,-99.1269073,Invitados Cinves,66:A4:B7:C8:AA:BC,1,-79,OPEN
2026-03-19 22:11:30,19.5084724,-99.1269073,WFCDECONTROL,0C:80:63:75:2F:D3,11,-81,WPA_WPA2_PSK
2026-03-19 22:11:30,19.5084724,-99.1269073,INFINITUM8BDA,00:5F:67:74:48:B8,6,-82,WPA2_PSK
2026-03-19 22:11:30,19.5084724,-99.1269073,infinitum movil,8A:15:04:58:0F:B0,6,-82,OPEN
2026-03-19 22:11:30,19.5084724,-99.1269073,MC19387,30:3D:51:11:12:B3,7,-85,WPA_WPA2_PSK
2026-03-19 22:11:30,19.5084724,-99.1269073,,AE:42:A1:7C:B8:AA,5,-86,WPA2_PSK
2026-03-19 22:11:30,19.5084724,-99.1269073,ALTOS 1 _EXT,40:AE:30:DF:07:AB,5,-86,WPA2_PSK
2026-03-19 22:11:30,19.5084724,-99.1269073,ALTOS 1 ,A8:42:A1:7C:B8:AA,5,-87,WPA2_PSK
2026-03-19 22:11:30,19.5084724,-99.1269073,MC19474,30:3D:51:11:11:EA,7,-87,WPA_WPA2_PSK
2026-03-19 22:11:30,19.5084724,-99.1269073,R_MC5423,34:0A:9A:31:22:41,7,-88,WPA_WPA2_PSK
2026-03-19 22:11:30,19.5084724,-99.1269073,Club_Totalplay_WiFi,6C:E8:74:60:A4:97,7,-88,OPEN
2026-03-19 22:11:30,19.5084724,-99.1269073,linksys,00:1A:70:67:AF:CA,11,-88,WPA2_PSK
2026-03-19 22:11:30,19.5084724,-99.1269073,,8A:71:B1:2E:D9:E2,6,-89,UNKNOWN
2026-03-19 22:11:30,19.5084724,-99.1269073,Cinves-WiFi,34:60:F9:E5:83:76,6,-89,WPA_WPA2_PSK
2026-03-19 22:11:30,19.5084724,-99.1269073,,DE:92:72:21:8D:CF,1,-90,UNKNOWN
2026-03-19 22:11:30,19.5084724,-99.1269073,WIFIBRG001300487f4dIPC080,3A:54:F5:BD:77:4D,11,-90,WPA2_PSK
2026-03-19 22:11:30,19.5084724,-99.1269073,,A6:98:13:2A:F6:8A,6,-92,UNKNOWN
2026-03-19 22:11:30,19.5084724,-99.1269073,,6C:E8:74:60:A4:96,7,-92,WPA2_PSK
2026-03-19 22:11:30,19.5084724,-99.1269073,Totalplay-4FAB,C4:E2:87:59:15:0C,7,-92,WPA2_PSK
2026-03-19 22:11:46,19.5084724,-99.1269073,,E6:82:10:61:2E:CE,11,-68,WPA2_PSK
2026-03-19 22:11:46,19.5084724,-99.1269073,Club_Totalplay_WiFi,E6:82:10:61:2E:CF,11,-69,OPEN
2026-03-19 22:11:46,19.5084724,-99.1269073,Totalplay-4CB2,E6:82:10:61:2E:CC,11,-69,WPA2_PSK
2026-03-19 22:11:46,19.5084724,-99.1269073,CGSTIC-WiFi-Cel,E2:8F:71:3A:34:34,3,-70,WPA2_PSK
2026-03-19 22:11:46,19.5084724,-99.1269073,,8A:15:04:58:0F:BF,6,-74,WEP
2026-03-19 22:11:46,19.5084724,-99.1269073,IZZI-E3DD,F0:4B:8A:FC:13:6A,1,-75,WPA2_PSK
2026-03-19 22:11:46,19.5084724,-99.1269073,Cinves-WiFi,60:A4:B7:C8:AA:BC,1,-76,WPA_WPA2_PSK
2026-03-19 22:11:46,19.5084724,-99.1269073,,F2:4B:8A:FC:13:1A,1,-76,UNKNOWN
2026-03-19 22:11:46,19.5084724,-99.1269073,Invitados Cinves,66:A4:B7:C8:AA:BC,1,-76,OPEN
2026-03-19 22:11:46,19.5084724,-99.1269073,infinitum movil,8A:15:04:58:0F:B0,6,-78,OPEN
2026-03-19 22:11:46,19.5084724,-99.1269073,WFCDECONTROL,0C:80:63:75:2F:D3,11,-80,WPA_WPA2_PSK
2026-03-19 22:11:46,19.5084724,-99.1269073,INFINITUM8BDA,00:5F:67:74:48:B8,6,-82,WPA2_PSK
2026-03-19 22:11:46,19.5084724,-99.1269073,INFINITUMC357,12:55:E4:1B:26:ED,1,-83,WPA2_PSK
2026-03-19 22:11:46,19.5084724,-99.1269073,Cinves-WiFi,14:EB:B6:65:63:9E,1,-85,WPA_WPA2_PSK
2026-03-19 22:11:46,19.5084724,-99.1269073,R_MC5423,34:0A:9A:31:22:41,7,-86,WPA_WPA2_PSK
2026-03-19 22:11:46,19.5084724,-99.1269073,Carplay,30:DF:17:96:84:72,9,-86,WPA2_WPA3_PSK
2026-03-19 22:11:46,19.5084724,-99.1269073,ALTOS 1 _EXT,40:AE:30:DF:07:AB,5,-87,WPA2_PSK
2026-03-19 22:11:46,19.5084724,-99.1269073,,A6:98:13:2A:F6:8A,6,-87,UNKNOWN
2026-03-19 22:11:46,19.5084724,-99.1269073,Invitados Cinves,6E:FF:7B:32:CA:42,6,-87,OPEN
2026-03-19 22:11:46,19.5084724,-99.1269073,Cinves-WiFi,34:60:F9:E5:83:76,6,-87,WPA_WPA2_PSK
2026-03-19 22:11:46,19.5084724,-99.1269073,LBS-3 Cinvestav,DC:62:79:32:D0:56,4,-89,WPA2_PSK
2026-03-19 22:11:46,19.5084724,-99.1269073,Tenda_0211D0,58:D9:D5:02:11:D1,3,-90,WPA_WPA2_PSK
2026-03-19 22:11:46,19.5084724,-99.1269073,linksys,00:1A:70:67:AF:CA,11,-91,WPA2_PSK
2026-03-19 22:12:02,19.5084724,-99.1269073,CGSTIC-WiFi-Cel,E2:8F:71:3A:34:34,3,-70,WPA2_PSK
2026-03-19 22:12:02,19.5084724,-99.1269073,Totalplay-4CB2,E6:82:10:61:2E:CC,11,-70,WPA2_PSK
2026-03-19 22:12:02,19.5084724,-99.1269073,Club_Totalplay_WiFi,E6:82:10:61:2E:CF,11,-70,OPEN
2026-03-19 22:12:02,19.5084724,-99.1269073,,E6:82:10:61:2E:CE,11,-70,WPA2_PSK
2026-03-19 22:12:02,19.5084724,-99.1269073,Samsara,FC:DB:21:2E:06:EE,6,-77,WPA2_PSK
2026-03-19 22:12:02,19.5084724,-99.1269073,,F2:4B:8A:FC:13:1A,1,-78,UNKNOWN
2026-03-19 22:12:02,19.5084724,-99.1269073,,8A:15:04:58:0F:BF,6,-79,WEP
2026-03-19 22:12:02,19.5084724,-99.1269073,IZZI-E3DD,F0:4B:8A:FC:13:6A,1,-80,WPA2_PSK
2026-03-19 22:12:02,19.5084724,-99.1269073,infinitum movil,8A:15:04:58:0F:B0,6,-80,OPEN
2026-03-19 22:12:02,19.5084724,-99.1269073,Carplay,30:DF:17:96:84:72,9,-81,WPA2_WPA3_PSK
2026-03-19 22:12:02,19.5084724,-99.1269073,WFCDECONTROL,0C:80:63:75:2F:D3,11,-81,WPA_WPA2_PSK
2026-03-19 22:12:02,19.5084724,-99.1269073,Cinves-WiFi,60:A4:B7:C8:AA:BC,1,-84,WPA_WPA2_PSK
2026-03-19 22:12:02,19.5084724,-99.1269073,ALTOS 1 _EXT,40:AE:30:DF:07:AB,5,-86,WPA2_PSK
2026-03-19 22:12:02,19.5084724,-99.1269073,omni,52:0F:F5:7F:A2:91,6,-86,WPA_WPA2_PSK
2026-03-19 22:12:02,19.5084724,-99.1269073,MC19474,30:3D:51:11:11:EA,7,-86,WPA_WPA2_PSK
2026-03-19 22:12:02,19.5084724,-99.1269073,,E2:62:79:32:D0:56,4,-87,WPA2_PSK
2026-03-19 22:12:02,19.5084724,-99.1269073,IZZI-DF2F,A4:98:13:7A:F6:8A,6,-87,WPA2_PSK
2026-03-19 22:12:02,19.5084724,-99.1269073,,A6:98:13:2A:F6:8A,6,-87,UNKNOWN
2026-03-19 22:12:02,19.5084724,-99.1269073,Invitados Cinves,66:A4:B7:C8:AA:B6,11,-87,OPEN
2026-03-19 22:12:02,19.5084724,-99.1269073,STARLINK,DA:EE:C2:27:55:5B,1,-88,OPEN
2026-03-19 22:12:02,19.5084724,-99.1269073,MC19387,30:3D:51:11:12:B3,7,-88,WPA_WPA2_PSK
2026-03-19 22:12:02,19.5084724,-99.1269073,INFINITUM8BDA,00:5F:67:74:48:B8,6,-89,WPA2_PSK
2026-03-19 22:12:02,19.5084724,-99.1269073,cdc-wifinet,60:E3:27:B6:DE:72,6,-90,WPA_WPA2_PSK
2026-03-19 22:12:02,19.5084724,-99.1269073,ALTOS 1 ,A8:42:A1:7C:B8:AA,5,-93,WPA2_PSK
2026-03-19 22:12:02,19.5084724,-99.1269073,linksys,00:1A:70:67:AF:CA,11,-94,WPA2_PSK
2026-03-19 22:12:18,19.5084724,-99.1269073,Club_Totalplay_WiFi,E6:82:10:61:2E:CF,11,-68,OPEN
2026-03-19 22:12:18,19.5084724,-99.1269073,,E6:82:10:61:2E:CE,11,-68,WPA2_PSK
2026-03-19 22:12:18,19.5084724,-99.1269073,Totalplay-4CB2,E6:82:10:61:2E:CC,11,-69,WPA2_PSK
2026-03-19 22:12:18,19.5084724,-99.1269073,,8A:15:04:58:0F:BF,6,-73,WEP
2026-03-19 22:12:18,19.5084724,-99.1269073,IZZI-E3DD,F0:4B:8A:FC:13:6A,1,-75,WPA2_PSK
2026-03-19 22:12:18,19.5084724,-99.1269073,,F2:4B:8A:FC:13:1A,1,-75,UNKNOWN
2026-03-19 22:12:18,19.5084724,-99.1269073,infinitum movil,8A:15:04:58:0F:B0,6,-76,OPEN
2026-03-19 22:12:18,19.5084724,-99.1269073,Invitados Cinves,66:A4:B7:C8:AA:BC,1,-77,OPEN
2026-03-19 22:12:18,19.5084724,-99.1269073,CGSTIC-WiFi-Cel,E2:8F:71:3A:34:34,3,-77,WPA2_PSK
2026-03-19 22:12:18,19.5084724,-99.1269073,Cinves-WiFi,60:A4:B7:C8:AA:BC,1,-79,WPA_WPA2_PSK
2026-03-19 22:12:18,19.5084724,-99.1269073,Cinves-WiFi,14:EB:B6:65:63:9E,1,-82,WPA_WPA2_PSK
2026-03-19 22:12:18,19.5084724,-99.1269073,R_MC5423,34:0A:9A:31:22:41,7,-83,WPA_WPA2_PSK
2026-03-19 22:12:18,19.5084724,-99.1269073,Invitados Cinves,66:A4:B7:C8:AA:B6,11,-83,OPEN
2026-03-19 22:12:18,19.5084724,-99.1269073,Tenda_0211D0,58:D9:D5:02:11:D1,3,-86,WPA_WPA2_PSK
2026-03-19 22:12:18,19.5084724,-99.1269073,ALTOS 1 _EXT,40:AE:30:DF:07:AB,5,-88,WPA2_PSK
2026-03-19 22:12:18,19.5084724,-99.1269073,LBS-3 Cinvestav,DC:62:79:32:D0:56,4,-89,WPA2_PSK
2026-03-19 22:12:18,19.5084724,-99.1269073,,E2:62:79:32:D0:56,4,-91,WPA2_PSK
2026-03-19 22:12:18,19.5084724,-99.1269073,,F2:A7:31:87:F3:FD,5,-91,WPA2_PSK
2026-03-19 22:12:34,19.5084724,-99.1269073,Totalplay-4CB2,E6:82:10:61:2E:CC,11,-69,WPA2_PSK
2026-03-19 22:12:34,19.5084724,-99.1269073,Club_Totalplay_WiFi,E6:82:10:61:2E:CF,11,-69,OPEN
2026-03-19 22:12:34,19.5084724,-99.1269073,,E6:82:10:61:2E:CE,11,-69,WPA2_PSK
2026-03-19 22:12:34,19.5084724,-99.1269073,,8A:15:04:58:0F:BF,6,-74,WEP
2026-03-19 22:12:34,19.5084724,-99.1269073,IZZI-E3DD,F0:4B:8A:FC:13:6A,1,-76,WPA2_PSK
2026-03-19 22:12:34,19.5084724,-99.1269073,,F2:4B:8A:FC:13:1A,1,-77,UNKNOWN
2026-03-19 22:12:34,19.5084724,-99.1269073,CGSTIC-WiFi-Cel,E2:8F:71:3A:34:34,3,-77,WPA2_PSK
2026-03-19 22:12:34,19.5084724,-99.1269073,infinitum movil,8A:15:04:58:0F:B0,6,-77,OPEN
2026-03-19 22:12:34,19.5084724,-99.1269073,Invitados Cinves,66:A4:B7:C8:AA:BC,1,-79,OPEN
2026-03-19 22:12:34,19.5084724,-99.1269073,Cinves-WiFi,60:A4:B7:C8:AA:BC,1,-80,WPA_WPA2_PSK
2026-03-19 22:12:34,19.5084724,-99.1269073,WFCDECONTROL,0C:80:63:75:2F:D3,11,-80,WPA_WPA2_PSK
2026-03-19 22:12:34,19.5084724,-99.1269073,INFINITUMC357,12:55:E4:1B:26:ED,1,-81,WPA2_PSK
2026-03-19 22:12:34,19.5084724,-99.1269073,ALTOS 1 _EXT,40:AE:30:DF:07:AB,5,-83,WPA2_PSK
2026-03-19 22:12:34,19.5084724,-99.1269073,IZZI-DF2F,A4:98:13:7A:F6:8A,6,-83,WPA2_PSK
2026-03-19 22:12:34,19.5084724,-99.1269073,MC19387,30:3D:51:11:12:B3,7,-86,WPA_WPA2_PSK
2026-03-19 22:12:34,19.5084724,-99.1269073,,E2:62:79:32:D0:56,4,-87,WPA2_PSK
2026-03-19 22:12:34,19.5084724,-99.1269073,LDPTPWF01,3A:60:F9:E5:83:76,6,-88,WPA2_PSK
2026-03-19 22:12:34,19.5084724,-99.1269073,omni,52:0F:F5:7F:A2:91,6,-88,WPA_WPA2_PSK
2026-03-19 22:12:34,19.5084724,-99.1269073,ALTOS 1 ,A8:42:A1:7C:B8:A6,5,-89,WPA2_PSK
2026-03-19 22:12:34,19.5084724,-99.1269073,SALONES ALVI_2.4G,6C:E8:74:60:A4:94,7,-89,WPA_WPA2_PSK
2026-03-19 22:12:34,19.5084724,-99.1269073,,6C:E8:74:60:A4:96,7,-89,WPA2_PSK
2026-03-19 22:12:34,19.5084724,-99.1269073,STARLINK,DA:EE:C2:27:55:5B,1,-90,OPEN
2026-03-19 22:12:34,19.5084724,-99.1269073,LBS-3 Cinvestav,DC:62:79:32:D0:56,4,-90,WPA2_PSK
2026-03-19 22:12:34,19.5084724,-99.1269073,Cinves-WiFi,68:FF:7B:32:CA:42,6,-90,WPA_WPA2_PSK
2026-03-19 22:12:34,19.5084724,-99.1269073,Cinves-WiFi,74:FE:CE:69:FB:0A,1,-91,WPA_WPA2_PSK
2026-03-19 22:12:34,19.5084724,-99.1269073,,AE:42:A1:7C:B8:AA,5,-91,WPA2_PSK
2026-03-19 22:12:50,19.5084724,-99.1269073,,E6:82:10:61:2E:CE,11,-69,WPA2_PSK
2026-03-19 22:12:50,19.5084724,-99.1269073,Totalplay-4CB2,E6:82:10:61:2E:CC,11,-71,WPA2_PSK
2026-03-19 22:12:50,19.5084724,-99.1269073,,F2:4B:8A:FC:13:1A,1,-74,UNKNOWN
2026-03-19 22:12:50,19.5084724,-99.1269073,,8A:15:04:58:0F:BF,6,-74,WEP
2026-03-19 22:12:50,19.5084724,-99.1269073,Club_Totalplay_WiFi,E6:82:10:61:2E:CF,11,-74,OPEN
2026-03-19 22:12:50,19.5084724,-99.1269073,Cinves-WiFi,60:A4:B7:C8:AA:BC,1,-77,WPA_WPA2_PSK
2026-03-19 22:12:50,19.5084724,-99.1269073,Invitados Cinves,66:A4:B7:C8:AA:BC,1,-77,OPEN
2026-03-19 22:12:50,19.5084724,-99.1269073,infinitum movil,8A:15:04:58:0F:B0,6,-77,OPEN
2026-03-19 22:12:50,19.5084724,-99.1269073,IZZI-E3DD,F0:4B:8A:FC:13:6A,1,-78,WPA2_PSK
2026-03-19 22:12:50,19.5084724,-99.1269073,CGSTIC-WiFi-Cel,E2:8F:71:3A:34:34,3,-79,WPA2_PSK
2026-03-19 22:12:50,19.5084724,-99.1269073,Cinves-WiFi,14:EB:B6:65:63:9E,1,-83,WPA_WPA2_PSK
2026-03-19 22:12:50,19.5084724,-99.1269073,LDPTPWF01,3A:60:F9:E5:83:76,6,-83,WPA2_PSK
2026-03-19 22:12:50,19.5084724,-99.1269073,R_MC5423,34:0A:9A:31:22:41,7,-86,WPA_WPA2_PSK
2026-03-19 22:12:50,19.5084724,-99.1269073,ALTOS 1 ,A8:42:A1:7C:B8:AA,5,-87,WPA2_PSK
2026-03-19 22:12:50,19.5084724,-99.1269073,INFINITUM8BDA,00:5F:67:74:48:B8,6,-87,WPA2_PSK
2026-03-19 22:12:50,19.5084724,-99.1269073,IZZI-DF2F,A4:98:13:7A:F6:8A,6,-87,WPA2_PSK
2026-03-19 22:12:50,19.5084724,-99.1269073,INFINITUM62FA,D4:01:45:40:83:00,1,-88,WPA2_PSK
2026-03-19 22:12:50,19.5084724,-99.1269073,,E2:62:79:32:D0:56,4,-89,WPA2_PSK
2026-03-19 22:12:50,19.5084724,-99.1269073,linksys,00:1A:70:67:AF:CA,11,-89,WPA2_PSK
2026-03-19 22:12:50,19.5084724,-99.1269073,Cinves-WiFi,60:A4:B7:C8:AA:B6,11,-89,WPA_WPA2_PSK
2026-03-19 22:12:50,19.5084724,-99.1269073,,A6:98:13:2A:F6:8A,6,-90,UNKNOWN
2026-03-19 22:12:50,19.5084724,-99.1269073,MC19387,30:3D:51:11:12:B3,7,-90,WPA_WPA2_PSK
2026-03-19 22:12:50,19.5084724,-99.1269073,,00:4E:35:01:E7:C2,1,-91,WPA2_PSK
2026-03-19 22:13:06,19.5084724,-99.1269073,Club_Totalplay_WiFi,E6:82:10:61:2E:CF,11,-69,OPEN
2026-03-19 22:13:06,19.5084724,-99.1269073,Totalplay-4CB2,E6:82:10:61:2E:CC,11,-69,WPA2_PSK
2026-03-19 22:13:06,19.5084724,-99.1269073,,E6:82:10:61:2E:CE,11,-69,WPA2_PSK
2026-03-19 22:13:06,19.5084724,-99.1269073,CGSTIC-WiFi-Cel,E2:8F:71:3A:34:34,3,-70,WPA2_PSK
2026-03-19 22:13:06,19.5084724,-99.1269073,IZZI-E3DD,F0:4B:8A:FC:13:6A,1,-72,WPA2_PSK
2026-03-19 22:13:06,19.5084724,-99.1269073,,8A:15:04:58:0F:BF,6,-75,WEP
2026-03-19 22:13:06,19.5084724,-99.1269073,,F2:4B:8A:FC:13:1A,1,-76,UNKNOWN
2026-03-19 22:13:06,19.5084724,-99.1269073,infinitum movil,8A:15:04:58:0F:B0,6,-77,OPEN
2026-03-19 22:13:06,19.5084724,-99.1269073,Umh,AA:A9:B7:1A:A0:D6,6,-81,WPA2_WPA3_PSK
2026-03-19 22:13:06,19.5084724,-99.1269073,LDPTPWF01,3A:60:F9:E5:83:76,6,-86,WPA2_PSK
2026-03-19 22:13:06,19.5084724,-99.1269073,,AE:42:A1:7C:B8:AA,5,-87,WPA2_PSK
2026-03-19 22:13:06,19.5084724,-99.1269073,,A6:98:13:2A:F6:8A,6,-88,UNKNOWN
2026-03-19 22:13:06,19.5084724,-99.1269073,DIRECT-40-HP M254 LaserJet,42:23:43:4E:08:40,6,-88,WPA2_PSK
2026-03-19 22:13:06,19.5084724,-99.1269073,IZZI-DF2F,A4:98:13:7A:F6:8A,6,-88,WPA2_PSK
2026-03-19 22:13:06,19.5084724,-99.1269073,R_MC5423,34:0A:9A:31:22:41,7,-88,WPA_WPA2_PSK
2026-03-19 22:13:06,19.5084724,-99.1269073,MC19474,30:3D:51:11:11:EA,7,-88,WPA_WPA2_PSK
2026-03-19 22:13:06,19.5084724,-99.1269073,Cinves-WiFi,60:A4:B7:C8:AA:B6,11,-88,WPA_WPA2_PSK
2026-03-19 22:13:06,19.5084724,-99.1269073,MC19387,30:3D:51:11:12:B3,7,-89,WPA_WPA2_PSK
2026-03-19 22:13:06,19.5084724,-99.1269073,,6C:E8:74:5A:B7:22,8,-89,WPA2_PSK
2026-03-19 22:13:06,19.5084724,-99.1269073,MVS,60:32:B1:ED:F1:37,11,-89,WPA_WPA2_PSK
2026-03-19 22:13:22,19.5084724,-99.1269073,,E6:82:10:61:2E:CE,11,-69,WPA2_PSK
2026-03-19 22:13:22,19.5084724,-99.1269073,Club_Totalplay_WiFi,E6:82:10:61:2E:CF,11,-69,OPEN
2026-03-19 22:13:22,19.5084724,-99.1269073,CGSTIC-WiFi-Cel,E2:8F:71:3A:34:34,3,-70,WPA2_PSK
2026-03-19 22:13:22,19.5084724,-99.1269073,Totalplay-4CB2,E6:82:10:61:2E:CC,11,-70,WPA2_PSK
2026-03-19 22:13:22,19.5084724,-99.1269073,,F2:4B:8A:FC:13:1A,1,-74,UNKNOWN
2026-03-19 22:13:22,19.5084724,-99.1269073,Invitados Cinves,66:A4:B7:C8:AA:BC,1,-77,OPEN
2026-03-19 22:13:22,19.5084724,-99.1269073,Cinves-WiFi,60:A4:B7:C8:AA:BC,1,-78,WPA_WPA2_PSK
2026-03-19 22:13:22,19.5084724,-99.1269073,,8A:15:04:58:0F:BF,6,-78,WEP
2026-03-19 22:13:22,19.5084724,-99.1269073,infinitum movil,8A:15:04:58:0F:B0,6,-79,OPEN
2026-03-19 22:13:22,19.5084724,-99.1269073,INFINITUMC357,12:55:E4:1B:26:ED,1,-81,WPA2_PSK
2026-03-19 22:13:22,19.5084724,-99.1269073,MC19387,30:3D:51:11:12:B3,7,-85,WPA_WPA2_PSK
2026-03-19 22:13:22,19.5084724,-99.1269073,Cinves-WiFi,34:60:F9:E5:83:76,6,-86,WPA_WPA2_PSK
2026-03-19 22:13:22,19.5084724,-99.1269073,Tenda_0211D0,58:D9:D5:02:11:D1,3,-87,WPA_WPA2_PSK
2026-03-19 22:13:22,19.5084724,-99.1269073,,A6:98:13:2A:F6:8A,6,-87,UNKNOWN
2026-03-19 22:13:22,19.5084724,-99.1269073,LBS-3 Cinvestav,DC:62:79:32:D0:56,4,-88,WPA2_PSK
2026-03-19 22:13:22,19.5084724,-99.1269073,ALTOS 1 _EXT,40:AE:30:DF:07:AB,5,-88,WPA2_PSK
2026-03-19 22:13:22,19.5084724,-99.1269073,R_MC5423,34:0A:9A:31:22:41,7,-88,WPA_WPA2_PSK
2026-03-19 22:13:22,19.5084724,-99.1269073,linksys,00:1A:70:67:AF:CA,11,-88,WPA2_PSK
2026-03-19 22:13:22,19.5084724,-99.1269073,Cinves-WiFi,54:AF:97:CA:02:F4,1,-89,WPA_WPA2_PSK
2026-03-19 22:13:22,19.5084724,-99.1269073,moto e5 plus 2739,2A:E6:43:95:8C:AC,1,-89,WPA2_PSK
2026-03-19 22:13:22,19.5084724,-99.1269073,,AE:42:A1:7C:B8:AA,5,-89,WPA2_PSK
2026-03-19 22:13:22,19.5084724,-99.1269073,,E2:62:79:32:D0:56,4,-91,WPA2_PSK
2026-03-19 22:13:38,19.5084724,-99.1269073,Totalplay-4CB2,E6:82:10:61:2E:CC,11,-71,WPA2_PSK
2026-03-19 22:13:38,19.5084724,-99.1269073,,F2:4B:8A:FC:13:1A,1,-72,UNKNOWN
2026-03-19 22:13:38,19.5084724,-99.1269073,Club_Totalplay_WiFi,E6:82:10:61:2E:CF,11,-72,OPEN
2026-03-19 22:13:38,19.5084724,-99.1269073,,E6:82:10:61:2E:CE,11,-73,WPA2_PSK
2026-03-19 22:13:38,19.5084724,-99.1269073,IZZI-E3DD,F0:4B:8A:FC:13:6A,1,-75,WPA2_PSK
2026-03-19 22:13:38,19.5084724,-99.1269073,INFINITUMC357,12:55:E4:1B:26:ED,1,-79,WPA2_PSK
2026-03-19 22:13:38,19.5084724,-99.1269073,CGSTIC-WiFi-Cel,E2:8F:71:3A:34:34,3,-79,WPA2_PSK
2026-03-19 22:13:38,19.5084724,-99.1269073,,8A:15:04:58:0F:BF,6,-80,WEP
2026-03-19 22:13:38,19.5084724,-99.1269073,Cinves-WiFi,60:A4:B7:C8:AA:BC,1,-81,WPA_WPA2_PSK
2026-03-19 22:13:38,19.5084724,-99.1269073,Invitados Cinves,66:A4:B7:C8:AA:BC,1,-81,OPEN
2026-03-19 22:13:38,19.5084724,-99.1269073,Cinves-WiFi,14:EB:B6:65:63:9E,1,-84,WPA_WPA2_PSK
2026-03-19 22:13:38,19.5084724,-99.1269073,omni,52:0F:F5:7F:A2:91,6,-85,WPA_WPA2_PSK
2026-03-19 22:13:38,19.5084724,-99.1269073,Cinves-WiFi,68:FF:7B:32:CA:42,6,-86,WPA_WPA2_PSK
2026-03-19 22:13:38,19.5084724,-99.1269073,,A6:98:13:2A:F6:8A,6,-86,UNKNOWN
2026-03-19 22:13:38,19.5084724,-99.1269073,R_MC5423,34:0A:9A:31:22:41,7,-86,WPA_WPA2_PSK
2026-03-19 22:13:38,19.5084724,-99.1269073,Cinves-WiFi,34:60:F9:E5:83:76,6,-87,WPA_WPA2_PSK
2026-03-19 22:13:38,19.5084724,-99.1269073,Club_Totalplay_WiFi,6C:E8:74:60:A4:97,7,-87,OPEN
2026-03-19 22:13:38,19.5084724,-99.1269073,MC19474,30:3D:51:11:11:EA,7,-87,WPA_WPA2_PSK
2026-03-19 22:13:38,19.5084724,-99.1269073,SALONES ALVI_2.4G,6C:E8:74:60:A4:94,7,-89,WPA_WPA2_PSK
2026-03-19 22:13:38,19.5084724,-99.1269073,,E2:62:79:32:D0:56,4,-90,WPA2_PSK
2026-03-19 22:13:38,19.5084724,-99.1269073,Megacable_2.4G_3530,34:36:54:9C:35:30,9,-90,WPA_WPA2_PSK
2026-03-19 22:13:38,19.5084724,-99.1269073,cdc-wifinet,60:E3:27:B6:DE:72,6,-93,WPA_WPA2_PSK
2026-03-19 22:13:38,19.5084724,-99.1269073,,D2:B0:24:6E:0C:79,9,-93,WPA2_PSK
2026-03-19 22:13:38,19.5084724,-99.1269073,linksys,00:1A:70:67:AF:CA,11,-93,WPA2_PSK
2026-03-19 22:13:54,19.5084724,-99.1269073,Club_Totalplay_WiFi,E6:82:10:61:2E:CF,11,-67,OPEN
2026-03-19 22:13:54,19.5084724,-99.1269073,Totalplay-4CB2,E6:82:10:61:2E:CC,11,-69,WPA2_PSK
2026-03-19 22:13:54,19.5084724,-99.1269073,,E6:82:10:61:2E:CE,11,-69,WPA2_PSK
2026-03-19 22:13:54,19.5084724,-99.1269073,CGSTIC-WiFi-Cel,E2:8F:71:3A:34:34,3,-70,WPA2_PSK
2026-03-19 22:13:54,19.5084724,-99.1269073,,F2:4B:8A:FC:13:1A,1,-74,UNKNOWN
2026-03-19 22:13:54,19.5084724,-99.1269073,IZZI-E3DD,F0:4B:8A:FC:13:6A,1,-74,WPA2_PSK
2026-03-19 22:13:54,19.5084724,-99.1269073,,8A:15:04:58:0F:BF,6,-75,WEP
2026-03-19 22:13:54,19.5084724,-99.1269073,Cinves-WiFi,60:A4:B7:C8:AA:BC,1,-76,WPA_WPA2_PSK
2026-03-19 22:13:54,19.5084724,-99.1269073,Invitados Cinves,66:A4:B7:C8:AA:BC,1,-78,OPEN
2026-03-19 22:13:54,19.5084724,-99.1269073,infinitum movil,8A:15:04:58:0F:B0,6,-78,OPEN
2026-03-19 22:13:54,19.5084724,-99.1269073,Cinves-WiFi,14:EB:B6:65:63:9E,1,-80,WPA_WPA2_PSK
2026-03-19 22:13:54,19.5084724,-99.1269073,INFINITUMC357,12:55:E4:1B:26:ED,1,-81,WPA2_PSK
2026-03-19 22:13:54,19.5084724,-99.1269073,INFINITUM8BDA,00:5F:67:74:48:B8,6,-82,WPA2_PSK
2026-03-19 22:13:54,19.5084724,-99.1269073,MC19474,30:3D:51:11:11:EA,7,-82,WPA_WPA2_PSK
2026-03-19 22:13:54,19.5084724,-99.1269073,Invitados Cinves,66:A4:B7:C8:AA:B6,11,-84,OPEN
2026-03-19 22:13:54,19.5084724,-99.1269073,Cinves-WiFi,34:60:F9:E5:83:76,6,-86,WPA_WPA2_PSK
2026-03-19 22:13:54,19.5084724,-99.1269073,omni,52:0F:F5:7F:A2:91,6,-86,WPA_WPA2_PSK
2026-03-19 22:13:54,19.5084724,-99.1269073,LBS-3 Cinvestav,DC:62:79:32:D0:56,4,-87,WPA2_PSK
2026-03-19 22:13:54,19.5084724,-99.1269073,,AE:42:A1:7C:B8:AA,5,-88,WPA2_PSK
2026-03-19 22:13:54,19.5084724,-99.1269073,ALTOS 1 ,A8:42:A1:7C:B8:A6,5,-88,WPA2_PSK
2026-03-19 22:13:54,19.5084724,-99.1269073,DIRECT-40-HP M254 LaserJet,42:23:43:4E:08:40,6,-88,WPA2_PSK
2026-03-19 22:13:54,19.5084724,-99.1269073,,A6:98:13:2A:F6:8A,6,-89,UNKNOWN
2026-03-19 22:13:54,19.5084724,-99.1269073,Megacable_2.4G_EA92,08:F6:06:C4:EA:92,3,-90,WPA_WPA2_PSK
2026-03-19 22:13:54,19.5084724,-99.1269073,,E2:62:79:32:D0:56,4,-90,WPA2_PSK
2026-03-19 22:13:54,19.5084724,-99.1269073,MC19387,30:3D:51:11:12:B3,7,-90,WPA_WPA2_PSK
2026-03-19 22:13:54,19.5084724,-99.1269073,R_MC5423,34:0A:9A:31:22:41,7,-90,WPA_WPA2_PSK
2026-03-19 22:13:54,19.5084724,-99.1269073,linksys,00:1A:70:67:AF:CA,11,-92,WPA2_PSK
2026-03-19 22:13:54,19.5084724,-99.1269073,Cinves-WiFi,1C:61:B4:13:64:5A,11,-92,WPA_WPA2_PSK
2026-03-19 22:14:10,19.5084724,-99.1269073,CGSTIC-WiFi-Cel,E2:8F:71:3A:34:34,3,-71,WPA2_PSK
2026-03-19 22:14:10,19.5084724,-99.1269073,Club_Totalplay_WiFi,E6:82:10:61:2E:CF,11,-73,OPEN
2026-03-19 22:14:10,19.5084724,-99.1269073,,E6:82:10:61:2E:CE,11,-73,WPA2_PSK
2026-03-19 22:14:10,19.5084724,-99.1269073,,F2:4B:8A:FC:13:1A,1,-74,UNKNOWN
2026-03-19 22:14:10,19.5084724,-99.1269073,Totalplay-4CB2,E6:82:10:61:2E:CC,11,-74,WPA2_PSK
2026-03-19 22:14:10,19.5084724,-99.1269073,IZZI-E3DD,F0:4B:8A:FC:13:6A,1,-75,WPA2_PSK
2026-03-19 22:14:10,19.5084724,-99.1269073,,8A:15:04:58:0F:BF,6,-75,WEP
2026-03-19 22:14:10,19.5084724,-99.1269073,WFCDECONTROL,0C:80:63:75:2F:D3,11,-79,WPA_WPA2_PSK
2026-03-19 22:14:10,19.5084724,-99.1269073,ALTOS 1 _EXT,40:AE:30:DF:07:AB,5,-84,WPA2_PSK
2026-03-19 22:14:10,19.5084724,-99.1269073,MC19474,30:3D:51:11:11:EA,7,-84,WPA_WPA2_PSK
2026-03-19 22:14:10,19.5084724,-99.1269073,Invitados Cinves,66:A4:B7:C8:AA:B6,11,-84,OPEN
2026-03-19 22:14:10,19.5084724,-99.1269073,Cinves-WiFi,60:A4:B7:C8:AA:BC,1,-85,WPA_WPA2_PSK
2026-03-19 22:14:10,19.5084724,-99.1269073,SALONES ALVI_2.4G,6C:E8:74:60:A4:94,7,-85,WPA_WPA2_PSK
2026-03-19 22:14:10,19.5084724,-99.1269073,MC19387,30:3D:51:11:12:B3,7,-85,WPA_WPA2_PSK
2026-03-19 22:14:10,19.5084724,-99.1269073,moto e5 plus 2739,2A:E6:43:95:8C:AC,1,-86,WPA2_PSK
2026-03-19 22:14:10,19.5084724,-99.1269073,IZZI-DF2F,A4:98:13:7A:F6:8A,6,-86,WPA2_PSK
2026-03-19 22:14:10,19.5084724,-99.1269073,linksys,00:1A:70:67:AF:CA,11,-86,WPA2_PSK
2026-03-19 22:14:10,19.5084724,-99.1269073,INFINITUM8BDA,00:5F:67:74:48:B8,6,-87,WPA2_PSK
2026-03-19 22:14:10,19.5084724,-99.1269073,Club_Totalplay_WiFi,6C:E8:74:60:A4:97,7,-88,OPEN
2026-03-19 22:14:10,19.5084724,-99.1269073,Tenda_0211D0,58:D9:D5:02:11:D1,3,-89,WPA_WPA2_PSK
2026-03-19 22:14:10,19.5084724,-99.1269073,Club_Totalplay_WiFi,C4:E2:87:59:15:0F,7,-89,OPEN
2026-03-19 22:14:10,19.5084724,-99.1269073,R_MC5423,34:0A:9A:31:22:41,7,-89,WPA_WPA2_PSK
2026-03-19 22:14:10,19.5084724,-99.1269073,Megacable_2.4G_3530,34:36:54:9C:35:30,9,-90,WPA_WPA2_PSK
2026-03-19 22:14:10,19.5084724,-99.1269073,LBS-3 Cinvestav,DC:62:79:32:D0:56,4,-91,WPA2_PSK
2026-03-19 22:14:10,19.5084724,-99.1269073,,52:02:38:4A:38:79,8,-91,WPA2_PSK
2026-03-19 22:14:26,19.5084724,-99.1269073,Club_Totalplay_WiFi,E6:82:10:61:2E:CF,11,-68,OPEN
2026-03-19 22:14:26,19.5084724,-99.1269073,,E6:82:10:61:2E:CE,11,-68,WPA2_PSK
2026-03-19 22:14:26,19.5084724,-99.1269073,Totalplay-4CB2,E6:82:10:61:2E:CC,11,-70,WPA2_PSK
2026-03-19 22:14:26,19.5084724,-99.1269073,CGSTIC-WiFi-Cel,E2:8F:71:3A:34:34,3,-71,WPA2_PSK
2026-03-19 22:14:26,19.5084724,-99.1269073,,F2:4B:8A:FC:13:1A,1,-73,UNKNOWN
2026-03-19 22:14:26,19.5084724,-99.1269073,Car-54,0C:C1:19:F2:48:0A,11,-73,WPA2_PSK
2026-03-19 22:14:26,19.5084724,-99.1269073,,8A:15:04:58:0F:BF,6,-74,WEP
2026-03-19 22:14:26,19.5084724,-99.1269073,infinitum movil,8A:15:04:58:0F:B0,6,-76,OPEN
2026-03-19 22:14:26,19.5084724,-99.1269073,Invitados Cinves,66:A4:B7:C8:AA:BC,1,-77,OPEN
2026-03-19 22:14:26,19.5084724,-99.1269073,IZZI-E3DD,F0:4B:8A:FC:13:6A,1,-77,WPA2_PSK
2026-03-19 22:14:26,19.5084724,-99.1269073,Cinves-WiFi,60:A4:B7:C8:AA:BC,1,-79,WPA_WPA2_PSK
2026-03-19 22:14:26,19.5084724,-99.1269073,WFCDECONTROL,0C:80:63:75:2F:D3,11,-79,WPA_WPA2_PSK
2026-03-19 22:14:26,19.5084724,-99.1269073,ja123456,9C:A3:A9:47:7C:A1,1,-81,WPA2_PSK
2026-03-19 22:14:26,19.5084724,-99.1269073,Cinves-WiFi,60:A4:B7:C8:AA:B6,11,-82,WPA_WPA2_PSK
2026-03-19 22:14:26,19.5084724,-99.1269073,moto e5 plus 2739,2A:E6:43:95:8C:AC,1,-83,WPA2_PSK
2026-03-19 22:14:26,19.5084724,-99.1269073,Cinves-WiFi,14:EB:B6:65:63:9E,1,-84,WPA_WPA2_PSK
2026-03-19 22:14:26,19.5084724,-99.1269073,INFINITUM8BDA,00:5F:67:74:48:B8,6,-84,WPA2_PSK
2026-03-19 22:14:26,19.5084724,-99.1269073,DIRECT-40-HP M254 LaserJet,42:23:43:4E:08:40,6,-85,WPA2_PSK
2026-03-19 22:14:26,19.5084724,-99.1269073,LDPTPWF01,3A:60:F9:E5:83:76,6,-85,WPA2_PSK
2026-03-19 22:14:26,19.5084724,-99.1269073,,A6:98:13:2A:F6:8A,6,-86,UNKNOWN
2026-03-19 22:14:26,19.5084724,-99.1269073,LBS-3 Cinvestav,DC:62:79:32:D0:56,4,-88,WPA2_PSK
2026-03-19 22:14:26,19.5084724,-99.1269073,Tenda_0211D0,58:D9:D5:02:11:D1,3,-89,WPA_WPA2_PSK
2026-03-19 22:14:26,19.5084724,-99.1269073,Club_Totalplay_WiFi,6C:E8:74:60:A4:97,7,-89,OPEN
2026-03-19 22:14:26,19.5084724,-99.1269073,SALONES ALVI_2.4G,6C:E8:74:60:A4:94,7,-90,WPA_WPA2_PSK
2026-03-19 22:14:26,19.5084724,-99.1269073,INFINITUM3532,D4:01:45:3D:A6:80,11,-90,WPA2_PSK
2026-03-19 22:14:42,19.5084724,-99.1269073,Totalplay-4CB2,E6:82:10:61:2E:CC,11,-68,WPA2_PSK
2026-03-19 22:14:42,19.5084724,-99.1269073,Club_Totalplay_WiFi,E6:82:10:61:2E:CF,11,-68,OPEN
2026-03-19 22:14:42,19.5084724,-99.1269073,,E6:82:10:61:2E:CE,11,-68,WPA2_PSK
2026-03-19 22:14:42,19.5084724,-99.1269073,CGSTIC-WiFi-Cel,E2:8F:71:3A:34:34,3,-71,WPA2_PSK
2026-03-19 22:14:42,19.5084724,-99.1269073,,F2:4B:8A:FC:13:1A,1,-75,UNKNOWN
2026-03-19 22:14:42,19.5084724,-99.1269073,IZZI-E3DD,F0:4B:8A:FC:13:6A,1,-76,WPA2_PSK
2026-03-19 22:14:42,19.5084724,-99.1269073,,8A:15:04:58:0F:BF,6,-76,WEP
2026-03-19 22:14:42,19.5084724,-99.1269073,infinitum movil,8A:15:04:58:0F:B0,6,-78,OPEN
2026-03-19 22:14:42,19.5084724,-99.1269073,Cinves-WiFi,60:A4:B7:C8:AA:BC,1,-79,WPA_WPA2_PSK
2026-03-19 22:14:42,19.5084724,-99.1269073,Invitados Cinves,66:A4:B7:C8:AA:BC,1,-79,OPEN
2026-03-19 22:14:42,19.5084724,-99.1269073,INFINITUMC357,12:55:E4:1B:26:ED,1,-81,WPA2_PSK
2026-03-19 22:14:42,19.5084724,-99.1269073,ja123456,9C:A3:A9:47:7C:A1,1,-82,WPA2_PSK
2026-03-19 22:14:42,19.5084724,-99.1269073,Cinves-WiFi,14:EB:B6:65:63:9E,1,-83,WPA_WPA2_PSK
2026-03-19 22:14:42,19.5084724,-99.1269073,70mai_Pro Plus+_2163,44:27:F3:6D:21:63,1,-83,WPA_WPA2_PSK
2026-03-19 22:14:42,19.5084724,-99.1269073,Tenda_0211D0,58:D9:D5:02:11:D1,3,-83,WPA_WPA2_PSK
2026-03-19 22:14:42,19.5084724,-99.1269073,INFINITUM8BDA,00:5F:67:74:48:B8,6,-83,WPA2_PSK
2026-03-19 22:14:42,19.5084724,-99.1269073,ALTOS 1 _EXT,40:AE:30:DF:07:AB,5,-86,WPA2_PSK
2026-03-19 22:14:42,19.5084724,-99.1269073,LDPTPWF01,3A:60:F9:E5:83:76,6,-86,WPA2_PSK
2026-03-19 22:14:42,19.5084724,-99.1269073,DIRECT-40-HP M254 LaserJet,42:23:43:4E:08:40,6,-87,WPA2_PSK
2026-03-19 22:14:42,19.5084724,-99.1269073,R_MC5423,34:0A:9A:31:22:41,7,-87,WPA_WPA2_PSK
2026-03-19 22:14:42,19.5084724,-99.1269073,MC19474,30:3D:51:11:11:EA,7,-87,WPA_WPA2_PSK
2026-03-19 22:14:42,19.5084724,-99.1269073,LBS-3 Cinvestav,DC:62:79:32:D0:56,4,-89,WPA2_PSK
2026-03-19 22:14:42,19.5084724,-99.1269073,ALTOS 1 ,A8:42:A1:7C:B8:AA,5,-89,WPA2_PSK
2026-03-19 22:14:42,19.5084724,-99.1269073,ALTOS 1 ,A8:42:A1:7C:B8:A6,5,-89,WPA2_PSK
2026-03-19 22:14:42,19.5084724,-99.1269073,Totalplay-2.4G-0768,28:6E:DA:6F:07:68,6,-89,WPA2_PSK
2026-03-19 22:14:42,19.5084724,-99.1269073,Totalplay-DCAA,6C:E8:74:5A:B7:20,8,-93,WPA2_PSK
2026-03-19 22:14:58,19.5084705,-99.1269073,Totalplay-4CB2,E6:82:10:61:2E:CC,11,-72,WPA2_PSK
2026-03-19 22:14:58,19.5084705,-99.1269073,Club_Totalplay_WiFi,E6:82:10:61:2E:CF,11,-72,OPEN
2026-03-19 22:14:58,19.5084705,-99.1269073,,F2:4B:8A:FC:13:1A,1,-73,UNKNOWN
2026-03-19 22:14:58,19.5084705,-99.1269073,,E6:82:10:61:2E:CE,11,-73,WPA2_PSK
2026-03-19 22:14:58,19.5084705,-99.1269073,CGSTIC-WiFi-Cel,E2:8F:71:3A:34:34,3,-74,WPA2_PSK
2026-03-19 22:14:58,19.5084705,-99.1269073,,8A:15:04:58:0F:BF,6,-74,WEP
2026-03-19 22:14:58,19.5084705,-99.1269073,IZZI-E3DD,F0:4B:8A:FC:13:6A,1,-75,WPA2_PSK
2026-03-19 22:14:58,19.5084705,-99.1269073,infinitum movil,8A:15:04:58:0F:B0,6,-77,OPEN
2026-03-19 22:14:58,19.5084705,-99.1269073,Invitados Cinves,66:A4:B7:C8:AA:BC,1,-78,OPEN
2026-03-19 22:14:58,19.5084705,-99.1269073,INFINITUMC357,12:55:E4:1B:26:ED,1,-80,WPA2_PSK
2026-03-19 22:14:58,19.5084705,-99.1269073,Invitados Cinves,66:A4:B7:C8:AA:B6,11,-82,OPEN
2026-03-19 22:14:58,19.5084705,-99.1269073,Audi_MMI_1608,00:06:C6:5D:38:CE,1,-84,WPA2_PSK
2026-03-19 22:14:58,19.5084705,-99.1269073,omni,52:0F:F5:7F:A2:91,6,-84,WPA_WPA2_PSK
2026-03-19 22:14:58,19.5084705,-99.1269073,LDPTPWF01,3A:60:F9:E5:83:76,6,-86,WPA2_PSK
2026-03-19 22:14:58,19.5084705,-99.1269073,,A6:98:13:2A:F6:8A,6,-86,UNKNOWN
2026-03-19 22:14:58,19.5084705,-99.1269073,moto e5 plus 2739,2A:E6:43:95:8C:AC,1,-87,WPA2_PSK
2026-03-19 22:14:58,19.5084705,-99.1269073,IZZI-DF2F,A4:98:13:7A:F6:8A,6,-87,WPA2_PSK
2026-03-19 22:14:58,19.5084705,-99.1269073,SALONES ALVI_2.4G,6C:E8:74:60:A4:94,7,-87,WPA_WPA2_PSK
2026-03-19 22:14:58,19.5084705,-99.1269073,Mega_2.4G_5AAE,48:96:D9:24:5A:AE,3,-88,WPA_WPA2_PSK
2026-03-19 22:14:58,19.5084705,-99.1269073,Tenda_0211D0,58:D9:D5:02:11:D1,3,-88,WPA_WPA2_PSK
2026-03-19 22:14:58,19.5084705,-99.1269073,ALTOS 1 _EXT,40:AE:30:DF:07:AB,5,-88,WPA2_PSK
2026-03-19 22:14:58,19.5084705,-99.1269073,MC19387,30:3D:51:11:12:B3,7,-88,WPA_WPA2_PSK
2026-03-19 22:14:58,19.5084705,-99.1269073,R_MC5423,34:0A:9A:31:22:41,7,-88,WPA_WPA2_PSK
2026-03-19 22:14:58,19.5084705,-99.1269073,,AE:42:A1:7C:B8:AA,5,-90,WPA2_PSK
2026-03-19 22:15:14,19.5084705,-99.1269073,CGSTIC-WiFi-Cel,E2:8F:71:3A:34:34,3,-72,WPA2_PSK
2026-03-19 22:15:14,19.5084705,-99.1269073,Totalplay-4CB2,E6:82:10:61:2E:CC,11,-72,WPA2_PSK
2026-03-19 22:15:14,19.5084705,-99.1269073,,E6:82:10:61:2E:CE,11,-72,WPA2_PSK
2026-03-19 22:15:14,19.5084705,-99.1269073,,8A:15:04:58:0F:BF,6,-73,WEP
2026-03-19 22:15:14,19.5084705,-99.1269073,Club_Totalplay_WiFi,E6:82:10:61:2E:CF,11,-73,OPEN
2026-03-19 22:15:14,19.5084705,-99.1269073,IZZI-E3DD,F0:4B:8A:FC:13:6A,1,-75,WPA2_PSK
2026-03-19 22:15:14,19.5084705,-99.1269073,,F2:4B:8A:FC:13:1A,1,-75,UNKNOWN
2026-03-19 22:15:14,19.5084705,-99.1269073,Cinves-WiFi,60:A4:B7:C8:AA:BC,1,-77,WPA_WPA2_PSK
2026-03-19 22:15:14,19.5084705,-99.1269073,infinitum movil,8A:15:04:58:0F:B0,6,-77,OPEN
2026-03-19 22:15:14,19.5084705,-99.1269073,Invitados Cinves,66:A4:B7:C8:AA:BC,1,-79,OPEN
2026-03-19 22:15:14,19.5084705,-99.1269073,WFCDECONTROL,0C:80:63:75:2F:D3,11,-81,WPA_WPA2_PSK
2026-03-19 22:15:14,19.5084705,-99.1269073,Cinves-WiFi,14:EB:B6:65:63:9E,1,-83,WPA_WPA2_PSK
2026-03-19 22:15:14,19.5084705,-99.1269073,omni,52:0F:F5:7F:A2:91,6,-83,WPA_WPA2_PSK
2026-03-19 22:15:14,19.5084705,-99.1269073,IZZI-DF2F,A4:98:13:7A:F6:8A,6,-83,WPA2_PSK
2026-03-19 22:15:14,19.5084705,-99.1269073,,A6:98:13:2A:F6:8A,6,-84,UNKNOWN
2026-03-19 22:15:14,19.5084705,-99.1269073,INFINITUM8BDA,00:5F:67:74:48:B8,6,-85,WPA2_PSK
2026-03-19 22:15:14,19.5084705,-99.1269073,LDPTPWF01,3A:60:F9:E5:83:76,6,-86,WPA2_PSK
2026-03-19 22:15:14,19.5084705,-99.1269073,LBS-3 Cinvestav,DC:62:79:32:D0:56,4,-87,WPA2_PSK
2026-03-19 22:15:14,19.5084705,-99.1269073,ALTOS 1 _EXT,40:AE:30:DF:07:AB,5,-87,WPA2_PSK
2026-03-19 22:15:14,19.5084705,-99.1269073,MC19387,30:3D:51:11:12:B3,7,-87,WPA_WPA2_PSK
2026-03-19 22:15:14,19.5084705,-99.1269073,,AE:42:A1:7C:B8:AA,5,-88,WPA2_PSK
2026-03-19 22:15:14,19.5084705,-99.1269073,DIRECT-40-HP M254 LaserJet,42:23:43:4E:08:40,6,-88,WPA2_PSK
2026-03-19 22:15:14,19.5084705,-99.1269073,R_MC5423,34:0A:9A:31:22:41,7,-88,WPA_WPA2_PSK
2026-03-19 22:15:14,19.5084705,-99.1269073,ALTOS 1 ,A8:42:A1:7C:B8:AA,5,-89,WPA2_PSK
2026-03-19 22:15:14,19.5084705,-99.1269073,linksys,00:1A:70:67:AF:CA,11,-89,WPA2_PSK
2026-03-19 22:15:14,19.5084705,-99.1269073,Invitados Cinves,6E:FF:7B:32:CA:42,6,-91,OPEN
2026-03-19 22:15:30,19.5084705,-99.1269073,CGSTIC-WiFi-Cel,E2:8F:71:3A:34:34,3,-70,WPA2_PSK
2026-03-19 22:15:30,19.5084705,-99.1269073,IZZI-E3DD,F0:4B:8A:FC:13:6A,1,-74,WPA2_PSK
2026-03-19 22:15:30,19.5084705,-99.1269073,,F2:4B:8A:FC:13:1A,1,-75,UNKNOWN
2026-03-19 22:15:30,19.5084705,-99.1269073,,8A:15:04:58:0F:BF,6,-75,WEP
2026-03-19 22:15:30,19.5084705,-99.1269073,Totalplay-4CB2,E6:82:10:61:2E:CC,11,-76,WPA2_PSK
2026-03-19 22:15:30,19.5084705,-99.1269073,infinitum movil,8A:15:04:58:0F:B0,6,-77,OPEN
2026-03-19 22:15:30,19.5084705,-99.1269073,Club_Totalplay_WiFi,E6:82:10:61:2E:CF,11,-77,OPEN
2026-03-19 22:15:30,19.5084705,-99.1269073,,E6:82:10:61:2E:CE,11,-77,WPA2_PSK
2026-03-19 22:15:30,19.5084705,-99.1269073,Cinves-WiFi,60:A4:B7:C8:AA:BC,1,-78,WPA_WPA2_PSK
2026-03-19 22:15:30,19.5084705,-99.1269073,moto e5 plus 2739,2A:E6:43:95:8C:AC,1,-80,WPA2_PSK
2026-03-19 22:15:30,19.5084705,-99.1269073,,A6:98:13:2A:F6:8A,6,-80,UNKNOWN
2026-03-19 22:15:30,19.5084705,-99.1269073,WFCDECONTROL,0C:80:63:75:2F:D3,11,-82,WPA_WPA2_PSK
2026-03-19 22:15:30,19.5084705,-99.1269073,Tenda_0211D0,58:D9:D5:02:11:D1,3,-83,WPA_WPA2_PSK
2026-03-19 22:15:30,19.5084705,-99.1269073,MC19387,30:3D:51:11:12:B3,7,-84,WPA_WPA2_PSK
2026-03-19 22:15:30,19.5084705,-99.1269073,Cinves-WiFi,60:A4:B7:C8:AA:B6,11,-84,WPA_WPA2_PSK
2026-03-19 22:15:30,19.5084705,-99.1269073,,38:FB:14:DD:02:B5,6,-86,WPA2_PSK
2026-03-19 22:15:30,19.5084705,-99.1269073,MC19474,30:3D:51:11:11:EA,7,-86,WPA_WPA2_PSK
2026-03-19 22:15:30,19.5084705,-99.1269073,omni,52:0F:F5:7F:A2:91,6,-87,WPA_WPA2_PSK
2026-03-19 22:15:30,19.5084705,-99.1269073,R_MC5423,34:0A:9A:31:22:41,7,-87,WPA_WPA2_PSK
2026-03-19 22:15:30,19.5084705,-99.1269073,IZZI-DF2F,A4:98:13:7A:F6:8A,6,-88,WPA2_PSK
2026-03-19 22:15:30,19.5084705,-99.1269073,HUAWEI-3L4N4J_HiLink,38:FB:14:DD:02:B0,6,-88,WPA2_PSK
2026-03-19 22:15:30,19.5084705,-99.1269073,DIRECT-40-HP M254 LaserJet,42:23:43:4E:08:40,6,-89,WPA2_PSK
2026-03-19 22:15:46,19.5084705,-99.1269073,,E6:82:10:61:2E:CE,11,-65,WPA2_PSK
2026-03-19 22:15:46,19.5084705,-99.1269073,Club_Totalplay_WiFi,E6:82:10:61:2E:CF,11,-66,OPEN
2026-03-19 22:15:46,19.5084705,-99.1269073,Totalplay-4CB2,E6:82:10:61:2E:CC,11,-67,WPA2_PSK
2026-03-19 22:15:46,19.5084705,-99.1269073,,8A:15:04:58:0F:BF,6,-77,WEP
2026-03-19 22:15:46,19.5084705,-99.1269073,,F2:4B:8A:FC:13:1A,1,-78,UNKNOWN
2026-03-19 22:15:46,19.5084705,-99.1269073,IZZI-DF2F,A4:98:13:7A:F6:8A,6,-80,WPA2_PSK
2026-03-19 22:15:46,19.5084705,-99.1269073,IZZI-DF34,88:71:B1:7E:D9:E2,6,-81,WPA2_PSK
2026-03-19 22:15:46,19.5084705,-99.1269073,,A6:98:13:2A:F6:8A,6,-81,UNKNOWN
2026-03-19 22:15:46,19.5084705,-99.1269073,MC19387,30:3D:51:11:12:B3,7,-81,WPA_WPA2_PSK
2026-03-19 22:15:46,19.5084705,-99.1269073,infinitum movil,8A:15:04:58:0F:B0,6,-82,OPEN
2026-03-19 22:15:46,19.5084705,-99.1269073,,8A:71:B1:2E:D9:E2,6,-83,UNKNOWN
2026-03-19 22:15:46,19.5084705,-99.1269073,INFINITUMC357,12:55:E4:1B:26:ED,1,-84,WPA2_PSK
2026-03-19 22:15:46,19.5084705,-99.1269073,MC19474,30:3D:51:11:11:EA,7,-84,WPA_WPA2_PSK
2026-03-19 22:15:46,19.5084705,-99.1269073,Red Wi-Fi de Olivier,88:1F:A1:38:24:B0,11,-84,WPA2_PSK
2026-03-19 22:15:46,19.5084705,-99.1269073,Audi_MMI_1608,00:06:C6:5D:38:CE,1,-85,WPA2_PSK
2026-03-19 22:15:46,19.5084705,-99.1269073,Cinves-WiFi,60:A4:B7:C8:AA:BC,1,-85,WPA_WPA2_PSK
2026-03-19 22:15:46,19.5084705,-99.1269073,ALTOS 1 ,A8:42:A1:7C:B8:AA,5,-85,WPA2_PSK
2026-03-19 22:15:46,19.5084705,-99.1269073,R_MC5423,34:0A:9A:31:22:41,7,-85,WPA_WPA2_PSK
2026-03-19 22:15:46,19.5084705,-99.1269073,Cinves-WiFi,14:EB:B6:65:63:9E,1,-88,WPA_WPA2_PSK
2026-03-19 22:15:46,19.5084705,-99.1269073,STARLINK,DA:EE:C2:27:55:5B,1,-88,OPEN
2026-03-19 22:15:46,19.5084705,-99.1269073,Totalplay-DCAA,6C:E8:74:5A:B7:20,8,-88,WPA2_PSK
2026-03-19 22:15:46,19.5084705,-99.1269073,Invitados Cinves,66:A4:B7:C8:AA:BC,1,-89,OPEN
2026-03-19 22:15:46,19.5084705,-99.1269073,Tenda_0211D0,58:D9:D5:02:11:D1,3,-89,WPA_WPA2_PSK
2026-03-19 22:15:46,19.5084705,-99.1269073,,DA:EE:C2:57:55:5B,1,-90,WPA2_PSK
2026-03-19 22:15:46,19.5084705,-99.1269073,HUAWEI-3L4N4J_HiLink,38:FB:14:DD:02:B0,6,-90,WPA2_PSK
2026-03-19 22:16:02,19.5084705,-99.1269073,,E6:82:10:61:2E:CE,11,-73,WPA2_PSK
2026-03-19 22:16:02,19.5084705,-99.1269073,Club_Totalplay_WiFi,E6:82:10:61:2E:CF,11,-74,OPEN
2026-03-19 22:16:02,19.5084705,-99.1269073,Totalplay-4CB2,E6:82:10:61:2E:CC,11,-74,WPA2_PSK
2026-03-19 22:16:02,19.5084705,-99.1269073,CGSTIC-WiFi-Cel,E2:8F:71:3A:34:34,3,-75,WPA2_PSK
2026-03-19 22:16:02,19.5084705,-99.1269073,IZZI-E3DD,F0:4B:8A:FC:13:6A,1,-76,WPA2_PSK
2026-03-19 22:16:02,19.5084705,-99.1269073,IZZI-DF2F,A4:98:13:7A:F6:8A,6,-78,WPA2_PSK
2026-03-19 22:16:02,19.5084705,-99.1269073,Invitados Cinves,66:A4:B7:C8:AA:BC,1,-80,OPEN
2026-03-19 22:16:02,19.5084705,-99.1269073,moto e5 plus 2739,2A:E6:43:95:8C:AC,1,-82,WPA2_PSK
2026-03-19 22:16:02,19.5084705,-99.1269073,MC19387,30:3D:51:11:12:B3,7,-82,WPA_WPA2_PSK
2026-03-19 22:16:02,19.5084705,-99.1269073,Invitados Cinves,66:A4:B7:C8:AA:B6,11,-83,OPEN
2026-03-19 22:16:02,19.5084705,-99.1269073,Mega_2.4G_5AAE,48:96:D9:24:5A:AE,3,-84,WPA_WPA2_PSK
2026-03-19 22:16:02,19.5084705,-99.1269073,HUAWEI-3L4N4J_HiLink,38:FB:14:DD:02:B0,6,-84,WPA2_PSK
2026-03-19 22:16:02,19.5084705,-99.1269073,Cinves-WiFi,14:EB:B6:65:63:9E,1,-85,WPA_WPA2_PSK
2026-03-19 22:16:02,19.5084705,-99.1269073,INFINITUM8BDA,00:5F:67:74:48:B8,6,-85,WPA2_PSK
2026-03-19 22:16:02,19.5084705,-99.1269073,omni,52:0F:F5:7F:A2:91,6,-85,WPA_WPA2_PSK
2026-03-19 22:16:02,19.5084705,-99.1269073,Tenda_0211D0,58:D9:D5:02:11:D1,3,-86,WPA_WPA2_PSK
2026-03-19 22:16:02,19.5084705,-99.1269073,,AE:42:A1:7C:B8:AA,5,-86,WPA2_PSK
2026-03-19 22:16:02,19.5084705,-99.1269073,DIRECT-40-HP M254 LaserJet,42:23:43:4E:08:40,6,-86,WPA2_PSK
2026-03-19 22:16:02,19.5084705,-99.1269073,TP-Link_3FFB,B0:A7:B9:32:3F:FB,2,-87,WPA2_PSK
2026-03-19 22:16:02,19.5084705,-99.1269073,ALTOS 1 _EXT,40:AE:30:DF:07:AB,5,-87,WPA2_PSK
2026-03-19 22:16:02,19.5084705,-99.1269073,LDPTPWF01,3A:60:F9:E5:83:76,6,-87,WPA2_PSK
2026-03-19 22:16:02,19.5084705,-99.1269073,,F2:A7:31:87:F3:FD,5,-88,WPA2_PSK
2026-03-19 22:16:02,19.5084705,-99.1269073,MC19474,30:3D:51:11:11:EA,7,-88,WPA_WPA2_PSK
2026-03-19 22:16:02,19.5084705,-99.1269073,R_MC5423,34:0A:9A:31:22:41,7,-89,WPA_WPA2_PSK
2026-03-19 22:16:02,19.5084705,-99.1269073,HUAWEI-3L4N4J_HiLink-2G-EXT,A0:3E:8C:CF:99:00,1,-90,WPA2_PSK
2026-03-19 22:16:02,19.5084705,-99.1269073,STARLINK,DA:EE:C2:27:55:5B,1,-90,OPEN
2026-03-19 22:16:18,19.5084705,-99.1269073,Totalplay-4CB2,E6:82:10:61:2E:CC,11,-69,WPA2_PSK
2026-03-19 22:16:18,19.5084705,-99.1269073,,E6:82:10:61:2E:CE,11,-69,WPA2_PSK
2026-03-19 22:16:18,19.5084705,-99.1269073,Club_Totalplay_WiFi,E6:82:10:61:2E:CF,11,-70,OPEN
2026-03-19 22:16:18,19.5084705,-99.1269073,CGSTIC-WiFi-Cel,E2:8F:71:3A:34:34,3,-72,WPA2_PSK
2026-03-19 22:16:18,19.5084705,-99.1269073,,F2:4B:8A:FC:13:1A,1,-76,UNKNOWN
2026-03-19 22:16:18,19.5084705,-99.1269073,IZZI-E3DD,F0:4B:8A:FC:13:6A,1,-76,WPA2_PSK
2026-03-19 22:16:18,19.5084705,-99.1269073,,8A:15:04:58:0F:BF,6,-77,WEP
2026-03-19 22:16:18,19.5084705,-99.1269073,infinitum movil,8A:15:04:58:0F:B0,6,-79,OPEN
2026-03-19 22:16:18,19.5084705,-99.1269073,Invitados Cinves,66:A4:B7:C8:AA:BC,1,-82,OPEN
2026-03-19 22:16:18,19.5084705,-99.1269073,INFINITUM8BDA,00:5F:67:74:48:B8,6,-82,WPA2_PSK
2026-03-19 22:16:18,19.5084705,-99.1269073,IZZI-DF2F,A4:98:13:7A:F6:8A,6,-83,WPA2_PSK
2026-03-19 22:16:18,19.5084705,-99.1269073,MC19474,30:3D:51:11:11:EA,7,-84,WPA_WPA2_PSK
2026-03-19 22:16:18,19.5084705,-99.1269073,Cinves-WiFi,14:EB:B6:65:63:9E,1,-86,WPA_WPA2_PSK
2026-03-19 22:16:18,19.5084705,-99.1269073,DIRECT-40-HP M254 LaserJet,42:23:43:4E:08:40,6,-86,WPA2_PSK
2026-03-19 22:16:18,19.5084705,-99.1269073,Cinves-WiFi,34:60:F9:E5:83:76,6,-86,WPA_WPA2_PSK
2026-03-19 22:16:18,19.5084705,-99.1269073,omni,52:0F:F5:7F:A2:91,6,-87,WPA_WPA2_PSK
2026-03-19 22:16:18,19.5084705,-99.1269073,ALTOS 1 ,A8:42:A1:7C:B8:AA,5,-88,WPA2_PSK
2026-03-19 22:16:18,19.5084705,-99.1269073,ALTOS 1 _EXT,40:AE:30:DF:07:AB,5,-89,WPA2_PSK
2026-03-19 22:16:18,19.5084705,-99.1269073,Invitados Cinves,6E:FF:7B:32:CA:42,6,-91,OPEN
2026-03-19 22:16:34,19.5084705,-99.1269073,,E6:82:10:61:2E:CE,11,-66,WPA2_PSK
2026-03-19 22:16:34,19.5084705,-99.1269073,Totalplay-4CB2,E6:82:10:61:2E:CC,11,-67,WPA2_PSK
2026-03-19 22:16:34,19.5084705,-99.1269073,Club_Totalplay_WiFi,E6:82:10:61:2E:CF,11,-67,OPEN
2026-03-19 22:16:34,19.5084705,-99.1269073,CGSTIC-WiFi-Cel,E2:8F:71:3A:34:34,3,-71,WPA2_PSK
2026-03-19 22:16:34,19.5084705,-99.1269073,IZZI-E3DD,F0:4B:8A:FC:13:6A,1,-75,WPA2_PSK
2026-03-19 22:16:34,19.5084705,-99.1269073,,F2:4B:8A:FC:13:1A,1,-75,UNKNOWN
2026-03-19 22:16:34,19.5084705,-99.1269073,INFINITUMC357,12:55:E4:1B:26:ED,1,-78,WPA2_PSK
2026-03-19 22:16:34,19.5084705,-99.1269073,Invitados Cinves,66:A4:B7:C8:AA:BC,1,-79,OPEN
2026-03-19 22:16:34,19.5084705,-99.1269073,Cinves-WiFi,60:A4:B7:C8:AA:BC,1,-79,WPA_WPA2_PSK
2026-03-19 22:16:34,19.5084705,-99.1269073,WFCDECONTROL,0C:80:63:75:2F:D3,11,-82,WPA_WPA2_PSK
2026-03-19 22:16:34,19.5084705,-99.1269073,Cinves-WiFi,14:EB:B6:65:63:9E,1,-83,WPA_WPA2_PSK
2026-03-19 22:16:34,19.5084705,-99.1269073,INFINITUM8BDA,00:5F:67:74:48:B8,6,-84,WPA2_PSK
2026-03-19 22:16:34,19.5084705,-99.1269073,R_MC5423,34:0A:9A:31:22:41,7,-84,WPA_WPA2_PSK
2026-03-19 22:16:34,19.5084705,-99.1269073,Invitados Cinves,66:A4:B7:C8:AA:B6,11,-84,OPEN
2026-03-19 22:16:34,19.5084705,-99.1269073,INFINITUM3532,D4:01:45:3D:A6:80,11,-85,WPA2_PSK
2026-03-19 22:16:34,19.5084705,-99.1269073,Cinves-WiFi,34:60:F9:E5:83:76,6,-86,WPA_WPA2_PSK
2026-03-19 22:16:34,19.5084705,-99.1269073,ALTOS 1 _EXT,40:AE:30:DF:07:AB,5,-87,WPA2_PSK
2026-03-19 22:16:34,19.5084705,-99.1269073,LDPTPWF01,3A:60:F9:E5:83:76,6,-87,WPA2_PSK
2026-03-19 22:16:34,19.5084705,-99.1269073,,AE:42:A1:7C:B8:AA,5,-88,WPA2_PSK
2026-03-19 22:16:34,19.5084705,-99.1269073,DIRECT-40-HP M254 LaserJet,42:23:43:4E:08:40,6,-88,WPA2_PSK
2026-03-19 22:16:34,19.5084705,-99.1269073,Totalplay-4FAB,C4:E2:87:59:15:0C,7,-88,WPA2_PSK
2026-03-19 22:16:34,19.5084705,-99.1269073,Megacable_2.4G_3530,34:36:54:9C:35:30,9,-89,WPA_WPA2_PSK
2026-03-19 22:16:34,19.5084705,-99.1269073,Cinves-WiFi,60:A4:B7:C8:AA:B6,11,-90,WPA_WPA2_PSK
2026-03-19 22:16:50,19.5084705,-99.1269073,CGSTIC-WiFi-Cel,E2:8F:71:3A:34:34,3,-72,WPA2_PSK
2026-03-19 22:16:50,19.5084705,-99.1269073,Club_Totalplay_WiFi,E6:82:10:61:2E:CF,11,-72,OPEN
2026-03-19 22:16:50,19.5084705,-99.1269073,,F2:4B:8A:FC:13:1A,1,-73,UNKNOWN
2026-03-19 22:16:50,19.5084705,-99.1269073,,8A:15:04:58:0F:BF,6,-73,WEP
2026-03-19 22:16:50,19.5084705,-99.1269073,Totalplay-4CB2,E6:82:10:61:2E:CC,11,-73,WPA2_PSK
2026-03-19 22:16:50,19.5084705,-99.1269073,IZZI-E3DD,F0:4B:8A:FC:13:6A,1,-74,WPA2_PSK
2026-03-19 22:16:50,19.5084705,-99.1269073,,E6:82:10:61:2E:CE,11,-74,WPA2_PSK
2026-03-19 22:16:50,19.5084705,-99.1269073,Cinves-WiFi,60:A4:B7:C8:AA:BC,1,-78,WPA_WPA2_PSK
2026-03-19 22:16:50,19.5084705,-99.1269073,infinitum movil,8A:15:04:58:0F:B0,6,-78,OPEN
2026-03-19 22:16:50,19.5084705,-99.1269073,Invitados Cinves,66:A4:B7:C8:AA:BC,1,-79,OPEN
2026-03-19 22:16:50,19.5084705,-99.1269073,WFCDECONTROL,0C:80:63:75:2F:D3,11,-79,WPA_WPA2_PSK
2026-03-19 22:16:50,19.5084705,-99.1269073,INFINITUMC357,12:55:E4:1B:26:ED,1,-80,WPA2_PSK
2026-03-19 22:16:50,19.5084705,-99.1269073,Cinves-WiFi,14:EB:B6:65:63:9E,1,-82,WPA_WPA2_PSK
2026-03-19 22:16:50,19.5084705,-99.1269073,IZZI-DF2F,A4:98:13:7A:F6:8A,6,-82,WPA2_PSK
2026-03-19 22:16:50,19.5084705,-99.1269073,,E2:62:79:32:D0:56,4,-85,WPA2_PSK
2026-03-19 22:16:50,19.5084705,-99.1269073,DIRECT-40-HP M254 LaserJet,42:23:43:4E:08:40,6,-86,WPA2_PSK
2026-03-19 22:16:50,19.5084705,-99.1269073,R_MC5423,34:0A:9A:31:22:41,7,-86,WPA_WPA2_PSK
2026-03-19 22:16:50,19.5084705,-99.1269073,linksys,00:1A:70:67:AF:CA,11,-86,WPA2_PSK
2026-03-19 22:16:50,19.5084705,-99.1269073,omni,52:0F:F5:7F:A2:91,6,-87,WPA_WPA2_PSK
2026-03-19 22:16:50,19.5084705,-99.1269073,Invitados Cinves,66:A4:B7:C8:AA:B6,11,-87,OPEN
2026-03-19 22:16:50,19.5084705,-99.1269073,Club_Totalplay_WiFi,6C:E8:74:5A:B7:23,8,-88,OPEN
2026-03-19 22:16:50,19.5084705,-99.1269073,MC19474,30:3D:51:11:11:EA,7,-89,WPA_WPA2_PSK
2026-03-19 22:16:50,19.5084705,-99.1269073,Red Wi-Fi de Olivier,88:1F:A1:38:24:B0,11,-89,WPA2_PSK
2026-03-19 22:16:50,19.5084705,-99.1269073,LBS-3 Cinvestav,DC:62:79:32:D0:56,4,-90,WPA2_PSK
2026-03-19 22:16:50,19.5084705,-99.1269073,MC19387,30:3D:51:11:12:B3,7,-90,WPA_WPA2_PSK
2026-03-19 22:16:50,19.5084705,-99.1269073,INFINITUMDCAF_EXT,E8:48:B8:6C:A5:DF,11,-90,WPA2_PSK
2026-03-19 22:16:50,19.5084705,-99.1269073,HONOR Magic7 Lite 214B,CE:F1:7E:35:B9:C7,11,-90,WPA2_PSK
2026-03-19 22:16:50,19.5084705,-99.1269073,,66:DB:F7:C3:1C:59,10,-92,WPA2_PSK
2026-03-19 22:16:50,19.5084705,-99.1269073,,D2:B0:24:6E:0C:79,9,-93,WPA2_PSK
2026-03-19 22:17:06,19.5084705,-99.1269073,IPCF3811617076301,9C:A3:A9:3E:E5:EF,1,-66,WPA2_PSK
2026-03-19 22:17:06,19.5084705,-99.1269073,CGSTIC-WiFi-Cel,E2:8F:71:3A:34:34,3,-73,WPA2_PSK
2026-03-19 22:17:06,19.5084705,-99.1269073,Totalplay-4CB2,E6:82:10:61:2E:CC,11,-73,WPA2_PSK
2026-03-19 22:17:06,19.5084705,-99.1269073,,F2:4B:8A:FC:13:1A,1,-75,UNKNOWN
2026-03-19 22:17:06,19.5084705,-99.1269073,IZZI-E3DD,F0:4B:8A:FC:13:6A,1,-75,WPA2_PSK
2026-03-19 22:17:06,19.5084705,-99.1269073,,E6:82:10:61:2E:CE,11,-75,WPA2_PSK
2026-03-19 22:17:06,19.5084705,-99.1269073,Club_Totalplay_WiFi,E6:82:10:61:2E:CF,11,-76,OPEN
2026-03-19 22:17:06,19.5084705,-99.1269073,WFCDECONTROL,0C:80:63:75:2F:D3,11,-78,WPA_WPA2_PSK
2026-03-19 22:17:06,19.5084705,-99.1269073,Cinves-WiFi,60:A4:B7:C8:AA:BC,1,-79,WPA_WPA2_PSK
2026-03-19 22:17:06,19.5084705,-99.1269073,Invitados Cinves,66:A4:B7:C8:AA:BC,1,-80,OPEN
2026-03-19 22:17:06,19.5084705,-99.1269073,INFINITUMC357,12:55:E4:1B:26:ED,1,-81,WPA2_PSK
2026-03-19 22:17:06,19.5084705,-99.1269073,,A6:98:13:2A:F6:8A,6,-81,UNKNOWN
2026-03-19 22:17:06,19.5084705,-99.1269073,MC19474,30:3D:51:11:11:EA,7,-83,WPA_WPA2_PSK
2026-03-19 22:17:06,19.5084705,-99.1269073,Invitados Cinves,66:A4:B7:C8:AA:B6,11,-83,OPEN
2026-03-19 22:17:06,19.5084705,-99.1269073,Cinves-WiFi,60:A4:B7:C8:AA:B6,11,-83,WPA_WPA2_PSK
2026-03-19 22:17:06,19.5084705,-99.1269073,DIRECT-40-HP M254 LaserJet,42:23:43:4E:08:40,6,-85,WPA2_PSK
2026-03-19 22:17:06,19.5084705,-99.1269073,IZZI-DF2F,A4:98:13:7A:F6:8A,6,-85,WPA2_PSK
2026-03-19 22:17:06,19.5084705,-99.1269073,LDPTPWF01,3A:60:F9:E5:83:76,6,-86,WPA2_PSK
2026-03-19 22:17:06,19.5084705,-99.1269073,MC19387,30:3D:51:11:12:B3,7,-86,WPA_WPA2_PSK
2026-03-19 22:17:06,19.5084705,-99.1269073,R_MC5423,34:0A:9A:31:22:41,7,-86,WPA_WPA2_PSK
2026-03-19 22:17:06,19.5084705,-99.1269073,linksys,00:1A:70:67:AF:CA,11,-87,WPA2_PSK
2026-03-19 22:17:06,19.5084705,-99.1269073,,AE:42:A1:7C:B8:AA,5,-88,WPA2_PSK
2026-03-19 22:17:06,19.5084705,-99.1269073,INFINITUM3532,D4:01:45:3D:A6:80,11,-88,WPA2_PSK
2026-03-19 22:17:06,19.5084705,-99.1269073,Totalplay-C8AC,14:EB:08:9F:61:B0,11,-89,WPA2_PSK
2026-03-19 22:17:06,19.5084705,-99.1269073,ALTOS 1 _EXT,40:AE:30:DF:07:AB,5,-90,WPA2_PSK
2026-03-19 22:17:06,19.5084705,-99.1269073,Club_Totalplay_WiFi,6C:E8:74:5A:B7:23,8,-90,OPEN
2026-03-19 22:17:06,19.5084705,-99.1269073,ALTOS 1 ,A8:42:A1:7C:B8:A6,5,-92,WPA2_PSK
2026-03-19 22:17:06,19.5084705,-99.1269073,,F2:A7:31:87:F3:FD,5,-92,WPA2_PSK
2026-03-19 22:17:22,19.5084705,-99.1269073,,E6:82:10:61:2E:CE,11,-62,WPA2_PSK
2026-03-19 22:17:22,19.5084705,-99.1269073,Totalplay-4CB2,E6:82:10:61:2E:CC,11,-63,WPA2_PSK
2026-03-19 22:17:22,19.5084705,-99.1269073,Club_Totalplay_WiFi,E6:82:10:61:2E:CF,11,-63,OPEN
2026-03-19 22:17:22,19.5084705,-99.1269073,CGSTIC-WiFi-Cel,E2:8F:71:3A:34:34,3,-71,WPA2_PSK
2026-03-19 22:17:22,19.5084705,-99.1269073,,8A:15:04:58:0F:BF,6,-73,WEP
2026-03-19 22:17:22,19.5084705,-99.1269073,infinitum movil,8A:15:04:58:0F:B0,6,-75,OPEN
2026-03-19 22:17:22,19.5084705,-99.1269073,IZZI-E3DD,F0:4B:8A:FC:13:6A,1,-76,WPA2_PSK
2026-03-19 22:17:22,19.5084705,-99.1269073,,F2:4B:8A:FC:13:1A,1,-76,UNKNOWN
2026-03-19 22:17:22,19.5084705,-99.1269073,Cinves-WiFi,60:A4:B7:C8:AA:BC,1,-78,WPA_WPA2_PSK
2026-03-19 22:17:22,19.5084705,-99.1269073,IPCF3811617076301,9C:A3:A9:3E:E5:EF,1,-80,WPA2_PSK
2026-03-19 22:17:22,19.5084705,-99.1269073,Invitados Cinves,66:A4:B7:C8:AA:BC,1,-80,OPEN
2026-03-19 22:17:22,19.5084705,-99.1269073,MC19474,30:3D:51:11:11:EA,7,-81,WPA_WPA2_PSK
2026-03-19 22:17:22,19.5084705,-99.1269073,WFCDECONTROL,0C:80:63:75:2F:D3,11,-81,WPA_WPA2_PSK
2026-03-19 22:17:22,19.5084705,-99.1269073,INFINITUM8BDA,00:5F:67:74:48:B8,6,-82,WPA2_PSK
2026-03-19 22:17:22,19.5084705,-99.1269073,LDPTPWF01,3A:60:F9:E5:83:76,6,-82,WPA2_PSK
2026-03-19 22:17:22,19.5084705,-99.1269073,IZZI-DF2F,A4:98:13:7A:F6:8A,6,-82,WPA2_PSK
2026-03-19 22:17:22,19.5084705,-99.1269073,,A6:98:13:2A:F6:8A,6,-82,UNKNOWN
2026-03-19 22:17:22,19.5084705,-99.1269073,Cinves-WiFi,34:60:F9:E5:83:76,6,-82,WPA_WPA2_PSK
2026-03-19 22:17:22,19.5084705,-99.1269073,Cinves-WiFi,60:A4:B7:C8:AA:B6,11,-82,WPA_WPA2_PSK
2026-03-19 22:17:22,19.5084705,-99.1269073,Invitados Cinves,66:A4:B7:C8:AA:B6,11,-83,OPEN
2026-03-19 22:17:22,19.5084705,-99.1269073,Cinves-WiFi,68:FF:7B:32:CA:42,6,-85,WPA_WPA2_PSK
2026-03-19 22:17:22,19.5084705,-99.1269073,Cinves-WiFi,14:EB:B6:65:63:9E,1,-86,WPA_WPA2_PSK
2026-03-19 22:17:22,19.5084705,-99.1269073,linksys,00:1A:70:67:AF:CA,11,-86,WPA2_PSK
2026-03-19 22:17:22,19.5084705,-99.1269073,R_MC5423,34:0A:9A:31:22:41,7,-88,WPA_WPA2_PSK
2026-03-19 22:17:22,19.5084705,-99.1269073,LBS-3 Cinvestav,DC:62:79:32:D0:56,4,-89,WPA2_PSK
2026-03-19 22:17:22,19.5084705,-99.1269073,,E2:62:79:32:8D:F2,4,-89,WPA2_PSK
2026-03-19 22:17:22,19.5084705,-99.1269073,SALONES ALVI_2.4G,6C:E8:74:60:A4:94,7,-89,WPA_WPA2_PSK
2026-03-19 22:17:22,19.5084705,-99.1269073,INFINITUM2746,A8:E8:1E:E6:5A:80,8,-90,WPA2_PSK
2026-03-19 22:17:22,19.5084705,-99.1269073,Megacable_2.4G_3530,34:36:54:9C:35:30,9,-90,WPA_WPA2_PSK
2026-03-19 22:17:22,19.5084705,-99.1269073,moto e5 plus 2739,2A:E6:43:95:8C:AC,1,-91,WPA2_PSK
2026-03-19 22:17:22,19.5084705,-99.1269073,IZZI-DF34,88:71:B1:7E:D9:E2,6,-91,WPA2_PSK
2026-03-19 22:17:22,19.5084705,-99.1269073,Cinves-WiFi,1C:61:B4:13:64:5A,11,-93,WPA_WPA2_PSK
2026-03-19 22:17:38,19.5084705,-99.1269073,Totalplay-4CB2,E6:82:10:61:2E:CC,11,-62,WPA2_PSK
2026-03-19 22:17:38,19.5084705,-99.1269073,Club_Totalplay_WiFi,E6:82:10:61:2E:CF,11,-63,OPEN
2026-03-19 22:17:38,19.5084705,-99.1269073,,E6:82:10:61:2E:CE,11,-65,WPA2_PSK
2026-03-19 22:17:38,19.5084705,-99.1269073,CGSTIC-WiFi-Cel,E2:8F:71:3A:34:34,3,-72,WPA2_PSK
2026-03-19 22:17:38,19.5084705,-99.1269073,IZZI-E3DD,F0:4B:8A:FC:13:6A,1,-73,WPA2_PSK
2026-03-19 22:17:38,19.5084705,-99.1269073,,F2:4B:8A:FC:13:1A,1,-74,UNKNOWN
2026-03-19 22:17:38,19.5084705,-99.1269073,WFCDECONTROL,0C:80:63:75:2F:D3,11,-77,WPA_WPA2_PSK
2026-03-19 22:17:38,19.5084705,-99.1269073,,8A:15:04:58:0F:BF,6,-78,WEP
2026-03-19 22:17:38,19.5084705,-99.1269073,Invitados Cinves,66:A4:B7:C8:AA:BC,1,-79,OPEN
2026-03-19 22:17:38,19.5084705,-99.1269073,infinitum movil,8A:15:04:58:0F:B0,6,-80,OPEN
2026-03-19 22:17:38,19.5084705,-99.1269073,INFINITUM8BDA,00:5F:67:74:48:B8,6,-81,WPA2_PSK
2026-03-19 22:17:38,19.5084705,-99.1269073,IZZI-DF2F,A4:98:13:7A:F6:8A,6,-81,WPA2_PSK
2026-03-19 22:17:38,19.5084705,-99.1269073,IPCF3811617076301,9C:A3:A9:3E:E5:EF,1,-82,WPA2_PSK
2026-03-19 22:17:38,19.5084705,-99.1269073,,A6:98:13:2A:F6:8A,6,-82,UNKNOWN
2026-03-19 22:17:38,19.5084705,-99.1269073,LDPTPWF01,3A:60:F9:E5:83:76,6,-84,WPA2_PSK
2026-03-19 22:17:38,19.5084705,-99.1269073,R_MC5423,34:0A:9A:31:22:41,7,-85,WPA_WPA2_PSK
2026-03-19 22:17:38,19.5084705,-99.1269073,Invitados Cinves,66:A4:B7:C8:AA:B6,11,-85,OPEN
2026-03-19 22:17:38,19.5084705,-99.1269073,Tenda_0211D0,58:D9:D5:02:11:D1,3,-87,WPA_WPA2_PSK
2026-03-19 22:17:38,19.5084705,-99.1269073,MC19387,30:3D:51:11:12:B3,7,-87,WPA_WPA2_PSK
2026-03-19 22:17:38,19.5084705,-99.1269073,LBS-3 Cinvestav,DC:62:79:32:D0:56,4,-88,WPA2_PSK
2026-03-19 22:17:38,19.5084705,-99.1269073,Cinves-WiFi,68:FF:7B:32:CA:42,6,-88,WPA_WPA2_PSK
2026-03-19 22:17:38,19.5084705,-99.1269073,DIRECT-40-HP M254 LaserJet,42:23:43:4E:08:40,6,-89,WPA2_PSK
2026-03-19 22:17:38,19.5084705,-99.1269073,cdc-wifinet,60:E3:27:B6:DE:72,6,-90,WPA_WPA2_PSK
2026-03-19 22:17:38,19.5084705,-99.1269073,Megacable_2.4G_3530,34:36:54:9C:35:30,9,-90,WPA_WPA2_PSK
2026-03-19 22:17:38,19.5084705,-99.1269073,Totalplay-2.4G-0768,28:6E:DA:6F:07:68,6,-91,WPA2_PSK
2026-03-19 22:17:38,19.5084705,-99.1269073,linksys,00:1A:70:67:AF:CA,11,-91,WPA2_PSK
2026-03-19 22:17:38,19.5084705,-99.1269073,omni,52:0F:F5:7F:A2:91,6,-92,WPA_WPA2_PSK
2026-03-19 22:17:54,19.5084705,-99.1269073,CGSTIC-WiFi-Cel,E2:8F:71:3A:34:34,3,-70,WPA2_PSK
2026-03-19 22:17:54,19.5084705,-99.1269073,Totalplay-4CB2,E6:82:10:61:2E:CC,11,-71,WPA2_PSK
2026-03-19 22:17:54,19.5084705,-99.1269073,Club_Totalplay_WiFi,E6:82:10:61:2E:CF,11,-71,OPEN
2026-03-19 22:17:54,19.5084705,-99.1269073,,E6:82:10:61:2E:CE,11,-71,WPA2_PSK
2026-03-19 22:17:54,19.5084705,-99.1269073,IPCF3811617076301,9C:A3:A9:3E:E5:EF,1,-76,WPA2_PSK
2026-03-19 22:17:54,19.5084705,-99.1269073,IZZI-E3DD,F0:4B:8A:FC:13:6A,1,-76,WPA2_PSK
2026-03-19 22:17:54,19.5084705,-99.1269073,,8A:15:04:58:0F:BF,6,-76,WEP
2026-03-19 22:17:54,19.5084705,-99.1269073,Invitados Cinves,66:A4:B7:C8:AA:BC,1,-77,OPEN
2026-03-19 22:17:54,19.5084705,-99.1269073,Cinves-WiFi,60:A4:B7:C8:AA:BC,1,-78,WPA_WPA2_PSK
2026-03-19 22:17:54,19.5084705,-99.1269073,infinitum movil,8A:15:04:58:0F:B0,6,-78,OPEN
2026-03-19 22:17:54,19.5084705,-99.1269073,Cinves-WiFi,60:A4:B7:C8:AA:B6,11,-82,WPA_WPA2_PSK
2026-03-19 22:17:54,19.5084705,-99.1269073,Invitados Cinves,66:A4:B7:C8:AA:B6,11,-83,OPEN
2026-03-19 22:17:54,19.5084705,-99.1269073,INFINITUM8BDA,00:5F:67:74:48:B8,6,-84,WPA2_PSK
2026-03-19 22:17:54,19.5084705,-99.1269073,IZZI-DF2F,A4:98:13:7A:F6:8A,6,-84,WPA2_PSK
2026-03-19 22:17:54,19.5084705,-99.1269073,LBS-3 Cinvestav,DC:62:79:32:D0:56,4,-85,WPA2_PSK
2026-03-19 22:17:54,19.5084705,-99.1269073,Tenda_0211D0,58:D9:D5:02:11:D1,3,-86,WPA_WPA2_PSK
2026-03-19 22:17:54,19.5084705,-99.1269073,omni,52:0F:F5:7F:A2:91,6,-86,WPA_WPA2_PSK
2026-03-19 22:17:54,19.5084705,-99.1269073,,AE:42:A1:7C:B8:AA,5,-87,WPA2_PSK
2026-03-19 22:17:54,19.5084705,-99.1269073,DIRECT-40-HP M254 LaserJet,42:23:43:4E:08:40,6,-87,WPA2_PSK
2026-03-19 22:17:54,19.5084705,-99.1269073,Invitados Cinves,6E:FF:7B:32:CA:42,6,-87,OPEN
2026-03-19 22:17:54,19.5084705,-99.1269073,Galaxy A13 05F5,8A:2E:04:32:A4:33,6,-87,WPA2_PSK
2026-03-19 22:17:54,19.5084705,-99.1269073,ALTOS 1 ,A8:42:A1:7C:B8:A6,5,-88,WPA2_PSK
2026-03-19 22:17:54,19.5084705,-99.1269073,ALTOS 1 ,A8:42:A1:7C:B8:AA,5,-88,WPA2_PSK
2026-03-19 22:17:54,19.5084705,-99.1269073,,A6:98:13:2A:F6:8A,6,-88,UNKNOWN
2026-03-19 22:17:54,19.5084705,-99.1269073,linksys,00:1A:70:67:AF:CA,11,-88,WPA2_PSK
2026-03-19 22:17:54,19.5084705,-99.1269073,LDPTPWF01,3A:60:F9:E5:83:76,6,-90,WPA2_PSK
2026-03-19 22:17:54,19.5084705,-99.1269073,Totalplay-DCAA,6C:E8:74:5A:B7:20,8,-90,WPA2_PSK
2026-03-19 22:17:54,19.5084705,-99.1269073,INFINITUM2746,A8:E8:1E:E6:5A:80,8,-90,WPA2_PSK
2026-03-19 22:17:54,19.5084705,-99.1269073,SALONES ALVI_2.4G,6C:E8:74:60:A4:94,7,-91,WPA_WPA2_PSK
2026-03-19 22:17:54,19.5084705,-99.1269073,Megacable_2.4G_3530,34:36:54:9C:35:30,9,-91,WPA_WPA2_PSK
2026-03-19 22:17:54,19.5084705,-99.1269073,Totalplay-C8AC,14:EB:08:9F:61:B0,11,-91,WPA2_PSK
2026-03-19 22:18:10,19.5084705,-99.1269073,CGSTIC-WiFi-Cel,E2:8F:71:3A:34:34,3,-69,WPA2_PSK
2026-03-19 22:18:10,19.5084705,-99.1269073,Totalplay-4CB2,E6:82:10:61:2E:CC,11,-71,WPA2_PSK
2026-03-19 22:18:10,19.5084705,-99.1269073,,F2:4B:8A:FC:13:1A,1,-73,UNKNOWN
2026-03-19 22:18:10,19.5084705,-99.1269073,Club_Totalplay_WiFi,E6:82:10:61:2E:CF,11,-73,OPEN
2026-03-19 22:18:10,19.5084705,-99.1269073,IZZI-E3DD,F0:4B:8A:FC:13:6A,1,-74,WPA2_PSK
2026-03-19 22:18:10,19.5084705,-99.1269073,IPCF3811617076301,9C:A3:A9:3E:E5:EF,1,-74,WPA2_PSK
2026-03-19 22:18:10,19.5084705,-99.1269073,,8A:15:04:58:0F:BF,6,-74,WEP
2026-03-19 22:18:10,19.5084705,-99.1269073,,E6:82:10:61:2E:CE,11,-75,WPA2_PSK
2026-03-19 22:18:10,19.5084705,-99.1269073,infinitum movil,8A:15:04:58:0F:B0,6,-79,OPEN
2026-03-19 22:18:10,19.5084705,-99.1269073,Cinves-WiFi,60:A4:B7:C8:AA:BC,1,-80,WPA_WPA2_PSK
2026-03-19 22:18:10,19.5084705,-99.1269073,IZZI-DF2F,A4:98:13:7A:F6:8A,6,-81,WPA2_PSK
2026-03-19 22:18:10,19.5084705,-99.1269073,INFINITUM8BDA,00:5F:67:74:48:B8,6,-82,WPA2_PSK
2026-03-19 22:18:10,19.5084705,-99.1269073,,A6:98:13:2A:F6:8A,6,-82,UNKNOWN
2026-03-19 22:18:10,19.5084705,-99.1269073,Cinves-WiFi,14:EB:B6:65:63:9E,1,-84,WPA_WPA2_PSK
2026-03-19 22:18:10,19.5084705,-99.1269073,Invitados Cinves,66:A4:B7:C8:AA:BC,1,-84,OPEN
2026-03-19 22:18:10,19.5084705,-99.1269073,,AE:42:A1:7C:B8:A6,5,-85,WPA2_PSK
2026-03-19 22:18:10,19.5084705,-99.1269073,ALTOS 1 ,A8:42:A1:7C:B8:A6,5,-86,WPA2_PSK
2026-03-19 22:18:10,19.5084705,-99.1269073,,AE:42:A1:7C:B8:AA,5,-86,WPA2_PSK
2026-03-19 22:18:10,19.5084705,-99.1269073,Cinves-WiFi,34:60:F9:E5:83:76,6,-86,WPA_WPA2_PSK
2026-03-19 22:18:10,19.5084705,-99.1269073,LDPTPWF01,3A:60:F9:E5:83:76,6,-87,WPA2_PSK
2026-03-19 22:18:10,19.5084705,-99.1269073,MC19387,30:3D:51:11:12:B3,7,-87,WPA_WPA2_PSK
2026-03-19 22:18:10,19.5084705,-99.1269073,,DA:EE:C2:57:55:5B,1,-88,WPA2_PSK
2026-03-19 22:18:10,19.5084705,-99.1269073,,F2:A7:31:87:F3:FD,5,-88,WPA2_PSK
2026-03-19 22:18:10,19.5084705,-99.1269073,Invitados Cinves,6E:FF:7B:32:CA:42,6,-88,OPEN
2026-03-19 22:18:10,19.5084705,-99.1269073,Tenda_0211D0,58:D9:D5:02:11:D1,3,-89,WPA_WPA2_PSK
2026-03-19 22:18:10,19.5084705,-99.1269073,,E2:62:79:32:D0:56,4,-89,WPA2_PSK
2026-03-19 22:18:10,19.5084705,-99.1269073,Megacable_2.4G_3530,34:36:54:9C:35:30,9,-90,WPA_WPA2_PSK
2026-03-19 22:18:10,19.5084705,-99.1269073,R_MC5423,34:0A:9A:31:22:41,7,-91,WPA_WPA2_PSK
2026-03-19 22:18:10,19.5084705,-99.1269073,linksys,00:1A:70:67:AF:CA,11,-92,WPA2_PSK
2026-03-19 22:18:26,19.5084705,-99.1269073,CGSTIC-WiFi-Cel,E2:8F:71:3A:34:34,3,-70,WPA2_PSK
2026-03-19 22:18:26,19.5084705,-99.1269073,Totalplay-4CB2,E6:82:10:61:2E:CC,11,-70,WPA2_PSK
2026-03-19 22:18:26,19.5084705,-99.1269073,Club_Totalplay_WiFi,E6:82:10:61:2E:CF,11,-70,OPEN
2026-03-19 22:18:26,19.5084705,-99.1269073,,E6:82:10:61:2E:CE,11,-70,WPA2_PSK
2026-03-19 22:18:26,19.5084705,-99.1269073,,8A:15:04:58:0F:BF,6,-75,WEP
2026-03-19 22:18:26,19.5084705,-99.1269073,IZZI-E3DD,F0:4B:8A:FC:13:6A,1,-76,WPA2_PSK
2026-03-19 22:18:26,19.5084705,-99.1269073,,F2:4B:8A:FC:13:1A,1,-77,UNKNOWN
2026-03-19 22:18:26,19.5084705,-99.1269073,infinitum movil,8A:15:04:58:0F:B0,6,-77,OPEN
2026-03-19 22:18:26,19.5084705,-99.1269073,WFCDECONTROL,0C:80:63:75:2F:D3,11,-78,WPA_WPA2_PSK
2026-03-19 22:18:26,19.5084705,-99.1269073,Invitados Cinves,66:A4:B7:C8:AA:BC,1,-79,OPEN
2026-03-19 22:18:26,19.5084705,-99.1269073,INFINITUMC357,12:55:E4:1B:26:ED,1,-81,WPA2_PSK
2026-03-19 22:18:26,19.5084705,-99.1269073,MC19387,30:3D:51:11:12:B3,7,-81,WPA_WPA2_PSK
2026-03-19 22:18:26,19.5084705,-99.1269073,Cinves-WiFi,60:A4:B7:C8:AA:B6,11,-82,WPA_WPA2_PSK
2026-03-19 22:18:26,19.5084705,-99.1269073,R_MC5423,34:0A:9A:31:22:41,7,-85,WPA_WPA2_PSK
2026-03-19 22:18:26,19.5084705,-99.1269073,ALTOS 1 _EXT,40:AE:30:DF:07:AB,5,-86,WPA2_PSK
2026-03-19 22:18:26,19.5084705,-99.1269073,Cinves-WiFi,68:FF:7B:32:CA:42,6,-86,WPA_WPA2_PSK
2026-03-19 22:18:26,19.5084705,-99.1269073,,DE:92:72:14:26:70,6,-87,UNKNOWN
2026-03-19 22:18:26,19.5084705,-99.1269073,,AE:42:A1:7C:B8:AA,5,-88,WPA2_PSK
2026-03-19 22:18:26,19.5084705,-99.1269073,IZZI-2571,DC:92:72:14:25:76,6,-89,WPA2_PSK
2026-03-19 22:18:26,19.5084705,-99.1269073,Mega_2.4G_5AAE,48:96:D9:24:5A:AE,3,-90,WPA_WPA2_PSK
2026-03-19 22:18:26,19.5084705,-99.1269073,Tenda_0211D0,58:D9:D5:02:11:D1,3,-90,WPA_WPA2_PSK
2026-03-19 22:18:26,19.5084705,-99.1269073,SALONES ALVI_2.4G,6C:E8:74:60:A4:94,7,-91,WPA_WPA2_PSK
2026-03-19 22:18:26,19.5084705,-99.1269073,Dra. E_Calderon,B4:B0:24:6E:0C:77,9,-93,WPA2_PSK
2026-03-19 22:18:42,19.5084705,-99.1269073,Totalplay-4CB2,E6:82:10:61:2E:CC,11,-69,WPA2_PSK
2026-03-19 22:18:42,19.5084705,-99.1269073,Club_Totalplay_WiFi,E6:82:10:61:2E:CF,11,-69,OPEN
2026-03-19 22:18:42,19.5084705,-99.1269073,,E6:82:10:61:2E:CE,11,-70,WPA2_PSK
2026-03-19 22:18:42,19.5084705,-99.1269073,CGSTIC-WiFi-Cel,E2:8F:71:3A:34:34,3,-75,WPA2_PSK
2026-03-19 22:18:42,19.5084705,-99.1269073,,8A:15:04:58:0F:BF,6,-75,WEP
2026-03-19 22:18:42,19.5084705,-99.1269073,IZZI-E3DD,F0:4B:8A:FC:13:6A,1,-76,WPA2_PSK
2026-03-19 22:18:42,19.5084705,-99.1269073,,F2:4B:8A:FC:13:1A,1,-77,UNKNOWN
2026-03-19 22:18:42,19.5084705,-99.1269073,infinitum movil,8A:15:04:58:0F:B0,6,-77,OPEN
2026-03-19 22:18:42,19.5084705,-99.1269073,INFINITUMC357,12:55:E4:1B:26:ED,1,-79,WPA2_PSK
2026-03-19 22:18:42,19.5084705,-99.1269073,Cinves-WiFi,60:A4:B7:C8:AA:BC,1,-79,WPA_WPA2_PSK
2026-03-19 22:18:42,19.5084705,-99.1269073,WFCDECONTROL,0C:80:63:75:2F:D3,11,-81,WPA_WPA2_PSK
2026-03-19 22:18:42,19.5084705,-99.1269073,INFINITUM8BDA,00:5F:67:74:48:B8,6,-83,WPA2_PSK
2026-03-19 22:18:42,19.5084705,-99.1269073,MC19474,30:3D:51:11:11:EA,7,-83,WPA_WPA2_PSK
2026-03-19 22:18:42,19.5084705,-99.1269073,LBS-3 Cinvestav,DC:62:79:32:D0:56,4,-84,WPA2_PSK
2026-03-19 22:18:42,19.5084705,-99.1269073,omni,52:0F:F5:7F:A2:91,6,-84,WPA_WPA2_PSK
2026-03-19 22:18:42,19.5084705,-99.1269073,Tenda_0211D0,58:D9:D5:02:11:D1,3,-85,WPA_WPA2_PSK
2026-03-19 22:18:42,19.5084705,-99.1269073,,E2:62:79:32:D0:56,4,-85,WPA2_PSK
2026-03-19 22:18:42,19.5084705,-99.1269073,LDPTPWF01,3A:60:F9:E5:83:76,6,-85,WPA2_PSK
2026-03-19 22:18:42,19.5084705,-99.1269073,DIRECT-40-HP M254 LaserJet,42:23:43:4E:08:40,6,-85,WPA2_PSK
2026-03-19 22:18:42,19.5084705,-99.1269073,INFINITUM62FA,D4:01:45:40:83:00,1,-86,WPA2_PSK
2026-03-19 22:18:42,19.5084705,-99.1269073,Cinves-WiFi,34:60:F9:E5:83:76,6,-86,WPA_WPA2_PSK
2026-03-19 22:18:42,19.5084705,-99.1269073,R_MC5423,34:0A:9A:31:22:41,7,-86,WPA_WPA2_PSK
2026-03-19 22:18:42,19.5084705,-99.1269073,moto e5 plus 2739,2A:E6:43:95:8C:AC,1,-87,WPA2_PSK
2026-03-19 22:18:42,19.5084705,-99.1269073,MC19387,30:3D:51:11:12:B3,7,-89,WPA_WPA2_PSK
2026-03-19 22:18:42,19.5084705,-99.1269073,INFINITUMF8E0,64:DB:F7:C3:1C:59,10,-89,WPA2_PSK
2026-03-19 22:18:42,19.5084705,-99.1269073,,62:06:C3:8E:7B:5D,10,-89,WPA2_PSK
2026-03-19 22:18:42,19.5084705,-99.1269073,INFINITUM3532,D4:01:45:3D:A6:80,11,-89,WPA2_PSK
2026-03-19 22:18:42,19.5084705,-99.1269073,Cinves-WiFi,74:FE:CE:69:FB:0A,1,-90,WPA_WPA2_PSK
2026-03-19 22:18:42,19.5084705,-99.1269073,INFINITUM2746,A8:E8:1E:E6:5A:80,8,-90,WPA2_PSK
2026-03-19 22:18:42,19.5084705,-99.1269073,,66:DB:F7:C3:1C:59,10,-90,WPA2_PSK
2026-03-19 22:18:42,19.5084705,-99.1269073,ALTOS 1 _EXT,40:AE:30:DF:07:AB,5,-91,WPA2_PSK
2026-03-19 22:18:42,19.5084705,-99.1269073,Club_Totalplay_WiFi,28:6E:DA:6F:07:69,6,-91,OPEN
2026-03-19 22:18:42,19.5084705,-99.1269073,cdc-wifinet,60:E3:27:B6:DE:72,6,-91,WPA_WPA2_PSK
2026-03-19 22:18:42,19.5084705,-99.1269073,Club_Totalplay_WiFi,6C:E8:74:60:A4:97,7,-91,OPEN
2026-03-19 22:18:42,19.5084705,-99.1269073,Megacable_2.4G_3530,34:36:54:9C:35:30,9,-91,WPA_WPA2_PSK
2026-03-19 22:18:42,19.5084705,-99.1269073,Totalplay-C8AC,14:EB:08:9F:61:B0,11,-93,WPA2_PSK
2026-03-19 22:18:58,19.5084705,-99.1269073,Totalplay-4CB2,E6:82:10:61:2E:CC,11,-63,WPA2_PSK
2026-03-19 22:18:58,19.5084705,-99.1269073,Club_Totalplay_WiFi,E6:82:10:61:2E:CF,11,-63,OPEN
2026-03-19 22:18:58,19.5084705,-99.1269073,,E6:82:10:61:2E:CE,11,-63,WPA2_PSK
2026-03-19 22:18:58,19.5084705,-99.1269073,CGSTIC-WiFi-Cel,E2:8F:71:3A:34:34,3,-70,WPA2_PSK
2026-03-19 22:18:58,19.5084705,-99.1269073,,F2:4B:8A:FC:13:1A,1,-74,UNKNOWN
2026-03-19 22:18:58,19.5084705,-99.1269073,IZZI-E3DD,F0:4B:8A:FC:13:6A,1,-76,WPA2_PSK
2026-03-19 22:18:58,19.5084705,-99.1269073,,8A:15:04:58:0F:BF,6,-77,WEP
2026-03-19 22:18:58,19.5084705,-99.1269073,infinitum movil,8A:15:04:58:0F:B0,6,-79,OPEN
2026-03-19 22:18:58,19.5084705,-99.1269073,Cinves-WiFi,60:A4:B7:C8:AA:BC,1,-81,WPA_WPA2_PSK
2026-03-19 22:18:58,19.5084705,-99.1269073,INFINITUM8BDA,00:5F:67:74:48:B8,6,-81,WPA2_PSK
2026-03-19 22:18:58,19.5084705,-99.1269073,WFCDECONTROL,0C:80:63:75:2F:D3,11,-81,WPA_WPA2_PSK
2026-03-19 22:18:58,19.5084705,-99.1269073,Invitados Cinves,66:A4:B7:C8:AA:BC,1,-82,OPEN
2026-03-19 22:18:58,19.5084705,-99.1269073,ALTOS 1 _EXT,40:AE:30:DF:07:AB,5,-84,WPA2_PSK
2026-03-19 22:18:58,19.5084705,-99.1269073,Tenda_0211D0,58:D9:D5:02:11:D1,3,-85,WPA_WPA2_PSK
2026-03-19 22:18:58,19.5084705,-99.1269073,Cinves-WiFi,34:60:F9:E5:83:76,6,-85,WPA_WPA2_PSK
2026-03-19 22:18:58,19.5084705,-99.1269073,MC19387,30:3D:51:11:12:B3,7,-85,WPA_WPA2_PSK
2026-03-19 22:18:58,19.5084705,-99.1269073,moto e5 plus 2739,2A:E6:43:95:8C:AC,1,-86,WPA2_PSK
2026-03-19 22:18:58,19.5084705,-99.1269073,ALTOS 1 ,A8:42:A1:7C:B8:AA,5,-86,WPA2_PSK
2026-03-19 22:18:58,19.5084705,-99.1269073,Invitados Cinves,6E:FF:7B:32:CA:42,6,-86,OPEN
2026-03-19 22:18:58,19.5084705,-99.1269073,LDPTPWF01,3A:60:F9:E5:83:76,6,-86,WPA2_PSK
2026-03-19 22:18:58,19.5084705,-99.1269073,R_MC5423,34:0A:9A:31:22:41,7,-86,WPA_WPA2_PSK
2026-03-19 22:18:58,19.5084705,-99.1269073,,AE:42:A1:7C:B8:AA,5,-87,WPA2_PSK
2026-03-19 22:18:58,19.5084705,-99.1269073,,E2:62:79:32:D0:56,4,-88,WPA2_PSK
2026-03-19 22:18:58,19.5084705,-99.1269073,omni,52:0F:F5:7F:A2:91,6,-88,WPA_WPA2_PSK
2026-03-19 22:18:58,19.5084705,-99.1269073,linksys,00:1A:70:67:AF:CA,11,-88,WPA2_PSK
2026-03-19 22:18:58,19.5084705,-99.1269073,Cinves-WiFi,74:FE:CE:69:FB:0A,1,-89,WPA_WPA2_PSK
2026-03-19 22:19:14,19.5084705,-99.1269073,HUAWEI P40 lite,22:EE:EE:7F:2B:F5,1,-64,WPA2_PSK
2026-03-19 22:19:14,19.5084705,-99.1269073,Club_Totalplay_WiFi,E6:82:10:61:2E:CF,11,-74,OPEN
2026-03-19 22:19:14,19.5084705,-99.1269073,,8A:15:04:58:0F:BF,6,-75,WEP
2026-03-19 22:19:14,19.5084705,-99.1269073,IZZI-E3DD,F0:4B:8A:FC:13:6A,1,-76,WPA2_PSK
2026-03-19 22:19:14,19.5084705,-99.1269073,,E6:82:10:61:2E:CE,11,-76,WPA2_PSK
2026-03-19 22:19:14,19.5084705,-99.1269073,,F2:4B:8A:FC:13:1A,1,-77,UNKNOWN
2026-03-19 22:19:14,19.5084705,-99.1269073,Totalplay-4CB2,E6:82:10:61:2E:CC,11,-77,WPA2_PSK
2026-03-19 22:19:14,19.5084705,-99.1269073,infinitum movil,8A:15:04:58:0F:B0,6,-79,OPEN
2026-03-19 22:19:14,19.5084705,-99.1269073,DIRECT-BMW 54206,12:E8:A7:FC:06:F1,11,-80,WPA2_PSK
2026-03-19 22:19:14,19.5084705,-99.1269073,CGSTIC-WiFi-Cel,E2:8F:71:3A:34:34,3,-81,WPA2_PSK
2026-03-19 22:19:14,19.5084705,-99.1269073,INFINITUMC357,12:55:E4:1B:26:ED,1,-82,WPA2_PSK
2026-03-19 22:19:14,19.5084705,-99.1269073,,A6:98:13:2A:F6:8A,6,-82,UNKNOWN
2026-03-19 22:19:14,19.5084705,-99.1269073,WFCDECONTROL,0C:80:63:75:2F:D3,11,-83,WPA_WPA2_PSK
2026-03-19 22:19:14,19.5084705,-99.1269073,Invitados Cinves,66:A4:B7:C8:AA:B6,11,-83,OPEN
2026-03-19 22:19:14,19.5084705,-99.1269073,Tenda_0211D0,58:D9:D5:02:11:D1,3,-84,WPA_WPA2_PSK
2026-03-19 22:19:14,19.5084705,-99.1269073,MC19474,30:3D:51:11:11:EA,7,-84,WPA_WPA2_PSK
2026-03-19 22:19:14,19.5084705,-99.1269073,MC19387,30:3D:51:11:12:B3,7,-85,WPA_WPA2_PSK
2026-03-19 22:19:14,19.5084705,-99.1269073,Cinves-WiFi,60:A4:B7:C8:AA:B6,11,-85,WPA_WPA2_PSK
2026-03-19 22:19:14,19.5084705,-99.1269073,Cinves-WiFi,14:EB:B6:65:63:9E,1,-86,WPA_WPA2_PSK
2026-03-19 22:19:14,19.5084705,-99.1269073,ALTOS 1 _EXT,40:AE:30:DF:07:AB,5,-86,WPA2_PSK
2026-03-19 22:19:14,19.5084705,-99.1269073,R_MC5423,34:0A:9A:31:22:41,7,-87,WPA_WPA2_PSK
2026-03-19 22:19:14,19.5084705,-99.1269073,IPCF3811617076301,9C:A3:A9:3E:E5:EF,1,-88,WPA2_PSK
2026-03-19 22:19:14,19.5084705,-99.1269073,cdc-wifinet,60:E3:27:B6:DE:72,6,-88,WPA_WPA2_PSK
2026-03-19 22:19:14,19.5084705,-99.1269073,Mega_2.4G_5AAE,48:96:D9:24:5A:AE,3,-89,WPA_WPA2_PSK
2026-03-19 22:19:14,19.5084705,-99.1269073,,E2:62:79:32:D0:56,4,-89,WPA2_PSK
2026-03-19 22:19:14,19.5084705,-99.1269073,,AE:42:A1:7C:B8:AA,5,-89,WPA2_PSK
2026-03-19 22:19:14,19.5084705,-99.1269073,ALTOS 1 ,A8:42:A1:7C:B8:AA,5,-89,WPA2_PSK
2026-03-19 22:19:14,19.5084705,-99.1269073,Totalplay-DCAA,6C:E8:74:5A:B7:20,8,-92,WPA2_PSK
2026-03-19 22:19:14,19.5084705,-99.1269073,Club_Totalplay_WiFi,6C:E8:74:5A:B7:23,8,-92,OPEN
2026-03-19 22:19:14,19.5084705,-99.1269073,linksys,00:1A:70:67:AF:CA,11,-92,WPA2_PSK
2026-03-19 22:19:30,19.5084705,-99.1269073,Club_Totalplay_WiFi,E6:82:10:61:2E:CF,11,-67,OPEN
2026-03-19 22:19:30,19.5084705,-99.1269073,,E6:82:10:61:2E:CE,11,-67,WPA2_PSK
2026-03-19 22:19:30,19.5084705,-99.1269073,Totalplay-4CB2,E6:82:10:61:2E:CC,11,-69,WPA2_PSK
2026-03-19 22:19:30,19.5084705,-99.1269073,,F2:4B:8A:FC:13:1A,1,-74,UNKNOWN
2026-03-19 22:19:30,19.5084705,-99.1269073,CGSTIC-WiFi-Cel,E2:8F:71:3A:34:34,3,-76,WPA2_PSK
2026-03-19 22:19:30,19.5084705,-99.1269073,,8A:15:04:58:0F:BF,6,-76,WEP
2026-03-19 22:19:30,19.5084705,-99.1269073,INFINITUMC357,12:55:E4:1B:26:ED,1,-77,WPA2_PSK
2026-03-19 22:19:30,19.5084705,-99.1269073,infinitum movil,8A:15:04:58:0F:B0,6,-77,OPEN
2026-03-19 22:19:30,19.5084705,-99.1269073,Tenda_0211D0,58:D9:D5:02:11:D1,3,-78,WPA_WPA2_PSK
2026-03-19 22:19:30,19.5084705,-99.1269073,,A6:98:13:2A:F6:8A,6,-78,UNKNOWN
2026-03-19 22:19:30,19.5084705,-99.1269073,WFCDECONTROL,0C:80:63:75:2F:D3,11,-79,WPA_WPA2_PSK
2026-03-19 22:19:30,19.5084705,-99.1269073,IZZI-DF2F,A4:98:13:7A:F6:8A,6,-80,WPA2_PSK
2026-03-19 22:19:30,19.5084705,-99.1269073,IZZI-DF34,88:71:B1:7E:D9:E2,6,-81,WPA2_PSK
2026-03-19 22:19:30,19.5084705,-99.1269073,,8A:71:B1:2E:D9:E2,6,-82,UNKNOWN
2026-03-19 22:19:30,19.5084705,-99.1269073,INFINITUM8BDA,00:5F:67:74:48:B8,6,-83,WPA2_PSK
2026-03-19 22:19:30,19.5084705,-99.1269073,Cinves-WiFi,60:A4:B7:C8:AA:B6,11,-83,WPA_WPA2_PSK
2026-03-19 22:19:30,19.5084705,-99.1269073,R_MC5423,34:0A:9A:31:22:41,7,-85,WPA_WPA2_PSK
2026-03-19 22:19:30,19.5084705,-99.1269073,Invitados Cinves,66:A4:B7:C8:AA:B6,11,-85,OPEN
2026-03-19 22:19:30,19.5084705,-99.1269073,Invitados Cinves,66:A4:B7:C8:AA:BC,1,-86,OPEN
2026-03-19 22:19:30,19.5084705,-99.1269073,DIRECT-40-HP M254 LaserJet,42:23:43:4E:08:40,6,-86,WPA2_PSK
2026-03-19 22:19:30,19.5084705,-99.1269073,MC19474,30:3D:51:11:11:EA,7,-86,WPA_WPA2_PSK
2026-03-19 22:19:30,19.5084705,-99.1269073,HUAWEI P40 lite,22:EE:EE:7F:2B:F5,1,-88,WPA2_PSK
2026-03-19 22:19:30,19.5084705,-99.1269073,Mega_2.4G_5AAE,48:96:D9:24:5A:AE,3,-88,WPA_WPA2_PSK
2026-03-19 22:19:30,19.5084705,-99.1269073,moto e5 plus 2739,2A:E6:43:95:8C:AC,1,-89,WPA2_PSK
2026-03-19 22:19:30,19.5084705,-99.1269073,,AE:42:A1:7C:B8:AA,5,-89,WPA2_PSK
2026-03-19 22:19:30,19.5084705,-99.1269073,Club_Totalplay_WiFi,6C:E8:74:60:A4:97,7,-89,OPEN
2026-03-19 22:19:30,19.5084705,-99.1269073,TP-Link_5909,28:EE:52:78:59:09,9,-89,WPA_WPA2_PSK
2026-03-19 22:19:30,19.5084705,-99.1269073,LBS-3 Cinvestav,DC:62:79:32:D0:56,4,-90,WPA2_PSK
2026-03-19 22:19:30,19.5084705,-99.1269073,MC19387,30:3D:51:11:12:B3,7,-92,WPA_WPA2_PSK
2026-03-19 22:19:30,19.5084705,-99.1269073,linksys,00:1A:70:67:AF:CA,11,-92,WPA2_PSK
2026-03-19 22:19:30,19.5084705,-99.1269073,WIFIBRG001300487f4dIPC080,3A:54:F5:BD:77:4D,11,-92,WPA2_PSK
2026-03-19 22:19:30,19.5084705,-99.1269073,,14:EB:08:9F:61:B2,11,-92,WPA2_PSK
2026-03-19 22:19:30,19.5084705,-99.1269073,STARLINK,DA:EE:C2:27:55:5B,1,-95,OPEN
2026-03-19 22:19:46,19.5084705,-99.1269073,,E6:82:10:61:2E:CE,11,-71,WPA2_PSK
2026-03-19 22:19:46,19.5084705,-99.1269073,Club_Totalplay_WiFi,E6:82:10:61:2E:CF,11,-71,OPEN
2026-03-19 22:19:46,19.5084705,-99.1269073,CGSTIC-WiFi-Cel,E2:8F:71:3A:34:34,3,-72,WPA2_PSK
2026-03-19 22:19:46,19.5084705,-99.1269073,Totalplay-4CB2,E6:82:10:61:2E:CC,11,-72,WPA2_PSK
2026-03-19 22:19:46,19.5084705,-99.1269073,,8A:15:04:58:0F:BF,6,-74,WEP
2026-03-19 22:19:46,19.5084705,-99.1269073,,F2:4B:8A:FC:13:1A,1,-76,UNKNOWN
2026-03-19 22:19:46,19.5084705,-99.1269073,IZZI-E3DD,F0:4B:8A:FC:13:6A,1,-77,WPA2_PSK
2026-03-19 22:19:46,19.5084705,-99.1269073,infinitum movil,8A:15:04:58:0F:B0,6,-77,OPEN
2026-03-19 22:19:46,19.5084705,-99.1269073,INFINITUMC357,12:55:E4:1B:26:ED,1,-80,WPA2_PSK
2026-03-19 22:19:46,19.5084705,-99.1269073,IPCF3811617076301,9C:A3:A9:3E:E5:EF,1,-82,WPA2_PSK
2026-03-19 22:19:46,19.5084705,-99.1269073,R_MC5423,34:0A:9A:31:22:41,7,-82,WPA_WPA2_PSK
2026-03-19 22:19:46,19.5084705,-99.1269073,Invitados Cinves,66:A4:B7:C8:AA:BC,1,-84,OPEN
2026-03-19 22:19:46,19.5084705,-99.1269073,Cinves-WiFi,60:A4:B7:C8:AA:BC,1,-85,WPA_WPA2_PSK
2026-03-19 22:19:46,19.5084705,-99.1269073,,A6:98:13:2A:F6:8A,6,-86,UNKNOWN
2026-03-19 22:19:46,19.5084705,-99.1269073,,AE:42:A1:7C:B8:AA,5,-87,WPA2_PSK
2026-03-19 22:19:46,19.5084705,-99.1269073,ALTOS 1 ,A8:42:A1:7C:B8:AA,5,-88,WPA2_PSK
2026-03-19 22:19:46,19.5084705,-99.1269073,Cinves-WiFi,34:60:F9:E5:83:76,6,-88,WPA_WPA2_PSK
2026-03-19 22:19:46,19.5084705,-99.1269073,MC19474,30:3D:51:11:11:EA,7,-88,WPA_WPA2_PSK
2026-03-19 22:19:46,19.5084705,-99.1269073,Club_Totalplay_WiFi,6C:E8:74:5A:B7:23,8,-88,OPEN
2026-03-19 22:19:46,19.5084705,-99.1269073,linksys,00:1A:70:67:AF:CA,11,-88,WPA2_PSK
2026-03-19 22:19:46,19.5084705,-99.1269073,ALTOS 1 _EXT,40:AE:30:DF:07:AB,5,-89,WPA2_PSK
2026-03-19 22:19:46,19.5084705,-99.1269073,omni,52:0F:F5:7F:A2:91,6,-90,WPA_WPA2_PSK
2026-03-19 22:19:46,19.5084705,-99.1269073,INFINITUM3532,D4:01:45:3D:A6:80,11,-90,WPA2_PSK
2026-03-19 22:19:46,19.5084705,-99.1269073,Tenda_0211D0,58:D9:D5:02:11:D1,3,-91,WPA_WPA2_PSK
2026-03-19 22:19:46,19.5084705,-99.1269073,Megacable_2.4G_EA92,08:F6:06:C4:EA:92,3,-91,WPA_WPA2_PSK
2026-03-19 22:19:46,19.5084705,-99.1269073,Dra. E_Calderon,B4:B0:24:6E:0C:77,9,-91,WPA2_PSK
2026-03-19 22:20:02,19.5084705,-99.1269073,CGSTIC-WiFi-Cel,E2:8F:71:3A:34:34,3,-71,WPA2_PSK
2026-03-19 22:20:02,19.5084705,-99.1269073,,F2:4B:8A:FC:13:1A,1,-74,UNKNOWN
2026-03-19 22:20:02,19.5084705,-99.1269073,IZZI-E3DD,F0:4B:8A:FC:13:6A,1,-74,WPA2_PSK
2026-03-19 22:20:02,19.5084705,-99.1269073,,8A:15:04:58:0F:BF,6,-75,WEP
2026-03-19 22:20:02,19.5084705,-99.1269073,,E6:82:10:61:2E:CE,11,-75,WPA2_PSK
2026-03-19 22:20:02,19.5084705,-99.1269073,Club_Totalplay_WiFi,E6:82:10:61:2E:CF,11,-76,OPEN
2026-03-19 22:20:02,19.5084705,-99.1269073,Totalplay-4CB2,E6:82:10:61:2E:CC,11,-76,WPA2_PSK
2026-03-19 22:20:02,19.5084705,-99.1269073,infinitum movil,8A:15:04:58:0F:B0,6,-77,OPEN
2026-03-19 22:20:02,19.5084705,-99.1269073,Invitados Cinves,66:A4:B7:C8:AA:BC,1,-80,OPEN
2026-03-19 22:20:02,19.5084705,-99.1269073,Cinves-WiFi,60:A4:B7:C8:AA:BC,1,-81,WPA_WPA2_PSK
2026-03-19 22:20:02,19.5084705,-99.1269073,Cinves-WiFi,60:A4:B7:C8:AA:B6,11,-81,WPA_WPA2_PSK
2026-03-19 22:20:02,19.5084705,-99.1269073,Cinves-WiFi,14:EB:B6:65:63:9E,1,-82,WPA_WPA2_PSK
2026-03-19 22:20:02,19.5084705,-99.1269073,Tenda_0211D0,58:D9:D5:02:11:D1,3,-83,WPA_WPA2_PSK
2026-03-19 22:20:02,19.5084705,-99.1269073,LDPTPWF01,3A:60:F9:E5:83:76,6,-83,WPA2_PSK
2026-03-19 22:20:02,19.5084705,-99.1269073,Drake Campana ,9E:58:A3:A1:4A:FA,1,-84,WPA2_PSK
2026-03-19 22:20:02,19.5084705,-99.1269073,IZZI-DF2F,A4:98:13:7A:F6:8A,6,-84,WPA2_PSK
2026-03-19 22:20:02,19.5084705,-99.1269073,Invitados Cinves,66:A4:B7:C8:AA:B6,11,-84,OPEN
2026-03-19 22:20:02,19.5084705,-99.1269073,Cinves-WiFi,34:60:F9:E5:83:76,6,-85,WPA_WPA2_PSK
2026-03-19 22:20:02,19.5084705,-99.1269073,INFINITUM8BDA,00:5F:67:74:48:B8,6,-86,WPA2_PSK
2026-03-19 22:20:02,19.5084705,-99.1269073,linksys,00:1A:70:67:AF:CA,11,-87,WPA2_PSK
2026-03-19 22:20:02,19.5084705,-99.1269073,HUAWEI P40 lite,22:EE:EE:7F:2B:F5,1,-88,WPA2_PSK
2026-03-19 22:20:02,19.5084705,-99.1269073,R_MC5423,34:0A:9A:31:22:41,7,-88,WPA_WPA2_PSK
2026-03-19 22:20:02,19.5084705,-99.1269073,MC19474,30:3D:51:11:11:EA,7,-88,WPA_WPA2_PSK
2026-03-19 22:20:02,19.5084705,-99.1269073,Cinves-WiFi,68:FF:7B:32:CA:42,6,-89,WPA_WPA2_PSK
2026-03-19 22:20:02,19.5084705,-99.1269073,moto e5 plus 2739,2A:E6:43:95:8C:AC,1,-90,WPA2_PSK
2026-03-19 22:20:02,19.5084705,-99.1269073,omni,52:0F:F5:7F:A2:91,6,-90,WPA_WPA2_PSK
2026-03-19 22:20:18,19.5084705,-99.1269073,Club_Totalplay_WiFi,E6:82:10:61:2E:CF,11,-67,OPEN
2026-03-19 22:20:18,19.5084705,-99.1269073,Totalplay-4CB2,E6:82:10:61:2E:CC,11,-67,WPA2_PSK
2026-03-19 22:20:18,19.5084705,-99.1269073,CGSTIC-WiFi-Cel,E2:8F:71:3A:34:34,3,-71,WPA2_PSK
2026-03-19 22:20:18,19.5084705,-99.1269073,,E6:82:10:61:2E:CE,11,-71,WPA2_PSK
2026-03-19 22:20:18,19.5084705,-99.1269073,IZZI-E3DD,F0:4B:8A:FC:13:6A,1,-74,WPA2_PSK
2026-03-19 22:20:18,19.5084705,-99.1269073,,F2:4B:8A:FC:13:1A,1,-74,UNKNOWN
2026-03-19 22:20:18,19.5084705,-99.1269073,,8A:15:04:58:0F:BF,6,-74,WEP
2026-03-19 22:20:18,19.5084705,-99.1269073,infinitum movil,8A:15:04:58:0F:B0,6,-76,OPEN
2026-03-19 22:20:18,19.5084705,-99.1269073,Invitados Cinves,66:A4:B7:C8:AA:BC,1,-77,OPEN
2026-03-19 22:20:18,19.5084705,-99.1269073,Cinves-WiFi,60:A4:B7:C8:AA:BC,1,-78,WPA_WPA2_PSK
2026-03-19 22:20:18,19.5084705,-99.1269073,WFCDECONTROL,0C:80:63:75:2F:D3,11,-80,WPA_WPA2_PSK
2026-03-19 22:20:18,19.5084705,-99.1269073,R_MC5423,34:0A:9A:31:22:41,7,-83,WPA_WPA2_PSK
2026-03-19 22:20:18,19.5084705,-99.1269073,MC19474,30:3D:51:11:11:EA,7,-83,WPA_WPA2_PSK
2026-03-19 22:20:18,19.5084705,-99.1269073,IZZI-DF2F,A4:98:13:7A:F6:8A,6,-84,WPA2_PSK
2026-03-19 22:20:18,19.5084705,-99.1269073,INFINITUM62FA,D4:01:45:40:83:00,1,-85,WPA2_PSK
2026-03-19 22:20:18,19.5084705,-99.1269073,ALTOS 1 ,A8:42:A1:7C:B8:AA,5,-85,WPA2_PSK
2026-03-19 22:20:18,19.5084705,-99.1269073,,A6:98:13:2A:F6:8A,6,-85,UNKNOWN
2026-03-19 22:20:18,19.5084705,-99.1269073,ALTOS 1 _EXT,40:AE:30:DF:07:AB,5,-86,WPA2_PSK
2026-03-19 22:20:18,19.5084705,-99.1269073,Cinves-WiFi,34:60:F9:E5:83:76,6,-86,WPA_WPA2_PSK
2026-03-19 22:20:18,19.5084705,-99.1269073,LDPTPWF01,3A:60:F9:E5:83:76,6,-86,WPA2_PSK
2026-03-19 22:20:18,19.5084705,-99.1269073,,8A:71:B1:2E:D9:E2,6,-86,UNKNOWN
2026-03-19 22:20:18,19.5084705,-99.1269073,WIFIBRG001300487f4dIPC080,3A:54:F5:BD:77:4D,11,-86,WPA2_PSK
2026-03-19 22:20:18,19.5084705,-99.1269073,Tenda_0211D0,58:D9:D5:02:11:D1,3,-87,WPA_WPA2_PSK
2026-03-19 22:20:18,19.5084705,-99.1269073,IZZI-DF34,88:71:B1:7E:D9:E2,6,-89,WPA2_PSK
2026-03-19 22:20:18,19.5084705,-99.1269073,omni,52:0F:F5:7F:A2:91,6,-89,WPA_WPA2_PSK
2026-03-19 22:20:18,19.5084705,-99.1269073,Cinves-WiFi,68:FF:7B:32:CA:42,6,-92,WPA_WPA2_PSK
2026-03-19 22:20:34,19.5084534,-99.1269073,CGSTIC-WiFi-Cel,E2:8F:71:3A:34:34,3,-70,WPA2_PSK
2026-03-19 22:20:34,19.5084534,-99.1269073,Totalplay-4CB2,E6:82:10:61:2E:CC,11,-73,WPA2_PSK
2026-03-19 22:20:34,19.5084534,-99.1269073,,F2:4B:8A:FC:13:1A,1,-74,UNKNOWN
2026-03-19 22:20:34,19.5084534,-99.1269073,,E6:82:10:61:2E:CE,11,-74,WPA2_PSK
2026-03-19 22:20:34,19.5084534,-99.1269073,IZZI-E3DD,F0:4B:8A:FC:13:6A,1,-75,WPA2_PSK
2026-03-19 22:20:34,19.5084534,-99.1269073,Club_Totalplay_WiFi,E6:82:10:61:2E:CF,11,-75,OPEN
2026-03-19 22:20:34,19.5084534,-99.1269073,infinitum movil,8A:15:04:58:0F:B0,6,-76,OPEN
2026-03-19 22:20:34,19.5084534,-99.1269073,Invitados Cinves,66:A4:B7:C8:AA:BC,1,-80,OPEN
2026-03-19 22:20:34,19.5084534,-99.1269073,Cinves-WiFi,60:A4:B7:C8:AA:B6,11,-81,WPA_WPA2_PSK
2026-03-19 22:20:34,19.5084534,-99.1269073,Cinves-WiFi,14:EB:B6:65:63:9E,1,-85,WPA_WPA2_PSK
2026-03-19 22:20:34,19.5084534,-99.1269073,moto e5 plus 2739,2A:E6:43:95:8C:AC,1,-86,WPA2_PSK
2026-03-19 22:20:34,19.5084534,-99.1269073,INFINITUM8BDA,00:5F:67:74:48:B8,6,-88,WPA2_PSK
2026-03-19 22:20:34,19.5084534,-99.1269073,omni,52:0F:F5:7F:A2:91,6,-89,WPA_WPA2_PSK
2026-03-19 22:20:34,19.5084534,-99.1269073,INFINITUM6007,12:55:E4:1F:5F:6D,11,-91,WPA2_PSK
2026-03-19 22:20:50,19.5084457,-99.1269073,CGSTIC-WiFi-Cel,E2:8F:71:3A:34:34,3,-70,WPA2_PSK
2026-03-19 22:20:50,19.5084457,-99.1269073,Club_Totalplay_WiFi,E6:82:10:61:2E:CF,11,-71,OPEN
2026-03-19 22:20:50,19.5084457,-99.1269073,,E6:82:10:61:2E:CE,11,-72,WPA2_PSK
2026-03-19 22:20:50,19.5084457,-99.1269073,INFINITUMC357,12:55:E4:1B:26:ED,1,-73,WPA2_PSK
2026-03-19 22:20:50,19.5084457,-99.1269073,IZZI-E3DD,F0:4B:8A:FC:13:6A,1,-73,WPA2_PSK
2026-03-19 22:20:50,19.5084457,-99.1269073,,F2:4B:8A:FC:13:1A,1,-73,UNKNOWN
2026-03-19 22:20:50,19.5084457,-99.1269073,,8A:15:04:58:0F:BF,6,-75,WEP
2026-03-19 22:20:50,19.5084457,-99.1269073,Drake Campana ,9E:58:A3:A1:4A:FA,1,-76,WPA2_PSK
2026-03-19 22:20:50,19.5084457,-99.1269073,infinitum movil,8A:15:04:58:0F:B0,6,-77,OPEN
2026-03-19 22:20:50,19.5084457,-99.1269073,Invitados Cinves,66:A4:B7:C8:AA:B6,11,-81,OPEN
2026-03-19 22:20:50,19.5084457,-99.1269073,ALTOS 1 _EXT,40:AE:30:DF:07:AB,5,-84,WPA2_PSK
2026-03-19 22:20:50,19.5084457,-99.1269073,IZZI-DF2F,A4:98:13:7A:F6:8A,6,-84,WPA2_PSK
2026-03-19 22:20:50,19.5084457,-99.1269073,,A6:98:13:2A:F6:8A,6,-84,UNKNOWN
2026-03-19 22:20:50,19.5084457,-99.1269073,ALTOS 1 ,A8:42:A1:7C:B8:AA,5,-87,WPA2_PSK
2026-03-19 22:20:50,19.5084457,-99.1269073,INFINITUM8BDA,00:5F:67:74:48:B8,6,-87,WPA2_PSK
2026-03-19 22:20:50,19.5084457,-99.1269073,INFINITUM3F50,D4:01:45:3E:48:60,9,-87,WPA2_PSK
2026-03-19 22:20:50,19.5084457,-99.1269073,LBS-3 Cinvestav,DC:62:79:32:D0:56,4,-88,WPA2_PSK
2026-03-19 22:20:50,19.5084457,-99.1269073,Cinves-WiFi,34:60:F9:E5:83:76,6,-91,WPA_WPA2_PSK
2026-03-19 22:21:07,19.5084457,-99.1269073,Totalplay-4CB2,E6:82:10:61:2E:CC,11,-70,WPA2_PSK
2026-03-19 22:21:07,19.5084457,-99.1269073,Club_Totalplay_WiFi,E6:82:10:61:2E:CF,11,-70,OPEN
2026-03-19 22:21:07,19.5084457,-99.1269073,,E6:82:10:61:2E:CE,11,-70,WPA2_PSK
2026-03-19 22:21:07,19.5084457,-99.1269073,CGSTIC-WiFi-Cel,E2:8F:71:3A:34:34,3,-72,WPA2_PSK
2026-03-19 22:21:07,19.5084457,-99.1269073,,8A:15:04:58:0F:BF,6,-74,WEP
2026-03-19 22:21:07,19.5084457,-99.1269073,IZZI-E3DD,F0:4B:8A:FC:13:6A,1,-75,WPA2_PSK
2026-03-19 22:21:07,19.5084457,-99.1269073,,F2:4B:8A:FC:13:1A,1,-75,UNKNOWN
2026-03-19 22:21:07,19.5084457,-99.1269073,infinitum movil,8A:15:04:58:0F:B0,6,-77,OPEN
2026-03-19 22:21:07,19.5084457,-99.1269073,Invitados Cinves,66:A4:B7:C8:AA:BC,1,-79,OPEN
2026-03-19 22:21:07,19.5084457,-99.1269073,WFCDECONTROL,0C:80:63:75:2F:D3,11,-79,WPA_WPA2_PSK
2026-03-19 22:21:07,19.5084457,-99.1269073,Invitados Cinves,66:A4:B7:C8:AA:B6,11,-82,OPEN
2026-03-19 22:21:07,19.5084457,-99.1269073,Tenda_0211D0,58:D9:D5:02:11:D1,3,-84,WPA_WPA2_PSK
2026-03-19 22:21:07,19.5084457,-99.1269073,IZZI-DF2F,A4:98:13:7A:F6:8A,6,-84,WPA2_PSK
2026-03-19 22:21:07,19.5084457,-99.1269073,DIRECT-40-HP M254 LaserJet,42:23:43:4E:08:40,6,-85,WPA2_PSK
2026-03-19 22:21:07,19.5084457,-99.1269073,omni,52:0F:F5:7F:A2:91,6,-85,WPA_WPA2_PSK
2026-03-19 22:21:07,19.5084457,-99.1269073,R_MC5423,34:0A:9A:31:22:41,7,-85,WPA_WPA2_PSK
2026-03-19 22:21:07,19.5084457,-99.1269073,LBS-3 Cinvestav,DC:62:79:32:D0:56,4,-87,WPA2_PSK
2026-03-19 22:21:07,19.5084457,-99.1269073,Mega_2.4G_5AAE,48:96:D9:24:5A:AE,3,-88,WPA_WPA2_PSK
2026-03-19 22:21:07,19.5084457,-99.1269073,ALTOS 1 _EXT,40:AE:30:DF:07:AB,5,-88,WPA2_PSK
2026-03-19 22:21:07,19.5084457,-99.1269073,linksys,00:1A:70:67:AF:CA,11,-88,WPA2_PSK
2026-03-19 22:21:07,19.5084457,-99.1269073,LDPTPWF01,3A:60:F9:E5:83:76,6,-90,WPA2_PSK
2026-03-19 22:21:07,19.5084457,-99.1269073,Drake Campana ,9E:58:A3:A1:4A:FA,1,-91,WPA2_PSK
2026-03-19 22:21:23,19.5084457,-99.1269073,CGSTIC-WiFi-Cel,E2:8F:71:3A:34:34,3,-69,WPA2_PSK
2026-03-19 22:21:23,19.5084457,-99.1269073,Club_Totalplay_WiFi,E6:82:10:61:2E:CF,11,-70,OPEN
2026-03-19 22:21:23,19.5084457,-99.1269073,Totalplay-4CB2,E6:82:10:61:2E:CC,11,-71,WPA2_PSK
2026-03-19 22:21:23,19.5084457,-99.1269073,,E6:82:10:61:2E:CE,11,-71,WPA2_PSK
2026-03-19 22:21:23,19.5084457,-99.1269073,IZZI-E3DD,F0:4B:8A:FC:13:6A,1,-76,WPA2_PSK
2026-03-19 22:21:23,19.5084457,-99.1269073,,F2:4B:8A:FC:13:1A,1,-76,UNKNOWN
2026-03-19 22:21:23,19.5084457,-99.1269073,,8A:15:04:58:0F:BF,6,-76,WEP
2026-03-19 22:21:23,19.5084457,-99.1269073,infinitum movil,8A:15:04:58:0F:B0,6,-78,OPEN
2026-03-19 22:21:23,19.5084457,-99.1269073,Cinves-WiFi,60:A4:B7:C8:AA:BC,1,-79,WPA_WPA2_PSK
2026-03-19 22:21:23,19.5084457,-99.1269073,WFCDECONTROL,0C:80:63:75:2F:D3,11,-80,WPA_WPA2_PSK
2026-03-19 22:21:23,19.5084457,-99.1269073,Invitados Cinves,66:A4:B7:C8:AA:BC,1,-81,OPEN
2026-03-19 22:21:23,19.5084457,-99.1269073,Invitados Cinves,66:A4:B7:C8:AA:B6,11,-82,OPEN
2026-03-19 22:21:23,19.5084457,-99.1269073,Cinves-WiFi,34:60:F9:E5:83:76,6,-83,WPA_WPA2_PSK
2026-03-19 22:21:23,19.5084457,-99.1269073,,A6:98:13:2A:F6:8A,6,-85,UNKNOWN
2026-03-19 22:21:23,19.5084457,-99.1269073,MC19474,30:3D:51:11:11:EA,7,-85,WPA_WPA2_PSK
2026-03-19 22:21:23,19.5084457,-99.1269073,INFINITUMF8E0,64:DB:F7:C3:1C:59,10,-85,WPA2_PSK
2026-03-19 22:21:23,19.5084457,-99.1269073,R_MC5423,34:0A:9A:31:22:41,7,-86,WPA_WPA2_PSK
2026-03-19 22:21:23,19.5084457,-99.1269073,MC19387,30:3D:51:11:12:B3,7,-86,WPA_WPA2_PSK
2026-03-19 22:21:23,19.5084457,-99.1269073,ALTOS 1 ,A8:42:A1:7C:B8:AA,5,-87,WPA2_PSK
2026-03-19 22:21:23,19.5084457,-99.1269073,moto e5 plus 2739,2A:E6:43:95:8C:AC,1,-88,WPA2_PSK
2026-03-19 22:21:23,19.5084457,-99.1269073,,AE:42:A1:7C:B8:A6,5,-88,WPA2_PSK
2026-03-19 22:21:23,19.5084457,-99.1269073,Totalplay-2.4G-0768,28:6E:DA:6F:07:68,6,-88,WPA2_PSK
2026-03-19 22:21:23,19.5084457,-99.1269073,ALTOS 1 _EXT,40:AE:30:DF:07:AB,5,-89,WPA2_PSK
2026-03-19 22:21:23,19.5084457,-99.1269073,IZZI-DF2F,A4:98:13:7A:F6:8A,6,-89,WPA2_PSK
2026-03-19 22:21:23,19.5084457,-99.1269073,LDPTPWF01,3A:60:F9:E5:83:76,6,-90,WPA2_PSK
2026-03-19 22:21:23,19.5084457,-99.1269073,linksys,00:1A:70:67:AF:CA,11,-90,WPA2_PSK
2026-03-19 22:21:23,19.5084457,-99.1269073,Tenda_0211D0,58:D9:D5:02:11:D1,3,-91,WPA_WPA2_PSK
2026-03-19 22:21:23,19.5084457,-99.1269073,Megacable_2.4G_3530,34:36:54:9C:35:30,9,-91,WPA_WPA2_PSK
2026-03-19 22:21:23,19.5084457,-99.1269073,,00:4E:35:01:E7:C2,11,-91,WPA2_PSK
2026-03-19 22:21:23,19.5084457,-99.1269073,ALTOS 1 ,A8:42:A1:7C:B8:A6,5,-93,WPA2_PSK
2026-03-19 22:21:39,19.5084457,-99.1269073,Samsara,FC:DB:21:04:E1:16,6,-68,WPA2_PSK
2026-03-19 22:21:39,19.5084457,-99.1269073,CGSTIC-WiFi-Cel,E2:8F:71:3A:34:34,3,-71,WPA2_PSK
2026-03-19 22:21:39,19.5084457,-99.1269073,IZZI-E3DD,F0:4B:8A:FC:13:6A,1,-74,WPA2_PSK
2026-03-19 22:21:39,19.5084457,-99.1269073,,F2:4B:8A:FC:13:1A,1,-75,UNKNOWN
2026-03-19 22:21:39,19.5084457,-99.1269073,Totalplay-4CB2,E6:82:10:61:2E:CC,11,-75,WPA2_PSK
2026-03-19 22:21:39,19.5084457,-99.1269073,Club_Totalplay_WiFi,E6:82:10:61:2E:CF,11,-75,OPEN
2026-03-19 22:21:39,19.5084457,-99.1269073,Drake Campana ,9E:58:A3:A1:4A:FA,1,-76,WPA2_PSK
2026-03-19 22:21:39,19.5084457,-99.1269073,infinitum movil,8A:15:04:58:0F:B0,6,-77,OPEN
2026-03-19 22:21:39,19.5084457,-99.1269073,INFINITUMC357,12:55:E4:1B:26:ED,1,-79,WPA2_PSK
2026-03-19 22:21:39,19.5084457,-99.1269073,myChevrolet,DE:88:26:1E:C1:C3,1,-80,WPA2_PSK
2026-03-19 22:21:39,19.5084457,-99.1269073,MC19387,30:3D:51:11:12:B3,7,-81,WPA_WPA2_PSK
2026-03-19 22:21:39,19.5084457,-99.1269073,WFCDECONTROL,0C:80:63:75:2F:D3,11,-81,WPA_WPA2_PSK
2026-03-19 22:21:39,19.5084457,-99.1269073,MC19474,30:3D:51:11:11:EA,7,-82,WPA_WPA2_PSK
2026-03-19 22:21:39,19.5084457,-99.1269073,IZZI-DF2F,A4:98:13:7A:F6:8A,6,-83,WPA2_PSK
2026-03-19 22:21:39,19.5084457,-99.1269073,LDPTPWF01,3A:60:F9:E5:83:76,6,-84,WPA2_PSK
2026-03-19 22:21:39,19.5084457,-99.1269073,Invitados Cinves,66:A4:B7:C8:AA:BC,1,-85,OPEN
2026-03-19 22:21:39,19.5084457,-99.1269073,,A6:98:13:2A:F6:8A,6,-85,UNKNOWN
2026-03-19 22:21:39,19.5084457,-99.1269073,Cinves-WiFi,34:60:F9:E5:83:76,6,-85,WPA_WPA2_PSK
2026-03-19 22:21:39,19.5084457,-99.1269073,Cinves-WiFi,60:A4:B7:C8:AA:BC,1,-88,WPA_WPA2_PSK
2026-03-19 22:21:39,19.5084457,-99.1269073,Tenda_0211D0,58:D9:D5:02:11:D1,3,-88,WPA_WPA2_PSK
2026-03-19 22:21:39,19.5084457,-99.1269073,ALTOS 1 ,A8:42:A1:7C:B8:A6,5,-88,WPA2_PSK
2026-03-19 22:21:39,19.5084457,-99.1269073,ALTOS 1 _EXT,40:AE:30:DF:07:AB,5,-88,WPA2_PSK
2026-03-19 22:21:39,19.5084457,-99.1269073,IZZI-DF34,88:71:B1:7E:D9:E2,6,-89,WPA2_PSK
2026-03-19 22:21:39,19.5084457,-99.1269073,SALONES ALVI_2.4G,6C:E8:74:60:A4:94,7,-89,WPA_WPA2_PSK
2026-03-19 22:21:39,19.5084457,-99.1269073,Club_Totalplay_WiFi,6C:E8:74:60:A4:97,7,-89,OPEN
2026-03-19 22:21:39,19.5084457,-99.1269073,INFINITUM8BDA,00:5F:67:74:48:B8,6,-90,WPA2_PSK
2026-03-19 22:21:39,19.5084457,-99.1269073,Invitados Cinves,6E:FF:7B:32:CA:42,6,-91,OPEN
2026-03-19 22:21:39,19.5084457,-99.1269073,R_MC5423,34:0A:9A:31:22:41,7,-92,WPA_WPA2_PSK
2026-03-19 22:21:39,19.5084457,-99.1269073,,E2:62:79:32:D0:56,4,-93,WPA2_PSK
2026-03-19 22:21:55,19.5084457,-99.1269073,Totalplay-4CB2,E6:82:10:61:2E:CC,11,-70,WPA2_PSK
2026-03-19 22:21:55,19.5084457,-99.1269073,,E6:82:10:61:2E:CE,11,-70,WPA2_PSK
2026-03-19 22:21:55,19.5084457,-99.1269073,CGSTIC-WiFi-Cel,E2:8F:71:3A:34:34,3,-71,WPA2_PSK
2026-03-19 22:21:55,19.5084457,-99.1269073,Club_Totalplay_WiFi,E6:82:10:61:2E:CF,11,-71,OPEN
2026-03-19 22:21:55,19.5084457,-99.1269073,,F2:4B:8A:FC:13:1A,1,-72,UNKNOWN
2026-03-19 22:21:55,19.5084457,-99.1269073,IZZI-E3DD,F0:4B:8A:FC:13:6A,1,-72,WPA2_PSK
2026-03-19 22:21:55,19.5084457,-99.1269073,,8A:15:04:58:0F:BF,6,-73,WEP
2026-03-19 22:21:55,19.5084457,-99.1269073,Cinves-WiFi,60:A4:B7:C8:AA:BC,1,-74,WPA_WPA2_PSK
2026-03-19 22:21:55,19.5084457,-99.1269073,infinitum movil,8A:15:04:58:0F:B0,6,-76,OPEN
2026-03-19 22:21:55,19.5084457,-99.1269073,Invitados Cinves,66:A4:B7:C8:AA:BC,1,-78,OPEN
2026-03-19 22:21:55,19.5084457,-99.1269073,Invitados Cinves,66:A4:B7:C8:AA:B6,11,-79,OPEN
2026-03-19 22:21:55,19.5084457,-99.1269073,Cinves-WiFi,60:A4:B7:C8:AA:B6,11,-82,WPA_WPA2_PSK
2026-03-19 22:21:55,19.5084457,-99.1269073,WFCDECONTROL,0C:80:63:75:2F:D3,11,-82,WPA_WPA2_PSK
2026-03-19 22:21:55,19.5084457,-99.1269073,,A6:98:13:2A:F6:8A,6,-83,UNKNOWN
2026-03-19 22:21:55,19.5084457,-99.1269073,Cinves-WiFi,34:60:F9:E5:83:76,6,-84,WPA_WPA2_PSK
2026-03-19 22:21:55,19.5084457,-99.1269073,R_MC5423,34:0A:9A:31:22:41,7,-84,WPA_WPA2_PSK
2026-03-19 22:21:55,19.5084457,-99.1269073,Tenda_0211D0,58:D9:D5:02:11:D1,3,-85,WPA_WPA2_PSK
2026-03-19 22:21:55,19.5084457,-99.1269073,LDPTPWF01,3A:60:F9:E5:83:76,6,-85,WPA2_PSK
2026-03-19 22:21:55,19.5084457,-99.1269073,Cinves-WiFi,68:FF:7B:32:CA:42,6,-85,WPA_WPA2_PSK
2026-03-19 22:21:55,19.5084457,-99.1269073,Invitados Cinves,6E:FF:7B:32:CA:42,6,-85,OPEN
2026-03-19 22:21:55,19.5084457,-99.1269073,Cinves-WiFi,14:EB:B6:65:63:9E,1,-87,WPA_WPA2_PSK
2026-03-19 22:21:55,19.5084457,-99.1269073,ALTOS 1 ,A8:42:A1:7C:B8:AA,5,-87,WPA2_PSK
2026-03-19 22:21:55,19.5084457,-99.1269073,INFINITUM8BDA,00:5F:67:74:48:B8,6,-87,WPA2_PSK
2026-03-19 22:21:55,19.5084457,-99.1269073,INFINITUM3F50,D4:01:45:3E:48:60,9,-87,WPA2_PSK
2026-03-19 22:21:55,19.5084457,-99.1269073,ALTOS 1 _EXT,40:AE:30:DF:07:AB,5,-88,WPA2_PSK
2026-03-19 22:21:55,19.5084457,-99.1269073,ALTOS 1 ,A8:42:A1:7C:B8:A6,5,-88,WPA2_PSK
2026-03-19 22:21:55,19.5084457,-99.1269073,DIRECT-40-HP M254 LaserJet,42:23:43:4E:08:40,6,-89,WPA2_PSK
2026-03-19 22:21:55,19.5084457,-99.1269073,KARBER3,12:55:E4:1B:44:15,6,-89,WPA2_PSK
2026-03-19 22:21:55,19.5084457,-99.1269073,,8A:71:B1:2E:D9:E2,6,-89,UNKNOWN
2026-03-19 22:21:55,19.5084457,-99.1269073,MC19474,30:3D:51:11:11:EA,7,-89,WPA_WPA2_PSK
2026-03-19 22:21:55,19.5084457,-99.1269073,,AE:42:A1:7C:B8:AA,5,-90,WPA2_PSK
2026-03-19 22:22:11,19.5084457,-99.1269073,Totalplay-4CB2,E6:82:10:61:2E:CC,11,-69,WPA2_PSK
2026-03-19 22:22:11,19.5084457,-99.1269073,,E6:82:10:61:2E:CE,11,-69,WPA2_PSK
2026-03-19 22:22:11,19.5084457,-99.1269073,CGSTIC-WiFi-Cel,E2:8F:71:3A:34:34,3,-70,WPA2_PSK
2026-03-19 22:22:11,19.5084457,-99.1269073,Club_Totalplay_WiFi,E6:82:10:61:2E:CF,11,-70,OPEN
2026-03-19 22:22:11,19.5084457,-99.1269073,,8A:15:04:58:0F:BF,6,-72,WEP
2026-03-19 22:22:11,19.5084457,-99.1269073,IZZI-E3DD,F0:4B:8A:FC:13:6A,1,-73,WPA2_PSK
2026-03-19 22:22:11,19.5084457,-99.1269073,,F2:4B:8A:FC:13:1A,1,-73,UNKNOWN
2026-03-19 22:22:11,19.5084457,-99.1269073,infinitum movil,8A:15:04:58:0F:B0,6,-76,OPEN
2026-03-19 22:22:11,19.5084457,-99.1269073,Invitados Cinves,66:A4:B7:C8:AA:BC,1,-80,OPEN
2026-03-19 22:22:11,19.5084457,-99.1269073,Cinves-WiFi,60:A4:B7:C8:AA:BC,1,-80,WPA_WPA2_PSK
2026-03-19 22:22:11,19.5084457,-99.1269073,WFCDECONTROL,0C:80:63:75:2F:D3,11,-81,WPA_WPA2_PSK
2026-03-19 22:22:11,19.5084457,-99.1269073,,A6:98:13:2A:F6:8A,6,-83,UNKNOWN
2026-03-19 22:22:11,19.5084457,-99.1269073,ALTOS 1 _EXT,40:AE:30:DF:07:AB,5,-85,WPA2_PSK
2026-03-19 22:22:11,19.5084457,-99.1269073,INFINITUM8BDA,00:5F:67:74:48:B8,6,-85,WPA2_PSK
2026-03-19 22:22:11,19.5084457,-99.1269073,linksys,00:1A:70:67:AF:CA,11,-86,WPA2_PSK
2026-03-19 22:22:11,19.5084457,-99.1269073,ALTOS 1 ,A8:42:A1:7C:B8:AA,5,-87,WPA2_PSK
2026-03-19 22:22:11,19.5084457,-99.1269073,Invitados Cinves,6E:FF:7B:32:CA:42,6,-87,OPEN
2026-03-19 22:22:11,19.5084457,-99.1269073,DIRECT-40-HP M254 LaserJet,42:23:43:4E:08:40,6,-87,WPA2_PSK
2026-03-19 22:22:11,19.5084457,-99.1269073,R_MC5423,34:0A:9A:31:22:41,7,-87,WPA_WPA2_PSK
2026-03-19 22:22:11,19.5084457,-99.1269073,INFINITUM2849,50:02:38:2A:38:79,8,-87,WPA2_PSK
2026-03-19 22:22:11,19.5084457,-99.1269073,Tenda_0211D0,58:D9:D5:02:11:D1,3,-88,WPA_WPA2_PSK
2026-03-19 22:22:11,19.5084457,-99.1269073,SALONES ALVI_2.4G,6C:E8:74:60:A4:94,7,-88,WPA_WPA2_PSK
2026-03-19 22:22:11,19.5084457,-99.1269073,Club_Totalplay_WiFi,6C:E8:74:60:A4:97,7,-88,OPEN
2026-03-19 22:22:11,19.5084457,-99.1269073,MC19474,30:3D:51:11:11:EA,7,-88,WPA_WPA2_PSK
2026-03-19 22:22:11,19.5084457,-99.1269073,INFINITUM2746,A8:E8:1E:E6:5A:80,8,-88,WPA2_PSK
2026-03-19 22:22:11,19.5084457,-99.1269073,,E2:62:79:32:D0:56,4,-89,WPA2_PSK
2026-03-19 22:22:11,19.5084457,-99.1269073,,6C:E8:74:60:A4:96,7,-90,WPA2_PSK
2026-03-19 22:22:27,19.5084457,-99.1269073,CGSTIC-WiFi-Cel,E2:8F:71:3A:34:34,3,-69,WPA2_PSK
2026-03-19 22:22:27,19.5084457,-99.1269073,,F2:4B:8A:FC:13:1A,1,-75,UNKNOWN
2026-03-19 22:22:27,19.5084457,-99.1269073,Totalplay-4CB2,E6:82:10:61:2E:CC,11,-75,WPA2_PSK
2026-03-19 22:22:27,19.5084457,-99.1269073,Club_Totalplay_WiFi,E6:82:10:61:2E:CF,11,-76,OPEN
2026-03-19 22:22:27,19.5084457,-99.1269073,,E6:82:10:61:2E:CE,11,-77,WPA2_PSK
2026-03-19 22:22:27,19.5084457,-99.1269073,Cinves-WiFi,60:A4:B7:C8:AA:BC,1,-78,WPA_WPA2_PSK
2026-03-19 22:22:27,19.5084457,-99.1269073,,8A:15:04:58:0F:BF,6,-78,WEP
2026-03-19 22:22:27,19.5084457,-99.1269073,INFINITUMC357,12:55:E4:1B:26:ED,1,-79,WPA2_PSK
2026-03-19 22:22:27,19.5084457,-99.1269073,WFCDECONTROL,0C:80:63:75:2F:D3,11,-79,WPA_WPA2_PSK
2026-03-19 22:22:27,19.5084457,-99.1269073,INFINITUM8BDA,00:5F:67:74:48:B8,6,-80,WPA2_PSK
2026-03-19 22:22:27,19.5084457,-99.1269073,,E2:62:79:32:D0:56,4,-81,WPA2_PSK
2026-03-19 22:22:27,19.5084457,-99.1269073,infinitum movil,8A:15:04:58:0F:B0,6,-81,OPEN
2026-03-19 22:22:27,19.5084457,-99.1269073,ALTOS 1 _EXT,40:AE:30:DF:07:AB,5,-83,WPA2_PSK
2026-03-19 22:22:27,19.5084457,-99.1269073,MC19474,30:3D:51:11:11:EA,7,-83,WPA_WPA2_PSK
2026-03-19 22:22:27,19.5084457,-99.1269073,Cinves-WiFi,60:A4:B7:C8:AA:B6,11,-84,WPA_WPA2_PSK
2026-03-19 22:22:27,19.5084457,-99.1269073,LBS-3 Cinvestav,DC:62:79:32:D0:56,4,-85,WPA2_PSK
2026-03-19 22:22:27,19.5084457,-99.1269073,DIRECT-40-HP M254 LaserJet,42:23:43:4E:08:40,6,-85,WPA2_PSK
2026-03-19 22:22:27,19.5084457,-99.1269073,omni,52:0F:F5:7F:A2:91,6,-86,WPA_WPA2_PSK
2026-03-19 22:22:27,19.5084457,-99.1269073,INFINITUM3F50,D4:01:45:3E:48:60,9,-86,WPA2_PSK
2026-03-19 22:22:27,19.5084457,-99.1269073,linksys,00:1A:70:67:AF:CA,11,-87,WPA2_PSK
2026-03-19 22:22:27,19.5084457,-99.1269073,INFINITUM2746,A8:E8:1E:E6:5A:80,8,-88,WPA2_PSK
2026-03-19 22:22:27,19.5084457,-99.1269073,Tenda_0211D0,58:D9:D5:02:11:D1,3,-89,WPA_WPA2_PSK
2026-03-19 22:22:27,19.5084457,-99.1269073,ALTOS 1 ,A8:42:A1:7C:B8:A6,5,-89,WPA2_PSK
2026-03-19 22:22:27,19.5084457,-99.1269073,IZZI-DF2F,A4:98:13:7A:F6:8A,6,-89,WPA2_PSK
2026-03-19 22:22:27,19.5084457,-99.1269073,,6C:E8:74:60:A4:96,7,-89,WPA2_PSK
2026-03-19 22:22:27,19.5084457,-99.1269073,IZZI-CE74,D4:E2:CB:61:CE:78,11,-92,WPA2_PSK
2026-03-19 22:22:43,19.5084457,-99.1269073,,F2:4B:8A:FC:13:1A,1,-73,UNKNOWN
2026-03-19 22:22:43,19.5084457,-99.1269073,CGSTIC-WiFi-Cel,E2:8F:71:3A:34:34,3,-73,WPA2_PSK
2026-03-19 22:22:43,19.5084457,-99.1269073,IZZI-E3DD,F0:4B:8A:FC:13:6A,1,-75,WPA2_PSK
2026-03-19 22:22:43,19.5084457,-99.1269073,Totalplay-4CB2,E6:82:10:61:2E:CC,11,-76,WPA2_PSK
2026-03-19 22:22:43,19.5084457,-99.1269073,,8A:15:04:58:0F:BF,6,-77,WEP
2026-03-19 22:22:43,19.5084457,-99.1269073,Club_Totalplay_WiFi,E6:82:10:61:2E:CF,11,-77,OPEN
2026-03-19 22:22:43,19.5084457,-99.1269073,infinitum movil,8A:15:04:58:0F:B0,6,-78,OPEN
2026-03-19 22:22:43,19.5084457,-99.1269073,,E6:82:10:61:2E:CE,11,-78,WPA2_PSK
2026-03-19 22:22:43,19.5084457,-99.1269073,Cinves-WiFi,60:A4:B7:C8:AA:BC,1,-79,WPA_WPA2_PSK
2026-03-19 22:22:43,19.5084457,-99.1269073,WFCDECONTROL,0C:80:63:75:2F:D3,11,-80,WPA_WPA2_PSK
2026-03-19 22:22:43,19.5084457,-99.1269073,Cinves-WiFi,60:A4:B7:C8:AA:B6,11,-81,WPA_WPA2_PSK
2026-03-19 22:22:43,19.5084457,-99.1269073,LBS-3 Cinvestav,DC:62:79:32:D0:56,4,-84,WPA2_PSK
2026-03-19 22:22:43,19.5084457,-99.1269073,IZZI-DF2F,A4:98:13:7A:F6:8A,6,-84,WPA2_PSK
2026-03-19 22:22:43,19.5084457,-99.1269073,Invitados Cinves,6E:FF:7B:32:CA:42,6,-84,OPEN
2026-03-19 22:22:43,19.5084457,-99.1269073,,A6:98:13:2A:F6:8A,6,-84,UNKNOWN
2026-03-19 22:22:43,19.5084457,-99.1269073,Cinves-WiFi,34:60:F9:E5:83:76,6,-84,WPA_WPA2_PSK
2026-03-19 22:22:43,19.5084457,-99.1269073,MC19474,30:3D:51:11:11:EA,7,-84,WPA_WPA2_PSK
2026-03-19 22:22:43,19.5084457,-99.1269073,linksys,00:1A:70:67:AF:CA,11,-84,WPA2_PSK
2026-03-19 22:22:43,19.5084457,-99.1269073,LDPTPWF01,3A:60:F9:E5:83:76,6,-85,WPA2_PSK
2026-03-19 22:22:43,19.5084457,-99.1269073,MC19387,30:3D:51:11:12:B3,7,-85,WPA_WPA2_PSK
2026-03-19 22:22:43,19.5084457,-99.1269073,Cinves-WiFi,74:FE:CE:69:FB:0A,1,-86,WPA_WPA2_PSK
2026-03-19 22:22:43,19.5084457,-99.1269073,Tenda_0211D0,58:D9:D5:02:11:D1,3,-86,WPA_WPA2_PSK
2026-03-19 22:22:43,19.5084457,-99.1269073,R_MC5423,34:0A:9A:31:22:41,7,-87,WPA_WPA2_PSK
2026-03-19 22:22:43,19.5084457,-99.1269073,Megacable_2.4G_3530,34:36:54:9C:35:30,9,-87,WPA_WPA2_PSK
2026-03-19 22:22:43,19.5084457,-99.1269073,,A2:31:DB:54:81:C6,3,-88,WPA2_PSK
2026-03-19 22:22:43,19.5084457,-99.1269073,LBS-3 Cinvestav,DC:62:79:32:75:DA,4,-88,WPA2_PSK
2026-03-19 22:22:43,19.5084457,-99.1269073,Cinves-WiFi,68:FF:7B:32:CA:42,6,-88,WPA_WPA2_PSK
2026-03-19 22:22:43,19.5084457,-99.1269073,cdc-wifinet,60:E3:27:B6:DE:72,6,-89,WPA_WPA2_PSK
2026-03-19 22:22:43,19.5084457,-99.1269073,Red Wi-Fi de Lizette,E8:8D:28:5F:F1:09,6,-89,WPA2_PSK
2026-03-19 22:22:43,19.5084457,-99.1269073,omni,52:0F:F5:7F:A2:91,6,-89,WPA_WPA2_PSK
2026-03-19 22:22:43,19.5084457,-99.1269073,Dra. E_Calderon,B4:B0:24:6E:0C:77,9,-89,WPA2_PSK
2026-03-19 22:22:43,19.5084457,-99.1269073,Mega_2.4G_5AAE,48:96:D9:24:5A:AE,3,-90,WPA_WPA2_PSK
2026-03-19 22:22:43,19.5084457,-99.1269073,INFINITUM3F50,D4:01:45:3E:48:60,9,-90,WPA2_PSK
2026-03-19 22:22:43,19.5084457,-99.1269073,ALTOS 1 _EXT,40:AE:30:DF:07:AB,5,-91,WPA2_PSK
2026-03-19 22:22:43,19.5084457,-99.1269073,INFINITUM2849,50:02:38:2A:38:79,8,-92,WPA2_PSK
2026-03-19 22:22:59,19.5084457,-99.1269073,CGSTIC-WiFi-Cel,E2:8F:71:3A:34:34,3,-70,WPA2_PSK
2026-03-19 22:22:59,19.5084457,-99.1269073,,E6:82:10:61:2E:CE,11,-71,WPA2_PSK
2026-03-19 22:22:59,19.5084457,-99.1269073,Totalplay-4CB2,E6:82:10:61:2E:CC,11,-71,WPA2_PSK
2026-03-19 22:22:59,19.5084457,-99.1269073,Club_Totalplay_WiFi,E6:82:10:61:2E:CF,11,-71,OPEN
2026-03-19 22:22:59,19.5084457,-99.1269073,,8A:15:04:58:0F:BF,6,-74,WEP
2026-03-19 22:22:59,19.5084457,-99.1269073,IZZI-E3DD,F0:4B:8A:FC:13:6A,1,-75,WPA2_PSK
2026-03-19 22:22:59,19.5084457,-99.1269073,,F2:4B:8A:FC:13:1A,1,-76,UNKNOWN
2026-03-19 22:22:59,19.5084457,-99.1269073,infinitum movil,8A:15:04:58:0F:B0,6,-77,OPEN
2026-03-19 22:22:59,19.5084457,-99.1269073,Invitados Cinves,66:A4:B7:C8:AA:BC,1,-78,OPEN
2026-03-19 22:22:59,19.5084457,-99.1269073,Cinves-WiFi,60:A4:B7:C8:AA:BC,1,-79,WPA_WPA2_PSK
2026-03-19 22:22:59,19.5084457,-99.1269073,WFCDECONTROL,0C:80:63:75:2F:D3,11,-79,WPA_WPA2_PSK
2026-03-19 22:22:59,19.5084457,-99.1269073,moto e5 plus 2739,2A:E6:43:95:8C:AC,1,-84,WPA2_PSK
2026-03-19 22:22:59,19.5084457,-99.1269073,IZZI-DF2F,A4:98:13:7A:F6:8A,6,-84,WPA2_PSK
2026-03-19 22:22:59,19.5084457,-99.1269073,MC19387,30:3D:51:11:12:B3,7,-84,WPA_WPA2_PSK
2026-03-19 22:22:59,19.5084457,-99.1269073,LDPTPWF01,3A:60:F9:E5:83:76,6,-85,WPA2_PSK
2026-03-19 22:22:59,19.5084457,-99.1269073,Cinves-WiFi,14:EB:B6:65:63:9E,1,-86,WPA_WPA2_PSK
2026-03-19 22:22:59,19.5084457,-99.1269073,Invitados Cinves,6E:FF:7B:32:CA:42,6,-86,OPEN
2026-03-19 22:22:59,19.5084457,-99.1269073,,A6:98:13:2A:F6:8A,6,-86,UNKNOWN
2026-03-19 22:22:59,19.5084457,-99.1269073,Cinves-WiFi,68:FF:7B:32:CA:42,6,-86,WPA_WPA2_PSK
2026-03-19 22:22:59,19.5084457,-99.1269073,DIRECT-40-HP M254 LaserJet,42:23:43:4E:08:40,6,-86,WPA2_PSK
2026-03-19 22:22:59,19.5084457,-99.1269073,ALTOS 1 ,A8:42:A1:7C:B8:A6,5,-87,WPA2_PSK
2026-03-19 22:22:59,19.5084457,-99.1269073,INFINITUM8BDA,00:5F:67:74:48:B8,6,-87,WPA2_PSK
2026-03-19 22:22:59,19.5084457,-99.1269073,R_MC5423,34:0A:9A:31:22:41,7,-87,WPA_WPA2_PSK
2026-03-19 22:22:59,19.5084457,-99.1269073,Tenda_0211D0,58:D9:D5:02:11:D1,3,-88,WPA_WPA2_PSK
2026-03-19 22:22:59,19.5084457,-99.1269073,Club_Totalplay_WiFi,BC:47:32:71:DF:A9,11,-90,OPEN
2026-03-19 22:22:59,19.5084457,-99.1269073,,00:4E:35:01:B6:82,11,-90,WPA2_PSK
2026-03-19 22:22:59,19.5084457,-99.1269073,INFINITUM62FA,D4:01:45:40:83:00,1,-91,WPA2_PSK
2026-03-19 22:22:59,19.5084457,-99.1269073,linksys,00:1A:70:67:AF:CA,11,-91,WPA2_PSK
2026-03-19 22:23:15,19.5084457,-99.1269073,Totalplay-4CB2,E6:82:10:61:2E:CC,11,-66,WPA2_PSK
2026-03-19 22:23:15,19.5084457,-99.1269073,Club_Totalplay_WiFi,E6:82:10:61:2E:CF,11,-67,OPEN
2026-03-19 22:23:15,19.5084457,-99.1269073,CGSTIC-WiFi-Cel,E2:8F:71:3A:34:34,3,-69,WPA2_PSK
2026-03-19 22:23:15,19.5084457,-99.1269073,,E6:82:10:61:2E:CE,11,-69,WPA2_PSK
2026-03-19 22:23:15,19.5084457,-99.1269073,IZZI-E3DD,F0:4B:8A:FC:13:6A,1,-74,WPA2_PSK
2026-03-19 22:23:15,19.5084457,-99.1269073,,8A:15:04:58:0F:BF,6,-74,WEP
2026-03-19 22:23:15,19.5084457,-99.1269073,,F2:4B:8A:FC:13:1A,1,-76,UNKNOWN
2026-03-19 22:23:15,19.5084457,-99.1269073,infinitum movil,8A:15:04:58:0F:B0,6,-77,OPEN
2026-03-19 22:23:15,19.5084457,-99.1269073,MC19474,30:3D:51:11:11:EA,7,-81,WPA_WPA2_PSK
2026-03-19 22:23:15,19.5084457,-99.1269073,Cinves-WiFi,60:A4:B7:C8:AA:BC,1,-82,WPA_WPA2_PSK
2026-03-19 22:23:15,19.5084457,-99.1269073,Invitados Cinves,66:A4:B7:C8:AA:BC,1,-82,OPEN
2026-03-19 22:23:15,19.5084457,-99.1269073,LBS-3 Cinvestav,DC:62:79:32:D0:56,4,-82,WPA2_PSK
2026-03-19 22:23:15,19.5084457,-99.1269073,ja123456,9C:A3:A9:4F:2B:C2,1,-83,WPA2_PSK
2026-03-19 22:23:15,19.5084457,-99.1269073,Tenda_0211D0,58:D9:D5:02:11:D1,3,-83,WPA_WPA2_PSK
2026-03-19 22:23:15,19.5084457,-99.1269073,Cinves-WiFi,34:60:F9:E5:83:76,6,-85,WPA_WPA2_PSK
2026-03-19 22:23:15,19.5084457,-99.1269073,Cinves-WiFi,14:EB:B6:65:63:9E,1,-86,WPA_WPA2_PSK
2026-03-19 22:23:15,19.5084457,-99.1269073,Dra. E_Calderon,B4:B0:24:6E:0C:77,9,-86,WPA2_PSK
2026-03-19 22:23:15,19.5084457,-99.1269073,INFINITUM8BDA,00:5F:67:74:48:B8,6,-87,WPA2_PSK
2026-03-19 22:23:15,19.5084457,-99.1269073,IZZI-DF2F,A4:98:13:7A:F6:8A,6,-87,WPA2_PSK
2026-03-19 22:23:15,19.5084457,-99.1269073,,AE:42:A1:7C:B8:A6,5,-88,WPA2_PSK
2026-03-19 22:23:15,19.5084457,-99.1269073,INFINITUM2746,A8:E8:1E:E6:5A:80,8,-88,WPA2_PSK
2026-03-19 22:23:15,19.5084457,-99.1269073,vivo V50 Lite,C2:88:46:AB:1E:09,1,-89,WPA2_PSK
2026-03-19 22:23:15,19.5084457,-99.1269073,ALTOS 1 _EXT,40:AE:30:DF:07:AB,5,-89,WPA2_PSK
2026-03-19 22:23:15,19.5084457,-99.1269073,R_MC5423,34:0A:9A:31:22:41,7,-89,WPA_WPA2_PSK
2026-03-19 22:23:15,19.5084457,-99.1269073,Totalplay-DCAA,6C:E8:74:5A:B7:20,8,-89,WPA2_PSK
2026-03-19 22:23:15,19.5084457,-99.1269073,Megacable_2.4G_3530,34:36:54:9C:35:30,9,-89,WPA_WPA2_PSK
2026-03-19 22:23:15,19.5084457,-99.1269073,linksys,00:1A:70:67:AF:CA,11,-89,WPA2_PSK
2026-03-19 22:23:15,19.5084457,-99.1269073,Red Wi-Fi de Lizette,E8:8D:28:5F:F1:09,6,-90,WPA2_PSK
2026-03-19 22:23:31,19.5084457,-99.1269073,CGSTIC-WiFi-Cel,E2:8F:71:3A:34:34,3,-69,WPA2_PSK
2026-03-19 22:23:31,19.5084457,-99.1269073,Totalplay-4CB2,E6:82:10:61:2E:CC,11,-70,WPA2_PSK
2026-03-19 22:23:31,19.5084457,-99.1269073,,E6:82:10:61:2E:CE,11,-70,WPA2_PSK
2026-03-19 22:23:31,19.5084457,-99.1269073,Club_Totalplay_WiFi,E6:82:10:61:2E:CF,11,-71,OPEN
2026-03-19 22:23:31,19.5084457,-99.1269073,IPCF3811617076301,9C:A3:A9:3E:E5:EF,1,-72,WPA2_PSK
2026-03-19 22:23:31,19.5084457,-99.1269073,IZZI-E3DD,F0:4B:8A:FC:13:6A,1,-73,WPA2_PSK
2026-03-19 22:23:31,19.5084457,-99.1269073,,8A:15:04:58:0F:BF,6,-73,WEP
2026-03-19 22:23:31,19.5084457,-99.1269073,,F2:4B:8A:FC:13:1A,1,-74,UNKNOWN
2026-03-19 22:23:31,19.5084457,-99.1269073,ja123456,9C:A3:A9:4F:2B:C2,1,-76,WPA2_PSK
2026-03-19 22:23:31,19.5084457,-99.1269073,infinitum movil,8A:15:04:58:0F:B0,6,-76,OPEN
2026-03-19 22:23:31,19.5084457,-99.1269073,Cinves-WiFi,60:A4:B7:C8:AA:BC,1,-78,WPA_WPA2_PSK
2026-03-19 22:23:31,19.5084457,-99.1269073,Invitados Cinves,66:A4:B7:C8:AA:BC,1,-80,OPEN
2026-03-19 22:23:31,19.5084457,-99.1269073,WFCDECONTROL,0C:80:63:75:2F:D3,11,-80,WPA_WPA2_PSK
2026-03-19 22:23:31,19.5084457,-99.1269073,,A6:98:13:2A:F6:8A,6,-82,UNKNOWN
2026-03-19 22:23:31,19.5084457,-99.1269073,INFINITUMC357,12:55:E4:1B:26:ED,1,-84,WPA2_PSK
2026-03-19 22:23:31,19.5084457,-99.1269073,IZZI-DF2F,A4:98:13:7A:F6:8A,6,-84,WPA2_PSK
2026-03-19 22:23:31,19.5084457,-99.1269073,Megacable_2.4G_3530,34:36:54:9C:35:30,9,-84,WPA_WPA2_PSK
2026-03-19 22:23:31,19.5084457,-99.1269073,ALTOS 1 _EXT,40:AE:30:DF:07:AB,5,-85,WPA2_PSK
2026-03-19 22:23:31,19.5084457,-99.1269073,,AE:42:A1:7C:B8:AA,5,-85,WPA2_PSK
2026-03-19 22:23:31,19.5084457,-99.1269073,DIRECT-40-HP M254 LaserJet,42:23:43:4E:08:40,6,-86,WPA2_PSK
2026-03-19 22:23:31,19.5084457,-99.1269073,Cinves-WiFi,14:EB:B6:65:63:9E,1,-87,WPA_WPA2_PSK
2026-03-19 22:23:31,19.5084457,-99.1269073,INFINITUM8BDA,00:5F:67:74:48:B8,6,-87,WPA2_PSK
2026-03-19 22:23:31,19.5084457,-99.1269073,Tenda_0211D0,58:D9:D5:02:11:D1,3,-88,WPA_WPA2_PSK
2026-03-19 22:23:31,19.5084457,-99.1269073,omni,52:0F:F5:7F:A2:91,6,-90,WPA_WPA2_PSK
2026-03-19 22:23:31,19.5084457,-99.1269073,R_MC5423,34:0A:9A:31:22:41,7,-90,WPA_WPA2_PSK
2026-03-19 22:23:31,19.5084457,-99.1269073,Dra. E_Calderon,B4:B0:24:6E:0C:77,9,-90,WPA2_PSK
2026-03-19 22:23:31,19.5084457,-99.1269073,Totalplay-2.4G-0768,28:6E:DA:6F:07:68,6,-92,WPA2_PSK
2026-03-19 22:23:31,19.5084457,-99.1269073,Totalplay-DCAA,6C:E8:74:5A:B7:20,8,-92,WPA2_PSK
2026-03-19 22:23:31,19.5084457,-99.1269073,Totalplay-C8AC,14:EB:08:9F:61:B0,11,-92,WPA2_PSK
2026-03-19 22:23:47,19.5084476,-99.1269073,,E6:82:10:61:2E:CE,11,-67,WPA2_PSK
2026-03-19 22:23:47,19.5084476,-99.1269073,Club_Totalplay_WiFi,E6:82:10:61:2E:CF,11,-67,OPEN
2026-03-19 22:23:47,19.5084476,-99.1269073,Totalplay-4CB2,E6:82:10:61:2E:CC,11,-67,WPA2_PSK
2026-03-19 22:23:47,19.5084476,-99.1269073,CGSTIC-WiFi-Cel,E2:8F:71:3A:34:34,3,-69,WPA2_PSK
2026-03-19 22:23:47,19.5084476,-99.1269073,,F2:4B:8A:FC:13:1A,1,-74,UNKNOWN
2026-03-19 22:23:47,19.5084476,-99.1269073,,8A:15:04:58:0F:BF,6,-75,WEP
2026-03-19 22:23:47,19.5084476,-99.1269073,infinitum movil,8A:15:04:58:0F:B0,6,-77,OPEN
2026-03-19 22:23:47,19.5084476,-99.1269073,WFCDECONTROL,0C:80:63:75:2F:D3,11,-80,WPA_WPA2_PSK
2026-03-19 22:23:47,19.5084476,-99.1269073,ja123456,9C:A3:A9:4F:2B:C2,1,-81,WPA2_PSK
2026-03-19 22:23:47,19.5084476,-99.1269073,,E2:62:79:32:D0:56,4,-82,WPA2_PSK
2026-03-19 22:23:47,19.5084476,-99.1269073,,A6:98:13:2A:F6:8A,6,-82,UNKNOWN
2026-03-19 22:23:47,19.5084476,-99.1269073,INFINITUMC357,12:55:E4:1B:26:ED,1,-83,WPA2_PSK
2026-03-19 22:23:47,19.5084476,-99.1269073,Tenda_0211D0,58:D9:D5:02:11:D1,3,-84,WPA_WPA2_PSK
2026-03-19 22:23:47,19.5084476,-99.1269073,LBS-3 Cinvestav,DC:62:79:32:D0:56,4,-84,WPA2_PSK
2026-03-19 22:23:47,19.5084476,-99.1269073,Cinves-WiFi,60:A4:B7:C8:AA:B6,11,-84,WPA_WPA2_PSK
2026-03-19 22:23:47,19.5084476,-99.1269073,INFINITUM8BDA,00:5F:67:74:48:B8,6,-85,WPA2_PSK
2026-03-19 22:23:47,19.5084476,-99.1269073,MC19474,30:3D:51:11:11:EA,7,-86,WPA_WPA2_PSK
2026-03-19 22:23:47,19.5084476,-99.1269073,Invitados Cinves,66:A4:B7:C8:AA:B6,11,-86,OPEN
2026-03-19 22:23:47,19.5084476,-99.1269073,INFINITUM3532,D4:01:45:3D:A6:80,6,-87,WPA2_PSK
2026-03-19 22:23:47,19.5084476,-99.1269073,linksys,00:1A:70:67:AF:CA,11,-87,WPA2_PSK
2026-03-19 22:23:47,19.5084476,-99.1269073,ALTOS 1 _EXT,40:AE:30:DF:07:AB,5,-88,WPA2_PSK
2026-03-19 22:23:47,19.5084476,-99.1269073,LDPTPWF01,3A:60:F9:E5:83:76,6,-88,WPA2_PSK
2026-03-19 22:23:47,19.5084476,-99.1269073,Cinves-WiFi,68:FF:7B:32:CA:42,6,-89,WPA_WPA2_PSK
2026-03-19 22:23:47,19.5084476,-99.1269073,Club_Totalplay_WiFi,6C:E8:74:60:A4:97,7,-89,OPEN
2026-03-19 22:23:47,19.5084476,-99.1269073,Dra. E_Calderon,B4:B0:24:6E:0C:77,9,-90,WPA2_PSK
2026-03-19 22:23:47,19.5084476,-99.1269073,,52:02:38:4A:38:79,8,-91,WPA2_PSK
2026-03-19 22:23:47,19.5084476,-99.1269073,IZZI-DF34,88:71:B1:7E:D9:E2,6,-92,WPA2_PSK
2026-03-19 22:23:47,19.5084476,-99.1269073,MYCAR9389,94:09:C9:BA:95:0E,13,-92,WPA2_PSK
2026-03-19 22:24:03,19.5084476,-99.1269073,Totalplay-4CB2,E6:82:10:61:2E:CC,11,-68,WPA2_PSK
2026-03-19 22:24:03,19.5084476,-99.1269073,Club_Totalplay_WiFi,E6:82:10:61:2E:CF,11,-68,OPEN
2026-03-19 22:24:03,19.5084476,-99.1269073,,E6:82:10:61:2E:CE,11,-68,WPA2_PSK
2026-03-19 22:24:03,19.5084476,-99.1269073,CGSTIC-WiFi-Cel,E2:8F:71:3A:34:34,3,-72,WPA2_PSK
2026-03-19 22:24:03,19.5084476,-99.1269073,,8A:15:04:58:0F:BF,6,-73,WEP
2026-03-19 22:24:03,19.5084476,-99.1269073,IPCF3811617076301,9C:A3:A9:3E:E5:EF,1,-76,WPA2_PSK
2026-03-19 22:24:03,19.5084476,-99.1269073,infinitum movil,8A:15:04:58:0F:B0,6,-76,OPEN
2026-03-19 22:24:03,19.5084476,-99.1269073,Invitados Cinves,66:A4:B7:C8:AA:BC,1,-77,OPEN
2026-03-19 22:24:03,19.5084476,-99.1269073,,F2:4B:8A:FC:13:1A,1,-77,UNKNOWN
2026-03-19 22:24:03,19.5084476,-99.1269073,INFINITUMC357,12:55:E4:1B:26:ED,1,-78,WPA2_PSK
2026-03-19 22:24:03,19.5084476,-99.1269073,IZZI-E3DD,F0:4B:8A:FC:13:6A,1,-79,WPA2_PSK
2026-03-19 22:24:03,19.5084476,-99.1269073,Cinves-WiFi,60:A4:B7:C8:AA:BC,1,-79,WPA_WPA2_PSK
2026-03-19 22:24:03,19.5084476,-99.1269073,WFCDECONTROL,0C:80:63:75:2F:D3,11,-80,WPA_WPA2_PSK
2026-03-19 22:24:03,19.5084476,-99.1269073,Cinves-WiFi,60:A4:B7:C8:AA:B6,11,-82,WPA_WPA2_PSK
2026-03-19 22:24:03,19.5084476,-99.1269073,ja123456,9C:A3:A9:4F:2B:C2,1,-83,WPA2_PSK
2026-03-19 22:24:03,19.5084476,-99.1269073,,A6:98:13:2A:F6:8A,6,-83,UNKNOWN
2026-03-19 22:24:03,19.5084476,-99.1269073,INFINITUM3F50,D4:01:45:3E:48:60,9,-84,WPA2_PSK
2026-03-19 22:24:03,19.5084476,-99.1269073,omni,52:0F:F5:7F:A2:91,6,-85,WPA_WPA2_PSK
2026-03-19 22:24:03,19.5084476,-99.1269073,Cinves-WiFi,14:EB:B6:65:63:9E,1,-86,WPA_WPA2_PSK
2026-03-19 22:24:03,19.5084476,-99.1269073,Tenda_0211D0,58:D9:D5:02:11:D1,3,-86,WPA_WPA2_PSK
2026-03-19 22:24:03,19.5084476,-99.1269073,MC19387,30:3D:51:11:12:B3,7,-86,WPA_WPA2_PSK
2026-03-19 22:24:03,19.5084476,-99.1269073,INFINITUM3532,D4:01:45:3D:A6:80,6,-87,WPA2_PSK
2026-03-19 22:24:03,19.5084476,-99.1269073,Cinves-WiFi,34:60:F9:E5:83:76,6,-87,WPA_WPA2_PSK
2026-03-19 22:24:03,19.5084476,-99.1269073,MC19474,30:3D:51:11:11:EA,7,-87,WPA_WPA2_PSK
2026-03-19 22:24:03,19.5084476,-99.1269073,,E2:62:79:32:D0:56,4,-88,WPA2_PSK
2026-03-19 22:24:03,19.5084476,-99.1269073,,AE:42:A1:7C:B8:AA,5,-88,WPA2_PSK
2026-03-19 22:24:03,19.5084476,-99.1269073,Totalplay-DCAA,6C:E8:74:5A:B7:20,8,-88,WPA2_PSK
2026-03-19 22:24:03,19.5084476,-99.1269073,linksys,00:1A:70:67:AF:CA,11,-88,WPA2_PSK
2026-03-19 22:24:03,19.5084476,-99.1269073,Totalplay-4FAB,C4:E2:87:59:15:0C,7,-89,WPA2_PSK
2026-03-19 22:24:03,19.5084476,-99.1269073,Invitados Cinves,6E:FF:7B:32:CA:42,6,-90,OPEN
2026-03-19 22:24:03,19.5084476,-99.1269073,Cinves-WiFi,74:FE:CE:69:FB:0A,1,-91,WPA_WPA2_PSK
2026-03-19 22:24:03,19.5084476,-99.1269073,Totalplay-2.4G-0768,28:6E:DA:6F:07:68,6,-91,WPA2_PSK
2026-03-19 22:24:03,19.5084476,-99.1269073,,00:4E:35:01:B6:82,11,-91,WPA2_PSK
2026-03-19 22:24:19,19.5084476,-99.1269073,Totalplay-4CB2,E6:82:10:61:2E:CC,11,-61,WPA2_PSK
2026-03-19 22:24:19,19.5084476,-99.1269073,Club_Totalplay_WiFi,E6:82:10:61:2E:CF,11,-61,OPEN
2026-03-19 22:24:19,19.5084476,-99.1269073,,E6:82:10:61:2E:CE,11,-61,WPA2_PSK
2026-03-19 22:24:19,19.5084476,-99.1269073,IPCF3811617076301,9C:A3:A9:3E:E5:EF,1,-72,WPA2_PSK
2026-03-19 22:24:19,19.5084476,-99.1269073,CGSTIC-WiFi-Cel,E2:8F:71:3A:34:34,3,-72,WPA2_PSK
2026-03-19 22:24:19,19.5084476,-99.1269073,,8A:15:04:58:0F:BF,6,-74,WEP
2026-03-19 22:24:19,19.5084476,-99.1269073,IZZI-E3DD,F0:4B:8A:FC:13:6A,1,-76,WPA2_PSK
2026-03-19 22:24:19,19.5084476,-99.1269073,Cinves-WiFi,60:A4:B7:C8:AA:BC,1,-77,WPA_WPA2_PSK
2026-03-19 22:24:19,19.5084476,-99.1269073,infinitum movil,8A:15:04:58:0F:B0,6,-77,OPEN
2026-03-19 22:24:19,19.5084476,-99.1269073,Invitados Cinves,66:A4:B7:C8:AA:B6,11,-79,OPEN
2026-03-19 22:24:19,19.5084476,-99.1269073,INFINITUM8BDA,00:5F:67:74:48:B8,6,-80,WPA2_PSK
2026-03-19 22:24:19,19.5084476,-99.1269073,WFCDECONTROL,0C:80:63:75:2F:D3,11,-80,WPA_WPA2_PSK
2026-03-19 22:24:19,19.5084476,-99.1269073,,E2:62:79:32:D0:56,4,-82,WPA2_PSK
2026-03-19 22:24:19,19.5084476,-99.1269073,Cinves-WiFi,34:60:F9:E5:83:76,6,-82,WPA_WPA2_PSK
2026-03-19 22:24:19,19.5084476,-99.1269073,LBS-3 Cinvestav,DC:62:79:32:D0:56,4,-83,WPA2_PSK
2026-03-19 22:24:19,19.5084476,-99.1269073,Cinves-WiFi,60:A4:B7:C8:AA:B6,11,-83,WPA_WPA2_PSK
2026-03-19 22:24:19,19.5084476,-99.1269073,linksys,00:1A:70:67:AF:CA,11,-84,WPA2_PSK
2026-03-19 22:24:19,19.5084476,-99.1269073,ja123456,9C:A3:A9:4F:2B:C2,1,-85,WPA2_PSK
2026-03-19 22:24:19,19.5084476,-99.1269073,Tenda_0211D0,58:D9:D5:02:11:D1,3,-85,WPA_WPA2_PSK
2026-03-19 22:24:19,19.5084476,-99.1269073,MC19474,30:3D:51:11:11:EA,7,-87,WPA_WPA2_PSK
2026-03-19 22:24:19,19.5084476,-99.1269073,,AE:42:A1:7C:B8:A6,5,-89,WPA2_PSK
2026-03-19 22:24:19,19.5084476,-99.1269073,Red Wi-Fi de Lizette,E8:8D:28:5F:F1:09,6,-89,WPA2_PSK
2026-03-19 22:24:19,19.5084476,-99.1269073,Invitados Cinves,6E:FF:7B:32:CA:42,6,-89,OPEN
2026-03-19 22:24:19,19.5084476,-99.1269073,omni,52:0F:F5:7F:A2:91,6,-89,WPA_WPA2_PSK
2026-03-19 22:24:19,19.5084476,-99.1269073,,A6:98:13:2A:F6:8A,6,-89,UNKNOWN
2026-03-19 22:24:19,19.5084476,-99.1269073,R_MC5423,34:0A:9A:31:22:41,7,-89,WPA_WPA2_PSK
2026-03-19 22:24:19,19.5084476,-99.1269073,MC19387,30:3D:51:11:12:B3,7,-89,WPA_WPA2_PSK
2026-03-19 22:24:19,19.5084476,-99.1269073,,52:02:38:4A:38:79,8,-89,WPA2_PSK
2026-03-19 22:24:19,19.5084476,-99.1269073,,E2:62:79:32:8D:F2,4,-90,WPA2_PSK
2026-03-19 22:24:19,19.5084476,-99.1269073,,E2:62:79:32:75:DA,4,-90,WPA2_PSK
2026-03-19 22:24:19,19.5084476,-99.1269073,,F2:A7:31:87:F3:FD,5,-90,WPA2_PSK
2026-03-19 22:24:19,19.5084476,-99.1269073,IZZI-5654,40:0F:C1:1F:56:58,6,-91,WPA2_PSK
2026-03-19 22:24:19,19.5084476,-99.1269073,IZZI-CE74,D4:E2:CB:61:CE:78,11,-91,WPA2_PSK
2026-03-19 22:24:19,19.5084476,-99.1269073,Club_Totalplay_WiFi,A2:31:DB:54:81:C7,3,-92,OPEN
2026-03-19 22:24:19,19.5084476,-99.1269073,,F2:A7:31:97:F3:FD,5,-92,WPA2_PSK
2026-03-19 22:24:19,19.5084476,-99.1269073,Megacable_2.4G_3530,34:36:54:9C:35:30,9,-92,WPA_WPA2_PSK
2026-03-19 22:24:19,19.5084476,-99.1269073,Cinves-WiFi,1C:61:B4:13:64:5A,11,-94,WPA_WPA2_PSK
2026-03-19 22:24:35,19.5084476,-99.1269073,,E6:82:10:61:2E:CE,11,-67,WPA2_PSK
2026-03-19 22:24:35,19.5084476,-99.1269073,Totalplay-4CB2,E6:82:10:61:2E:CC,11,-70,WPA2_PSK
2026-03-19 22:24:35,19.5084476,-99.1269073,CGSTIC-WiFi-Cel,E2:8F:71:3A:34:34,2,-72,WPA2_PSK
2026-03-19 22:24:35,19.5084476,-99.1269073,Club_Totalplay_WiFi,E6:82:10:61:2E:CF,11,-72,OPEN
2026-03-19 22:24:35,19.5084476,-99.1269073,IPCF3811617076301,9C:A3:A9:3E:E5:EF,1,-73,WPA2_PSK
2026-03-19 22:24:35,19.5084476,-99.1269073,,F2:4B:8A:FC:13:1A,1,-74,UNKNOWN
2026-03-19 22:24:35,19.5084476,-99.1269073,,8A:15:04:58:0F:BF,6,-76,WEP
2026-03-19 22:24:35,19.5084476,-99.1269073,INFINITUMC357,12:55:E4:1B:26:ED,1,-78,WPA2_PSK
2026-03-19 22:24:35,19.5084476,-99.1269073,Cinves-WiFi,60:A4:B7:C8:AA:BC,1,-79,WPA_WPA2_PSK
2026-03-19 22:24:35,19.5084476,-99.1269073,WFCDECONTROL,0C:80:63:75:2F:D3,11,-80,WPA_WPA2_PSK
2026-03-19 22:24:35,19.5084476,-99.1269073,Invitados Cinves,66:A4:B7:C8:AA:BC,1,-81,OPEN
2026-03-19 22:24:35,19.5084476,-99.1269073,,A6:98:13:2A:F6:8A,6,-82,UNKNOWN
2026-03-19 22:24:35,19.5084476,-99.1269073,Tenda_0211D0,58:D9:D5:02:11:D1,3,-83,WPA_WPA2_PSK
2026-03-19 22:24:35,19.5084476,-99.1269073,IZZI-DF2F,A4:98:13:7A:F6:8A,6,-84,WPA2_PSK
2026-03-19 22:24:35,19.5084476,-99.1269073,,E2:62:79:32:D0:56,4,-85,WPA2_PSK
2026-03-19 22:24:35,19.5084476,-99.1269073,LDPTPWF01,3A:60:F9:E5:83:76,6,-85,WPA2_PSK
2026-03-19 22:24:35,19.5084476,-99.1269073,Cinves-WiFi,34:60:F9:E5:83:76,6,-85,WPA_WPA2_PSK
2026-03-19 22:24:35,19.5084476,-99.1269073,Cinves-WiFi,60:A4:B7:C8:AA:B6,11,-85,WPA_WPA2_PSK
2026-03-19 22:24:35,19.5084476,-99.1269073,ja123456,9C:A3:A9:4F:2B:C2,1,-86,WPA2_PSK
2026-03-19 22:24:35,19.5084476,-99.1269073,LBS-3 Cinvestav,DC:62:79:32:D0:56,4,-86,WPA2_PSK
2026-03-19 22:24:35,19.5084476,-99.1269073,Cinves-WiFi,74:FE:CE:69:FB:0A,1,-87,WPA_WPA2_PSK
2026-03-19 22:24:35,19.5084476,-99.1269073,INFINITUM8BDA,00:5F:67:74:48:B8,6,-87,WPA2_PSK
2026-03-19 22:24:35,19.5084476,-99.1269073,R_MC5423,34:0A:9A:31:22:41,7,-87,WPA_WPA2_PSK
2026-03-19 22:24:35,19.5084476,-99.1269073,Invitados Cinves,66:A4:B7:C8:AA:B6,11,-87,OPEN
2026-03-19 22:24:35,19.5084476,-99.1269073,Cinves-WiFi,14:EB:B6:65:63:9E,1,-88,WPA_WPA2_PSK
2026-03-19 22:24:35,19.5084476,-99.1269073,,AE:42:A1:7C:B8:AA,5,-88,WPA2_PSK
2026-03-19 22:24:35,19.5084476,-99.1269073,,D8:59:82:37:76:BA,5,-88,WPA2_PSK
2026-03-19 22:24:35,19.5084476,-99.1269073,MC19387,30:3D:51:11:12:B3,7,-88,WPA_WPA2_PSK
2026-03-19 22:24:35,19.5084476,-99.1269073,linksys,00:1A:70:67:AF:CA,11,-88,WPA2_PSK
2026-03-19 22:24:35,19.5084476,-99.1269073,INFINITUM3532,D4:01:45:3D:A6:80,6,-89,WPA2_PSK
2026-03-19 22:24:35,19.5084476,-99.1269073,Cinves-WiFi,1C:61:B4:13:64:5A,11,-89,WPA_WPA2_PSK
2026-03-19 22:24:35,19.5084476,-99.1269073,,F2:A7:31:87:F3:FD,5,-90,WPA2_PSK
2026-03-19 22:24:35,19.5084476,-99.1269073,ALTOS 1 _EXT,40:AE:30:DF:07:AB,5,-90,WPA2_PSK
2026-03-19 22:24:35,19.5084476,-99.1269073,MC19474,30:3D:51:11:11:EA,7,-90,WPA_WPA2_PSK
2026-03-19 22:24:35,19.5084476,-99.1269073,SALONES ALVI_2.4G,6C:E8:74:60:A4:94,7,-90,WPA_WPA2_PSK
2026-03-19 22:24:35,19.5084476,-99.1269073,IZZI-DF34,88:71:B1:7E:D9:E2,6,-91,WPA2_PSK
2026-03-19 22:24:35,19.5084476,-99.1269073,,6C:E8:74:5A:B7:22,8,-91,WPA2_PSK
2026-03-19 22:24:35,19.5084476,-99.1269073,Megacable_2.4G_3530,34:36:54:9C:35:30,9,-91,WPA_WPA2_PSK
2026-03-19 22:24:51,19.5084476,-99.1268997,,E6:82:10:61:2E:CE,11,-69,WPA2_PSK
2026-03-19 22:24:51,19.5084476,-99.1268997,Club_Totalplay_WiFi,E6:82:10:61:2E:CF,11,-69,OPEN
2026-03-19 22:24:51,19.5084476,-99.1268997,Totalplay-4CB2,E6:82:10:61:2E:CC,11,-70,WPA2_PSK
2026-03-19 22:24:51,19.5084476,-99.1268997,IZZI-E3DD,F0:4B:8A:FC:13:6A,1,-73,WPA2_PSK
2026-03-19 22:24:51,19.5084476,-99.1268997,,8A:15:04:58:0F:BF,6,-73,WEP
2026-03-19 22:24:51,19.5084476,-99.1268997,,F2:4B:8A:FC:13:1A,1,-74,UNKNOWN
2026-03-19 22:24:51,19.5084476,-99.1268997,infinitum movil,8A:15:04:58:0F:B0,6,-76,OPEN
2026-03-19 22:24:51,19.5084476,-99.1268997,WFCDECONTROL,0C:80:63:75:2F:D3,11,-78,WPA_WPA2_PSK
2026-03-19 22:24:51,19.5084476,-99.1268997,INFINITUMC357,12:55:E4:1B:26:ED,1,-80,WPA2_PSK
2026-03-19 22:24:51,19.5084476,-99.1268997,Cinves-WiFi,60:A4:B7:C8:AA:B6,11,-80,WPA_WPA2_PSK
2026-03-19 22:24:51,19.5084476,-99.1268997,Cinves-WiFi,60:A4:B7:C8:AA:BC,1,-81,WPA_WPA2_PSK
2026-03-19 22:24:51,19.5084476,-99.1268997,MC19474,30:3D:51:11:11:EA,7,-82,WPA_WPA2_PSK
2026-03-19 22:24:51,19.5084476,-99.1268997,Invitados Cinves,66:A4:B7:C8:AA:BC,1,-83,OPEN
2026-03-19 22:24:51,19.5084476,-99.1268997,CGSTIC-WiFi-Cel,E2:8F:71:3A:34:34,2,-83,WPA2_PSK
2026-03-19 22:24:51,19.5084476,-99.1268997,LDPTPWF01,3A:60:F9:E5:83:76,6,-84,WPA2_PSK
2026-03-19 22:24:51,19.5084476,-99.1268997,LBS-3 Cinvestav,DC:62:79:32:D0:56,4,-85,WPA2_PSK
2026-03-19 22:24:51,19.5084476,-99.1268997,INFINITUM8BDA,00:5F:67:74:48:B8,6,-85,WPA2_PSK
2026-03-19 22:24:51,19.5084476,-99.1268997,IZZI-DF2F,A4:98:13:7A:F6:8A,6,-85,WPA2_PSK
2026-03-19 22:24:51,19.5084476,-99.1268997,ALTOS 1 _EXT,40:AE:30:DF:07:AB,5,-86,WPA2_PSK
2026-03-19 22:24:51,19.5084476,-99.1268997,Cinves-WiFi,68:FF:7B:32:CA:42,6,-86,WPA_WPA2_PSK
2026-03-19 22:24:51,19.5084476,-99.1268997,Cinves-WiFi,14:EB:B6:65:63:9E,1,-87,WPA_WPA2_PSK
2026-03-19 22:24:51,19.5084476,-99.1268997,,E2:62:79:32:D0:56,4,-87,WPA2_PSK
2026-03-19 22:24:51,19.5084476,-99.1268997,INFINITUM3532,D4:01:45:3D:A6:80,6,-88,WPA2_PSK
2026-03-19 22:24:51,19.5084476,-99.1268997,linksys,00:1A:70:67:AF:CA,11,-88,WPA2_PSK
2026-03-19 22:24:51,19.5084476,-99.1268997,ALTOS 1 ,A8:42:A1:7C:B8:AA,5,-89,WPA2_PSK
2026-03-19 22:24:51,19.5084476,-99.1268997,,AE:42:A1:7C:B8:AA,5,-89,WPA2_PSK
2026-03-19 22:24:51,19.5084476,-99.1268997,R_MC5423,34:0A:9A:31:22:41,7,-89,WPA_WPA2_PSK
2026-03-19 22:24:51,19.5084476,-99.1268997,INFINITUM2849,50:02:38:2A:38:79,8,-89,WPA2_PSK
2026-03-19 22:24:51,19.5084476,-99.1268997,omni,52:0F:F5:7F:A2:91,6,-90,WPA_WPA2_PSK
2026-03-19 22:24:51,19.5084476,-99.1268997,,D2:B0:24:6E:0C:79,9,-90,WPA2_PSK
2026-03-19 22:24:51,19.5084476,-99.1268997,,66:DB:F7:C3:1C:59,10,-90,WPA2_PSK
2026-03-19 22:24:51,19.5084476,-99.1268997,,52:02:38:4A:38:79,8,-91,WPA2_PSK
2026-03-19 22:24:51,19.5084476,-99.1268997,INFINITUMF8E0,64:DB:F7:C3:1C:59,10,-92,WPA2_PSK
2026-03-19 22:24:51,19.5084476,-99.1268997,Dra. E_Calderon,B4:B0:24:6E:0C:77,9,-93,WPA2_PSK
2026-03-19 22:24:51,19.5084476,-99.1268997,Club_Totalplay_WiFi,BC:47:32:71:DF:A9,11,-94,OPEN
2026-03-19 22:25:07,19.5084476,-99.1268997,Totalplay-4CB2,E6:82:10:61:2E:CC,11,-63,WPA2_PSK
2026-03-19 22:25:07,19.5084476,-99.1268997,,E6:82:10:61:2E:CE,11,-63,WPA2_PSK
2026-03-19 22:25:07,19.5084476,-99.1268997,Club_Totalplay_WiFi,E6:82:10:61:2E:CF,11,-64,OPEN
2026-03-19 22:25:07,19.5084476,-99.1268997,IPCF3811617076301,9C:A3:A9:3E:E5:EF,1,-69,WPA2_PSK
2026-03-19 22:25:07,19.5084476,-99.1268997,IZZI-E3DD,F0:4B:8A:FC:13:6A,1,-74,WPA2_PSK
2026-03-19 22:25:07,19.5084476,-99.1268997,,8A:15:04:58:0F:BF,6,-76,WEP
2026-03-19 22:25:07,19.5084476,-99.1268997,WFCDECONTROL,0C:80:63:75:2F:D3,11,-79,WPA_WPA2_PSK
2026-03-19 22:25:07,19.5084476,-99.1268997,LDPTPWF01,3A:60:F9:E5:83:76,6,-80,WPA2_PSK
2026-03-19 22:25:07,19.5084476,-99.1268997,,F2:4B:8A:FC:13:1A,1,-81,UNKNOWN
2026-03-19 22:25:07,19.5084476,-99.1268997,Invitados Cinves,66:A4:B7:C8:AA:B6,11,-81,OPEN
2026-03-19 22:25:07,19.5084476,-99.1268997,Cinves-WiFi,60:A4:B7:C8:AA:BC,1,-82,WPA_WPA2_PSK
2026-03-19 22:25:07,19.5084476,-99.1268997,CGSTIC-WiFi-Cel,E2:8F:71:3A:34:34,2,-82,WPA2_PSK
2026-03-19 22:25:07,19.5084476,-99.1268997,Cinves-WiFi,60:A4:B7:C8:AA:B6,11,-82,WPA_WPA2_PSK
2026-03-19 22:25:07,19.5084476,-99.1268997,Tenda_0211D0,58:D9:D5:02:11:D1,3,-83,WPA_WPA2_PSK
2026-03-19 22:25:07,19.5084476,-99.1268997,IZZI-DF2F,A4:98:13:7A:F6:8A,6,-83,WPA2_PSK
2026-03-19 22:25:07,19.5084476,-99.1268997,,A6:98:13:2A:F6:8A,6,-83,UNKNOWN
2026-03-19 22:25:07,19.5084476,-99.1268997,Cinves-WiFi,34:60:F9:E5:83:76,6,-83,WPA_WPA2_PSK
2026-03-19 22:25:07,19.5084476,-99.1268997,MC19474,30:3D:51:11:11:EA,7,-85,WPA_WPA2_PSK
2026-03-19 22:25:07,19.5084476,-99.1268997,LBS-3 Cinvestav,DC:62:79:32:D0:56,4,-86,WPA2_PSK
2026-03-19 22:25:07,19.5084476,-99.1268997,Cinves-WiFi,68:FF:7B:32:CA:42,6,-86,WPA_WPA2_PSK
2026-03-19 22:25:07,19.5084476,-99.1268997,ZTE Blade V50 Smart,3A:44:77:9B:44:C2,6,-87,WPA2_PSK
2026-03-19 22:25:07,19.5084476,-99.1268997,,E2:62:79:32:D0:56,4,-88,WPA2_PSK
2026-03-19 22:25:07,19.5084476,-99.1268997,,AE:42:A1:7C:B8:AA,5,-88,WPA2_PSK
2026-03-19 22:25:07,19.5084476,-99.1268997,IZZI-DF34,88:71:B1:7E:D9:E2,6,-88,WPA2_PSK
2026-03-19 22:25:07,19.5084476,-99.1268997,IZZI-CE74,D4:E2:CB:61:CE:78,11,-88,WPA2_PSK
2026-03-19 22:25:07,19.5084476,-99.1268997,LBS-3 Cinvestav,DC:62:79:32:75:DA,4,-89,WPA2_PSK
2026-03-19 22:25:07,19.5084476,-99.1268997,SALONES ALVI_2.4G,6C:E8:74:60:A4:94,7,-89,WPA_WPA2_PSK
2026-03-19 22:25:07,19.5084476,-99.1268997,Totalplay-DCAA,6C:E8:74:5A:B7:20,8,-89,WPA2_PSK
2026-03-19 22:25:07,19.5084476,-99.1268997,linksys,00:1A:70:67:AF:CA,11,-89,WPA2_PSK
2026-03-19 22:25:07,19.5084476,-99.1268997,MC19387,30:3D:51:11:12:B3,7,-90,WPA_WPA2_PSK
2026-03-19 22:25:07,19.5084476,-99.1268997,ALTOS 1 _EXT,40:AE:30:DF:07:AB,5,-91,WPA2_PSK
2026-03-19 22:25:07,19.5084476,-99.1268997,,A2:31:DB:54:81:C6,3,-93,WPA2_PSK
2026-03-19 22:25:23,19.5084476,-99.1268997,Totalplay-4CB2,E6:82:10:61:2E:CC,11,-68,WPA2_PSK
2026-03-19 22:25:23,19.5084476,-99.1268997,,E6:82:10:61:2E:CE,11,-68,WPA2_PSK
2026-03-19 22:25:23,19.5084476,-99.1268997,Club_Totalplay_WiFi,E6:82:10:61:2E:CF,11,-70,OPEN
2026-03-19 22:25:23,19.5084476,-99.1268997,CGSTIC-WiFi-Cel,E2:8F:71:3A:34:34,2,-72,WPA2_PSK
2026-03-19 22:25:23,19.5084476,-99.1268997,IZZI-E3DD,F0:4B:8A:FC:13:6A,1,-75,WPA2_PSK
2026-03-19 22:25:23,19.5084476,-99.1268997,IPCF3811617076301,9C:A3:A9:3E:E5:EF,1,-75,WPA2_PSK
2026-03-19 22:25:23,19.5084476,-99.1268997,,8A:15:04:58:0F:BF,6,-79,WEP
2026-03-19 22:25:23,19.5084476,-99.1268997,WFCDECONTROL,0C:80:63:75:2F:D3,11,-79,WPA_WPA2_PSK
2026-03-19 22:25:23,19.5084476,-99.1268997,INFINITUMC357,12:55:E4:1B:26:ED,1,-81,WPA2_PSK
2026-03-19 22:25:23,19.5084476,-99.1268997,infinitum movil,8A:15:04:58:0F:B0,6,-81,OPEN
2026-03-19 22:25:23,19.5084476,-99.1268997,Cinves-WiFi,60:A4:B7:C8:AA:B6,11,-81,WPA_WPA2_PSK
2026-03-19 22:25:23,19.5084476,-99.1268997,Cinves-WiFi,60:A4:B7:C8:AA:BC,1,-82,WPA_WPA2_PSK
2026-03-19 22:25:23,19.5084476,-99.1268997,,A6:98:13:2A:F6:8A,6,-82,UNKNOWN
2026-03-19 22:25:23,19.5084476,-99.1268997,Invitados Cinves,66:A4:B7:C8:AA:B6,11,-82,OPEN
2026-03-19 22:25:23,19.5084476,-99.1268997,INFINITUM8BDA,00:5F:67:74:48:B8,6,-83,WPA2_PSK
2026-03-19 22:25:23,19.5084476,-99.1268997,Invitados Cinves,66:A4:B7:C8:AA:BC,1,-85,OPEN
2026-03-19 22:25:23,19.5084476,-99.1268997,ALTOS 1 _EXT,40:AE:30:DF:07:AB,5,-85,WPA2_PSK
2026-03-19 22:25:23,19.5084476,-99.1268997,Cinves-WiFi,14:EB:B6:65:63:9E,1,-86,WPA_WPA2_PSK
2026-03-19 22:25:23,19.5084476,-99.1268997,MC19387,30:3D:51:11:12:B3,7,-86,WPA_WPA2_PSK
2026-03-19 22:25:23,19.5084476,-99.1268997,R_MC5423,34:0A:9A:31:22:41,7,-86,WPA_WPA2_PSK
2026-03-19 22:25:23,19.5084476,-99.1268997,linksys,00:1A:70:67:AF:CA,11,-87,WPA2_PSK
2026-03-19 22:25:23,19.5084476,-99.1268997,omni,52:0F:F5:7F:A2:91,6,-88,WPA_WPA2_PSK
2026-03-19 22:25:23,19.5084476,-99.1268997,Tenda_0211D0,58:D9:D5:02:11:D1,3,-89,WPA_WPA2_PSK
2026-03-19 22:25:23,19.5084476,-99.1268997,DIRECT-40-HP M254 LaserJet,42:23:43:4E:08:40,6,-89,WPA2_PSK
2026-03-19 22:25:23,19.5084476,-99.1268997,ALTOS 1 ,A8:42:A1:7C:B8:AA,5,-90,WPA2_PSK
2026-03-19 22:25:23,19.5084476,-99.1268997,Dra. E_Calderon,B4:B0:24:6E:0C:77,9,-90,WPA2_PSK
2026-03-19 22:25:23,19.5084476,-99.1268997,MVS,60:32:B1:ED:F1:37,11,-90,WPA_WPA2_PSK
2026-03-19 22:25:23,19.5084476,-99.1268997,Club_Totalplay_WiFi,A2:31:DB:54:81:C7,3,-91,OPEN
2026-03-19 22:25:23,19.5084476,-99.1268997,,E2:62:79:32:D0:56,4,-91,WPA2_PSK
2026-03-19 22:25:39,19.5084476,-99.1268997,IZZI-E3DD,F0:4B:8A:FC:13:6A,1,-72,WPA2_PSK
2026-03-19 22:25:39,19.5084476,-99.1268997,,E6:82:10:61:2E:CE,11,-73,WPA2_PSK
2026-03-19 22:25:39,19.5084476,-99.1268997,,8A:15:04:58:0F:BF,6,-74,WEP
2026-03-19 22:25:39,19.5084476,-99.1268997,Totalplay-4CB2,E6:82:10:61:2E:CC,11,-74,WPA2_PSK
2026-03-19 22:25:39,19.5084476,-99.1268997,Club_Totalplay_WiFi,E6:82:10:61:2E:CF,11,-74,OPEN
2026-03-19 22:25:39,19.5084476,-99.1268997,IPCF3811617076301,9C:A3:A9:3E:E5:EF,1,-76,WPA2_PSK
2026-03-19 22:25:39,19.5084476,-99.1268997,infinitum movil,8A:15:04:58:0F:B0,6,-76,OPEN
2026-03-19 22:25:39,19.5084476,-99.1268997,INFINITUMC357,12:55:E4:1B:26:ED,1,-81,WPA2_PSK
2026-03-19 22:25:39,19.5084476,-99.1268997,MC19474,30:3D:51:11:11:EA,7,-81,WPA_WPA2_PSK
2026-03-19 22:25:39,19.5084476,-99.1268997,Invitados Cinves,66:A4:B7:C8:AA:BC,1,-82,OPEN
2026-03-19 22:25:39,19.5084476,-99.1268997,LDPTPWF01,3A:60:F9:E5:83:76,6,-82,WPA2_PSK
2026-03-19 22:25:39,19.5084476,-99.1268997,Cinves-WiFi,60:A4:B7:C8:AA:BC,1,-83,WPA_WPA2_PSK
2026-03-19 22:25:39,19.5084476,-99.1268997,LBS-3 Cinvestav,DC:62:79:32:D0:56,4,-83,WPA2_PSK
2026-03-19 22:25:39,19.5084476,-99.1268997,Cinves-WiFi,34:60:F9:E5:83:76,6,-83,WPA_WPA2_PSK
2026-03-19 22:25:39,19.5084476,-99.1268997,Cinves-WiFi,14:EB:B6:65:63:9E,1,-84,WPA_WPA2_PSK
2026-03-19 22:25:39,19.5084476,-99.1268997,INFINITUM8BDA,00:5F:67:74:48:B8,6,-84,WPA2_PSK
2026-03-19 22:25:39,19.5084476,-99.1268997,Cinves-WiFi,60:A4:B7:C8:AA:B6,11,-84,WPA_WPA2_PSK
2026-03-19 22:25:39,19.5084476,-99.1268997,R_MC5423,34:0A:9A:31:22:41,7,-85,WPA_WPA2_PSK
2026-03-19 22:25:39,19.5084476,-99.1268997,Tenda_0211D0,58:D9:D5:02:11:D1,3,-86,WPA_WPA2_PSK
2026-03-19 22:25:39,19.5084476,-99.1268997,,E2:62:79:32:D0:56,4,-86,WPA2_PSK
2026-03-19 22:25:39,19.5084476,-99.1268997,DIRECT-40-HP M254 LaserJet,42:23:43:4E:08:40,6,-86,WPA2_PSK
2026-03-19 22:25:39,19.5084476,-99.1268997,,A6:98:13:2A:F6:8A,6,-86,UNKNOWN
2026-03-19 22:25:39,19.5084476,-99.1268997,ALTOS 1 ,A8:42:A1:7C:B8:AA,5,-88,WPA2_PSK
2026-03-19 22:25:39,19.5084476,-99.1268997,ALTOS 1 _EXT,40:AE:30:DF:07:AB,5,-88,WPA2_PSK
2026-03-19 22:25:39,19.5084476,-99.1268997,Invitados Cinves,6E:FF:7B:32:CA:42,6,-89,OPEN
2026-03-19 22:25:39,19.5084476,-99.1268997,cdc-wifinet,60:E3:27:B6:DE:72,6,-89,WPA_WPA2_PSK
2026-03-19 22:25:39,19.5084476,-99.1268997,Totalplay-DCAA,6C:E8:74:5A:B7:20,8,-91,WPA2_PSK
2026-03-19 22:25:39,19.5084476,-99.1268997,Totalplay-7CB1,A2:31:DB:54:81:C4,3,-92,WPA2_PSK
2026-03-19 22:25:55,19.5084476,-99.1268997,Totalplay-4CB2,E6:82:10:61:2E:CC,11,-66,WPA2_PSK
2026-03-19 22:25:55,19.5084476,-99.1268997,Club_Totalplay_WiFi,E6:82:10:61:2E:CF,11,-67,OPEN
2026-03-19 22:25:55,19.5084476,-99.1268997,,E6:82:10:61:2E:CE,11,-69,WPA2_PSK
2026-03-19 22:25:55,19.5084476,-99.1268997,CGSTIC-WiFi-Cel,E2:8F:71:3A:34:34,2,-73,WPA2_PSK
2026-03-19 22:25:55,19.5084476,-99.1268997,IPCF3811617076301,9C:A3:A9:3E:E5:EF,1,-74,WPA2_PSK
2026-03-19 22:25:55,19.5084476,-99.1268997,,F2:4B:8A:FC:13:1A,1,-77,UNKNOWN
2026-03-19 22:25:55,19.5084476,-99.1268997,,8A:15:04:58:0F:BF,6,-78,WEP
2026-03-19 22:25:55,19.5084476,-99.1268997,IZZI-DF2F,A4:98:13:7A:F6:8A,6,-80,WPA2_PSK
2026-03-19 22:25:55,19.5084476,-99.1268997,Cinves-WiFi,60:A4:B7:C8:AA:BC,1,-82,WPA_WPA2_PSK
2026-03-19 22:25:55,19.5084476,-99.1268997,Invitados Cinves,66:A4:B7:C8:AA:B6,11,-82,OPEN
2026-03-19 22:25:55,19.5084476,-99.1268997,Invitados Cinves,66:A4:B7:C8:AA:BC,1,-83,OPEN
2026-03-19 22:25:55,19.5084476,-99.1268997,,8A:71:B1:2E:D9:E2,6,-83,UNKNOWN
2026-03-19 22:25:55,19.5084476,-99.1268997,IZZI-DF34,88:71:B1:7E:D9:E2,6,-84,WPA2_PSK
2026-03-19 22:25:55,19.5084476,-99.1268997,MC19474,30:3D:51:11:11:EA,7,-84,WPA_WPA2_PSK
2026-03-19 22:25:55,19.5084476,-99.1268997,Tenda_0211D0,58:D9:D5:02:11:D1,3,-85,WPA_WPA2_PSK
2026-03-19 22:25:55,19.5084476,-99.1268997,LDPTPWF01,3A:60:F9:E5:83:76,6,-85,WPA2_PSK
2026-03-19 22:25:55,19.5084476,-99.1268997,INFINITUM8BDA,00:5F:67:74:48:B8,6,-86,WPA2_PSK
2026-03-19 22:25:55,19.5084476,-99.1268997,DIRECT-40-HP M254 LaserJet,42:23:43:4E:08:40,6,-86,WPA2_PSK
2026-03-19 22:25:55,19.5084476,-99.1268997,linksys,00:1A:70:67:AF:CA,11,-86,WPA2_PSK
2026-03-19 22:25:55,19.5084476,-99.1268997,Cinves-WiFi,14:EB:B6:65:63:9E,1,-87,WPA_WPA2_PSK
2026-03-19 22:25:55,19.5084476,-99.1268997,Mega_2.4G_5AAE,48:96:D9:24:5A:AE,3,-87,WPA_WPA2_PSK
2026-03-19 22:25:55,19.5084476,-99.1268997,Cinves-WiFi,34:60:F9:E5:83:76,6,-87,WPA_WPA2_PSK
2026-03-19 22:25:55,19.5084476,-99.1268997,MC19387,30:3D:51:11:12:B3,7,-87,WPA_WPA2_PSK
2026-03-19 22:25:55,19.5084476,-99.1268997,R_MC5423,34:0A:9A:31:22:41,7,-87,WPA_WPA2_PSK
2026-03-19 22:25:55,19.5084476,-99.1268997,CDMX-Internet para Todos,00:4E:35:01:B6:83,11,-87,OPEN
2026-03-19 22:25:55,19.5084476,-99.1268997,Cinves-WiFi,74:FE:CE:69:FB:0A,1,-88,WPA_WPA2_PSK
2026-03-19 22:25:55,19.5084476,-99.1268997,,AE:42:A1:7C:B8:AA,5,-88,WPA2_PSK
2026-03-19 22:25:55,19.5084476,-99.1268997,MVS,60:32:B1:ED:F1:37,11,-88,WPA_WPA2_PSK
2026-03-19 22:25:55,19.5084476,-99.1268997,IZZI-3204,48:BD:CE:34:32:08,1,-89,WPA2_PSK
2026-03-19 22:25:55,19.5084476,-99.1268997,,A2:31:DB:54:81:C6,3,-89,WPA2_PSK
2026-03-19 22:25:55,19.5084476,-99.1268997,SALONES ALVI_2.4G,6C:E8:74:60:A4:94,7,-89,WPA_WPA2_PSK
2026-03-19 22:25:55,19.5084476,-99.1268997,Club_Totalplay_WiFi,6C:E8:74:60:A4:97,7,-89,OPEN
2026-03-19 22:25:55,19.5084476,-99.1268997,LBS-3 Cinvestav,DC:62:79:32:D0:56,4,-90,WPA2_PSK
2026-03-19 22:25:55,19.5084476,-99.1268997,Totalplay-DCAA,6C:E8:74:5A:B7:20,8,-90,WPA2_PSK
2026-03-19 22:25:55,19.5084476,-99.1268997,TP-Link_3FFB,B0:A7:B9:32:3F:FB,2,-91,WPA2_PSK
2026-03-19 22:25:55,19.5084476,-99.1268997,,00:4E:35:01:B6:82,11,-91,WPA2_PSK
2026-03-19 22:25:55,19.5084476,-99.1268997,INFINITUMDCAF_EXT,E8:48:B8:6C:A5:DF,11,-92,WPA2_PSK
2026-03-19 22:25:55,19.5084476,-99.1268997,,6C:49:A6:F2:F4:D4,1,-94,OPEN
2026-03-19 22:26:11,19.5084476,-99.1268997,IPCF3811617076301,9C:A3:A9:3E:E5:EF,1,-73,WPA2_PSK
2026-03-19 22:26:11,19.5084476,-99.1268997,,8A:15:04:58:0F:BF,6,-74,WEP
2026-03-19 22:26:11,19.5084476,-99.1268997,,E6:82:10:61:2E:CE,11,-74,WPA2_PSK
2026-03-19 22:26:11,19.5084476,-99.1268997,Club_Totalplay_WiFi,E6:82:10:61:2E:CF,11,-74,OPEN
2026-03-19 22:26:11,19.5084476,-99.1268997,IZZI-E3DD,F0:4B:8A:FC:13:6A,1,-76,WPA2_PSK
2026-03-19 22:26:11,19.5084476,-99.1268997,Cinves-WiFi,60:A4:B7:C8:AA:BC,1,-77,WPA_WPA2_PSK
2026-03-19 22:26:11,19.5084476,-99.1268997,Invitados Cinves,66:A4:B7:C8:AA:BC,1,-78,OPEN
2026-03-19 22:26:11,19.5084476,-99.1268997,CGSTIC-WiFi-Cel,E2:8F:71:3A:34:34,2,-79,WPA2_PSK
2026-03-19 22:26:11,19.5084476,-99.1268997,Totalplay-4CB2,E6:82:10:61:2E:CC,11,-79,WPA2_PSK
2026-03-19 22:26:11,19.5084476,-99.1268997,WFCDECONTROL,0C:80:63:75:2F:D3,11,-79,WPA_WPA2_PSK
2026-03-19 22:26:11,19.5084476,-99.1268997,INFINITUMC357,12:55:E4:1B:26:ED,1,-81,WPA2_PSK
2026-03-19 22:26:11,19.5084476,-99.1268997,ALTOS 1 _EXT,40:AE:30:DF:07:AB,5,-85,WPA2_PSK
2026-03-19 22:26:11,19.5084476,-99.1268997,R_MC5423,34:0A:9A:31:22:41,7,-86,WPA_WPA2_PSK
2026-03-19 22:26:11,19.5084476,-99.1268997,Cinves-WiFi,14:EB:B6:65:63:9E,1,-87,WPA_WPA2_PSK
2026-03-19 22:26:11,19.5084476,-99.1268997,Tenda_0211D0,58:D9:D5:02:11:D1,3,-87,WPA_WPA2_PSK
2026-03-19 22:26:11,19.5084476,-99.1268997,,E2:62:79:32:D0:56,4,-87,WPA2_PSK
2026-03-19 22:26:11,19.5084476,-99.1268997,DIRECT-40-HP M254 LaserJet,42:23:43:4E:08:40,6,-87,WPA2_PSK
2026-03-19 22:26:11,19.5084476,-99.1268997,Club_Totalplay_WiFi,C4:E2:87:59:15:0F,7,-87,OPEN
2026-03-19 22:26:11,19.5084476,-99.1268997,linksys,00:1A:70:67:AF:CA,11,-87,WPA2_PSK
2026-03-19 22:26:11,19.5084476,-99.1268997,,A2:31:DB:54:81:C6,3,-88,WPA2_PSK
2026-03-19 22:26:11,19.5084476,-99.1268997,Club_Totalplay_WiFi,A2:31:DB:54:81:C7,3,-88,OPEN
2026-03-19 22:26:11,19.5084476,-99.1268997,LBS-3 Cinvestav,DC:62:79:32:D0:56,4,-88,WPA2_PSK
2026-03-19 22:26:11,19.5084476,-99.1268997,ALTOS 1 ,A8:42:A1:7C:B8:A6,5,-88,WPA2_PSK
2026-03-19 22:26:11,19.5084476,-99.1268997,IZZI-DF2F,A4:98:13:7A:F6:8A,6,-88,WPA2_PSK
2026-03-19 22:26:11,19.5084476,-99.1268997,Club_Totalplay_WiFi,6C:E8:74:60:A4:97,7,-88,OPEN
2026-03-19 22:26:11,19.5084476,-99.1268997,,00:4E:35:01:E7:C2,11,-88,WPA2_PSK
2026-03-19 22:26:11,19.5084476,-99.1268997,,DA:EE:C2:57:55:5B,1,-90,WPA2_PSK
2026-03-19 22:26:11,19.5084476,-99.1268997,Invitados Cinves,5A:AF:97:CA:02:F4,1,-90,OPEN
2026-03-19 22:26:11,19.5084476,-99.1268997,,AE:42:A1:7C:B8:AA,5,-90,WPA2_PSK
2026-03-19 22:26:11,19.5084476,-99.1268997,SALONES ALVI_2.4G,6C:E8:74:60:A4:94,7,-90,WPA_WPA2_PSK
2026-03-19 22:26:11,19.5084476,-99.1268997,,F2:A7:31:97:F3:FD,5,-91,WPA2_PSK
2026-03-19 22:26:11,19.5084476,-99.1268997,,66:DB:F7:C3:1C:59,10,-91,WPA2_PSK
2026-03-19 22:26:11,19.5084476,-99.1268997,,14:EB:08:9F:61:B2,11,-91,WPA2_PSK
2026-03-19 22:26:11,19.5084476,-99.1268997,Cinves-WiFi,34:60:F9:E5:83:76,6,-92,WPA_WPA2_PSK
2026-03-19 22:26:11,19.5084476,-99.1268997,INFINITUM8BDA,00:5F:67:74:48:B8,6,-92,WPA2_PSK
2026-03-19 22:26:11,19.5084476,-99.1268997,IZZI-003C_EXT,7C:F1:7E:4A:7C:84,1,-95,WPA2_PSK
2026-03-19 22:26:27,19.5084476,-99.1268997,Club_Totalplay_WiFi,E6:82:10:61:2E:CF,11,-68,OPEN
2026-03-19 22:26:27,19.5084476,-99.1268997,,E6:82:10:61:2E:CE,11,-69,WPA2_PSK
2026-03-19 22:26:27,19.5084476,-99.1268997,Totalplay-4CB2,E6:82:10:61:2E:CC,11,-69,WPA2_PSK
2026-03-19 22:26:27,19.5084476,-99.1268997,,F2:4B:8A:FC:13:1A,1,-73,UNKNOWN
2026-03-19 22:26:27,19.5084476,-99.1268997,,8A:15:04:58:0F:BF,6,-73,WEP
2026-03-19 22:26:27,19.5084476,-99.1268997,INFINITUMC357,12:55:E4:1B:26:ED,1,-75,WPA2_PSK
2026-03-19 22:26:27,19.5084476,-99.1268997,IPCF3811617076301,9C:A3:A9:3E:E5:EF,1,-80,WPA2_PSK
2026-03-19 22:26:27,19.5084476,-99.1268997,Cinves-WiFi,60:A4:B7:C8:AA:B6,11,-80,WPA_WPA2_PSK
2026-03-19 22:26:27,19.5084476,-99.1268997,Samsara,FC:DB:21:71:5D:83,6,-81,WPA2_WPA3_PSK
2026-03-19 22:26:27,19.5084476,-99.1268997,INFINITUM8BDA,00:5F:67:74:48:B8,6,-82,WPA2_PSK
2026-03-19 22:26:27,19.5084476,-99.1268997,LBS-3 Cinvestav,DC:62:79:32:D0:56,4,-83,WPA2_PSK
2026-03-19 22:26:27,19.5084476,-99.1268997,,A6:98:13:2A:F6:8A,6,-84,UNKNOWN
2026-03-19 22:26:27,19.5084476,-99.1268997,Cinves-WiFi,34:60:F9:E5:83:76,6,-85,WPA_WPA2_PSK
2026-03-19 22:26:27,19.5084476,-99.1268997,MC19474,30:3D:51:11:11:EA,7,-85,WPA_WPA2_PSK
2026-03-19 22:26:27,19.5084476,-99.1268997,,E2:62:79:32:D0:56,4,-86,WPA2_PSK
2026-03-19 22:26:27,19.5084476,-99.1268997,Tenda_0211D0,58:D9:D5:02:11:D1,3,-87,WPA_WPA2_PSK
2026-03-19 22:26:27,19.5084476,-99.1268997,,AE:42:A1:7C:B8:AA,5,-87,WPA2_PSK
2026-03-19 22:26:27,19.5084476,-99.1268997,Club_Totalplay_WiFi,D8:59:82:37:76:BB,5,-87,OPEN
2026-03-19 22:26:27,19.5084476,-99.1268997,IZZI-DF2F,A4:98:13:7A:F6:8A,6,-87,WPA2_PSK
2026-03-19 22:26:27,19.5084476,-99.1268997,LDPTPWF01,3A:60:F9:E5:83:76,6,-87,WPA2_PSK
2026-03-19 22:26:27,19.5084476,-99.1268997,ALTOS 1 ,A8:42:A1:7C:B8:AA,5,-88,WPA2_PSK
2026-03-19 22:26:27,19.5084476,-99.1268997,Club_Totalplay_WiFi,6C:E8:74:60:A4:97,7,-88,OPEN
2026-03-19 22:26:27,19.5084476,-99.1268997,,D8:59:82:37:76:BA,5,-89,WPA2_PSK
2026-03-19 22:26:27,19.5084476,-99.1268997,SALONES ALVI_2.4G,6C:E8:74:60:A4:94,7,-89,WPA_WPA2_PSK
2026-03-19 22:26:27,19.5084476,-99.1268997,ALTOS 1 _EXT,40:AE:30:DF:07:AB,5,-90,WPA2_PSK
2026-03-19 22:26:27,19.5084476,-99.1268997,INFINITUM3532,D4:01:45:3D:A6:80,6,-90,WPA2_PSK
2026-03-19 22:26:27,19.5084476,-99.1268997,IZZI-DF34,88:71:B1:7E:D9:E2,6,-91,WPA2_PSK
2026-03-19 22:26:27,19.5084476,-99.1268997,R_MC5423,34:0A:9A:31:22:41,7,-91,WPA_WPA2_PSK
2026-03-19 22:26:27,19.5084476,-99.1268997,,52:02:38:4A:38:79,8,-91,WPA2_PSK
2026-03-19 22:26:27,19.5084476,-99.1268997,cdc-wifinet,60:E3:27:B6:DE:72,6,-93,WPA_WPA2_PSK
2026-03-19 22:26:43,19.5084476,-99.1268997,Totalplay-4CB2,E6:82:10:61:2E:CC,11,-66,WPA2_PSK
2026-03-19 22:26:43,19.5084476,-99.1268997,Club_Totalplay_WiFi,E6:82:10:61:2E:CF,11,-66,OPEN
2026-03-19 22:26:43,19.5084476,-99.1268997,,E6:82:10:61:2E:CE,11,-66,WPA2_PSK
2026-03-19 22:26:43,19.5084476,-99.1268997,IPCF3811617076301,9C:A3:A9:3E:E5:EF,1,-73,WPA2_PSK
2026-03-19 22:26:43,19.5084476,-99.1268997,,8A:15:04:58:0F:BF,6,-74,WEP
2026-03-19 22:26:43,19.5084476,-99.1268997,,F2:4B:8A:FC:13:1A,1,-75,UNKNOWN
2026-03-19 22:26:43,19.5084476,-99.1268997,infinitum movil,8A:15:04:58:0F:B0,6,-76,OPEN
2026-03-19 22:26:43,19.5084476,-99.1268997,WFCDECONTROL,0C:80:63:75:2F:D3,11,-77,WPA_WPA2_PSK
2026-03-19 22:26:43,19.5084476,-99.1268997,CGSTIC-WiFi-Cel,E2:8F:71:3A:34:34,2,-78,WPA2_PSK
2026-03-19 22:26:43,19.5084476,-99.1268997,LDPTPWF01,3A:60:F9:E5:83:76,6,-78,WPA2_PSK
2026-03-19 22:26:43,19.5084476,-99.1268997,INFINITUMC357,12:55:E4:1B:26:ED,1,-79,WPA2_PSK
2026-03-19 22:26:43,19.5084476,-99.1268997,IZZI-DF2F,A4:98:13:7A:F6:8A,6,-80,WPA2_PSK
2026-03-19 22:26:43,19.5084476,-99.1268997,Invitados Cinves,66:A4:B7:C8:AA:B6,11,-80,OPEN
2026-03-19 22:26:43,19.5084476,-99.1268997,Cinves-WiFi,14:EB:B6:65:63:9E,1,-82,WPA_WPA2_PSK
2026-03-19 22:26:43,19.5084476,-99.1268997,Cinves-WiFi,60:A4:B7:C8:AA:BC,1,-82,WPA_WPA2_PSK
2026-03-19 22:26:43,19.5084476,-99.1268997,Cinves-WiFi,60:A4:B7:C8:AA:B6,11,-82,WPA_WPA2_PSK
2026-03-19 22:26:43,19.5084476,-99.1268997,Cinves-WiFi,34:60:F9:E5:83:76,6,-84,WPA_WPA2_PSK
2026-03-19 22:26:43,19.5084476,-99.1268997,,A2:31:DB:54:81:C6,3,-85,WPA2_PSK
2026-03-19 22:26:43,19.5084476,-99.1268997,MC19474,30:3D:51:11:11:EA,7,-85,WPA_WPA2_PSK
2026-03-19 22:26:43,19.5084476,-99.1268997,LBS-3 Cinvestav,DC:62:79:32:D0:56,4,-86,WPA2_PSK
2026-03-19 22:26:43,19.5084476,-99.1268997,linksys,00:1A:70:67:AF:CA,11,-87,WPA2_PSK
2026-03-19 22:26:43,19.5084476,-99.1268997,R_MC5423,34:0A:9A:31:22:41,7,-88,WPA_WPA2_PSK
2026-03-19 22:26:43,19.5084476,-99.1268997,Totalplay-DCAA,6C:E8:74:5A:B7:20,8,-88,WPA2_PSK
2026-03-19 22:26:43,19.5084476,-99.1268997,MVS,60:32:B1:ED:F1:37,11,-88,WPA_WPA2_PSK
2026-03-19 22:26:43,19.5084476,-99.1268997,INFINITUM8BDA,00:5F:67:74:48:B8,6,-89,WPA2_PSK
2026-03-19 22:26:43,19.5084476,-99.1268997,INFINITUM2849,50:02:38:2A:38:79,8,-90,WPA2_PSK
2026-03-19 22:26:43,19.5084476,-99.1268997,,F2:A7:31:87:F3:FD,5,-91,WPA2_PSK
2026-03-19 22:26:43,19.5084476,-99.1268997,IZZI-DF34,88:71:B1:7E:D9:E2,6,-91,WPA2_PSK
2026-03-19 22:26:43,19.5084476,-99.1268997,Totalplay-4FAB,C4:E2:87:59:15:0C,7,-91,WPA2_PSK
2026-03-19 22:26:43,19.5084476,-99.1268997,WIFIBRG001300487f4dIPC080,3A:54:F5:BD:77:4D,11,-91,WPA2_PSK
2026-03-19 22:26:59,19.5084476,-99.1268997,Galaxy Note10+14cd,F6:E8:90:38:0F:E0,1,-56,WPA2_PSK
2026-03-19 22:26:59,19.5084476,-99.1268997,Club_Totalplay_WiFi,E6:82:10:61:2E:CF,11,-64,OPEN
2026-03-19 22:26:59,19.5084476,-99.1268997,Totalplay-4CB2,E6:82:10:61:2E:CC,11,-64,WPA2_PSK
2026-03-19 22:26:59,19.5084476,-99.1268997,,E6:82:10:61:2E:CE,11,-64,WPA2_PSK
2026-03-19 22:26:59,19.5084476,-99.1268997,IZZI-E3DD,F0:4B:8A:FC:13:6A,1,-72,WPA2_PSK
2026-03-19 22:26:59,19.5084476,-99.1268997,IZZI-DF2F,A4:98:13:7A:F6:8A,6,-73,WPA2_PSK
2026-03-19 22:26:59,19.5084476,-99.1268997,,A6:98:13:2A:F6:8A,6,-73,UNKNOWN
2026-03-19 22:26:59,19.5084476,-99.1268997,CGSTIC-WiFi-Cel,E2:8F:71:3A:34:34,2,-77,WPA2_PSK
2026-03-19 22:26:59,19.5084476,-99.1268997,WFCDECONTROL,0C:80:63:75:2F:D3,11,-78,WPA_WPA2_PSK
2026-03-19 22:26:59,19.5084476,-99.1268997,Invitados Cinves,66:A4:B7:C8:AA:B6,11,-80,OPEN
2026-03-19 22:26:59,19.5084476,-99.1268997,Invitados Cinves,66:A4:B7:C8:AA:BC,1,-81,OPEN
2026-03-19 22:26:59,19.5084476,-99.1268997,IZZI-DF34,88:71:B1:7E:D9:E2,6,-82,WPA2_PSK
2026-03-19 22:26:59,19.5084476,-99.1268997,INFINITUMC357,12:55:E4:1B:26:ED,1,-84,WPA2_PSK
2026-03-19 22:26:59,19.5084476,-99.1268997,Mega_2.4G_5AAE,48:96:D9:24:5A:AE,3,-84,WPA_WPA2_PSK
2026-03-19 22:26:59,19.5084476,-99.1268997,MC19387,30:3D:51:11:12:B3,7,-84,WPA_WPA2_PSK
2026-03-19 22:26:59,19.5084476,-99.1268997,Cinves-WiFi,60:A4:B7:C8:AA:B6,11,-84,WPA_WPA2_PSK
2026-03-19 22:26:59,19.5084476,-99.1268997,DIRECT-40-HP M254 LaserJet,42:23:43:4E:08:40,6,-85,WPA2_PSK
2026-03-19 22:26:59,19.5084476,-99.1268997,ALTOS 1 ,A8:42:A1:7C:B8:A6,5,-86,WPA2_PSK
2026-03-19 22:26:59,19.5084476,-99.1268997,R_MC5423,34:0A:9A:31:22:41,7,-86,WPA_WPA2_PSK
2026-03-19 22:26:59,19.5084476,-99.1268997,MC19474,30:3D:51:11:11:EA,7,-87,WPA_WPA2_PSK
2026-03-19 22:26:59,19.5084476,-99.1268997,linksys,00:1A:70:67:AF:CA,11,-87,WPA2_PSK
2026-03-19 22:26:59,19.5084476,-99.1268997,Invitados Cinves,6E:FF:7B:32:CA:42,6,-88,OPEN
2026-03-19 22:26:59,19.5084476,-99.1268997,LDPTPWF01,3A:60:F9:E5:83:76,6,-88,WPA2_PSK
2026-03-19 22:26:59,19.5084476,-99.1268997,HUAWEI-3L4N4J_HiLink,38:FB:14:DD:02:B0,6,-88,WPA2_PSK
2026-03-19 22:26:59,19.5084476,-99.1268997,Cinves-WiFi,68:FF:7B:32:CA:42,6,-89,WPA_WPA2_PSK
2026-03-19 22:26:59,19.5084476,-99.1268997,MVS,60:32:B1:ED:F1:37,11,-90,WPA_WPA2_PSK
2026-03-19 22:26:59,19.5084476,-99.1268997,ALTOS 1 ,A8:42:A1:7C:B8:AA,5,-91,WPA2_PSK
2026-03-19 22:26:59,19.5084476,-99.1268997,WIFIBRG001300487f4dIPC080,3A:54:F5:BD:77:4D,11,-93,WPA2_PSK
2026-03-19 22:27:15,19.5084476,-99.1268997,IPCF3811617076301,9C:A3:A9:3E:E5:EF,1,-68,WPA2_PSK
2026-03-19 22:27:15,19.5084476,-99.1268997,CGSTIC-WiFi-Cel,E2:8F:71:3A:34:34,2,-73,WPA2_PSK
2026-03-19 22:27:15,19.5084476,-99.1268997,,8A:15:04:58:0F:BF,6,-75,WEP
2026-03-19 22:27:15,19.5084476,-99.1268997,,E6:82:10:61:2E:CE,11,-75,WPA2_PSK
2026-03-19 22:27:15,19.5084476,-99.1268997,INFINITUMC357,12:55:E4:1B:26:ED,1,-78,WPA2_PSK
2026-03-19 22:27:15,19.5084476,-99.1268997,infinitum movil,8A:15:04:58:0F:B0,6,-79,OPEN
2026-03-19 22:27:15,19.5084476,-99.1268997,INFINITUM8BDA,00:5F:67:74:48:B8,6,-80,WPA2_PSK
2026-03-19 22:27:15,19.5084476,-99.1268997,WFCDECONTROL,0C:80:63:75:2F:D3,11,-80,WPA_WPA2_PSK
2026-03-19 22:27:15,19.5084476,-99.1268997,Cinves-WiFi,60:A4:B7:C8:AA:BC,1,-81,WPA_WPA2_PSK
2026-03-19 22:27:15,19.5084476,-99.1268997,Invitados Cinves,66:A4:B7:C8:AA:BC,1,-82,OPEN
2026-03-19 22:27:15,19.5084476,-99.1268997,,A6:98:13:2A:F6:8A,6,-82,UNKNOWN
2026-03-19 22:27:15,19.5084476,-99.1268997,MC19474,30:3D:51:11:11:EA,7,-84,WPA_WPA2_PSK
2026-03-19 22:27:15,19.5084476,-99.1268997,IZZI-CE74,D4:E2:CB:61:CE:78,11,-84,WPA2_PSK
2026-03-19 22:27:15,19.5084476,-99.1268997,Cinves-WiFi,60:A4:B7:C8:AA:B6,11,-84,WPA_WPA2_PSK
2026-03-19 22:27:15,19.5084476,-99.1268997,Tenda_0211D0,58:D9:D5:02:11:D1,3,-86,WPA_WPA2_PSK
2026-03-19 22:27:15,19.5084476,-99.1268997,MC19387,30:3D:51:11:12:B3,7,-86,WPA_WPA2_PSK
2026-03-19 22:27:15,19.5084476,-99.1268997,R_MC5423,34:0A:9A:31:22:41,7,-87,WPA_WPA2_PSK
2026-03-19 22:27:15,19.5084476,-99.1268997,LBS-3 Cinvestav,DC:62:79:32:D0:56,4,-89,WPA2_PSK
2026-03-19 22:27:15,19.5084476,-99.1268997,,E2:62:79:32:D0:56,4,-89,WPA2_PSK
2026-03-19 22:27:15,19.5084476,-99.1268997,Cinves-WiFi,68:FF:7B:32:CA:42,6,-89,WPA_WPA2_PSK
2026-03-19 22:27:15,19.5084476,-99.1268997,HONOR X7b 83E5,66:01:AF:5C:CF:97,6,-90,WPA2_PSK
2026-03-19 22:27:15,19.5084476,-99.1268997,linksys,00:1A:70:67:AF:CA,11,-90,WPA2_PSK
2026-03-19 22:27:15,19.5084476,-99.1268997,,00:4E:35:01:B6:82,11,-90,WPA2_PSK
2026-03-19 22:27:31,19.5084476,-99.1268997,,E6:82:10:61:2E:CE,11,-65,WPA2_PSK
2026-03-19 22:27:31,19.5084476,-99.1268997,Totalplay-4CB2,E6:82:10:61:2E:CC,11,-66,WPA2_PSK
2026-03-19 22:27:31,19.5084476,-99.1268997,Club_Totalplay_WiFi,E6:82:10:61:2E:CF,11,-67,OPEN
2026-03-19 22:27:31,19.5084476,-99.1268997,,8A:15:04:58:0F:BF,6,-75,WEP
2026-03-19 22:27:31,19.5084476,-99.1268997,,F2:4B:8A:FC:13:1A,1,-76,UNKNOWN
2026-03-19 22:27:31,19.5084476,-99.1268997,infinitum movil,8A:15:04:58:0F:B0,6,-76,OPEN
2026-03-19 22:27:31,19.5084476,-99.1268997,INFINITUMC357,12:55:E4:1B:26:ED,1,-77,WPA2_PSK
2026-03-19 22:27:31,19.5084476,-99.1268997,Cinves-WiFi,60:A4:B7:C8:AA:BC,1,-77,WPA_WPA2_PSK
2026-03-19 22:27:31,19.5084476,-99.1268997,CGSTIC-WiFi-Cel,E2:8F:71:3A:34:34,2,-81,WPA2_PSK
2026-03-19 22:27:31,19.5084476,-99.1268997,MC19474,30:3D:51:11:11:EA,7,-82,WPA_WPA2_PSK
2026-03-19 22:27:31,19.5084476,-99.1268997,INFINITUM8BDA,00:5F:67:74:48:B8,6,-83,WPA2_PSK
2026-03-19 22:27:31,19.5084476,-99.1268997,Cinves-WiFi,60:A4:B7:C8:AA:B6,11,-83,WPA_WPA2_PSK
2026-03-19 22:27:31,19.5084476,-99.1268997,LBS-3 Cinvestav,DC:62:79:32:D0:56,4,-85,WPA2_PSK
2026-03-19 22:27:31,19.5084476,-99.1268997,,A6:98:13:2A:F6:8A,6,-85,UNKNOWN
2026-03-19 22:27:31,19.5084476,-99.1268997,Tenda_0211D0,58:D9:D5:02:11:D1,3,-86,WPA_WPA2_PSK
2026-03-19 22:27:31,19.5084476,-99.1268997,Cinves-WiFi,14:EB:B6:65:63:9E,1,-87,WPA_WPA2_PSK
2026-03-19 22:27:31,19.5084476,-99.1268997,,E2:62:79:32:D0:56,4,-87,WPA2_PSK
2026-03-19 22:27:31,19.5084476,-99.1268997,omni,52:0F:F5:7F:A2:91,6,-87,WPA_WPA2_PSK
2026-03-19 22:27:31,19.5084476,-99.1268997,INFINITUM3532,D4:01:45:3D:A6:80,6,-88,WPA2_PSK
2026-03-19 22:27:31,19.5084476,-99.1268997,DIRECT-40-HP M254 LaserJet,42:23:43:4E:08:40,6,-88,WPA2_PSK
2026-03-19 22:27:31,19.5084476,-99.1268997,,52:02:38:4A:38:79,8,-88,WPA2_PSK
2026-03-19 22:27:31,19.5084476,-99.1268997,STARLINK,DA:EE:C2:27:55:5B,1,-89,OPEN
2026-03-19 22:27:31,19.5084476,-99.1268997,LDPTPWF01,3A:60:F9:E5:83:76,6,-89,WPA2_PSK
2026-03-19 22:27:31,19.5084476,-99.1268997,INFINITUM3F50,D4:01:45:3E:48:60,9,-89,WPA2_PSK
2026-03-19 22:27:31,19.5084476,-99.1268997,ALTOS 1 ,A8:42:A1:7C:B8:A6,5,-90,WPA2_PSK
2026-03-19 22:27:31,19.5084476,-99.1268997,,AE:42:A1:7C:B8:AA,5,-91,WPA2_PSK
2026-03-19 22:27:31,19.5084476,-99.1268997,Club_Totalplay_WiFi,6C:E8:74:60:A4:97,7,-91,OPEN
2026-03-19 22:27:31,19.5084476,-99.1268997,,66:DB:F7:C3:1C:59,10,-91,WPA2_PSK
2026-03-19 22:27:31,19.5084476,-99.1268997,,00:4E:35:01:E7:C2,11,-92,WPA2_PSK
2026-03-19 22:27:31,19.5084476,-99.1268997,,DA:EE:C2:57:55:5B,1,-93,WPA2_PSK
2026-03-19 22:27:47,19.5084496,-99.1268997,IPCF3811617076301,9C:A3:A9:3E:E5:EF,1,-67,WPA2_PSK
2026-03-19 22:27:47,19.5084496,-99.1268997,Totalplay-4CB2,E6:82:10:61:2E:CC,11,-70,WPA2_PSK
2026-03-19 22:27:47,19.5084496,-99.1268997,Club_Totalplay_WiFi,E6:82:10:61:2E:CF,11,-71,OPEN
2026-03-19 22:27:47,19.5084496,-99.1268997,,E6:82:10:61:2E:CE,11,-71,WPA2_PSK
2026-03-19 22:27:47,19.5084496,-99.1268997,,F2:4B:8A:FC:13:1A,1,-72,UNKNOWN
2026-03-19 22:27:47,19.5084496,-99.1268997,,8A:15:04:58:0F:BF,6,-77,WEP
2026-03-19 22:27:47,19.5084496,-99.1268997,WFCDECONTROL,0C:80:63:75:2F:D3,11,-77,WPA_WPA2_PSK
2026-03-19 22:27:47,19.5084496,-99.1268997,Cinves-WiFi,60:A4:B7:C8:AA:BC,1,-79,WPA_WPA2_PSK
2026-03-19 22:27:47,19.5084496,-99.1268997,Cinves-WiFi,60:A4:B7:C8:AA:B6,11,-80,WPA_WPA2_PSK
2026-03-19 22:27:47,19.5084496,-99.1268997,INFINITUMC357,12:55:E4:1B:26:ED,1,-81,WPA2_PSK
2026-03-19 22:27:47,19.5084496,-99.1268997,ALTOS 1 ,A8:42:A1:7C:B8:AA,5,-84,WPA2_PSK
2026-03-19 22:27:47,19.5084496,-99.1268997,LDPTPWF01,3A:60:F9:E5:83:76,6,-84,WPA2_PSK
2026-03-19 22:27:47,19.5084496,-99.1268997,SALONES ALVI_2.4G,6C:E8:74:60:A4:94,7,-84,WPA_WPA2_PSK
2026-03-19 22:27:47,19.5084496,-99.1268997,MC19474,30:3D:51:11:11:EA,7,-84,WPA_WPA2_PSK
2026-03-19 22:27:47,19.5084496,-99.1268997,Tenda_0211D0,58:D9:D5:02:11:D1,3,-85,WPA_WPA2_PSK
2026-03-19 22:27:47,19.5084496,-99.1268997,Cinves-WiFi,34:60:F9:E5:83:76,6,-85,WPA_WPA2_PSK
2026-03-19 22:27:47,19.5084496,-99.1268997,Invitados Cinves,6E:FF:7B:32:CA:42,6,-86,OPEN
2026-03-19 22:27:47,19.5084496,-99.1268997,omni,52:0F:F5:7F:A2:91,6,-86,WPA_WPA2_PSK
2026-03-19 22:27:47,19.5084496,-99.1268997,INFINITUM8BDA,00:5F:67:74:48:B8,6,-86,WPA2_PSK
2026-03-19 22:27:47,19.5084496,-99.1268997,INFINITUM2849,50:02:38:2A:38:79,8,-86,WPA2_PSK
2026-03-19 22:27:47,19.5084496,-99.1268997,linksys,00:1A:70:67:AF:CA,11,-86,WPA2_PSK
2026-03-19 22:27:47,19.5084496,-99.1268997,Club_Totalplay_WiFi,6C:E8:74:60:A4:97,7,-87,OPEN
2026-03-19 22:27:47,19.5084496,-99.1268997,R_MC5423,34:0A:9A:31:22:41,7,-87,WPA_WPA2_PSK
2026-03-19 22:27:47,19.5084496,-99.1268997,ALTOS 1 ,A8:42:A1:7C:B8:A6,5,-89,WPA2_PSK
2026-03-19 22:27:47,19.5084496,-99.1268997,,A6:98:13:2A:F6:8A,6,-89,UNKNOWN
2026-03-19 22:27:47,19.5084496,-99.1268997,MC19387,30:3D:51:11:12:B3,7,-90,WPA_WPA2_PSK
2026-03-19 22:27:47,19.5084496,-99.1268997,Totalplay-DCAA,6C:E8:74:5A:B7:20,8,-90,WPA2_PSK
2026-03-19 22:27:47,19.5084496,-99.1268997,,52:02:38:4A:38:79,8,-92,WPA2_PSK
2026-03-19 22:28:03,19.5084496,-99.1268997,Totalplay-4CB2,E6:82:10:61:2E:CC,11,-70,WPA2_PSK
2026-03-19 22:28:03,19.5084496,-99.1268997,,E6:82:10:61:2E:CE,11,-71,WPA2_PSK
2026-03-19 22:28:03,19.5084496,-99.1268997,Club_Totalplay_WiFi,E6:82:10:61:2E:CF,11,-71,OPEN
2026-03-19 22:28:03,19.5084496,-99.1268997,IPCF3811617076301,9C:A3:A9:3E:E5:EF,1,-73,WPA2_PSK
2026-03-19 22:28:03,19.5084496,-99.1268997,CGSTIC-WiFi-Cel,E2:8F:71:3A:34:34,2,-73,WPA2_PSK
2026-03-19 22:28:03,19.5084496,-99.1268997,,8A:15:04:58:0F:BF,6,-74,WEP
2026-03-19 22:28:03,19.5084496,-99.1268997,,F2:4B:8A:FC:13:1A,1,-78,UNKNOWN
2026-03-19 22:28:03,19.5084496,-99.1268997,infinitum movil,8A:15:04:58:0F:B0,6,-78,OPEN
2026-03-19 22:28:03,19.5084496,-99.1268997,INFINITUMC357,12:55:E4:1B:26:ED,1,-79,WPA2_PSK
2026-03-19 22:28:03,19.5084496,-99.1268997,Invitados Cinves,66:A4:B7:C8:AA:BC,1,-80,OPEN
2026-03-19 22:28:03,19.5084496,-99.1268997,WFCDECONTROL,0C:80:63:75:2F:D3,11,-80,WPA_WPA2_PSK
2026-03-19 22:28:03,19.5084496,-99.1268997,Cinves-WiFi,60:A4:B7:C8:AA:BC,1,-81,WPA_WPA2_PSK
2026-03-19 22:28:03,19.5084496,-99.1268997,Invitados Cinves,66:A4:B7:C8:AA:B6,11,-81,OPEN
2026-03-19 22:28:03,19.5084496,-99.1268997,INFINITUM8BDA,00:5F:67:74:48:B8,6,-82,WPA2_PSK
2026-03-19 22:28:03,19.5084496,-99.1268997,MC19474,30:3D:51:11:11:EA,7,-84,WPA_WPA2_PSK
2026-03-19 22:28:03,19.5084496,-99.1268997,IZZI-DF2F,A4:98:13:7A:F6:8A,6,-85,WPA2_PSK
2026-03-19 22:28:03,19.5084496,-99.1268997,,A6:98:13:2A:F6:8A,6,-85,UNKNOWN
2026-03-19 22:28:03,19.5084496,-99.1268997,Cinves-WiFi,14:EB:B6:65:63:9E,1,-87,WPA_WPA2_PSK
2026-03-19 22:28:03,19.5084496,-99.1268997,ALTOS 1 ,A8:42:A1:7C:B8:AA,5,-87,WPA2_PSK
2026-03-19 22:28:03,19.5084496,-99.1268997,,AE:42:A1:7C:B8:AA,5,-87,WPA2_PSK
2026-03-19 22:28:03,19.5084496,-99.1268997,DIRECT-40-HP M254 LaserJet,42:23:43:4E:08:40,6,-87,WPA2_PSK
2026-03-19 22:28:03,19.5084496,-99.1268997,Infinix HOT 40i,F6:34:86:53:CF:47,7,-87,WPA2_PSK
2026-03-19 22:28:03,19.5084496,-99.1268997,Club_Totalplay_WiFi,6C:E8:74:60:A4:97,7,-87,OPEN
2026-03-19 22:28:03,19.5084496,-99.1268997,,E2:62:79:32:D0:56,4,-88,WPA2_PSK
2026-03-19 22:28:03,19.5084496,-99.1268997,ALTOS 1 ,A8:42:A1:7C:B8:A6,5,-89,WPA2_PSK
2026-03-19 22:28:03,19.5084496,-99.1268997,omni,52:0F:F5:7F:A2:91,6,-89,WPA_WPA2_PSK
2026-03-19 22:28:03,19.5084496,-99.1268997,linksys,00:1A:70:67:AF:CA,11,-89,WPA2_PSK
2026-03-19 22:28:03,19.5084496,-99.1268997,Cinves-WiFi,74:FE:CE:69:FB:0A,1,-90,WPA_WPA2_PSK
2026-03-19 22:28:03,19.5084496,-99.1268997,SALONES ALVI_2.4G,6C:E8:74:60:A4:94,7,-90,WPA_WPA2_PSK
2026-03-19 22:28:03,19.5084496,-99.1268997,MC19387,30:3D:51:11:12:B3,7,-90,WPA_WPA2_PSK
2026-03-19 22:28:03,19.5084496,-99.1268997,,00:4E:35:01:E7:C2,11,-90,WPA2_PSK
2026-03-19 22:28:03,19.5084496,-99.1268997,,DA:EE:C2:57:55:5B,1,-91,WPA2_PSK
2026-03-19 22:28:03,19.5084496,-99.1268997,R_MC5423,34:0A:9A:31:22:41,7,-91,WPA_WPA2_PSK
2026-03-19 22:28:03,19.5084496,-99.1268997,INFINITUM2746,A8:E8:1E:E6:5A:80,8,-93,WPA2_PSK
2026-03-19 22:28:19,19.5084496,-99.1268997,,E6:82:10:61:2E:CE,11,-71,WPA2_PSK
2026-03-19 22:28:19,19.5084496,-99.1268997,IZZI-E3DD,F0:4B:8A:FC:13:6A,1,-72,WPA2_PSK
2026-03-19 22:28:19,19.5084496,-99.1268997,,F2:4B:8A:FC:13:1A,1,-72,UNKNOWN
2026-03-19 22:28:19,19.5084496,-99.1268997,,8A:15:04:58:0F:BF,6,-72,WEP
2026-03-19 22:28:19,19.5084496,-99.1268997,Club_Totalplay_WiFi,E6:82:10:61:2E:CF,11,-73,OPEN
2026-03-19 22:28:19,19.5084496,-99.1268997,Totalplay-4CB2,E6:82:10:61:2E:CC,11,-74,WPA2_PSK
2026-03-19 22:28:19,19.5084496,-99.1268997,infinitum movil,8A:15:04:58:0F:B0,6,-76,OPEN
2026-03-19 22:28:19,19.5084496,-99.1268997,Cinves-WiFi,60:A4:B7:C8:AA:BC,1,-78,WPA_WPA2_PSK
2026-03-19 22:28:19,19.5084496,-99.1268997,Invitados Cinves,66:A4:B7:C8:AA:BC,1,-79,OPEN
2026-03-19 22:28:19,19.5084496,-99.1268997,INFINITUM8BDA,00:5F:67:74:48:B8,6,-82,WPA2_PSK
2026-03-19 22:28:19,19.5084496,-99.1268997,MC19474,30:3D:51:11:11:EA,7,-82,WPA_WPA2_PSK
2026-03-19 22:28:19,19.5084496,-99.1268997,LBS-3 Cinvestav,DC:62:79:32:D0:56,4,-85,WPA2_PSK
2026-03-19 22:28:19,19.5084496,-99.1268997,MVS,60:32:B1:ED:F1:37,11,-85,WPA_WPA2_PSK
2026-03-19 22:28:19,19.5084496,-99.1268997,,AE:42:A1:7C:B8:AA,5,-86,WPA2_PSK
2026-03-19 22:28:19,19.5084496,-99.1268997,R_MC5423,34:0A:9A:31:22:41,7,-87,WPA_WPA2_PSK
2026-03-19 22:28:19,19.5084496,-99.1268997,linksys,00:1A:70:67:AF:CA,11,-87,WPA2_PSK
2026-03-19 22:28:19,19.5084496,-99.1268997,Tenda_0211D0,58:D9:D5:02:11:D1,3,-90,WPA_WPA2_PSK
2026-03-19 22:28:19,19.5084496,-99.1268997,,E2:62:79:32:D0:56,4,-90,WPA2_PSK
2026-03-19 22:28:35,19.5084496,-99.1268997,CGSTIC-WiFi-Cel,E2:8F:71:3A:34:34,2,-72,WPA2_PSK
2026-03-19 22:28:35,19.5084496,-99.1268997,Totalplay-4CB2,E6:82:10:61:2E:CC,11,-72,WPA2_PSK
2026-03-19 22:28:35,19.5084496,-99.1268997,Club_Totalplay_WiFi,E6:82:10:61:2E:CF,11,-73,OPEN
2026-03-19 22:28:35,19.5084496,-99.1268997,,E6:82:10:61:2E:CE,11,-73,WPA2_PSK
2026-03-19 22:28:35,19.5084496,-99.1268997,,F2:4B:8A:FC:13:1A,1,-74,UNKNOWN
2026-03-19 22:28:35,19.5084496,-99.1268997,IZZI-E3DD,F0:4B:8A:FC:13:6A,1,-74,WPA2_PSK
2026-03-19 22:28:35,19.5084496,-99.1268997,,8A:15:04:58:0F:BF,6,-75,WEP
2026-03-19 22:28:35,19.5084496,-99.1268997,infinitum movil,8A:15:04:58:0F:B0,6,-76,OPEN
2026-03-19 22:28:35,19.5084496,-99.1268997,INFINITUMC357,12:55:E4:1B:26:ED,1,-77,WPA2_PSK
2026-03-19 22:28:35,19.5084496,-99.1268997,Invitados Cinves,66:A4:B7:C8:AA:BC,1,-78,OPEN
2026-03-19 22:28:35,19.5084496,-99.1268997,Cinves-WiFi,60:A4:B7:C8:AA:BC,1,-78,WPA_WPA2_PSK
2026-03-19 22:28:35,19.5084496,-99.1268997,IZZI-DF2F,A4:98:13:7A:F6:8A,6,-80,WPA2_PSK
2026-03-19 22:28:35,19.5084496,-99.1268997,HONOR Magic7 Lite,06:49:72:80:97:46,1,-82,WPA2_PSK
2026-03-19 22:28:35,19.5084496,-99.1268997,INFINITUM8BDA,00:5F:67:74:48:B8,6,-82,WPA2_PSK
2026-03-19 22:28:35,19.5084496,-99.1268997,MC19474,30:3D:51:11:11:EA,7,-83,WPA_WPA2_PSK
2026-03-19 22:28:35,19.5084496,-99.1268997,LDPTPWF01,3A:60:F9:E5:83:76,6,-84,WPA2_PSK
2026-03-19 22:28:35,19.5084496,-99.1268997,linksys,00:1A:70:67:AF:CA,11,-84,WPA2_PSK
2026-03-19 22:28:35,19.5084496,-99.1268997,Cinves-WiFi,34:60:F9:E5:83:76,6,-85,WPA_WPA2_PSK
2026-03-19 22:28:35,19.5084496,-99.1268997,Invitados Cinves,66:A4:B7:C8:AA:B6,11,-85,OPEN
2026-03-19 22:28:35,19.5084496,-99.1268997,ALTOS 1 _EXT,40:AE:30:DF:07:AB,5,-87,WPA2_PSK
2026-03-19 22:28:35,19.5084496,-99.1268997,Mega_2.4G_5AAE,48:96:D9:24:5A:AE,3,-88,WPA_WPA2_PSK
2026-03-19 22:28:35,19.5084496,-99.1268997,Invitados Cinves,6E:FF:7B:32:CA:42,6,-88,OPEN
2026-03-19 22:28:35,19.5084496,-99.1268997,Club_Totalplay_WiFi,6C:E8:74:60:A4:97,7,-88,OPEN
2026-03-19 22:28:35,19.5084496,-99.1268997,Totalplay-DCAA,6C:E8:74:5A:B7:20,8,-88,WPA2_PSK
2026-03-19 22:28:35,19.5084496,-99.1268997,Cinves-WiFi,14:EB:B6:65:63:9E,1,-89,WPA_WPA2_PSK
2026-03-19 22:28:35,19.5084496,-99.1268997,ALTOS 1 ,A8:42:A1:7C:B8:AA,5,-89,WPA2_PSK
2026-03-19 22:28:35,19.5084496,-99.1268997,,AE:42:A1:7C:B8:AA,5,-89,WPA2_PSK
2026-03-19 22:28:35,19.5084496,-99.1268997,SALONES ALVI_2.4G,6C:E8:74:60:A4:94,7,-89,WPA_WPA2_PSK
2026-03-19 22:28:35,19.5084496,-99.1268997,R_MC5423,34:0A:9A:31:22:41,7,-89,WPA_WPA2_PSK
2026-03-19 22:28:35,19.5084496,-99.1268997,Totalplay-4FAB,C4:E2:87:59:15:0C,7,-89,WPA2_PSK
2026-03-19 22:28:35,19.5084496,-99.1268997,INFINITUM3F50,D4:01:45:3E:48:60,9,-89,WPA2_PSK
2026-03-19 22:28:51,19.5084496,-99.1268997,,E6:82:10:61:2E:CE,11,-70,WPA2_PSK
2026-03-19 22:28:51,19.5084496,-99.1268997,Totalplay-4CB2,E6:82:10:61:2E:CC,11,-71,WPA2_PSK
2026-03-19 22:28:51,19.5084496,-99.1268997,Club_Totalplay_WiFi,E6:82:10:61:2E:CF,11,-71,OPEN
2026-03-19 22:28:51,19.5084496,-99.1268997,,8A:15:04:58:0F:BF,6,-72,WEP
2026-03-19 22:28:51,19.5084496,-99.1268997,CGSTIC-WiFi-Cel,E2:8F:71:3A:34:34,2,-73,WPA2_PSK
2026-03-19 22:28:51,19.5084496,-99.1268997,,F2:4B:8A:FC:13:1A,1,-75,UNKNOWN
2026-03-19 22:28:51,19.5084496,-99.1268997,IZZI-E3DD,F0:4B:8A:FC:13:6A,1,-76,WPA2_PSK
2026-03-19 22:28:51,19.5084496,-99.1268997,Invitados Cinves,66:A4:B7:C8:AA:BC,1,-77,OPEN
2026-03-19 22:28:51,19.5084496,-99.1268997,IPCF3811617076301,9C:A3:A9:3E:E5:EF,1,-77,WPA2_PSK
2026-03-19 22:28:51,19.5084496,-99.1268997,infinitum movil,8A:15:04:58:0F:B0,6,-77,OPEN
2026-03-19 22:28:51,19.5084496,-99.1268997,Cinves-WiFi,60:A4:B7:C8:AA:BC,1,-78,WPA_WPA2_PSK
2026-03-19 22:28:51,19.5084496,-99.1268997,INFINITUM8BDA,00:5F:67:74:48:B8,6,-81,WPA2_PSK
2026-03-19 22:28:51,19.5084496,-99.1268997,MC19474,30:3D:51:11:11:EA,7,-83,WPA_WPA2_PSK
2026-03-19 22:28:51,19.5084496,-99.1268997,ALTOS 1 _EXT,40:AE:30:DF:07:AB,5,-84,WPA2_PSK
2026-03-19 22:28:51,19.5084496,-99.1268997,Cinves-WiFi,60:A4:B7:C8:AA:B6,11,-85,WPA_WPA2_PSK
2026-03-19 22:28:51,19.5084496,-99.1268997,WFCDECONTROL,0C:80:63:75:2F:D3,11,-85,WPA_WPA2_PSK
2026-03-19 22:28:51,19.5084496,-99.1268997,linksys,00:1A:70:67:AF:CA,11,-86,WPA2_PSK
2026-03-19 22:28:51,19.5084496,-99.1268997,Invitados Cinves,66:A4:B7:C8:AA:B6,11,-86,OPEN
2026-03-19 22:28:51,19.5084496,-99.1268997,Club_Totalplay_WiFi,A2:31:DB:54:81:C7,3,-87,OPEN
2026-03-19 22:28:51,19.5084496,-99.1268997,R_MC5423,34:0A:9A:31:22:41,7,-87,WPA_WPA2_PSK
2026-03-19 22:28:51,19.5084496,-99.1268997,INFINITUM3F50,D4:01:45:3E:48:60,9,-87,WPA2_PSK
2026-03-19 22:28:51,19.5084496,-99.1268997,,A2:31:DB:54:81:C6,3,-88,WPA2_PSK
2026-03-19 22:28:51,19.5084496,-99.1268997,Tenda_0211D0,58:D9:D5:02:11:D1,3,-88,WPA_WPA2_PSK
2026-03-19 22:28:51,19.5084496,-99.1268997,LBS-3 Cinvestav,DC:62:79:32:D0:56,4,-88,WPA2_PSK
2026-03-19 22:28:51,19.5084496,-99.1268997,ALTOS 1 ,A8:42:A1:7C:B8:AA,5,-88,WPA2_PSK
2026-03-19 22:28:51,19.5084496,-99.1268997,IZZI-DF2F,A4:98:13:7A:F6:8A,6,-88,WPA2_PSK
2026-03-19 22:28:51,19.5084496,-99.1268997,Cinves-WiFi,14:EB:B6:65:63:9E,1,-89,WPA_WPA2_PSK
2026-03-19 22:28:51,19.5084496,-99.1268997,Totalplay-7CB1,A2:31:DB:54:81:C4,3,-89,WPA2_PSK
2026-03-19 22:28:51,19.5084496,-99.1268997,LDPTPWF01,3A:60:F9:E5:83:76,6,-89,WPA2_PSK
2026-03-19 22:28:51,19.5084496,-99.1268997,Cinves-WiFi,34:60:F9:E5:83:76,6,-90,WPA_WPA2_PSK
2026-03-19 22:28:51,19.5084496,-99.1268997,INFINITUM62FA,D4:01:45:40:83:00,1,-91,WPA2_PSK
2026-03-19 22:28:51,19.5084496,-99.1268997,,AE:42:A1:7C:B8:AA,5,-91,WPA2_PSK
2026-03-19 22:28:51,19.5084496,-99.1268997,INFINITUM2746,A8:E8:1E:E6:5A:80,8,-92,WPA2_PSK
2026-03-19 22:29:07,19.5084496,-99.1268997,,E6:82:10:61:2E:CE,11,-68,WPA2_PSK
2026-03-19 22:29:07,19.5084496,-99.1268997,Totalplay-4CB2,E6:82:10:61:2E:CC,11,-69,WPA2_PSK
2026-03-19 22:29:07,19.5084496,-99.1268997,Club_Totalplay_WiFi,E6:82:10:61:2E:CF,11,-69,OPEN
2026-03-19 22:29:07,19.5084496,-99.1268997,CGSTIC-WiFi-Cel,E2:8F:71:3A:34:34,2,-72,WPA2_PSK
2026-03-19 22:29:07,19.5084496,-99.1268997,,F2:4B:8A:FC:13:1A,1,-75,UNKNOWN
2026-03-19 22:29:07,19.5084496,-99.1268997,IPCF3811617076301,9C:A3:A9:3E:E5:EF,1,-78,WPA2_PSK
2026-03-19 22:29:07,19.5084496,-99.1268997,Invitados Cinves,66:A4:B7:C8:AA:BC,1,-79,OPEN
2026-03-19 22:29:07,19.5084496,-99.1268997,Cinves-WiFi,60:A4:B7:C8:AA:BC,1,-79,WPA_WPA2_PSK
2026-03-19 22:29:07,19.5084496,-99.1268997,,8A:15:04:58:0F:BF,6,-79,WEP
2026-03-19 22:29:07,19.5084496,-99.1268997,INFINITUMC357,12:55:E4:1B:26:ED,1,-80,WPA2_PSK
2026-03-19 22:29:07,19.5084496,-99.1268997,MC19474,30:3D:51:11:11:EA,7,-81,WPA_WPA2_PSK
2026-03-19 22:29:07,19.5084496,-99.1268997,Cinves-WiFi,60:A4:B7:C8:AA:B6,11,-83,WPA_WPA2_PSK
2026-03-19 22:29:07,19.5084496,-99.1268997,,AE:42:A1:7C:B8:AA,5,-84,WPA2_PSK
2026-03-19 22:29:07,19.5084496,-99.1268997,ALTOS 1 ,A8:42:A1:7C:B8:AA,5,-84,WPA2_PSK
2026-03-19 22:29:07,19.5084496,-99.1268997,,A6:98:13:2A:F6:8A,6,-85,UNKNOWN
2026-03-19 22:29:07,19.5084496,-99.1268997,Totalplay-C8AC,14:EB:08:9F:61:B0,11,-85,WPA2_PSK
2026-03-19 22:29:07,19.5084496,-99.1268997,,14:EB:08:9F:61:B2,11,-85,WPA2_PSK
2026-03-19 22:29:07,19.5084496,-99.1268997,R_MC5423,34:0A:9A:31:22:41,7,-86,WPA_WPA2_PSK
2026-03-19 22:29:07,19.5084496,-99.1268997,Invitados Cinves,66:A4:B7:C8:AA:B6,11,-86,OPEN
2026-03-19 22:29:07,19.5084496,-99.1268997,Mega_2.4G_5AAE,48:96:D9:24:5A:AE,3,-87,WPA_WPA2_PSK
2026-03-19 22:29:07,19.5084496,-99.1268997,LDPTPWF01,3A:60:F9:E5:83:76,6,-87,WPA2_PSK
2026-03-19 22:29:07,19.5084496,-99.1268997,Cinves-WiFi,14:EB:B6:65:63:9E,1,-88,WPA_WPA2_PSK
2026-03-19 22:29:07,19.5084496,-99.1268997,ALTOS 1 _EXT,40:AE:30:DF:07:AB,5,-88,WPA2_PSK
2026-03-19 22:29:07,19.5084496,-99.1268997,Tenda_0211D0,58:D9:D5:02:11:D1,3,-89,WPA_WPA2_PSK
2026-03-19 22:29:07,19.5084496,-99.1268997,Totalplay-7CB1,A2:31:DB:54:81:C4,3,-89,WPA2_PSK
2026-03-19 22:29:07,19.5084496,-99.1268997,,AE:42:A1:7C:B8:A6,5,-89,WPA2_PSK
2026-03-19 22:29:07,19.5084496,-99.1268997,INFINITUM8BDA,00:5F:67:74:48:B8,6,-89,WPA2_PSK
2026-03-19 22:29:07,19.5084496,-99.1268997,MC19387,30:3D:51:11:12:B3,7,-89,WPA_WPA2_PSK
2026-03-19 22:29:07,19.5084496,-99.1268997,Totalplay-2.4G-3570,AC:4F:65:A9:35:71,10,-89,WPA_WPA2_PSK
2026-03-19 22:29:07,19.5084496,-99.1268997,INFINITUMDCAF_EXT,E8:48:B8:6C:A5:DF,11,-89,WPA2_PSK
2026-03-19 22:29:07,19.5084496,-99.1268997,INFINITUM6007,12:55:E4:1F:5F:6D,1,-90,WPA2_PSK
2026-03-19 22:29:07,19.5084496,-99.1268997,Cinves-WiFi,34:60:F9:E5:83:76,6,-90,WPA_WPA2_PSK
2026-03-19 22:29:07,19.5084496,-99.1268997,SALONES ALVI_2.4G,6C:E8:74:60:A4:94,7,-90,WPA_WPA2_PSK
2026-03-19 22:29:07,19.5084496,-99.1268997,WIFIBRG001300487f4dIPC080,3A:54:F5:BD:77:4D,11,-90,WPA2_PSK
2026-03-19 22:29:07,19.5084496,-99.1268997,IZZI-DF34,88:71:B1:7E:D9:E2,6,-91,WPA2_PSK
2026-03-19 22:29:07,19.5084496,-99.1268997,Dra. E_Calderon,B4:B0:24:6E:0C:77,9,-93,WPA2_PSK
2026-03-19 22:29:23,19.5084496,-99.1268997,Totalplay-4CB2,E6:82:10:61:2E:CC,11,-70,WPA2_PSK
2026-03-19 22:29:23,19.5084496,-99.1268997,Club_Totalplay_WiFi,E6:82:10:61:2E:CF,11,-70,OPEN
2026-03-19 22:29:23,19.5084496,-99.1268997,,E6:82:10:61:2E:CE,11,-70,WPA2_PSK
2026-03-19 22:29:23,19.5084496,-99.1268997,,8A:15:04:58:0F:BF,6,-73,WEP
2026-03-19 22:29:23,19.5084496,-99.1268997,infinitum movil,8A:15:04:58:0F:B0,6,-76,OPEN
2026-03-19 22:29:23,19.5084496,-99.1268997,INFINITUMC357,12:55:E4:1B:26:ED,1,-78,WPA2_PSK
2026-03-19 22:29:23,19.5084496,-99.1268997,CGSTIC-WiFi-Cel,E2:8F:71:3A:34:34,2,-79,WPA2_PSK
2026-03-19 22:29:23,19.5084496,-99.1268997,Cinves-WiFi,60:A4:B7:C8:AA:BC,1,-80,WPA_WPA2_PSK
2026-03-19 22:29:23,19.5084496,-99.1268997,INFINITUM8BDA,00:5F:67:74:48:B8,6,-82,WPA2_PSK
2026-03-19 22:29:23,19.5084496,-99.1268997,LDPTPWF01,3A:60:F9:E5:83:76,6,-84,WPA2_PSK
2026-03-19 22:29:23,19.5084496,-99.1268997,MC19474,30:3D:51:11:11:EA,7,-84,WPA_WPA2_PSK
2026-03-19 22:29:23,19.5084496,-99.1268997,omni,52:0F:F5:7F:A2:91,6,-85,WPA_WPA2_PSK
2026-03-19 22:29:23,19.5084496,-99.1268997,linksys,00:1A:70:67:AF:CA,11,-85,WPA2_PSK
2026-03-19 22:29:23,19.5084496,-99.1268997,Cinves-WiFi,60:A4:B7:C8:AA:B6,11,-86,WPA_WPA2_PSK
2026-03-19 22:29:23,19.5084496,-99.1268997,ALTOS 1 ,A8:42:A1:7C:B8:A6,5,-87,WPA2_PSK
2026-03-19 22:29:23,19.5084496,-99.1268997,Invitados Cinves,6E:FF:7B:32:CA:42,6,-87,OPEN
2026-03-19 22:29:23,19.5084496,-99.1268997,INFINITUM2849,50:02:38:2A:38:79,8,-89,WPA2_PSK
2026-03-19 22:29:23,19.5084496,-99.1268997,IZZI-CE74,D4:E2:CB:61:CE:78,11,-89,WPA2_PSK
2026-03-19 22:29:23,19.5084496,-99.1268997,,AE:42:A1:7C:B8:AA,5,-90,WPA2_PSK
2026-03-19 22:29:23,19.5084496,-99.1268997,IZZI-DF34,88:71:B1:7E:D9:E2,6,-90,WPA2_PSK
2026-03-19 22:29:23,19.5084496,-99.1268997,R_MC5423,34:0A:9A:31:22:41,7,-90,WPA_WPA2_PSK
2026-03-19 22:29:23,19.5084496,-99.1268997,Club_Totalplay_WiFi,A2:31:DB:54:81:C7,3,-91,OPEN
2026-03-19 22:29:23,19.5084496,-99.1268997,INFINITUMF8E0,64:DB:F7:C3:1C:59,10,-92,WPA2_PSK
2026-03-19 22:29:23,19.5084496,-99.1268997,,14:EB:08:9F:61:B2,11,-93,WPA2_PSK
2026-03-19 22:29:39,19.5084496,-99.1268997,,E6:82:10:61:2E:CE,11,-68,WPA2_PSK
2026-03-19 22:29:39,19.5084496,-99.1268997,Totalplay-4CB2,E6:82:10:61:2E:CC,11,-68,WPA2_PSK
2026-03-19 22:29:39,19.5084496,-99.1268997,CGSTIC-WiFi-Cel,E2:8F:71:3A:34:34,2,-73,WPA2_PSK
2026-03-19 22:29:39,19.5084496,-99.1268997,INFINITUMC357,12:55:E4:1B:26:ED,1,-74,WPA2_PSK
2026-03-19 22:29:39,19.5084496,-99.1268997,Invitados Cinves,66:A4:B7:C8:AA:BC,1,-75,OPEN
2026-03-19 22:29:39,19.5084496,-99.1268997,,8A:15:04:58:0F:BF,6,-78,WEP
2026-03-19 22:29:39,19.5084496,-99.1268997,IPCF3811617076301,9C:A3:A9:3E:E5:EF,1,-79,WPA2_PSK
2026-03-19 22:29:39,19.5084496,-99.1268997,Cinves-WiFi,60:A4:B7:C8:AA:BC,1,-79,WPA_WPA2_PSK
2026-03-19 22:29:39,19.5084496,-99.1268997,WFCDECONTROL,0C:80:63:75:2F:D3,11,-81,WPA_WPA2_PSK
2026-03-19 22:29:39,19.5084496,-99.1268997,MC19474,30:3D:51:11:11:EA,7,-83,WPA_WPA2_PSK
2026-03-19 22:29:39,19.5084496,-99.1268997,INFINITUM8BDA,00:5F:67:74:48:B8,6,-84,WPA2_PSK
2026-03-19 22:29:39,19.5084496,-99.1268997,Club_Totalplay_WiFi,6C:E8:74:60:A4:97,7,-85,OPEN
2026-03-19 22:29:39,19.5084496,-99.1268997,LBS-3 Cinvestav,DC:62:79:32:D0:56,4,-86,WPA2_PSK
2026-03-19 22:29:39,19.5084496,-99.1268997,omni,52:0F:F5:7F:A2:91,6,-87,WPA_WPA2_PSK
2026-03-19 22:29:39,19.5084496,-99.1268997,ALTOS 1 _EXT,40:AE:30:DF:07:AB,5,-88,WPA2_PSK
2026-03-19 22:29:39,19.5084496,-99.1268997,DIRECT-40-HP M254 LaserJet,42:23:43:4E:08:40,6,-88,WPA2_PSK
2026-03-19 22:29:39,19.5084496,-99.1268997,Invitados Cinves,6E:FF:7B:32:CA:42,6,-88,OPEN
2026-03-19 22:29:39,19.5084496,-99.1268997,MC19387,30:3D:51:11:12:B3,7,-88,WPA_WPA2_PSK
2026-03-19 22:29:39,19.5084496,-99.1268997,Tenda_0211D0,58:D9:D5:02:11:D1,3,-89,WPA_WPA2_PSK
2026-03-19 22:29:39,19.5084496,-99.1268997,Totalplay-2.4G-0768,28:6E:DA:6F:07:68,6,-89,WPA2_PSK
2026-03-19 22:29:39,19.5084496,-99.1268997,IZZI-DF34,88:71:B1:7E:D9:E2,6,-89,WPA2_PSK
2026-03-19 22:29:39,19.5084496,-99.1268997,IZZI-CE74,D4:E2:CB:61:CE:78,11,-89,WPA2_PSK
2026-03-19 22:29:39,19.5084496,-99.1268997,ALTOS 1 ,A8:42:A1:7C:B8:AA,5,-90,WPA2_PSK
2026-03-19 22:29:39,19.5084496,-99.1268997,,AE:42:A1:7C:B8:AA,5,-90,WPA2_PSK
2026-03-19 22:29:39,19.5084496,-99.1268997,ALTOS 1 ,A8:42:A1:7C:B8:A6,5,-90,WPA2_PSK
2026-03-19 22:29:39,19.5084496,-99.1268997,Cinves-WiFi,68:FF:7B:32:CA:42,6,-90,WPA_WPA2_PSK
2026-03-19 22:29:39,19.5084496,-99.1268997,Red Wi-Fi de Lizette,E8:8D:28:5F:F1:09,6,-90,WPA2_PSK
2026-03-19 22:29:39,19.5084496,-99.1268997,SALONES ALVI_2.4G,6C:E8:74:60:A4:94,7,-90,WPA_WPA2_PSK
2026-03-19 22:29:39,19.5084496,-99.1268997,,F2:A7:31:87:F3:FD,5,-91,WPA2_PSK
2026-03-19 22:29:55,19.5084496,-99.1268997,,8A:15:04:58:0F:BF,6,-75,WEP
2026-03-19 22:29:55,19.5084496,-99.1268997,IZZI-E3DD,F0:4B:8A:FC:13:6A,1,-77,WPA2_PSK
2026-03-19 22:29:55,19.5084496,-99.1268997,INFINITUMC357,12:55:E4:1B:26:ED,1,-77,WPA2_PSK
2026-03-19 22:29:55,19.5084496,-99.1268997,,E6:82:10:61:2E:CE,11,-77,WPA2_PSK
2026-03-19 22:29:55,19.5084496,-99.1268997,Club_Totalplay_WiFi,E6:82:10:61:2E:CF,11,-77,OPEN
2026-03-19 22:29:55,19.5084496,-99.1268997,,F2:4B:8A:FC:13:1A,1,-78,UNKNOWN
2026-03-19 22:29:55,19.5084496,-99.1268997,Totalplay-4CB2,E6:82:10:61:2E:CC,11,-78,WPA2_PSK
2026-03-19 22:29:55,19.5084496,-99.1268997,CGSTIC-WiFi-Cel,E2:8F:71:3A:34:34,2,-80,WPA2_PSK
2026-03-19 22:29:55,19.5084496,-99.1268997,Cinves-WiFi,60:A4:B7:C8:AA:BC,1,-81,WPA_WPA2_PSK
2026-03-19 22:29:55,19.5084496,-99.1268997,IPCF3811617076301,9C:A3:A9:3E:E5:EF,1,-82,WPA2_PSK
2026-03-19 22:29:55,19.5084496,-99.1268997,WFCDECONTROL,0C:80:63:75:2F:D3,11,-83,WPA_WPA2_PSK
2026-03-19 22:29:55,19.5084496,-99.1268997,MC19474,30:3D:51:11:11:EA,7,-84,WPA_WPA2_PSK
2026-03-19 22:29:55,19.5084496,-99.1268997,Cinves-WiFi,74:FE:CE:69:FB:0A,1,-87,WPA_WPA2_PSK
2026-03-19 22:29:55,19.5084496,-99.1268997,,A2:31:DB:54:81:C6,3,-87,WPA2_PSK
2026-03-19 22:29:55,19.5084496,-99.1268997,Invitados Cinves,6E:FF:7B:32:CA:42,6,-87,OPEN
2026-03-19 22:29:55,19.5084496,-99.1268997,R_MC5423,34:0A:9A:31:22:41,7,-87,WPA_WPA2_PSK
2026-03-19 22:29:55,19.5084496,-99.1268997,Cinves-WiFi,60:A4:B7:C8:AA:B6,11,-87,WPA_WPA2_PSK
2026-03-19 22:29:55,19.5084496,-99.1268997,LBS-3 Cinvestav,DC:62:79:32:D0:56,4,-89,WPA2_PSK
2026-03-19 22:29:55,19.5084496,-99.1268997,omni,52:0F:F5:7F:A2:91,6,-89,WPA_WPA2_PSK
2026-03-19 22:29:55,19.5084496,-99.1268997,Totalplay-DCAA,6C:E8:74:5A:B7:20,8,-89,WPA2_PSK
2026-03-19 22:29:55,19.5084496,-99.1268997,,AE:42:A1:7C:B8:AA,5,-90,WPA2_PSK
2026-03-19 22:29:55,19.5084496,-99.1268997,linksys,00:1A:70:67:AF:CA,11,-91,WPA2_PSK
2026-03-19 22:29:55,19.5084496,-99.1268997,,66:DB:F7:C3:1C:59,10,-92,WPA2_PSK
2026-03-19 22:30:11,19.5084515,-99.1268997,Totalplay-4CB2,E6:82:10:61:2E:CC,11,-68,WPA2_PSK
2026-03-19 22:30:11,19.5084515,-99.1268997,Club_Totalplay_WiFi,E6:82:10:61:2E:CF,11,-68,OPEN
2026-03-19 22:30:11,19.5084515,-99.1268997,,E6:82:10:61:2E:CE,11,-68,WPA2_PSK
2026-03-19 22:30:11,19.5084515,-99.1268997,CGSTIC-WiFi-Cel,E2:8F:71:3A:34:34,2,-73,WPA2_PSK
2026-03-19 22:30:11,19.5084515,-99.1268997,INFINITUMC357,12:55:E4:1B:26:ED,1,-76,WPA2_PSK
2026-03-19 22:30:11,19.5084515,-99.1268997,,8A:15:04:58:0F:BF,6,-77,WEP
2026-03-19 22:30:11,19.5084515,-99.1268997,infinitum movil,8A:15:04:58:0F:B0,6,-78,OPEN
2026-03-19 22:30:11,19.5084515,-99.1268997,ja123456,9C:A3:A9:4F:2B:C2,1,-80,WPA2_PSK
2026-03-19 22:30:11,19.5084515,-99.1268997,Cinves-WiFi,60:A4:B7:C8:AA:B6,11,-80,WPA_WPA2_PSK
2026-03-19 22:30:11,19.5084515,-99.1268997,IZZI-E3DD,F0:4B:8A:FC:13:6A,1,-81,WPA2_PSK
2026-03-19 22:30:11,19.5084515,-99.1268997,MC19474,30:3D:51:11:11:EA,7,-81,WPA_WPA2_PSK
2026-03-19 22:30:11,19.5084515,-99.1268997,WFCDECONTROL,0C:80:63:75:2F:D3,11,-81,WPA_WPA2_PSK
2026-03-19 22:30:11,19.5084515,-99.1268997,Invitados Cinves,66:A4:B7:C8:AA:BC,1,-82,OPEN
2026-03-19 22:30:11,19.5084515,-99.1268997,Cinves-WiFi,14:EB:B6:65:63:9E,1,-83,WPA_WPA2_PSK
2026-03-19 22:30:11,19.5084515,-99.1268997,omni,52:0F:F5:7F:A2:91,6,-83,WPA_WPA2_PSK
2026-03-19 22:30:11,19.5084515,-99.1268997,Cinves-WiFi,34:60:F9:E5:83:76,6,-84,WPA_WPA2_PSK
2026-03-19 22:30:11,19.5084515,-99.1268997,R_MC5423,34:0A:9A:31:22:41,7,-84,WPA_WPA2_PSK
2026-03-19 22:30:11,19.5084515,-99.1268997,ALTOS 1 ,A8:42:A1:7C:B8:AA,5,-86,WPA2_PSK
2026-03-19 22:30:11,19.5084515,-99.1268997,LDPTPWF01,3A:60:F9:E5:83:76,6,-86,WPA2_PSK
2026-03-19 22:30:11,19.5084515,-99.1268997,MC19387,30:3D:51:11:12:B3,7,-86,WPA_WPA2_PSK
2026-03-19 22:30:11,19.5084515,-99.1268997,Megacable_2.4G_3530,34:36:54:9C:35:30,9,-86,WPA_WPA2_PSK
2026-03-19 22:30:11,19.5084515,-99.1268997,Totalplay-7CB1,A2:31:DB:54:81:C4,3,-87,WPA2_PSK
2026-03-19 22:30:11,19.5084515,-99.1268997,Cinves-WiFi,68:FF:7B:32:CA:42,6,-87,WPA_WPA2_PSK
2026-03-19 22:30:11,19.5084515,-99.1268997,Club_Totalplay_WiFi,6C:E8:74:60:A4:97,7,-87,OPEN
2026-03-19 22:30:11,19.5084515,-99.1268997,Tenda_0211D0,58:D9:D5:02:11:D1,3,-88,WPA_WPA2_PSK
2026-03-19 22:30:11,19.5084515,-99.1268997,,00:4E:35:01:E7:C2,1,-89,WPA2_PSK
2026-03-19 22:30:11,19.5084515,-99.1268997,CDMX-Internet para Todos,00:4E:35:01:E7:C3,1,-90,OPEN
2026-03-19 22:30:11,19.5084515,-99.1268997,,A2:31:DB:54:81:C6,3,-90,WPA2_PSK
2026-03-19 22:30:11,19.5084515,-99.1268997,Dra. E_Calderon,B4:B0:24:6E:0C:77,9,-90,WPA2_PSK
2026-03-19 22:30:11,19.5084515,-99.1268997,linksys,00:1A:70:67:AF:CA,11,-90,WPA2_PSK
2026-03-19 22:30:11,19.5084515,-99.1268997,SALONES ALVI_2.4G,6C:E8:74:60:A4:94,7,-91,WPA_WPA2_PSK
2026-03-19 22:30:11,19.5084515,-99.1268997,INFINITUM2746,A8:E8:1E:E6:5A:80,8,-91,WPA2_PSK
2026-03-19 22:30:11,19.5084515,-99.1268997,,D2:B0:24:6E:0C:79,9,-92,WPA2_PSK
2026-03-19 22:30:27,19.5084515,-99.1268997,Totalplay-4CB2,E6:82:10:61:2E:CC,11,-70,WPA2_PSK
2026-03-19 22:30:27,19.5084515,-99.1268997,IPCF3811617076301,9C:A3:A9:3E:E5:EF,1,-71,WPA2_PSK
2026-03-19 22:30:27,19.5084515,-99.1268997,Club_Totalplay_WiFi,E6:82:10:61:2E:CF,11,-71,OPEN
2026-03-19 22:30:27,19.5084515,-99.1268997,,E6:82:10:61:2E:CE,11,-71,WPA2_PSK
2026-03-19 22:30:27,19.5084515,-99.1268997,IZZI-E3DD,F0:4B:8A:FC:13:6A,1,-75,WPA2_PSK
2026-03-19 22:30:27,19.5084515,-99.1268997,Cinves-WiFi,60:A4:B7:C8:AA:BC,1,-78,WPA_WPA2_PSK
2026-03-19 22:30:27,19.5084515,-99.1268997,INFINITUMC357,12:55:E4:1B:26:ED,1,-79,WPA2_PSK
2026-03-19 22:30:27,19.5084515,-99.1268997,ja123456,9C:A3:A9:4F:2B:C2,1,-79,WPA2_PSK
2026-03-19 22:30:27,19.5084515,-99.1268997,Cinves-WiFi,14:EB:B6:65:63:9E,1,-82,WPA_WPA2_PSK
2026-03-19 22:30:27,19.5084515,-99.1268997,Tenda_0211D0,58:D9:D5:02:11:D1,3,-85,WPA_WPA2_PSK
2026-03-19 22:30:27,19.5084515,-99.1268997,IZZI-DF2F,A4:98:13:7A:F6:8A,6,-85,WPA2_PSK
2026-03-19 22:30:27,19.5084515,-99.1268997,WFCDECONTROL,0C:80:63:75:2F:D3,11,-85,WPA_WPA2_PSK
2026-03-19 22:30:27,19.5084515,-99.1268997,STARLINK,DA:EE:C2:27:55:5B,1,-86,OPEN
2026-03-19 22:30:27,19.5084515,-99.1268997,MC19474,30:3D:51:11:11:EA,7,-86,WPA_WPA2_PSK
2026-03-19 22:30:27,19.5084515,-99.1268997,linksys,00:1A:70:67:AF:CA,11,-86,WPA2_PSK
2026-03-19 22:30:27,19.5084515,-99.1268997,Invitados Cinves,66:A4:B7:C8:AA:B6,11,-86,OPEN
2026-03-19 22:30:27,19.5084515,-99.1268997,,E2:62:79:32:D0:56,4,-87,WPA2_PSK
2026-03-19 22:30:27,19.5084515,-99.1268997,INFINITUM2849,50:02:38:2A:38:79,8,-88,WPA2_PSK
2026-03-19 22:30:27,19.5084515,-99.1268997,Cinves-WiFi,60:A4:B7:C8:AA:B6,11,-88,WPA_WPA2_PSK
2026-03-19 22:30:27,19.5084515,-99.1268997,Dra. E_Calderon,B4:B0:24:6E:0C:77,9,-90,WPA2_PSK
2026-03-19 22:30:27,19.5084515,-99.1268997,,14:EB:08:9F:61:B2,11,-90,WPA2_PSK
2026-03-19 22:30:27,19.5084515,-99.1268997,,A2:31:DB:54:81:C6,3,-91,WPA2_PSK
2026-03-19 22:30:27,19.5084515,-99.1268997,MC19387,30:3D:51:11:12:B3,7,-91,WPA_WPA2_PSK
2026-03-19 22:30:27,19.5084515,-99.1268997,R_MC5423,34:0A:9A:31:22:41,7,-91,WPA_WPA2_PSK
2026-03-19 22:30:27,19.5084515,-99.1268997,Totalplay-4FAB,C4:E2:87:59:15:0C,7,-92,WPA2_PSK
2026-03-19 22:30:27,19.5084515,-99.1268997,,66:DB:F7:C3:1C:59,10,-93,WPA2_PSK
2026-03-19 22:30:43,19.5084534,-99.1268997,Totalplay-4CB2,E6:82:10:61:2E:CC,11,-70,WPA2_PSK
2026-03-19 22:30:43,19.5084534,-99.1268997,,E6:82:10:61:2E:CE,11,-71,WPA2_PSK
2026-03-19 22:30:43,19.5084534,-99.1268997,Club_Totalplay_WiFi,E6:82:10:61:2E:CF,11,-72,OPEN
2026-03-19 22:30:43,19.5084534,-99.1268997,Samsara,FC:DB:21:6F:73:13,6,-73,WPA2_WPA3_PSK
2026-03-19 22:30:43,19.5084534,-99.1268997,,F2:4B:8A:FC:13:1A,1,-74,UNKNOWN
2026-03-19 22:30:43,19.5084534,-99.1268997,CGSTIC-WiFi-Cel,E2:8F:71:3A:34:34,2,-75,WPA2_PSK
2026-03-19 22:30:43,19.5084534,-99.1268997,ja123456,9C:A3:A9:4F:2B:C2,1,-77,WPA2_PSK
2026-03-19 22:30:43,19.5084534,-99.1268997,IPCF3811617076301,9C:A3:A9:3E:E5:EF,1,-79,WPA2_PSK
2026-03-19 22:30:43,19.5084534,-99.1268997,Invitados Cinves,66:A4:B7:C8:AA:BC,1,-80,OPEN
2026-03-19 22:30:43,19.5084534,-99.1268997,Cinves-WiFi,60:A4:B7:C8:AA:BC,1,-81,WPA_WPA2_PSK
2026-03-19 22:30:43,19.5084534,-99.1268997,INFINITUM8BDA,00:5F:67:74:48:B8,6,-84,WPA2_PSK
2026-03-19 22:30:43,19.5084534,-99.1268997,Cinves-WiFi,60:A4:B7:C8:AA:B6,11,-84,WPA_WPA2_PSK
2026-03-19 22:30:43,19.5084534,-99.1268997,,A6:98:13:2A:F6:8A,6,-85,UNKNOWN
2026-03-19 22:30:43,19.5084534,-99.1268997,MC19474,30:3D:51:11:11:EA,7,-85,WPA_WPA2_PSK
2026-03-19 22:30:43,19.5084534,-99.1268997,MC19387,30:3D:51:11:12:B3,7,-85,WPA_WPA2_PSK
2026-03-19 22:30:43,19.5084534,-99.1268997,Tenda_0211D0,58:D9:D5:02:11:D1,3,-86,WPA_WPA2_PSK
2026-03-19 22:30:43,19.5084534,-99.1268997,Cinves-WiFi,14:EB:B6:65:63:9E,1,-87,WPA_WPA2_PSK
2026-03-19 22:30:43,19.5084534,-99.1268997,ALTOS 1 ,A8:42:A1:7C:B8:AA,5,-87,WPA2_PSK
2026-03-19 22:30:43,19.5084534,-99.1268997,ALTOS 1 _EXT,40:AE:30:DF:07:AB,5,-87,WPA2_PSK
2026-03-19 22:30:43,19.5084534,-99.1268997,DIRECT-40-HP M254 LaserJet,42:23:43:4E:08:40,6,-87,WPA2_PSK
2026-03-19 22:30:43,19.5084534,-99.1268997,,E2:62:79:32:D0:56,4,-88,WPA2_PSK
2026-03-19 22:30:43,19.5084534,-99.1268997,IZZI-DF2F,A4:98:13:7A:F6:8A,6,-88,WPA2_PSK
2026-03-19 22:30:43,19.5084534,-99.1268997,R_MC5423,34:0A:9A:31:22:41,7,-88,WPA_WPA2_PSK
2026-03-19 22:30:43,19.5084534,-99.1268997,linksys,00:1A:70:67:AF:CA,11,-88,WPA2_PSK
2026-03-19 22:30:43,19.5084534,-99.1268997,Totalplay-7CB1,A2:31:DB:54:81:C4,3,-89,WPA2_PSK
2026-03-19 22:30:43,19.5084534,-99.1268997,Megacable_2.4G_3530,34:36:54:9C:35:30,9,-89,WPA_WPA2_PSK
2026-03-19 22:30:43,19.5084534,-99.1268997,Totalplay-4FAB,C4:E2:87:59:15:0C,7,-90,WPA2_PSK
2026-03-19 22:30:43,19.5084534,-99.1268997,INFINITUMF8E0,64:DB:F7:C3:1C:59,10,-90,WPA2_PSK
2026-03-19 22:30:43,19.5084534,-99.1268997,,60:A6:C5:2F:9C:DF,1,-91,WPA2_PSK
2026-03-19 22:30:43,19.5084534,-99.1268997,,AE:42:A1:7C:B8:AA,5,-91,WPA2_PSK
2026-03-19 22:30:43,19.5084534,-99.1268997,INFINITUMDCAF_EXT,E8:48:B8:6C:A5:DF,11,-91,WPA2_PSK
2026-03-19 22:30:43,19.5084534,-99.1268997,Invitados Cinves,6E:FF:7B:32:CA:42,6,-92,OPEN
2026-03-19 22:30:59,19.5084553,-99.1268997,CGSTIC-WiFi-Cel,E2:8F:71:3A:34:34,2,-71,WPA2_PSK
2026-03-19 22:30:59,19.5084553,-99.1268997,,E6:82:10:61:2E:CE,11,-71,WPA2_PSK
2026-03-19 22:30:59,19.5084553,-99.1268997,Totalplay-4CB2,E6:82:10:61:2E:CC,11,-72,WPA2_PSK
2026-03-19 22:30:59,19.5084553,-99.1268997,Club_Totalplay_WiFi,E6:82:10:61:2E:CF,11,-72,OPEN
2026-03-19 22:30:59,19.5084553,-99.1268997,IPCF3811617076301,9C:A3:A9:3E:E5:EF,1,-77,WPA2_PSK
2026-03-19 22:30:59,19.5084553,-99.1268997,ja123456,9C:A3:A9:4F:2B:C2,1,-78,WPA2_PSK
2026-03-19 22:30:59,19.5084553,-99.1268997,INFINITUM8BDA,00:5F:67:74:48:B8,6,-79,WPA2_PSK
2026-03-19 22:30:59,19.5084553,-99.1268997,Invitados Cinves,66:A4:B7:C8:AA:BC,1,-82,OPEN
2026-03-19 22:30:59,19.5084553,-99.1268997,IZZI-DF2F,A4:98:13:7A:F6:8A,6,-83,WPA2_PSK
2026-03-19 22:30:59,19.5084553,-99.1268997,Cinves-WiFi,60:A4:B7:C8:AA:BC,1,-85,WPA_WPA2_PSK
2026-03-19 22:30:59,19.5084553,-99.1268997,LBS-3 Cinvestav,DC:62:79:32:D0:56,4,-87,WPA2_PSK
2026-03-19 22:30:59,19.5084553,-99.1268997,Cinves-WiFi,74:FE:CE:69:FB:0A,1,-88,WPA_WPA2_PSK
2026-03-19 22:30:59,19.5084553,-99.1268997,linksys,00:1A:70:67:AF:CA,11,-90,WPA2_PSK
2026-03-19 22:30:59,19.5084553,-99.1268997,Megacable_2.4G_3530,34:36:54:9C:35:30,9,-91,WPA_WPA2_PSK
2026-03-19 22:30:59,19.5084553,-99.1268997,WIFIBRG001300487f4dIPC080,3A:54:F5:BD:77:4D,11,-91,WPA2_PSK
2026-03-19 22:31:15,19.5084553,-99.1268997,Club_Totalplay_WiFi,E6:82:10:61:2E:CF,11,-63,OPEN
2026-03-19 22:31:15,19.5084553,-99.1268997,Totalplay-4CB2,E6:82:10:61:2E:CC,11,-63,WPA2_PSK
2026-03-19 22:31:15,19.5084553,-99.1268997,CGSTIC-WiFi-Cel,E2:8F:71:3A:34:34,2,-74,WPA2_PSK
2026-03-19 22:31:15,19.5084553,-99.1268997,,8A:15:04:58:0F:BF,6,-75,WEP
2026-03-19 22:31:15,19.5084553,-99.1268997,,F2:4B:8A:FC:13:1A,1,-76,UNKNOWN
2026-03-19 22:31:15,19.5084553,-99.1268997,IZZI-E3DD,F0:4B:8A:FC:13:6A,1,-79,WPA2_PSK
2026-03-19 22:31:15,19.5084553,-99.1268997,INFINITUM8BDA,00:5F:67:74:48:B8,6,-79,WPA2_PSK
2026-03-19 22:31:15,19.5084553,-99.1268997,IZZI-DF2F,A4:98:13:7A:F6:8A,6,-83,WPA2_PSK
2026-03-19 22:31:15,19.5084553,-99.1268997,R_MC5423,34:0A:9A:31:22:41,7,-86,WPA_WPA2_PSK
2026-03-19 22:31:15,19.5084553,-99.1268997,,52:02:38:4A:38:79,8,-86,WPA2_PSK
2026-03-19 22:31:15,19.5084553,-99.1268997,linksys,00:1A:70:67:AF:CA,11,-86,WPA2_PSK
2026-03-19 22:31:15,19.5084553,-99.1268997,LBS-3 Cinvestav,DC:62:79:32:D0:56,4,-87,WPA2_PSK
2026-03-19 22:31:15,19.5084553,-99.1268997,A16 de Oscar,7A:E9:49:46:9F:47,6,-88,WPA2_PSK
2026-03-19 22:31:15,19.5084553,-99.1268997,MC19474,30:3D:51:11:11:EA,7,-88,WPA_WPA2_PSK
2026-03-19 22:31:15,19.5084553,-99.1268997,INFINITUMF8E0,64:DB:F7:C3:1C:59,10,-88,WPA2_PSK
2026-03-19 22:31:15,19.5084553,-99.1268997,INFINITUM2746,A8:E8:1E:E6:5A:80,8,-90,WPA2_PSK
2026-03-19 22:31:31,19.5084553,-99.1268997,Verizon-RC400L-42,58:32:77:25:92:42,6,-26,WPA2_PSK
2026-03-19 22:31:31,19.5084553,-99.1268997,,E6:82:10:61:2E:CE,11,-66,WPA2_PSK
2026-03-19 22:31:31,19.5084553,-99.1268997,Club_Totalplay_WiFi,E6:82:10:61:2E:CF,11,-67,OPEN
2026-03-19 22:31:31,19.5084553,-99.1268997,Totalplay-4CB2,E6:82:10:61:2E:CC,11,-67,WPA2_PSK
2026-03-19 22:31:31,19.5084553,-99.1268997,ja123456,9C:A3:A9:4F:2B:C2,1,-73,WPA2_PSK
2026-03-19 22:31:31,19.5084553,-99.1268997,IPCF3811617076301,9C:A3:A9:3E:E5:EF,1,-74,WPA2_PSK
2026-03-19 22:31:31,19.5084553,-99.1268997,,8A:15:04:58:0F:BF,6,-75,WEP
2026-03-19 22:31:31,19.5084553,-99.1268997,INFINITUMC357,12:55:E4:1B:26:ED,1,-77,WPA2_PSK
2026-03-19 22:31:31,19.5084553,-99.1268997,,F2:4B:8A:FC:13:1A,1,-77,UNKNOWN
2026-03-19 22:31:31,19.5084553,-99.1268997,CGSTIC-WiFi-Cel,E2:8F:71:3A:34:34,2,-78,WPA2_PSK
2026-03-19 22:31:31,19.5084553,-99.1268997,INFINITUM8BDA,00:5F:67:74:48:B8,6,-78,WPA2_PSK
2026-03-19 22:31:31,19.5084553,-99.1268997,IZZI-E3DD,F0:4B:8A:FC:13:6A,1,-79,WPA2_PSK
2026-03-19 22:31:31,19.5084553,-99.1268997,infinitum movil,8A:15:04:58:0F:B0,6,-79,OPEN
2026-03-19 22:31:31,19.5084553,-99.1268997,KARBER3,12:55:E4:1B:44:15,6,-85,WPA2_PSK
2026-03-19 22:31:31,19.5084553,-99.1268997,MC19474,30:3D:51:11:11:EA,7,-85,WPA_WPA2_PSK
2026-03-19 22:31:31,19.5084553,-99.1268997,Invitados Cinves,6E:FF:7B:32:CA:42,6,-86,OPEN
2026-03-19 22:31:31,19.5084553,-99.1268997,Cinves-WiFi,34:60:F9:E5:83:76,6,-86,WPA_WPA2_PSK
2026-03-19 22:31:31,19.5084553,-99.1268997,linksys,00:1A:70:67:AF:CA,11,-87,WPA2_PSK
2026-03-19 22:31:31,19.5084553,-99.1268997,Megacable_2.4G_3530,34:36:54:9C:35:30,9,-89,WPA_WPA2_PSK
2026-03-19 22:31:31,19.5084553,-99.1268997,iCinvestav,00:20:A6:B4:31:5D,1,-91,UNKNOWN
2026-03-19 22:31:31,19.5084553,-99.1268997,Club_Totalplay_WiFi,6C:E8:74:5A:B7:23,8,-91,OPEN
2026-03-19 22:31:31,19.5084553,-99.1268997,WIFIBRG001300487f4dIPC080,3A:54:F5:BD:77:4D,11,-92,WPA2_PSK
2026-03-19 22:31:31,19.5084553,-99.1268997,Totalplay-DCAA,6C:E8:74:5A:B7:20,8,-93,WPA2_PSK
2026-03-19 22:31:47,19.5084553,-99.1268997,Verizon-RC400L-42,58:32:77:25:92:42,6,-28,WPA2_PSK
2026-03-19 22:31:47,19.5084553,-99.1268997,Club_Totalplay_WiFi,E6:82:10:61:2E:CF,11,-69,OPEN
2026-03-19 22:31:47,19.5084553,-99.1268997,Totalplay-4CB2,E6:82:10:61:2E:CC,11,-70,WPA2_PSK
2026-03-19 22:31:47,19.5084553,-99.1268997,,E6:82:10:61:2E:CE,11,-70,WPA2_PSK
2026-03-19 22:31:47,19.5084553,-99.1268997,CGSTIC-WiFi-Cel,E2:8F:71:3A:34:34,2,-73,WPA2_PSK
2026-03-19 22:31:47,19.5084553,-99.1268997,ja123456,9C:A3:A9:4F:2B:C2,1,-74,WPA2_PSK
2026-03-19 22:31:47,19.5084553,-99.1268997,,F2:4B:8A:FC:13:1A,1,-75,UNKNOWN
2026-03-19 22:31:47,19.5084553,-99.1268997,IPCF3811617076301,9C:A3:A9:3E:E5:EF,1,-77,WPA2_PSK
2026-03-19 22:31:47,19.5084553,-99.1268997,IZZI-E3DD,F0:4B:8A:FC:13:6A,1,-77,WPA2_PSK
2026-03-19 22:31:47,19.5084553,-99.1268997,S25 Ultra de Omar,6A:1E:09:58:0D:6D,1,-80,WPA2_PSK
2026-03-19 22:31:47,19.5084553,-99.1268997,Tenda_0211D0,58:D9:D5:02:11:D1,3,-80,WPA_WPA2_PSK
2026-03-19 22:31:47,19.5084553,-99.1268997,Invitados Cinves,66:A4:B7:C8:AA:BC,1,-85,OPEN
2026-03-19 22:31:47,19.5084553,-99.1268997,MC19474,30:3D:51:11:11:EA,7,-85,WPA_WPA2_PSK
2026-03-19 22:31:47,19.5084553,-99.1268997,WFCDECONTROL,0C:80:63:75:2F:D3,11,-86,WPA_WPA2_PSK
2026-03-19 22:31:47,19.5084553,-99.1268997,Club_Totalplay_WiFi,6C:E8:74:60:A4:97,7,-87,OPEN
2026-03-19 22:31:47,19.5084553,-99.1268997,INFINITUM2849,50:02:38:2A:38:79,8,-87,WPA2_PSK
2026-03-19 22:31:47,19.5084553,-99.1268997,CASA AZUL,B4:0F:3B:AF:54:81,1,-88,WPA_WPA2_PSK
2026-03-19 22:31:47,19.5084553,-99.1268997,Invitados Cinves,6E:FF:7B:32:CA:42,6,-88,OPEN
2026-03-19 22:31:47,19.5084553,-99.1268997,Cinves-WiFi,34:60:F9:E5:83:76,6,-88,WPA_WPA2_PSK
2026-03-19 22:31:47,19.5084553,-99.1268997,,52:02:38:4A:38:79,8,-88,WPA2_PSK
2026-03-19 22:31:47,19.5084553,-99.1268997,ALTOS 1 _EXT,40:AE:30:DF:07:AB,5,-89,WPA2_PSK
2026-03-19 22:31:47,19.5084553,-99.1268997,LBS-3 Cinvestav,DC:62:79:32:D0:56,4,-90,WPA2_PSK
2026-03-19 22:31:47,19.5084553,-99.1268997,Club_Totalplay_WiFi,C4:E2:87:59:15:0F,7,-90,OPEN
2026-03-19 22:31:47,19.5084553,-99.1268997,Megacable_2.4G_3530,34:36:54:9C:35:30,9,-90,WPA_WPA2_PSK
2026-03-19 22:31:47,19.5084553,-99.1268997,linksys,00:1A:70:67:AF:CA,11,-92,WPA2_PSK
2026-03-19 22:32:03,19.5084553,-99.1268997,Verizon-RC400L-42,58:32:77:25:92:42,6,-27,WPA2_PSK
2026-03-19 22:32:03,19.5084553,-99.1268997,IPCF3811617076301,9C:A3:A9:3E:E5:EF,1,-76,WPA2_PSK
2026-03-19 22:32:03,19.5084553,-99.1268997,IZZI-E3DD,F0:4B:8A:FC:13:6A,1,-77,WPA2_PSK
2026-03-19 22:32:03,19.5084553,-99.1268997,,F2:4B:8A:FC:13:1A,1,-77,UNKNOWN
2026-03-19 22:32:03,19.5084553,-99.1268997,infinitum movil,8A:15:04:58:0F:B0,6,-79,OPEN
2026-03-19 22:32:03,19.5084553,-99.1268997,Invitados Cinves,66:A4:B7:C8:AA:BC,1,-81,OPEN
2026-03-19 22:32:03,19.5084553,-99.1268997,ja123456,9C:A3:A9:4F:2B:C2,1,-82,WPA2_PSK
2026-03-19 22:32:03,19.5084553,-99.1268997,INFINITUM8BDA,00:5F:67:74:48:B8,6,-82,WPA2_PSK
2026-03-19 22:32:03,19.5084553,-99.1268997,Club_Totalplay_WiFi,6C:E8:74:60:A4:97,7,-84,OPEN
2026-03-19 22:32:03,19.5084553,-99.1268997,DIRECT-40-HP M254 LaserJet,42:23:43:4E:08:40,6,-85,WPA2_PSK
2026-03-19 22:32:03,19.5084553,-99.1268997,linksys,00:1A:70:67:AF:CA,11,-86,WPA2_PSK
2026-03-19 22:32:03,19.5084553,-99.1268997,MC19474,30:3D:51:11:11:EA,7,-87,WPA_WPA2_PSK
2026-03-19 22:32:19,19.5084553,-99.1268997,Verizon-RC400L-42,58:32:77:25:92:42,6,-27,WPA2_PSK
2026-03-19 22:32:19,19.5084553,-99.1268997,Totalplay-4CB2,E6:82:10:61:2E:CC,11,-67,WPA2_PSK
2026-03-19 22:32:19,19.5084553,-99.1268997,Club_Totalplay_WiFi,E6:82:10:61:2E:CF,11,-67,OPEN
2026-03-19 22:32:19,19.5084553,-99.1268997,,E6:82:10:61:2E:CE,11,-67,WPA2_PSK
2026-03-19 22:32:19,19.5084553,-99.1268997,,F2:4B:8A:FC:13:1A,1,-76,UNKNOWN
2026-03-19 22:32:19,19.5084553,-99.1268997,INFINITUMC357,12:55:E4:1B:26:ED,1,-78,WPA2_PSK
2026-03-19 22:32:19,19.5084553,-99.1268997,infinitum movil,8A:15:04:58:0F:B0,6,-81,OPEN
2026-03-19 22:32:19,19.5084553,-99.1268997,linksys,00:1A:70:67:AF:CA,11,-86,WPA2_PSK
2026-03-19 22:32:19,19.5084553,-99.1268997,LDPTPWF01,3A:60:F9:E5:83:76,6,-87,WPA2_PSK
2026-03-19 22:32:35,19.5084629,-99.1268997,Verizon-RC400L-42,58:32:77:25:92:42,6,-35,WPA2_PSK
2026-03-19 22:32:35,19.5084629,-99.1268997,,E6:82:10:61:2E:CE,11,-74,WPA2_PSK
2026-03-19 22:32:35,19.5084629,-99.1268997,INFINITUMC357,12:55:E4:1B:26:ED,1,-79,WPA2_PSK
2026-03-19 22:32:35,19.5084629,-99.1268997,infinitum movil,8A:15:04:58:0F:B0,6,-80,OPEN
2026-03-19 22:32:35,19.5084629,-99.1268997,Invitados Cinves,6E:FF:7B:32:CA:42,6,-85,OPEN
2026-03-19 22:32:35,19.5084629,-99.1268997,R_MC5423,34:0A:9A:31:22:41,7,-85,WPA_WPA2_PSK
2026-03-19 22:32:51,19.5085640,-99.1268311,Verizon-RC400L-42,58:32:77:25:92:42,6,-43,WPA2_PSK
2026-03-19 22:32:51,19.5085640,-99.1268311,MC19387,30:3D:51:11:12:B3,7,-69,WPA_WPA2_PSK
2026-03-19 22:32:51,19.5085640,-99.1268311,INFINITUMC357,12:55:E4:1B:26:ED,1,-76,WPA2_PSK
2026-03-19 22:32:51,19.5085640,-99.1268311,WIFIBRG001300487f4dIPC080,3A:54:F5:BD:77:4D,11,-78,WPA2_PSK
2026-03-19 22:32:51,19.5085640,-99.1268311,R_MC5423,34:0A:9A:31:22:41,7,-79,WPA_WPA2_PSK
2026-03-19 22:32:51,19.5085640,-99.1268311,IPCF3811617076301,9C:A3:A9:3E:E5:EF,1,-80,WPA2_PSK
2026-03-19 22:32:51,19.5085640,-99.1268311,WIFIBRG001300487f4dIPC226,3A:54:F5:BE:9B:DF,11,-80,WPA2_PSK
2026-03-19 22:32:51,19.5085640,-99.1268311,linksys,00:1A:70:67:AF:CA,11,-85,WPA2_PSK
2026-03-19 22:33:07,19.5093288,-99.1261063,Verizon-RC400L-42,58:32:77:25:92:42,6,-26,WPA2_PSK
2026-03-19 22:33:07,19.5093288,-99.1261063,,00:4E:35:01:B6:82,6,-80,WPA2_PSK
2026-03-19 22:33:07,19.5093288,-99.1261063,,DE:92:72:17:77:77,11,-82,UNKNOWN
2026-03-19 22:33:07,19.5093288,-99.1261063,Ruckus SEP DF,54:3D:37:39:E5:E8,1,-86,WPA2_PSK
2026-03-19 22:33:07,19.5093288,-99.1261063,Wi-Fi IPN,D0:D3:E0:58:B5:A0,6,-86,OPEN
2026-03-19 22:33:23,19.5096874,-99.1257324,Verizon-RC400L-42,58:32:77:25:92:42,6,-23,WPA2_PSK
2026-03-19 22:33:23,19.5096874,-99.1257324,TOTALPLAY_919265_2.4G,30:67:A1:91:92:69,1,-49,WPA2_PSK
2026-03-19 22:33:23,19.5096874,-99.1257324,Club_Totalplay_WiFi,A2:31:DB:54:81:C7,3,-62,OPEN
2026-03-19 22:33:23,19.5096874,-99.1257324,IZZI-CE74,D4:E2:CB:61:CE:78,11,-70,WPA2_PSK
2026-03-19 22:33:23,19.5096874,-99.1257324,,DE:92:72:17:77:77,11,-70,UNKNOWN
2026-03-19 22:33:23,19.5096874,-99.1257324,APOLO C23,00:EB:D8:DE:E3:1F,1,-71,WPA2_PSK
2026-03-19 22:33:23,19.5096874,-99.1257324,Totalplay-2.4G-9C20,E0:61:4A:D8:9C:21,11,-72,WPA_WPA2_PSK
2026-03-19 22:33:23,19.5096874,-99.1257324,AUTI IPN 78,00:EB:D8:A5:67:89,6,-73,WPA2_PSK
2026-03-19 22:33:23,19.5096874,-99.1257324,,E0:61:4A:D8:9C:24,11,-74,OPEN
2026-03-19 22:33:23,19.5096874,-99.1257324,A16 de Oscar,7A:E9:49:46:9F:47,6,-84,WPA2_PSK
2026-03-19 22:33:39,19.5098190,-99.1256104,Verizon-RC400L-42,58:32:77:25:92:42,6,-24,WPA2_PSK
2026-03-19 22:33:39,19.5098190,-99.1256104,APOLO C23,00:EB:D8:DE:E3:1F,1,-62,WPA2_PSK
2026-03-19 22:33:39,19.5098190,-99.1256104,INFINITUM4735,0C:73:29:83:7E:24,4,-67,WPA2_PSK
2026-03-19 22:33:39,19.5098190,-99.1256104,IPCF3811614596994,9C:A3:A9:47:7C:9A,1,-72,WPA2_PSK
2026-03-19 22:33:39,19.5098190,-99.1256104,IZZI-CE74,D4:E2:CB:61:CE:78,11,-72,WPA2_PSK
2026-03-19 22:33:39,19.5098190,-99.1256104,suc politecnico,58:F9:87:60:70:0C,2,-73,WPA_WPA2_PSK
2026-03-19 22:33:39,19.5098190,-99.1256104,,E0:61:4A:D8:9C:24,11,-74,OPEN
2026-03-19 22:33:39,19.5098190,-99.1256104,IZZI-8A62,C8:52:61:C6:13:6A,1,-77,WPA2_PSK
2026-03-19 22:33:39,19.5098190,-99.1256104,IZZI-794D_EXT,84:D8:1B:0B:56:5A,6,-77,WPA2_PSK
2026-03-19 22:33:39,19.5098190,-99.1256104,TOTALPLAY_919265_2.4G,30:67:A1:91:92:69,1,-79,WPA2_PSK
2026-03-19 22:33:39,19.5098190,-99.1256104,,06:67:61:90:92:CA,9,-79,OPEN
2026-03-19 22:33:39,19.5098190,-99.1256104,CDMX-Internet para Todos,00:4E:35:01:B6:83,11,-79,OPEN
2026-03-19 22:33:39,19.5098190,-99.1256104,IZZI-794D,60:D2:48:7A:72:D7,6,-80,WPA2_PSK
2026-03-19 22:33:39,19.5098190,-99.1256104,Club_Totalplay_WiFi,D2:59:19:3A:38:D6,11,-81,OPEN
2026-03-19 22:33:39,19.5098190,-99.1256104,GerMerIPM,58:76:AC:11:64:54,1,-83,WPA2_PSK
2026-03-19 22:33:55,19.5098248,-99.1256104,Verizon-RC400L-42,58:32:77:25:92:42,6,-22,WPA2_PSK
2026-03-19 22:33:55,19.5098248,-99.1256104,suc politecnico,F8:53:29:00:4A:BC,9,-67,WPA_WPA2_PSK
2026-03-19 22:33:55,19.5098248,-99.1256104,INFINITUM4735,0C:73:29:83:7E:24,4,-70,WPA2_PSK
2026-03-19 22:33:55,19.5098248,-99.1256104,Mazda_fbd86367cc57_SPL,CC:57:63:67:FB:D8,11,-70,WPA2_PSK
2026-03-19 22:33:55,19.5098248,-99.1256104,AUTI IPN 78,00:EB:D8:A5:67:89,6,-72,WPA2_PSK
2026-03-19 22:33:55,19.5098248,-99.1256104,IZZI-CE74,D4:E2:CB:61:CE:78,11,-74,WPA2_PSK
2026-03-19 22:33:55,19.5098248,-99.1256104,suc politecnico,58:F9:87:60:70:0C,7,-76,WPA_WPA2_PSK
2026-03-19 22:33:55,19.5098248,-99.1256104,Totalplay-2.4G-9C20,E0:61:4A:D8:9C:21,11,-78,WPA_WPA2_PSK
2026-03-19 22:33:55,19.5098248,-99.1256104,Totalplay-3865,24:CF:24:19:3E:E0,11,-81,WPA_WPA2_PSK
2026-03-19 22:33:55,19.5098248,-99.1256104,IZZI-C528,C0:89:AB:AD:C4:A4,11,-82,WPA2_PSK
2026-03-19 22:33:55,19.5098248,-99.1256104,ARRIS-D372,90:0D:CB:32:D3:70,11,-82,WPA_WPA2_PSK
2026-03-19 22:33:55,19.5098248,-99.1256104,,F2:B4:29:84:2D:E9,12,-86,OPEN
2026-03-19 22:33:55,19.5098248,-99.1256104,4_2G,F0:B4:29:87:2D:E9,12,-87,WPA_WPA2_PSK
2026-03-19 22:34:11,19.5100060,-99.1254807,Verizon-RC400L-42,58:32:77:25:92:42,6,-23,WPA2_PSK
2026-03-19 22:34:11,19.5100060,-99.1254807,suc politecnico,58:F9:87:60:70:0C,7,-54,WPA_WPA2_PSK
2026-03-19 22:34:11,19.5100060,-99.1254807,IZZI-CE74,D4:E2:CB:61:CE:78,11,-59,WPA2_PSK
2026-03-19 22:34:11,19.5100060,-99.1254807,Totalplay-3633,D0:59:19:4A:2B:AA,9,-60,WPA2_PSK
2026-03-19 22:34:11,19.5100060,-99.1254807,Club_Totalplay_WiFi,D2:59:19:3A:2B:AA,9,-60,OPEN
2026-03-19 22:34:11,19.5100060,-99.1254807,IZZI-8A62,C8:52:61:C6:13:6A,1,-61,WPA2_PSK
2026-03-19 22:34:11,19.5100060,-99.1254807,IZZI-4B0C,8C:6A:8D:36:4B:10,11,-64,WPA2_PSK
2026-03-19 22:34:11,19.5100060,-99.1254807,TOTALPLAY_DCB640,D4:F8:29:DC:B6:40,6,-65,WPA2_PSK
2026-03-19 22:34:11,19.5100060,-99.1254807,Totalplay-23A6_2.4Gnormal,EC:A1:D1:7B:53:EC,7,-66,WPA2_PSK
2026-03-19 22:34:11,19.5100060,-99.1254807,Club_Totalplay_WiFi,EC:A1:D1:7B:53:ED,7,-67,OPEN
2026-03-19 22:34:11,19.5100060,-99.1254807,Megacable_2.4G_EA92,08:F6:06:C4:EA:92,3,-71,WPA_WPA2_PSK
2026-03-19 22:34:11,19.5100060,-99.1254807,TOTALPLAY_8D869D,34:53:D2:8D:86:9D,11,-72,WPA_WPA2_PSK
2026-03-19 22:34:11,19.5100060,-99.1254807,IZZI-C528,C0:89:AB:AD:C4:A4,11,-72,WPA2_PSK
2026-03-19 22:34:11,19.5100060,-99.1254807,,48:2F:D7:78:8D:C3,6,-74,WPA2_PSK
2026-03-19 22:34:11,19.5100060,-99.1254807,CDMX-Internet para Todos,00:4E:35:01:B6:83,11,-74,OPEN
2026-03-19 22:34:11,19.5100060,-99.1254807,DIRECT-MYDCP-T426W_BR6598,F2:A6:54:FA:65:98,9,-75,WPA2_PSK
2026-03-19 22:34:11,19.5100060,-99.1254807,IZZI-59FA,24:E4:CE:CD:59:FF,1,-77,WPA2_PSK
2026-03-19 22:34:11,19.5100060,-99.1254807,,82:AF:CA:A9:00:20,10,-78,WPA2_PSK
2026-03-19 22:34:11,19.5100060,-99.1254807,INFINITUM5FC4,E0:A1:CE:90:0B:10,11,-80,WPA2_PSK
2026-03-19 22:34:11,19.5100060,-99.1254807,,00:4E:35:01:B6:82,11,-81,WPA2_PSK
2026-03-19 22:34:11,19.5100060,-99.1254807,INFINITUMBBF7,30:23:64:16:8A:39,11,-84,WPA2_PSK
2026-03-19 22:34:11,19.5100060,-99.1254807,,32:23:64:46:8A:39,11,-88,WPA2_PSK
2026-03-19 22:34:27,19.5101929,-99.1252670,Verizon-RC400L-42,58:32:77:25:92:42,6,-26,WPA2_PSK
2026-03-19 22:34:27,19.5101929,-99.1252670,Club_Totalplay_WiFi,D2:59:19:3A:2B:AA,9,-68,OPEN
2026-03-19 22:34:27,19.5101929,-99.1252670,IZZI-8A62,C8:52:61:C6:13:6A,1,-70,WPA2_PSK
2026-03-19 22:34:27,19.5101929,-99.1252670,IZZI-CE74,D4:E2:CB:61:CE:78,11,-72,WPA2_PSK
2026-03-19 22:34:27,19.5101929,-99.1252670,Totalplay-23A6_2.4Gnormal,EC:A1:D1:7B:53:EC,7,-73,WPA2_PSK
2026-03-19 22:34:27,19.5101929,-99.1252670,Club_Totalplay_WiFi,EC:A1:D1:7B:53:ED,7,-73,OPEN
2026-03-19 22:34:27,19.5101929,-99.1252670,suc politecnico,58:F9:87:60:70:0C,7,-73,WPA_WPA2_PSK
2026-03-19 22:34:27,19.5101929,-99.1252670,,00:4E:35:01:B6:82,11,-75,WPA2_PSK
2026-03-19 22:34:27,19.5101929,-99.1252670,,8A:71:B1:A1:3E:A1,6,-77,UNKNOWN
2026-03-19 22:34:27,19.5101929,-99.1252670,Megacable_2.4G_C29E,34:24:3E:22:C2:9E,8,-77,WPA_WPA2_PSK
2026-03-19 22:34:27,19.5101929,-99.1252670,CDMX-Internet para Todos,00:4E:35:01:B6:83,11,-77,OPEN
2026-03-19 22:34:27,19.5101929,-99.1252670,INFINITUMC1B1,A0:31:DB:61:98:44,6,-78,WPA2_PSK
2026-03-19 22:34:27,19.5101929,-99.1252670,TOTALPLAY_1AD2E2_2.4G,A4:22:49:1A:D2:E5,1,-79,WPA2_PSK
2026-03-19 22:34:27,19.5101929,-99.1252670,INFINITUM4DAF_EXT,40:3F:8C:D9:92:95,6,-79,WPA_WPA2_PSK
2026-03-19 22:34:27,19.5101929,-99.1252670,mdvr_861585049871310,0E:CF:89:C8:A3:54,10,-81,WPA_PSK
2026-03-19 22:34:27,19.5101929,-99.1252670,ARRIS-0722,94:87:7C:3E:07:20,6,-82,WPA_WPA2_PSK
2026-03-19 22:34:27,19.5101929,-99.1252670,Galaxy A13 05F5,8A:2E:04:32:A4:33,6,-82,WPA2_PSK
2026-03-19 22:34:27,19.5101929,-99.1252670,suc politecnico,F8:53:29:00:4A:BC,9,-82,WPA_WPA2_PSK
2026-03-19 22:34:43,19.5101948,-99.1252747,Verizon-RC400L-42,58:32:77:25:92:42,6,-28,WPA2_PSK
2026-03-19 22:34:43,19.5101948,-99.1252747,IZZI-8A62,C8:52:61:C6:13:6A,1,-67,WPA2_PSK
2026-03-19 22:34:43,19.5101948,-99.1252747,Totalplay-3633,D0:59:19:4A:2B:AA,9,-67,WPA2_PSK
2026-03-19 22:34:43,19.5101948,-99.1252747,Totalplay-FAA3,1C:43:63:F6:21:E0,3,-72,WPA2_PSK
2026-03-19 22:34:43,19.5101948,-99.1252747,Totalplay-23A6_2.4Gnormal,EC:A1:D1:7B:53:EC,7,-74,WPA2_PSK
2026-03-19 22:34:43,19.5101948,-99.1252747,Megacable_2.4G_C29E,34:24:3E:22:C2:9E,8,-74,WPA_WPA2_PSK
2026-03-19 22:34:43,19.5101948,-99.1252747,,00:4E:35:01:B6:82,11,-75,WPA2_PSK
2026-03-19 22:34:43,19.5101948,-99.1252747,IZZI-A53E,48:4E:FC:A0:DB:F3,1,-76,WPA2_PSK
2026-03-19 22:34:43,19.5101948,-99.1252747,Club_Totalplay_WiFi,EC:A1:D1:7B:53:ED,7,-76,OPEN
2026-03-19 22:34:43,19.5101948,-99.1252747,INFINITUM5FC4,E0:A1:CE:90:0B:10,11,-76,WPA2_PSK
2026-03-19 22:34:43,19.5101948,-99.1252747,CDMX-Internet para Todos,00:4E:35:01:B6:83,11,-76,OPEN
2026-03-19 22:34:43,19.5101948,-99.1252747,,8A:71:B1:A1:3E:A1,6,-78,UNKNOWN
2026-03-19 22:34:43,19.5101948,-99.1252747,suc politecnico,F8:53:29:00:4A:BC,9,-79,WPA_WPA2_PSK
2026-03-19 22:34:43,19.5101948,-99.1252747,IZZI-59FA,24:E4:CE:CD:59:FF,1,-83,WPA2_PSK
2026-03-19 22:34:43,19.5101948,-99.1252747,,EC:A1:D1:7B:53:EF,7,-83,WPA2_PSK
2026-03-19 22:34:43,19.5101948,-99.1252747,INFINITUME5BE,12:55:E4:1C:3A:25,11,-84,WPA2_PSK
2026-03-19 22:34:43,19.5101948,-99.1252747,Club_Totalplay_WiFi,84:07:FA:16:74:11,1,-85,OPEN
2026-03-19 22:34:43,19.5101948,-99.1252747,A16 de Oscar,7A:E9:49:46:9F:47,6,-86,WPA2_PSK
2026-03-19 22:34:43,19.5101948,-99.1252747,3_2G,84:3C:99:04:F9:1A,3,-89,WPA2_PSK
2026-03-19 22:34:59,19.5101967,-99.1252747,Verizon-RC400L-42,58:32:77:25:92:42,6,-30,WPA2_PSK
2026-03-19 22:34:59,19.5101967,-99.1252747,,CA:52:61:A6:13:6A,1,-68,UNKNOWN
2026-03-19 22:34:59,19.5101967,-99.1252747,Totalplay-3633,D0:59:19:4A:2B:AA,9,-70,WPA2_PSK
2026-03-19 22:34:59,19.5101967,-99.1252747,IZZI-CE74,D4:E2:CB:61:CE:78,11,-70,WPA2_PSK
2026-03-19 22:34:59,19.5101967,-99.1252747,Totalplay-23A6_2.4Gnormal,EC:A1:D1:7B:53:EC,7,-75,WPA2_PSK
2026-03-19 22:34:59,19.5101967,-99.1252747,IZZI-8A62,C8:52:61:C6:13:6A,1,-76,WPA2_PSK
2026-03-19 22:34:59,19.5101967,-99.1252747,TOTALPLAY_1AD2E2_2.4G,A4:22:49:1A:D2:E5,1,-76,WPA2_PSK
2026-03-19 22:34:59,19.5101967,-99.1252747,IZZI-4485,88:71:B1:A1:3E:A1,6,-77,WPA2_PSK
2026-03-19 22:34:59,19.5101967,-99.1252747,,8A:71:B1:A1:3E:A1,6,-77,UNKNOWN
2026-03-19 22:34:59,19.5101967,-99.1252747,CDMX-Internet para Todos,00:4E:35:01:B6:83,11,-77,OPEN
2026-03-19 22:34:59,19.5101967,-99.1252747,,4A:4E:FC:A0:DB:F3,1,-79,UNKNOWN
2026-03-19 22:34:59,19.5101967,-99.1252747,TOTALPLAY_8D869D,34:53:D2:8D:86:9D,11,-79,WPA_WPA2_PSK
2026-03-19 22:34:59,19.5101967,-99.1252747,INFINITUM5FC4,E0:A1:CE:90:0B:10,11,-79,WPA2_PSK
2026-03-19 22:34:59,19.5101967,-99.1252747,Club_Totalplay_WiFi,28:68:D2:03:28:A3,3,-81,OPEN
2026-03-19 22:34:59,19.5101967,-99.1252747,Hernandez,92:7F:54:C0:44:61,8,-81,WPA2_PSK
2026-03-19 22:34:59,19.5101967,-99.1252747,Club_Totalplay_WiFi,84:07:FA:16:74:11,1,-83,OPEN
2026-03-19 22:34:59,19.5101967,-99.1252747,TOTALPLAY_DCB640,D4:F8:29:DC:B6:40,6,-83,WPA2_PSK
2026-03-19 22:34:59,19.5101967,-99.1252747,,48:2F:D7:78:8D:C3,6,-84,WPA2_PSK
2026-03-19 22:34:59,19.5101967,-99.1252747,ARRIS-D372,90:0D:CB:32:D3:70,11,-84,WPA_WPA2_PSK
2026-03-19 22:34:59,19.5101967,-99.1252747,IZZI-A53E,48:4E:FC:A0:DB:F3,1,-85,WPA2_PSK
2026-03-19 22:34:59,19.5101967,-99.1252747,HUAWEI-2.4G-kDCA,D8:59:82:37:76:B8,5,-86,WPA2_PSK
2026-03-19 22:34:59,19.5101967,-99.1252747,IZZI-3734,94:04:E3:D7:37:38,1,-87,WPA2_PSK
2026-03-19 22:34:59,19.5101967,-99.1252747,realme 10 Pro 5G,92:0B:BE:C0:46:99,11,-88,WPA2_PSK
2026-03-19 22:35:15,19.5103798,-99.1250992,Verizon-RC400L-42,58:32:77:25:92:42,6,-26,WPA2_PSK
2026-03-19 22:35:15,19.5103798,-99.1250992,Totalplay-2.4G-8e78,10:08:1D:21:8E:78,11,-60,WPA2_PSK
2026-03-19 22:35:15,19.5103798,-99.1250992,Galaxy A13 05F5,8A:2E:04:32:A4:33,6,-67,WPA2_PSK
2026-03-19 22:35:15,19.5103798,-99.1250992,Megacable_2.4G_C29E,34:24:3E:22:C2:9E,8,-68,WPA_WPA2_PSK
2026-03-19 22:35:15,19.5103798,-99.1250992,,3C:78:95:63:53:B2,7,-72,WPA_WPA2_PSK
2026-03-19 22:35:15,19.5103798,-99.1250992,Mega-2.4G-EAB2,AE:5E:14:BE:ED:E0,11,-72,WPA2_WPA3_PSK
2026-03-19 22:35:15,19.5103798,-99.1250992,CDMX-Internet para Todos,00:4E:35:01:B4:A3,11,-72,OPEN
2026-03-19 22:35:15,19.5103798,-99.1250992,,00:4E:35:01:B4:A2,11,-72,WPA2_PSK
2026-03-19 22:35:15,19.5103798,-99.1250992,IZZI-2737,88:71:B1:9A:E1:A1,1,-75,WPA2_PSK
2026-03-19 22:35:15,19.5103798,-99.1250992,,8A:71:B1:AA:E1:A1,1,-77,UNKNOWN
2026-03-19 22:35:15,19.5103798,-99.1250992,,CA:52:61:A6:13:6A,1,-79,UNKNOWN
2026-03-19 22:35:15,19.5103798,-99.1250992,Totalplay-2.4G-0D70,AC:4F:65:9D:0D:71,6,-79,WPA_WPA2_PSK
2026-03-19 22:35:15,19.5103798,-99.1250992,Mega-2.4G-57B2,0A:02:05:2A:15:A0,4,-81,WPA2_WPA3_PSK
2026-03-19 22:35:15,19.5103798,-99.1250992,IZZI-17AD,24:E4:CE:B0:17:B2,1,-82,WPA2_PSK
2026-03-19 22:35:15,19.5103798,-99.1250992,,F8:53:29:0E:A0:3B,4,-82,WPA2_PSK
2026-03-19 22:35:15,19.5103798,-99.1250992,Club_Totalplay_WiFi,D2:59:19:3A:2B:AA,9,-82,OPEN
2026-03-19 22:35:15,19.5103798,-99.1250992,Totalplay-2.4G-5558,6C:D8:19:ED:55:58,1,-83,WPA2_PSK
2026-03-19 22:35:15,19.5103798,-99.1250992,TP-Link_59AF,9C:53:22:15:59:AF,3,-84,WPA2_PSK
2026-03-19 22:35:15,19.5103798,-99.1250992,EH_ProsFlow300500MB_E616000,00:07:05:73:07:AA,6,-84,WPA_WPA2_PSK
2026-03-19 22:35:15,19.5103798,-99.1250992,IZZI-AE29,2C:95:69:BE:A6:3C,6,-84,WPA2_PSK
2026-03-19 22:35:15,19.5103798,-99.1250992,suc politecnico,F8:53:29:00:4A:BC,9,-84,WPA_WPA2_PSK
2026-03-19 22:35:15,19.5103798,-99.1250992,Wi-Fi IPN,D0:D3:E0:58:E3:80,11,-84,OPEN
2026-03-19 22:35:15,19.5103798,-99.1250992,ARRIS-D372,90:0D:CB:32:D3:70,11,-84,WPA_WPA2_PSK
2026-03-19 22:35:15,19.5103798,-99.1250992,INFINITUMECBD,E0:A1:CE:AC:CE:14,6,-85,WPA2_PSK
2026-03-19 22:35:15,19.5103798,-99.1250992,Club_Totalplay_WiFi,50:46:4A:3D:49:EF,4,-87,OPEN
2026-03-19 22:35:15,19.5103798,-99.1250992,Acueducto,60:32:B1:46:D9:3E,11,-87,WPA2_PSK
2026-03-19 22:35:15,19.5103798,-99.1250992,,96:3C:96:A8:CB:D5,11,-87,UNKNOWN
2026-03-19 22:35:15,19.5103798,-99.1250992,Totalplay-8CA5,50:46:4A:3D:49:EC,4,-89,WPA2_PSK
2026-03-19 22:35:15,19.5103798,-99.1250992,,40:ED:00:25:88:12,11,-93,WPA2_PSK
2026-03-19 22:35:31,19.5107784,-99.1247025,Verizon-RC400L-42,58:32:77:25:92:42,6,-25,WPA2_PSK
2026-03-19 22:35:31,19.5107784,-99.1247025,Megacable_2.4G_C29E,34:24:3E:22:C2:9E,8,-60,WPA_WPA2_PSK
2026-03-19 22:35:31,19.5107784,-99.1247025,Club_Totalplay_WiFi,6C:D8:19:ED:55:59,1,-67,OPEN
2026-03-19 22:35:31,19.5107784,-99.1247025,Totalplay-2.4G-5558,6C:D8:19:ED:55:58,1,-68,WPA2_PSK
2026-03-19 22:35:31,19.5107784,-99.1247025,Megacable_2.4G_A141,B0:8B:92:2D:A1:41,11,-68,WPA_WPA2_PSK
2026-03-19 22:35:31,19.5107784,-99.1247025,RED_MIA,3E:78:95:23:53:B2,7,-70,WPA2_PSK
2026-03-19 22:35:31,19.5107784,-99.1247025,,3C:78:95:63:53:B2,7,-70,WPA_WPA2_PSK
2026-03-19 22:35:31,19.5107784,-99.1247025,IZZI-7D51,9C:C8:FC:1A:F6:08,6,-71,WPA2_PSK
2026-03-19 22:35:31,19.5107784,-99.1247025,,F8:53:29:0E:A0:3B,4,-72,WPA2_PSK
2026-03-19 22:35:31,19.5107784,-99.1247025,WF1_e8690873258,E8:06:90:87:32:59,1,-73,WPA_WPA2_PSK
2026-03-19 22:35:31,19.5107784,-99.1247025,Totalplay-0FA5_2.4Gnormal,F8:53:29:0E:A0:38,4,-73,WPA_WPA2_PSK
2026-03-19 22:35:31,19.5107784,-99.1247025,Mega-2.4G-EAB2,AE:5E:14:BE:ED:E0,11,-73,WPA2_WPA3_PSK
2026-03-19 22:35:31,19.5107784,-99.1247025,,A4:BD:C4:16:9F:4E,5,-74,WPA2_PSK
2026-03-19 22:35:31,19.5107784,-99.1247025,INFINITUM05E3,A8:54:A2:2B:32:B0,6,-75,WPA2_PSK
2026-03-19 22:35:31,19.5107784,-99.1247025,INFINITUMCB82,F4:2D:06:9D:E7:C2,6,-76,WPA2_PSK
2026-03-19 22:35:31,19.5107784,-99.1247025,IZZI-456C,24:E4:CE:BC:45:71,1,-77,WPA2_PSK
2026-03-19 22:35:31,19.5107784,-99.1247025,Mega_2.4G_24E6,48:96:D9:77:24:E6,3,-77,WPA_WPA2_PSK
2026-03-19 22:35:31,19.5107784,-99.1247025,Totalplay-A3A5_2.4Gnormal,A4:BD:C4:16:9F:4C,5,-78,WPA_WPA2_PSK
2026-03-19 22:35:31,19.5107784,-99.1247025,,3C:78:95:63:53:B6,7,-78,WPA_WPA2_PSK
2026-03-19 22:35:31,19.5107784,-99.1247025,,2E:E4:CE:BC:45:73,1,-79,OPEN
2026-03-19 22:35:31,19.5107784,-99.1247025,Totalplay-2.4G-0D70,AC:4F:65:9D:0D:71,6,-79,WPA_WPA2_PSK
2026-03-19 22:35:31,19.5107784,-99.1247025,OXIO_5419,A4:D4:B2:3C:F7:D9,10,-80,WPA_WPA2_PSK
2026-03-19 22:35:31,19.5107784,-99.1247025,A16 de Oscar,7A:E9:49:46:9F:47,6,-81,WPA2_PSK
2026-03-19 22:35:31,19.5107784,-99.1247025,,3C:78:95:63:50:D6,7,-82,WPA_WPA2_PSK
2026-03-19 22:35:31,19.5107784,-99.1247025,,8C:0C:90:BE:73:B8,13,-82,UNKNOWN
2026-03-19 22:35:31,19.5107784,-99.1247025,Club_Totalplay_WiFi,84:07:FA:16:74:11,1,-84,OPEN
2026-03-19 22:35:31,19.5107784,-99.1247025,*.Megacable WiFi.*,8C:0C:90:7E:73:B8,13,-84,OPEN
2026-03-19 22:35:31,19.5107784,-99.1247025,BLUETELECOMM_5E80,B4:CD:27:AD:5E:80,1,-85,WPA2_PSK
2026-03-19 22:35:31,19.5107784,-99.1247025,Samsara,FC:DB:21:6F:73:13,6,-85,WPA2_WPA3_PSK
2026-03-19 22:35:31,19.5107784,-99.1247025,Totalplay-3633,D0:59:19:4A:2B:AA,9,-88,WPA2_PSK
2026-03-19 22:35:31,19.5107784,-99.1247025,IZZI-1AB0,DC:92:72:00:1A:B5,11,-89,WPA2_PSK
2026-03-19 22:35:47,19.5107994,-99.1246719,Verizon-RC400L-42,58:32:77:25:92:42,6,-26,WPA2_PSK
2026-03-19 22:35:47,19.5107994,-99.1246719,,2E:E4:CE:BC:45:73,1,-64,OPEN
2026-03-19 22:35:47,19.5107994,-99.1246719,,D6:E2:2F:46:BE:16,1,-65,WPA2_PSK
2026-03-19 22:35:47,19.5107994,-99.1246719,Totalplay-0FA5_2.4Gnormal,F8:53:29:0E:A0:38,4,-65,WPA_WPA2_PSK
2026-03-19 22:35:47,19.5107994,-99.1246719,,F8:53:29:0E:A0:3B,4,-66,WPA2_PSK
2026-03-19 22:35:47,19.5107994,-99.1246719,Megacable_2.4G_C29E,34:24:3E:22:C2:9E,8,-66,WPA_WPA2_PSK
2026-03-19 22:35:47,19.5107994,-99.1246719,IZZI-456C,24:E4:CE:BC:45:71,1,-67,WPA2_PSK
2026-03-19 22:35:47,19.5107994,-99.1246719,INFINITUM05E3,A8:54:A2:2B:32:B0,6,-68,WPA2_PSK
2026-03-19 22:35:47,19.5107994,-99.1246719,,3C:78:95:63:53:B6,7,-69,WPA_WPA2_PSK
2026-03-19 22:35:47,19.5107994,-99.1246719,,3C:78:95:63:53:B2,7,-69,WPA_WPA2_PSK
2026-03-19 22:35:47,19.5107994,-99.1246719,RED_MIA,3E:78:95:23:53:B2,7,-69,WPA2_PSK
2026-03-19 22:35:47,19.5107994,-99.1246719,IZZI-DDE4,D4:E2:CB:A3:DD:E8,1,-71,WPA2_PSK
2026-03-19 22:35:47,19.5107994,-99.1246719,RED_MIA,3E:78:95:23:53:B6,7,-73,WPA2_PSK
2026-03-19 22:35:47,19.5107994,-99.1246719,OXIO_5419,A4:D4:B2:3C:F7:D9,10,-73,WPA_WPA2_PSK
2026-03-19 22:35:47,19.5107994,-99.1246719,Club_Totalplay_WiFi,6C:D8:19:ED:55:59,1,-74,OPEN
2026-03-19 22:35:47,19.5107994,-99.1246719,,00:4E:35:01:B4:A2,11,-74,WPA2_PSK
2026-03-19 22:35:47,19.5107994,-99.1246719,CDMX-Internet para Todos,00:4E:35:01:B4:A3,11,-74,OPEN
2026-03-19 22:35:47,19.5107994,-99.1246719,Mega-2.4G-EAB2,AE:5E:14:BE:ED:E0,11,-74,WPA2_WPA3_PSK
2026-03-19 22:35:47,19.5107994,-99.1246719,WF1_e8690873258,E8:06:90:87:32:59,1,-75,WPA_WPA2_PSK
2026-03-19 22:35:47,19.5107994,-99.1246719,Mega_2.4G_24E6,48:96:D9:77:24:E6,3,-75,WPA_WPA2_PSK
2026-03-19 22:35:47,19.5107994,-99.1246719,Mega_2.4G_B4D2,9C:63:5B:7E:B4:D2,4,-76,WPA2_PSK
2026-03-19 22:35:47,19.5107994,-99.1246719,IZZI-88A8,DC:92:72:0F:88:AD,11,-77,WPA2_PSK
2026-03-19 22:35:47,19.5107994,-99.1246719,,A4:BD:C4:16:9F:4E,5,-78,WPA2_PSK
2026-03-19 22:35:47,19.5107994,-99.1246719,KAWA_D5_157f,BC:FD:0C:29:15:7F,7,-78,WPA_WPA2_PSK
2026-03-19 22:35:47,19.5107994,-99.1246719,,DE:92:72:0F:89:AF,11,-78,UNKNOWN
2026-03-19 22:35:47,19.5107994,-99.1246719,Totalplay-2.4G-0D70,AC:4F:65:9D:0D:71,6,-79,WPA_WPA2_PSK
2026-03-19 22:35:47,19.5107994,-99.1246719,INFINITUMCB82,F4:2D:06:9D:E7:C2,6,-81,WPA2_PSK
2026-03-19 22:35:47,19.5107994,-99.1246719,DIRECT-roku-5FX-4AE7B6,2E:3F:75:15:44:51,11,-82,WPA2_PSK
2026-03-19 22:35:47,19.5107994,-99.1246719,,BE:5B:D5:AA:7E:13,6,-83,UNKNOWN
2026-03-19 22:35:47,19.5107994,-99.1246719,,3C:78:95:63:50:D6,7,-83,WPA_WPA2_PSK
2026-03-19 22:35:47,19.5107994,-99.1246719,Club_Totalplay_WiFi,84:07:FA:16:74:11,1,-84,OPEN
2026-03-19 22:35:47,19.5107994,-99.1246719,ASUS_F0,A8:5E:45:0D:BE:F0,1,-86,WPA2_PSK
2026-03-19 22:35:47,19.5107994,-99.1246719,,8C:0C:90:BE:73:B8,13,-86,UNKNOWN
2026-03-19 22:36:03,19.5108624,-99.1246185,Verizon-RC400L-42,58:32:77:25:92:42,6,-25,WPA2_PSK
2026-03-19 22:36:03,19.5108624,-99.1246185,Megacable_2.4G_C29E,34:24:3E:22:C2:9E,8,-58,WPA_WPA2_PSK
2026-03-19 22:36:03,19.5108624,-99.1246185,WF1_e8690873258,E8:06:90:87:32:59,1,-66,WPA_WPA2_PSK
2026-03-19 22:36:03,19.5108624,-99.1246185,IZZI-456C,24:E4:CE:BC:45:71,1,-68,WPA2_PSK
2026-03-19 22:36:03,19.5108624,-99.1246185,,2E:E4:CE:BC:45:73,1,-68,OPEN
2026-03-19 22:36:03,19.5108624,-99.1246185,RED_MIA,3E:78:95:23:53:B2,7,-69,WPA2_PSK
2026-03-19 22:36:03,19.5108624,-99.1246185,,3C:78:95:63:53:B2,7,-71,WPA_WPA2_PSK
2026-03-19 22:36:03,19.5108624,-99.1246185,Totalplay-2.4G-5558,6C:D8:19:ED:55:58,1,-72,WPA2_PSK
2026-03-19 22:36:03,19.5108624,-99.1246185,CDMX-Internet para Todos,00:4E:35:01:B4:A3,11,-72,OPEN
2026-03-19 22:36:03,19.5108624,-99.1246185,Mega_2.4G_24E6,48:96:D9:77:24:E6,3,-73,WPA_WPA2_PSK
2026-03-19 22:36:03,19.5108624,-99.1246185,Mega-2.4G-EAB2,AE:5E:14:BE:ED:E0,11,-73,WPA2_WPA3_PSK
2026-03-19 22:36:03,19.5108624,-99.1246185,Arturo26,4C:C6:4C:A6:9F:FE,3,-74,WPA_WPA2_PSK
2026-03-19 22:36:03,19.5108624,-99.1246185,,3C:78:95:63:53:B6,7,-74,WPA_WPA2_PSK
2026-03-19 22:36:03,19.5108624,-99.1246185,Club_Totalplay_WiFi,6C:D8:19:ED:55:59,1,-75,OPEN
2026-03-19 22:36:03,19.5108624,-99.1246185,RED_MIA,3E:78:95:23:53:B6,7,-75,WPA2_PSK
2026-03-19 22:36:03,19.5108624,-99.1246185,Hernandez,92:7F:54:C0:44:61,8,-75,WPA2_PSK
2026-03-19 22:36:03,19.5108624,-99.1246185,,00:4E:35:01:B4:A2,11,-75,WPA2_PSK
2026-03-19 22:36:03,19.5108624,-99.1246185,RED_MIA,3E:78:95:23:50:D6,7,-78,WPA2_PSK
2026-03-19 22:36:03,19.5108624,-99.1246185,Mega_2.4G_B4D2,9C:63:5B:7E:B4:D2,4,-79,WPA2_PSK
2026-03-19 22:36:03,19.5108624,-99.1246185,,90:16:BA:D6:06:7E,9,-80,WPA2_PSK
2026-03-19 22:36:03,19.5108624,-99.1246185,KAWA_D5_157f,BC:FD:0C:29:15:7F,7,-81,WPA_WPA2_PSK
2026-03-19 22:36:03,19.5108624,-99.1246185,Totalplay-0FA5_2.4Gnormal,90:16:BA:D6:06:7C,9,-81,WPA_WPA2_PSK
2026-03-19 22:36:03,19.5108624,-99.1246185,IZZI-9D90,38:AD:2B:84:9D:98,11,-82,WPA_WPA2_PSK
2026-03-19 22:36:03,19.5108624,-99.1246185,Hernandez,7C:10:C9:A5:00:D0,8,-85,WPA2_PSK
2026-03-19 22:36:03,19.5108624,-99.1246185,,82:AF:CA:A9:00:20,10,-85,WPA2_PSK
2026-03-19 22:36:03,19.5108624,-99.1246185,Blue,24:2F:D0:81:F4:DA,3,-86,WPA2_PSK
2026-03-19 22:36:03,19.5108624,-99.1246185,EHPS 1 - 2.4 G,D8:0D:17:CA:BF:AD,3,-86,WPA2_PSK
2026-03-19 22:36:03,19.5108624,-99.1246185,INFINITUMCB82,F4:2D:06:9D:E7:C2,6,-86,WPA2_PSK
2026-03-19 22:36:19,19.5108624,-99.1246109,Verizon-RC400L-42,58:32:77:25:92:42,6,-30,WPA2_PSK
2026-03-19 22:36:19,19.5108624,-99.1246109,Megacable_2.4G_C29E,34:24:3E:22:C2:9E,8,-56,WPA_WPA2_PSK
2026-03-19 22:36:19,19.5108624,-99.1246109,Totalplay-0FA5_2.4Gnormal,F8:53:29:0E:A0:38,4,-60,WPA_WPA2_PSK
2026-03-19 22:36:19,19.5108624,-99.1246109,,F8:53:29:0E:A0:3B,4,-61,WPA2_PSK
2026-03-19 22:36:19,19.5108624,-99.1246109,,2E:E4:CE:BC:45:73,1,-67,OPEN
2026-03-19 22:36:19,19.5108624,-99.1246109,WF1_e8690873258,E8:06:90:87:32:59,1,-68,WPA_WPA2_PSK
2026-03-19 22:36:19,19.5108624,-99.1246109,RED_MIA,3E:78:95:23:53:B2,7,-68,WPA2_PSK
2026-03-19 22:36:19,19.5108624,-99.1246109,IZZI-456C,24:E4:CE:BC:45:71,1,-70,WPA2_PSK
2026-03-19 22:36:19,19.5108624,-99.1246109,,3C:78:95:63:53:B2,7,-71,WPA_WPA2_PSK
2026-03-19 22:36:19,19.5108624,-99.1246109,Mega_2.4G_24E6,48:96:D9:77:24:E6,3,-72,WPA_WPA2_PSK
2026-03-19 22:36:19,19.5108624,-99.1246109,Mega-2.4G-EAB2,AE:5E:14:BE:ED:E0,11,-73,WPA2_WPA3_PSK
2026-03-19 22:36:19,19.5108624,-99.1246109,KAWA_D5_157f,BC:FD:0C:29:15:7F,7,-75,WPA_WPA2_PSK
2026-03-19 22:36:19,19.5108624,-99.1246109,,DE:92:72:0F:89:AF,11,-77,UNKNOWN
2026-03-19 22:36:19,19.5108624,-99.1246109,IZZI-DDE4,D4:E2:CB:A3:DD:E8,1,-79,WPA2_PSK
2026-03-19 22:36:19,19.5108624,-99.1246109,IZZI-9D90,38:AD:2B:84:9D:98,11,-79,WPA_WPA2_PSK
2026-03-19 22:36:19,19.5108624,-99.1246109,RED_MIA,3E:78:95:23:50:D6,7,-81,WPA2_PSK
2026-03-19 22:36:19,19.5108624,-99.1246109,TP-Link_8297,60:32:B1:70:82:97,2,-82,WPA_WPA2_PSK
2026-03-19 22:36:19,19.5108624,-99.1246109,,90:16:BA:D6:06:7E,9,-84,WPA2_PSK
2026-03-19 22:36:19,19.5108624,-99.1246109,,8C:0C:90:BE:73:B8,13,-86,UNKNOWN
2026-03-19 22:36:35,19.5108624,-99.1246109,Verizon-RC400L-42,58:32:77:25:92:42,6,-27,WPA2_PSK
2026-03-19 22:36:35,19.5108624,-99.1246109,Megacable_2.4G_C29E,34:24:3E:22:C2:9E,8,-57,WPA_WPA2_PSK
2026-03-19 22:36:35,19.5108624,-99.1246109,IZZI-456C,24:E4:CE:BC:45:71,1,-63,WPA2_PSK
2026-03-19 22:36:35,19.5108624,-99.1246109,WF1_e8690873258,E8:06:90:87:32:59,1,-66,WPA_WPA2_PSK
2026-03-19 22:36:35,19.5108624,-99.1246109,Totalplay-0FA5_2.4Gnormal,F8:53:29:0E:A0:38,4,-67,WPA_WPA2_PSK
2026-03-19 22:36:35,19.5108624,-99.1246109,RED_MIA,3E:78:95:23:53:B2,7,-67,WPA2_PSK
2026-03-19 22:36:35,19.5108624,-99.1246109,Totalplay-2.4G-5558,6C:D8:19:ED:55:58,1,-69,WPA2_PSK
2026-03-19 22:36:35,19.5108624,-99.1246109,,3C:78:95:63:53:B2,7,-69,WPA_WPA2_PSK
2026-03-19 22:36:35,19.5108624,-99.1246109,Club_Totalplay_WiFi,6C:D8:19:ED:55:59,1,-70,OPEN
2026-03-19 22:36:35,19.5108624,-99.1246109,CDMX-Internet para Todos,00:4E:35:01:B4:A3,11,-70,OPEN
2026-03-19 22:36:35,19.5108624,-99.1246109,,2E:E4:CE:BC:45:73,1,-72,OPEN
2026-03-19 22:36:35,19.5108624,-99.1246109,,3C:78:95:63:53:B6,7,-72,WPA_WPA2_PSK
2026-03-19 22:36:35,19.5108624,-99.1246109,,00:4E:35:01:B4:A2,11,-72,WPA2_PSK
2026-03-19 22:36:35,19.5108624,-99.1246109,Mega_2.4G_24E6,48:96:D9:77:24:E6,3,-75,WPA_WPA2_PSK
2026-03-19 22:36:35,19.5108624,-99.1246109,KAWA_D5_157f,BC:FD:0C:29:15:7F,7,-75,WPA_WPA2_PSK
2026-03-19 22:36:35,19.5108624,-99.1246109,,D6:E2:2F:46:BE:16,1,-77,WPA2_PSK
2026-03-19 22:36:35,19.5108624,-99.1246109,,A4:BD:C4:16:9F:4E,5,-83,WPA2_PSK
2026-03-19 22:36:35,19.5108624,-99.1246109,,8C:0C:90:BE:73:B8,13,-84,UNKNOWN
2026-03-19 22:36:35,19.5108624,-99.1246109,IZZI-7D51,9C:C8:FC:1A:F6:08,6,-85,WPA2_PSK
2026-03-19 22:36:35,19.5108624,-99.1246109,Totalplay-2.4G-22a0_EXT,D8:32:14:49:3C:79,6,-86,WPA_WPA2_PSK
2026-03-19 22:36:51,19.5109501,-99.1245270,Verizon-RC400L-42,58:32:77:25:92:42,6,-25,WPA2_PSK
2026-03-19 22:36:51,19.5109501,-99.1245270,IZZI-456C,24:E4:CE:BC:45:71,1,-63,WPA2_PSK
2026-03-19 22:36:51,19.5109501,-99.1245270,RED_MIA,3E:78:95:23:53:B2,7,-63,WPA2_PSK
2026-03-19 22:36:51,19.5109501,-99.1245270,Megacable_2.4G_C29E,34:24:3E:22:C2:9E,8,-63,WPA_WPA2_PSK
2026-03-19 22:36:51,19.5109501,-99.1245270,,2E:E4:CE:BC:45:73,1,-65,OPEN
2026-03-19 22:36:51,19.5109501,-99.1245270,OXIO_5419,A4:D4:B2:3C:F7:D9,10,-66,WPA_WPA2_PSK
2026-03-19 22:36:51,19.5109501,-99.1245270,CDMX-Internet para Todos,00:4E:35:01:B4:A3,11,-66,OPEN
2026-03-19 22:36:51,19.5109501,-99.1245270,,3C:78:95:63:53:B2,7,-67,WPA_WPA2_PSK
2026-03-19 22:36:51,19.5109501,-99.1245270,,00:4E:35:01:B4:A2,11,-67,WPA2_PSK
2026-03-19 22:36:51,19.5109501,-99.1245270,BLUETELECOMM_5E80,B4:CD:27:AD:5E:80,1,-68,WPA2_PSK
2026-03-19 22:36:51,19.5109501,-99.1245270,IZZI-DDE4,D4:E2:CB:A3:DD:E8,1,-68,WPA2_PSK
2026-03-19 22:36:51,19.5109501,-99.1245270,RED_MIA,3E:78:95:23:53:B6,7,-70,WPA2_PSK
2026-03-19 22:36:51,19.5109501,-99.1245270,Mega_2.4G_B4D2,9C:63:5B:7E:B4:D2,4,-72,WPA2_PSK
2026-03-19 22:36:51,19.5109501,-99.1245270,TP-Link_EE12,E0:D3:62:A8:EE:12,9,-72,WPA2_PSK
2026-03-19 22:36:51,19.5109501,-99.1245270,,3C:78:95:63:50:D6,7,-73,WPA_WPA2_PSK
2026-03-19 22:36:51,19.5109501,-99.1245270,Mega_2.4G_24E6,48:96:D9:77:24:E6,3,-74,WPA_WPA2_PSK
2026-03-19 22:36:51,19.5109501,-99.1245270,RED_MIA,3E:78:95:23:50:D6,7,-74,WPA2_PSK
2026-03-19 22:36:51,19.5109501,-99.1245270,Arturo26,4C:C6:4C:A6:9F:FE,3,-77,WPA_WPA2_PSK
2026-03-19 22:36:51,19.5109501,-99.1245270,MERCUSYS_7314,30:16:9D:0E:73:14,10,-77,OPEN
2026-03-19 22:36:51,19.5109501,-99.1245270,sk8room,B0:BE:76:E3:9C:97,3,-78,WPA_WPA2_PSK
2026-03-19 22:36:51,19.5109501,-99.1245270,Totalplay-0FA5_2.4Gnormal,F8:53:29:0E:A0:38,4,-78,WPA_WPA2_PSK
2026-03-19 22:36:51,19.5109501,-99.1245270,Totalplay-2.4G-3ca8,D4:01:68:9B:3C:A8,11,-80,WPA2_PSK
2026-03-19 22:36:51,19.5109501,-99.1245270,TP-Link_AP_9E20,50:C7:BF:FD:9E:20,10,-81,WPA2_PSK
2026-03-19 22:36:51,19.5109501,-99.1245270,Xiaomi_DER,EC:41:18:9B:FB:5E,11,-81,WPA_WPA2_PSK
2026-03-19 22:36:51,19.5109501,-99.1245270,INFINITUM1145,06:70:56:41:1B:69,5,-83,WPA2_PSK
2026-03-19 22:36:51,19.5109501,-99.1245270,,BE:5B:D5:AA:7E:13,6,-84,UNKNOWN
2026-03-19 22:36:51,19.5109501,-99.1245270,DIRECT-roku-SRL-807F68,6E:57:25:19:21:0F,6,-84,WPA2_PSK
2026-03-19 22:36:51,19.5109501,-99.1245270,,AC:4F:65:AD:2A:F4,10,-87,OPEN
2026-03-19 22:37:07,19.5112057,-99.1245041,Verizon-RC400L-42,58:32:77:25:92:42,6,-25,WPA2_PSK
2026-03-19 22:37:07,19.5112057,-99.1245041,CDMX-Internet para Todos,00:4E:35:01:B4:A3,11,-66,OPEN
2026-03-19 22:37:07,19.5112057,-99.1245041,TP-Link_EE12,E0:D3:62:A8:EE:12,9,-69,WPA2_PSK
2026-03-19 22:37:07,19.5112057,-99.1245041,Mega_2.4G_24E6,48:96:D9:77:24:E6,3,-70,WPA_WPA2_PSK
2026-03-19 22:37:07,19.5112057,-99.1245041,MERCUSYS_7314,30:16:9D:0E:73:14,10,-71,OPEN
2026-03-19 22:37:07,19.5112057,-99.1245041,IZZI-DDE4,D4:E2:CB:A3:DD:E8,1,-72,WPA2_PSK
2026-03-19 22:37:07,19.5112057,-99.1245041,,00:4E:35:01:B4:A2,11,-72,WPA2_PSK
2026-03-19 22:37:07,19.5112057,-99.1245041,EHPS 1 - 2.4 G,D8:0D:17:CA:BF:AD,3,-73,WPA2_PSK
2026-03-19 22:37:07,19.5112057,-99.1245041,IZZI-9D90,38:AD:2B:84:9D:98,11,-75,WPA_WPA2_PSK
2026-03-19 22:37:07,19.5112057,-99.1245041,,3C:78:95:63:53:B6,7,-76,WPA_WPA2_PSK
2026-03-19 22:37:07,19.5112057,-99.1245041,TP-Link_8297,60:32:B1:70:82:97,2,-77,WPA_WPA2_PSK
2026-03-19 22:37:07,19.5112057,-99.1245041,Megacable_2.4G_C29E,34:24:3E:22:C2:9E,8,-77,WPA_WPA2_PSK
2026-03-19 22:37:07,19.5112057,-99.1245041,,8C:0C:90:BE:73:B8,13,-77,UNKNOWN
2026-03-19 22:37:07,19.5112057,-99.1245041,,3C:78:95:63:50:D6,7,-78,WPA_WPA2_PSK
2026-03-19 22:37:07,19.5112057,-99.1245041,..izzi WiFi,8C:0C:90:3E:73:B8,13,-78,OPEN
2026-03-19 22:37:07,19.5112057,-99.1245041,IZZI-AE29,2C:95:69:BE:A6:3C,6,-80,WPA2_PSK
2026-03-19 22:37:07,19.5112057,-99.1245041,,3C:78:95:63:53:B2,7,-80,WPA_WPA2_PSK
2026-03-19 22:37:07,19.5112057,-99.1245041,RED_MIA,3E:78:95:23:53:B2,7,-80,WPA2_PSK
2026-03-19 22:37:07,19.5112057,-99.1245041,TP-Link_AP_9E00_EXT,98:BA:5F:7A:D0:00,3,-81,WPA2_PSK
2026-03-19 22:37:07,19.5112057,-99.1245041,Mega_2.4G_B4D2,9C:63:5B:7E:B4:D2,4,-81,WPA2_PSK
2026-03-19 22:37:07,19.5112057,-99.1245041,WF1_e8690873258,E8:06:90:87:32:59,1,-83,WPA_WPA2_PSK
2026-03-19 22:37:07,19.5112057,-99.1245041,lNFlNlTUMF262_2.4,F4:9E:EF:AA:97:5D,3,-83,WPA_WPA2_PSK
2026-03-19 22:37:07,19.5112057,-99.1245041,Totalplay-D8AA,EC:A1:D1:78:18:3C,8,-84,WPA2_PSK
2026-03-19 22:37:07,19.5112057,-99.1245041,HOME-1D47,8C:04:FF:EB:1D:47,1,-85,WPA_WPA2_PSK
2026-03-19 22:37:07,19.5112057,-99.1245041,Totalplay-2.4G-5558,6C:D8:19:ED:55:58,1,-85,WPA2_PSK
2026-03-19 22:37:07,19.5112057,-99.1245041,Blue,24:2F:D0:81:F4:DA,3,-85,WPA2_PSK
2026-03-19 22:37:07,19.5112057,-99.1245041,KAWA_D5_157f,BC:FD:0C:29:15:7F,7,-86,WPA_WPA2_PSK
2026-03-19 22:37:07,19.5112057,-99.1245041,*.Megacable WiFi.*,8C:0C:90:7E:73:B8,13,-86,OPEN
2026-03-19 22:37:23,19.5114536,-99.1244659,Verizon-RC400L-42,58:32:77:25:92:42,6,-28,WPA2_PSK
2026-03-19 22:37:23,19.5114536,-99.1244659,,EC:A1:D1:78:18:3E,8,-57,WPA2_PSK
2026-03-19 22:37:23,19.5114536,-99.1244659,MERCUSYS_7314,30:16:9D:0E:73:14,10,-62,OPEN
2026-03-19 22:37:23,19.5114536,-99.1244659,Mega_2.4G_24E6,48:96:D9:77:24:E6,3,-63,WPA_WPA2_PSK
2026-03-19 22:37:23,19.5114536,-99.1244659,Totalplay-D8AA,EC:A1:D1:78:18:3C,8,-64,WPA2_PSK
2026-03-19 22:37:23,19.5114536,-99.1244659,Club_Totalplay_WiFi,EC:A1:D1:78:18:3F,8,-64,OPEN
2026-03-19 22:37:23,19.5114536,-99.1244659,IZZI-9D90,38:AD:2B:84:9D:98,11,-64,WPA_WPA2_PSK
2026-03-19 22:37:23,19.5114536,-99.1244659,CDMX-Internet para Todos,00:4E:35:01:B4:A3,11,-67,OPEN
2026-03-19 22:37:23,19.5114536,-99.1244659,,00:4E:35:01:B4:A2,11,-69,WPA2_PSK
2026-03-19 22:37:23,19.5114536,-99.1244659,TP-Link_8297,60:32:B1:70:82:97,2,-71,WPA_WPA2_PSK
2026-03-19 22:37:23,19.5114536,-99.1244659,IZZI-3FC4,00:CB:7A:60:3F:C8,1,-73,WPA2_PSK
2026-03-19 22:37:23,19.5114536,-99.1244659,,8C:0C:90:BE:73:B8,13,-73,UNKNOWN
2026-03-19 22:37:23,19.5114536,-99.1244659,EHPS 1 - 2.4 G,D8:0D:17:CA:BF:AD,3,-75,WPA2_PSK
2026-03-19 22:37:23,19.5114536,-99.1244659,..izzi WiFi,8C:0C:90:3E:73:B8,13,-76,OPEN
2026-03-19 22:37:23,19.5114536,-99.1244659,INFINITUM2E3C_2.4,10:50:72:2C:47:B0,1,-77,WPA2_PSK
2026-03-19 22:37:23,19.5114536,-99.1244659,Wi-Fi IPN,D0:D3:E0:58:E3:80,11,-79,OPEN
2026-03-19 22:37:23,19.5114536,-99.1244659,ASUS_F0,A8:5E:45:0D:BE:F0,1,-81,WPA2_PSK
2026-03-19 22:37:23,19.5114536,-99.1244659,IZZI-DDE4,D4:E2:CB:A3:DD:E8,1,-82,WPA2_PSK
2026-03-19 22:37:23,19.5114536,-99.1244659,Tenda_431080,04:95:E6:43:10:81,2,-84,WPA_WPA2_PSK
2026-03-19 22:37:23,19.5114536,-99.1244659,Club_Totalplay_WiFi,BC:47:32:42:C9:09,6,-84,OPEN
2026-03-19 22:37:23,19.5114536,-99.1244659,DIRECT-6E-IM430_8b81,DA:61:62:C8:E9:FE,11,-87,WPA2_PSK
2026-03-19 22:37:39,19.5117397,-99.1242981,Verizon-RC400L-42,58:32:77:25:92:42,6,-29,WPA2_PSK
2026-03-19 22:37:39,19.5117397,-99.1242981,..izzi WiFi,8C:0C:90:3E:73:B8,13,-54,OPEN
2026-03-19 22:37:39,19.5117397,-99.1242981,,8C:0C:90:BE:73:B8,13,-54,UNKNOWN
2026-03-19 22:37:39,19.5117397,-99.1242981,*.Megacable WiFi.*,8C:0C:90:7E:73:B8,13,-60,OPEN
2026-03-19 22:37:39,19.5117397,-99.1242981,IZZI-D811,24:E4:CE:BC:D8:16,1,-62,WPA2_PSK
2026-03-19 22:37:39,19.5117397,-99.1242981,IZZI-1A6C,00:CB:7A:8D:1A:70,6,-65,WPA2_PSK
2026-03-19 22:37:39,19.5117397,-99.1242981,,FA:2D:C0:A3:54:3B,1,-67,UNKNOWN
2026-03-19 22:37:39,19.5117397,-99.1242981,Megacble_8E10,E8:D7:65:6B:FB:00,4,-71,WPA_WPA2_PSK
2026-03-19 22:37:39,19.5117397,-99.1242981,MC26843,30:3D:51:12:B3:EA,1,-72,WPA_WPA2_PSK
2026-03-19 22:37:39,19.5117397,-99.1242981,,BA:A7:B9:A5:76:A3,10,-72,WPA2_PSK
2026-03-19 22:37:39,19.5117397,-99.1242981,IZZI-EE94,94:04:E3:D1:EE:98,1,-73,WPA2_PSK
2026-03-19 22:37:39,19.5117397,-99.1242981,Club_Totalplay_WiFi,EC:A1:D1:78:18:3F,8,-73,OPEN
2026-03-19 22:37:39,19.5117397,-99.1242981,lalocanoo,BA:A7:B9:A5:76:A4,10,-73,WPA2_PSK
2026-03-19 22:37:39,19.5117397,-99.1242981,Totalplay-2.4G-69D0,20:5E:0D:34:69:D1,10,-74,WPA_WPA2_PSK
2026-03-19 22:37:39,19.5117397,-99.1242981,Club_Totalplay_WiFi,04:FE:8D:B8:CD:1F,8,-75,OPEN
2026-03-19 22:37:39,19.5117397,-99.1242981,MERCUSYS_7314,30:16:9D:0E:73:14,10,-75,OPEN
2026-03-19 22:37:39,19.5117397,-99.1242981,Totalplay-C49E,04:FE:8D:B8:CD:1C,8,-77,WPA2_PSK
2026-03-19 22:37:39,19.5117397,-99.1242981,Megacble_8E10,EC:A1:D1:E2:DD:30,9,-77,WPA_WPA2_PSK
2026-03-19 22:37:39,19.5117397,-99.1242981,lNFlNlTUMF262_2.4,F4:9E:EF:AA:97:5D,3,-78,WPA_WPA2_PSK
2026-03-19 22:37:39,19.5117397,-99.1242981,Totalplay-94AD,F4:FB:B8:0C:8D:B4,6,-78,WPA2_PSK
2026-03-19 22:37:39,19.5117397,-99.1242981,,04:FE:8D:B8:CD:1E,8,-78,WPA2_PSK
2026-03-19 22:37:39,19.5117397,-99.1242981,Mega_2.4G_24E6,48:96:D9:77:24:E6,3,-79,WPA_WPA2_PSK
2026-03-19 22:37:39,19.5117397,-99.1242981,Totalplay-9AB0,4E:D6:29:3F:C8:64,4,-80,WPA2_PSK
2026-03-19 22:37:39,19.5117397,-99.1242981,,F4:FB:B8:0C:8D:B6,6,-82,WPA2_PSK
2026-03-19 22:37:39,19.5117397,-99.1242981,INFINITUM781F,7C:13:1D:7E:34:34,6,-83,WPA2_PSK
2026-03-19 22:37:39,19.5117397,-99.1242981,Totalplay-5G-c908_2.4G,BC:47:32:42:C9:08,6,-83,WPA_WPA2_PSK
2026-03-19 22:37:39,19.5117397,-99.1242981,Club_Totalplay_WiFi,BC:47:32:42:C9:09,6,-83,OPEN
2026-03-19 22:37:39,19.5117397,-99.1242981,Club_Totalplay_WiFi,24:91:BB:46:C9:87,5,-85,OPEN
2026-03-19 22:37:39,19.5117397,-99.1242981,Mega_2.4G_F12F,D4:61:95:C1:F1:2F,5,-86,WPA_WPA2_PSK
2026-03-19 22:37:39,19.5117397,-99.1242981,,3C:78:95:63:53:B2,7,-92,WPA_WPA2_PSK
2026-03-19 22:37:55,19.5123444,-99.1241531,Verizon-RC400L-42,58:32:77:25:92:42,6,-27,WPA2_PSK
2026-03-19 22:37:55,19.5123444,-99.1241531,Totalplay-2.4G-50F0,20:5E:0D:24:50:F1,11,-50,WPA_WPA2_PSK
2026-03-19 22:37:55,19.5123444,-99.1241531,,20:5E:0D:24:50:F4,11,-52,OPEN
2026-03-19 22:37:55,19.5123444,-99.1241531,,8E:61:A3:A7:08:DB,1,-54,UNKNOWN
2026-03-19 22:37:55,19.5123444,-99.1241531,IZZI-C62E,8C:61:A3:B7:08:DB,1,-57,WPA2_PSK
2026-03-19 22:37:55,19.5123444,-99.1241531,HP-Print-83-LaserJet 1102,10:08:B1:04:ED:83,6,-63,OPEN
2026-03-19 22:37:55,19.5123444,-99.1241531,,F4:FB:B8:0C:8D:B6,6,-63,WPA2_PSK
2026-03-19 22:37:55,19.5123444,-99.1241531,Totalplay-94AD,F4:FB:B8:0C:8D:B4,6,-65,WPA2_PSK
2026-03-19 22:37:55,19.5123444,-99.1241531,Tenda_9EF0B0,50:0F:F5:9E:F0:B0,9,-65,OPEN
2026-03-19 22:37:55,19.5123444,-99.1241531,,48:12:58:AB:F3:0E,3,-66,WPA2_PSK
2026-03-19 22:37:55,19.5123444,-99.1241531,INFINITUM86C1,C0:9F:51:CD:D3:44,11,-68,WPA2_PSK
2026-03-19 22:37:55,19.5123444,-99.1241531,Totalplay-9AB0,4E:D6:29:3F:C8:64,4,-69,WPA2_PSK
2026-03-19 22:37:55,19.5123444,-99.1241531,Totalplay-E3AD,48:12:58:AB:F3:0C,3,-70,WPA2_PSK
2026-03-19 22:37:55,19.5123444,-99.1241531,,4E:D6:29:3F:C8:66,4,-70,WPA2_PSK
2026-03-19 22:37:55,19.5123444,-99.1241531,IZZI-F306_EXT,8C:90:2D:B2:1B:84,1,-74,WPA2_PSK
2026-03-19 22:37:55,19.5123444,-99.1241531,Club_Totalplay_WiFi,4E:D6:29:3F:C8:67,4,-75,OPEN
2026-03-19 22:37:55,19.5123444,-99.1241531,HUAWEI-2.4G-kDCA,D8:59:82:37:76:B8,5,-75,WPA2_PSK
2026-03-19 22:37:55,19.5123444,-99.1241531,,8C:0C:90:BE:73:B8,13,-75,UNKNOWN
2026-03-19 22:37:55,19.5123444,-99.1241531,Club_Totalplay_WiFi,04:FE:8D:B8:CD:1F,8,-76,OPEN
2026-03-19 22:37:55,19.5123444,-99.1241531,IZZI-F306,98:39:10:AC:F3:0B,1,-77,WPA2_PSK
2026-03-19 22:37:55,19.5123444,-99.1241531,Club_Totalplay_WiFi,B4:6E:08:2B:A2:93,9,-80,OPEN
2026-03-19 22:37:55,19.5123444,-99.1241531,Megacble_8E10,EC:A1:D1:E2:DD:30,9,-81,WPA_WPA2_PSK
2026-03-19 22:37:55,19.5123444,-99.1241531,lalocanoo,BA:A7:B9:A5:76:A4,10,-82,WPA2_PSK
2026-03-19 22:37:55,19.5123444,-99.1241531,Totalplay-83A4_2.4Gnormal,B4:6E:08:2B:A2:90,9,-83,WPA2_PSK
2026-03-19 22:37:55,19.5123444,-99.1241531,Totalplay-2.4G-2c38,BC:47:32:71:2C:38,6,-84,WPA2_PSK
2026-03-19 22:37:55,19.5123444,-99.1241531,Club_Totalplay_WiFi,BC:47:32:71:2C:39,6,-85,OPEN
2026-03-19 22:37:55,19.5123444,-99.1241531,MERCUSYS_7314,30:16:9D:0E:73:14,10,-85,OPEN
2026-03-19 22:37:55,19.5123444,-99.1241531,Layna House,58:76:AC:AB:9B:14,6,-88,WPA2_PSK
2026-03-19 22:37:55,19.5123444,-99.1241531,Club_Totalplay_WiFi,90:17:3F:40:8D:0F,8,-88,OPEN
2026-03-19 22:38:11,19.5130405,-99.1240387,Verizon-RC400L-42,58:32:77:25:92:42,6,-26,WPA2_PSK
2026-03-19 22:38:11,19.5130405,-99.1240387,Mega-2.4G-50B2,AE:5E:14:E0:96:AC,2,-47,WPA2_WPA3_PSK
2026-03-19 22:38:11,19.5130405,-99.1240387,Club_Totalplay_WiFi,3E:93:F4:9E:9D:6F,10,-67,OPEN
2026-03-19 22:38:11,19.5130405,-99.1240387,,3E:93:F4:9E:9D:6E,10,-67,WPA2_PSK
2026-03-19 22:38:11,19.5130405,-99.1240387,SATCO-3BAF,10:2D:31:08:3B:AF,10,-67,WPA2_PSK
2026-03-19 22:38:11,19.5130405,-99.1240387,IZZI-5169,24:E4:CE:13:51:6E,11,-67,WPA2_PSK
2026-03-19 22:38:11,19.5130405,-99.1240387,Totalplay-F3B1,3E:93:F4:9E:9D:6C,10,-68,WPA2_PSK
2026-03-19 22:38:11,19.5130405,-99.1240387,Anjova ,50:95:51:D6:E1:24,1,-69,WPA2_PSK
2026-03-19 22:38:11,19.5130405,-99.1240387,IZZI-DC56,F0:AF:85:11:AC:B5,1,-76,WPA2_PSK
2026-03-19 22:38:11,19.5130405,-99.1240387,Wifi_Anexo,70:4F:57:BF:C4:15,1,-78,WPA_WPA2_PSK
2026-03-19 22:38:11,19.5130405,-99.1240387,,8E:61:A3:A7:08:DB,1,-79,UNKNOWN
2026-03-19 22:38:11,19.5130405,-99.1240387,,64:9D:F3:07:57:51,1,-80,OPEN
2026-03-19 22:38:11,19.5130405,-99.1240387,INFINITUMC90C,58:76:AC:91:B1:74,6,-80,WPA2_PSK
2026-03-19 22:38:11,19.5130405,-99.1240387,,F2:AF:85:AE:20:FD,1,-81,UNKNOWN
2026-03-19 22:38:11,19.5130405,-99.1240387,INFINITUM1927,E4:3E:D7:0F:62:1D,6,-81,WPA2_PSK
2026-03-19 22:38:11,19.5130405,-99.1240387,IZZI-5654,40:0F:C1:1F:56:58,6,-82,WPA2_PSK
2026-03-19 22:38:11,19.5130405,-99.1240387,EmployeeConnect,A0:E0:AF:5D:8A:22,1,-84,UNKNOWN
2026-03-19 22:38:11,19.5130405,-99.1240387,A16 de Oscar,7A:E9:49:46:9F:47,6,-84,WPA2_PSK
2026-03-19 22:38:11,19.5130405,-99.1240387,Mega-2.4G-8AB1,16:49:20:41:A5:00,7,-84,WPA2_WPA3_PSK
2026-03-19 22:38:11,19.5130405,-99.1240387,,CA:52:61:A5:C8:17,6,-86,UNKNOWN
2026-03-19 22:38:11,19.5130405,-99.1240387,IZZI-8EDF,24:E4:CE:B3:8E:E4,6,-86,WPA2_PSK
2026-03-19 22:38:11,19.5130405,-99.1240387,S3RL,EC:E7:A2:67:78:48,1,-87,WPA2_PSK
2026-03-19 22:38:11,19.5130405,-99.1240387,Club_Totalplay_WiFi,EC:E7:A2:67:78:49,1,-87,OPEN
2026-03-19 22:38:11,19.5130405,-99.1240387,GuestConnect,70:B3:17:2F:5D:A1,6,-87,OPEN
2026-03-19 22:38:11,19.5130405,-99.1240387,..izzi WiFi,8C:0C:90:3E:73:B8,13,-87,OPEN
2026-03-19 22:38:11,19.5130405,-99.1240387,IZZI-1A6C,00:CB:7A:8D:1A:70,6,-89,WPA2_PSK
2026-03-19 22:38:11,19.5130405,-99.1240387,Club_Totalplay_WiFi,04:FE:8D:B7:E8:AF,7,-89,OPEN
2026-03-19 22:38:11,19.5130405,-99.1240387,,CA:41:1E:C2:C4:93,9,-90,WPA2_PSK
2026-03-19 22:38:27,19.5133495,-99.1240768,Verizon-RC400L-42,58:32:77:25:92:42,6,-28,WPA2_PSK
2026-03-19 22:38:27,19.5133495,-99.1240768,,A4:6D:A4:FF:10:FA,9,-66,WPA2_PSK
2026-03-19 22:38:27,19.5133495,-99.1240768,Totalplay-00AA_2.4G,A4:6D:A4:FF:10:F8,9,-68,WPA_WPA2_PSK
2026-03-19 22:38:27,19.5133495,-99.1240768,Club_Totalplay_WiFi,C4:FB:AA:7A:EB:B7,4,-72,OPEN
2026-03-19 22:38:27,19.5133495,-99.1240768,ESKHERETTII1_2.4G,C4:FB:AA:7A:EB:B4,4,-73,WPA_WPA2_PSK
2026-03-19 22:38:27,19.5133495,-99.1240768,hatzy.,C4:6E:1F:E0:23:A4,1,-76,WPA_WPA2_PSK
2026-03-19 22:38:27,19.5133495,-99.1240768,WDATA1,A0:E0:AF:5D:8A:20,1,-77,UNKNOWN
2026-03-19 22:38:27,19.5133495,-99.1240768,camera_90d3,98:A8:29:CA:90:D3,6,-77,WPA2_PSK
2026-03-19 22:38:27,19.5133495,-99.1240768,HUAWEI-2.4G-kDCA,D8:59:82:37:76:B8,5,-78,WPA2_PSK
2026-03-19 22:38:27,19.5133495,-99.1240768,Hernandez_Lopez,E8:65:D4:C4:E3:F1,6,-79,WPA_WPA2_PSK
2026-03-19 22:38:27,19.5133495,-99.1240768,,C4:FB:AA:7A:EB:B6,4,-80,WPA2_PSK
2026-03-19 22:38:27,19.5133495,-99.1240768,IZZI-FC98,24:E4:CE:15:FC:9D,1,-83,WPA2_PSK
2026-03-19 22:38:27,19.5133495,-99.1240768,IZZI-9894,10:A7:93:C8:98:98,1,-83,WPA2_PSK
2026-03-19 22:38:27,19.5133495,-99.1240768,IZZI-EE94,94:04:E3:D1:EE:98,1,-83,WPA2_PSK
2026-03-19 22:38:27,19.5133495,-99.1240768,Anjova ,50:95:51:D6:E1:24,1,-83,WPA2_PSK
2026-03-19 22:38:27,19.5133495,-99.1240768,Totalplay-2.4G-5750,64:9D:F3:07:57:50,1,-85,WPA2_PSK
2026-03-19 22:38:27,19.5133495,-99.1240768,SG2021_2,B0:95:75:4B:5D:50,3,-86,WPA2_PSK
2026-03-19 22:38:27,19.5133495,-99.1240768,,04:FE:8D:B7:E8:AE,7,-86,WPA2_PSK
2026-03-19 22:38:27,19.5133495,-99.1240768,Totalplay-C4A8,C4:FB:AA:7B:12:8C,1,-87,WPA2_PSK
2026-03-19 22:38:27,19.5133495,-99.1240768,,3E:93:F4:9F:4D:57,3,-90,OPEN
2026-03-19 22:38:44,19.5140972,-99.1234283,Verizon-RC400L-42,58:32:77:25:92:42,6,-29,WPA2_PSK
2026-03-19 22:38:44,19.5140972,-99.1234283,IZZI-7A74,3C:82:C0:B2:7A:78,6,-47,WPA2_PSK
2026-03-19 22:38:44,19.5140972,-99.1234283,Distrito XV,56:B7:BD:4A:26:71,9,-69,WPA2_PSK
2026-03-19 22:38:44,19.5140972,-99.1234283,,FA:E2:C6:2A:1D:21,1,-71,WPA2_PSK
2026-03-19 22:38:44,19.5140972,-99.1234283,IZZI-D231,F4:E2:C6:2D:F2:7C,1,-72,WPA2_PSK
2026-03-19 22:38:44,19.5140972,-99.1234283,IZZI-D231,F4:E2:C6:2A:1D:21,1,-73,WPA2_PSK
2026-03-19 22:38:44,19.5140972,-99.1234283,IZZI-7918,90:AA:C3:73:79:1E,1,-74,WPA_WPA2_PSK
2026-03-19 22:38:44,19.5140972,-99.1234283,INFINITUM3780,58:76:AC:12:17:04,6,-75,WPA2_PSK
2026-03-19 22:38:44,19.5140972,-99.1234283,,FA:E2:C6:2D:F2:7C,1,-77,WPA2_PSK
2026-03-19 22:38:44,19.5140972,-99.1234283,home,AA:29:48:84:51:44,10,-77,WPA2_PSK
2026-03-19 22:38:44,19.5140972,-99.1234283,GuestConnect,50:2F:A8:67:6A:C1,1,-80,OPEN
2026-03-19 22:38:44,19.5140972,-99.1234283,TC16,BE:E5:DC:9A:73:12,1,-81,WPA2_PSK
2026-03-19 22:38:44,19.5140972,-99.1234283,,6E:63:9C:22:B3:71,6,-82,UNKNOWN
2026-03-19 22:38:44,19.5140972,-99.1234283,Club_Totalplay_WiFi,E8:6D:E9:82:F8:7F,1,-84,OPEN
2026-03-19 22:38:44,19.5140972,-99.1234283,WDATA1,50:2F:A8:67:6A:C0,1,-85,UNKNOWN
2026-03-19 22:38:44,19.5140972,-99.1234283,,08:BF:B8:7B:48:98,1,-87,WPA2_PSK
2026-03-19 22:39:00,19.5151157,-99.1224823,Verizon-RC400L-42,58:32:77:25:92:42,6,-26,WPA2_PSK
2026-03-19 22:39:16,19.5159836,-99.1210098,Verizon-RC400L-42,58:32:77:25:92:42,6,-27,WPA2_PSK
2026-03-19 22:39:32,19.5168724,-99.1194839,Verizon-RC400L-42,58:32:77:25:92:42,6,-30,WPA2_PSK
2026-03-19 22:39:32,19.5168724,-99.1194839,Galaxy A55 5G 92AF,66:12:A3:C4:CE:39,6,-83,WPA2_PSK
2026-03-19 22:39:48,19.5172348,-99.1187515,Verizon-RC400L-42,58:32:77:25:92:42,6,-28,WPA2_PSK
2026-03-19 22:39:48,19.5172348,-99.1187515,Galaxy A55 5G 92AF,66:12:A3:C4:CE:39,6,-77,WPA2_PSK
2026-03-19 22:39:48,19.5172348,-99.1187515,INFINITUMBB26,58:76:AC:3F:CF:A4,6,-80,WPA2_PSK
2026-03-19 22:39:48,19.5172348,-99.1187515,,FA:9F:C2:6B:52:E7,6,-85,WPA2_PSK
2026-03-19 22:40:04,19.5178661,-99.1175385,Verizon-RC400L-42,58:32:77:25:92:42,6,-32,WPA2_PSK
2026-03-19 22:40:04,19.5178661,-99.1175385,Cats,CC:2D:21:49:89:F1,13,-91,WPA_WPA2_PSK
2026-03-19 22:40:20,19.5182419,-99.1165009,Verizon-RC400L-42,58:32:77:25:92:42,6,-27,WPA2_PSK
2026-03-19 22:40:20,19.5182419,-99.1165009,INFINITUM3A93,58:76:AC:99:C2:84,1,-85,WPA2_PSK
2026-03-19 22:40:20,19.5182419,-99.1165009,INFINITUM59D5,E0:A1:CE:B8:E3:2C,1,-86,WPA2_PSK
2026-03-19 22:40:20,19.5182419,-99.1165009,INFINITUM0B41_2.4,F8:6C:E1:82:20:A9,11,-91,WPA2_PSK
2026-03-19 22:40:36,19.5193424,-99.1150513,Verizon-RC400L-42,58:32:77:25:92:42,6,-29,WPA2_PSK
2026-03-19 22:40:36,19.5193424,-99.1150513,WTBZSJ,C2:6C:AC:AF:1F:6D,11,-67,WPA2_PSK
2026-03-19 22:40:36,19.5193424,-99.1150513,WOPEZSJ,A2:6C:AC:AF:1F:6D,11,-68,WPA2_PSK
2026-03-19 22:40:36,19.5193424,-99.1150513,WTABZSJ,B2:6C:AC:AF:1F:6D,11,-69,WPA2_PSK
2026-03-19 22:40:36,19.5193424,-99.1150513,WHHZSJ,90:6C:AC:AF:1F:6D,11,-70,WPA2_PSK
2026-03-19 22:40:36,19.5193424,-99.1150513,Steren COM-852,50:0F:F5:28:82:B1,13,-90,WPA2_PSK
2026-03-19 22:40:51,19.5198059,-99.1143723,Verizon-RC400L-42,58:32:77:25:92:42,6,-25,WPA2_PSK
2026-03-19 22:40:51,19.5198059,-99.1143723,Galaxy A14 599B,36:B3:78:97:72:EB,10,-63,WPA2_PSK
2026-03-19 22:40:51,19.5198059,-99.1143723,WTABZSJ,92:4C:A5:1A:00:E7,1,-69,WPA2_PSK
2026-03-19 22:40:51,19.5198059,-99.1143723,WTBZSJ,94:F3:92:70:37:4B,6,-71,WPA2_PSK
2026-03-19 22:40:51,19.5198059,-99.1143723,WOPEZSJ,94:F3:92:70:37:49,6,-72,WPA2_PSK
2026-03-19 22:40:51,19.5198059,-99.1143723,INFINITUMB0B2,E0:A1:CE:A5:62:C2,11,-73,WPA2_PSK
2026-03-19 22:40:51,19.5198059,-99.1143723,WTABZSJ,94:F3:92:70:37:4A,6,-74,WPA2_PSK
2026-03-19 22:40:51,19.5198059,-99.1143723,WHHZSJ,90:6C:AC:AF:1F:6D,11,-80,WPA2_PSK
2026-03-19 22:40:51,19.5198059,-99.1143723,WHHZSJ,E8:1C:BA:B6:66:18,11,-81,WPA2_PSK
2026-03-19 22:40:51,19.5198059,-99.1143723,WTBZSJ,E8:1C:BA:B6:66:1B,11,-83,WPA2_PSK
2026-03-19 22:40:51,19.5198059,-99.1143723,,7A:3E:A1:C8:D8:39,1,-84,WPA2_PSK
2026-03-19 22:40:51,19.5198059,-99.1143723,OPPO A38,FA:ED:9B:9B:07:DD,1,-87,WPA2_PSK
2026-03-19 22:41:08,19.5206013,-99.1142731,Verizon-RC400L-42,58:32:77:25:92:42,6,-27,WPA2_PSK
2026-03-19 22:41:08,19.5206013,-99.1142731,,9C:A7:D8:04:38:E4,2,-79,OPEN
2026-03-19 22:41:08,19.5206013,-99.1142731,Mega_2.4G_09C0,9C:63:5B:7E:09:C0,9,-80,WPA2_PSK
2026-03-19 22:41:08,19.5206013,-99.1142731,Justice League,20:08:89:53:57:13,7,-81,WPA2_PSK
2026-03-19 22:41:23,19.5210667,-99.1141891,Verizon-RC400L-42,58:32:77:25:92:42,6,-26,WPA2_PSK
2026-03-19 22:41:39,19.5210629,-99.1141891,Verizon-RC400L-42,58:32:77:25:92:42,6,-26,WPA2_PSK
2026-03-19 22:41:55,19.5210629,-99.1141891,Verizon-RC400L-42,58:32:77:25:92:42,6,-28,WPA2_PSK
2026-03-19 22:42:11,19.5211296,-99.1141586,Verizon-RC400L-42,58:32:77:25:92:42,6,-27,WPA2_PSK
2026-03-19 22:42:11,19.5211296,-99.1141586,INFINITUMB7B3,88:C2:27:98:7C:EC,11,-67,WPA2_PSK
2026-03-19 22:42:27,19.5211811,-99.1134338,IZZI-35E8,C0:B1:01:E0:35:E8,8,-56,WPA2_PSK
2026-03-19 22:42:27,19.5211811,-99.1134338,,68:E2:09:16:A3:AA,3,-83,WPA2_PSK
2026-03-19 22:42:27,19.5211811,-99.1134338,HONOR 50,2A:FB:03:31:BE:EF,11,-87,WPA2_PSK
2026-03-19 22:42:43,19.5206146,-99.1123276,[LG_Refrigerator]1623,1E:39:29:4F:16:23,11,-79,WPA2_PSK
2026-03-19 22:42:43,19.5206146,-99.1123276,Galaxy S20 Ultra 5Ge02a,F6:54:D0:6B:46:BA,1,-80,WPA2_PSK
2026-03-19 22:42:43,19.5206146,-99.1123276,INFINITUM36C9,3C:BD:69:46:5C:59,6,-82,WPA2_PSK
2026-03-19 22:42:43,19.5206146,-99.1123276,,52:06:F5:1F:5E:A9,1,-83,WPA2_PSK
2026-03-19 22:42:59,19.5204468,-99.1120148,,52:06:F5:1F:5E:A9,1,-72,WPA2_PSK
2026-03-19 22:42:59,19.5204468,-99.1120148,INFINITUMBD8E_2.4,CC:D4:2E:83:71:80,1,-81,WPA2_PSK
2026-03-19 22:42:59,19.5204468,-99.1120148,Club_Totalplay_WiFi,FE:BC:D1:E8:53:37,2,-82,OPEN
2026-03-19 22:42:59,19.5204468,-99.1120148,[LG_Refrigerator]1623,1E:39:29:4F:16:23,11,-86,WPA2_PSK
2026-03-19 22:43:15,19.5203934,-99.1119385,NENA.ZARAGOZA_2.4G,10:08:1D:CD:69:28,1,-59,WPA_WPA2_PSK
2026-03-19 22:43:15,19.5203934,-99.1119385,IZZI-BDA7,48:96:D9:DD:BD:A7,10,-73,WPA2_PSK
2026-03-19 22:43:15,19.5203934,-99.1119385,x69x76x61x6eG5,A8:E8:1E:10:93:F0,11,-76,WPA2_PSK
2026-03-19 22:43:15,19.5203934,-99.1119385,Club_Totalplay_WiFi,BA:9F:CC:07:27:BB,2,-78,OPEN
2026-03-19 22:43:15,19.5203934,-99.1119385,,3E:BD:69:46:5C:59,6,-81,WPA2_PSK
2026-03-19 22:43:15,19.5203934,-99.1119385,TP-Link_2D9C,AC:84:C6:CD:2D:9C,4,-84,WPA2_PSK
2026-03-19 22:43:31,19.5201187,-99.1114502,Mega_2.4G_D251,6C:11:BA:91:D2:51,8,-55,WPA_WPA2_PSK
2026-03-19 22:43:31,19.5201187,-99.1114502,Mega_2.4G_C13E,84:3C:99:06:C1:3E,9,-58,WPA2_PSK
2026-03-19 22:43:31,19.5201187,-99.1114502,x69x76x61x6eG5,A8:E8:1E:10:93:F0,11,-59,WPA2_PSK
2026-03-19 22:43:31,19.5201187,-99.1114502,Totalplay-FC9E,FC:BC:D1:E8:53:34,2,-61,WPA_WPA2_PSK
2026-03-19 22:43:31,19.5201187,-99.1114502,IZZI-4A3C,28:77:77:3C:4A:3C,3,-66,WPA2_PSK
2026-03-19 22:43:31,19.5201187,-99.1114502,INFINITUM2F46,18:B0:A4:17:FE:CE,11,-66,WPA2_PSK
2026-03-19 22:43:31,19.5201187,-99.1114502,INFINITUMA2AE,F4:45:88:E9:21:0C,11,-66,WPA2_PSK
2026-03-19 22:43:31,19.5201187,-99.1114502,INFINITUM3DAD,AC:99:29:8D:68:9C,11,-66,WPA2_PSK
2026-03-19 22:43:31,19.5201187,-99.1114502,Oficina.v,,FA:8F:CA:36:53:5B,6,-67,OPEN
2026-03-19 22:43:31,19.5201187,-99.1114502,INFINITUMACAE,F4:45:88:E8:EE:B4,11,-67,WPA2_PSK
2026-03-19 22:43:47,19.5199986,-99.1112061,x69x76x61x6eG5,A8:E8:1E:10:93:F0,11,-49,WPA2_PSK
2026-03-19 22:43:47,19.5199986,-99.1112061,IZZI-4A3C,28:77:77:3C:4A:3C,3,-64,WPA2_PSK
2026-03-19 22:43:47,19.5199986,-99.1112061,Mega_2.4G_D251,6C:11:BA:91:D2:51,8,-66,WPA_WPA2_PSK
2026-03-19 22:44:03,19.5198212,-99.1108932,IZZI-42B8,5C:A4:F4:FB:42:B8,4,-64,WPA2_PSK
2026-03-19 22:44:03,19.5198212,-99.1108932,x69x76x61x6eG5,A8:E8:1E:10:93:F0,11,-67,WPA2_PSK
2026-03-19 22:44:03,19.5198212,-99.1108932,SHJCWA,04:A2:22:5C:F7:C9,5,-86,WPA2_PSK
2026-03-19 22:44:03,19.5198212,-99.1108932,WIFIBRG001243882b23IPC041,A6:EF:15:D3:AB:26,14,-92,WPA2_PSK
2026-03-19 22:44:19,19.5194931,-99.1102066,INFINITUM0448,18:B0:A4:16:FC:DA,11,-56,WPA2_PSK
2026-03-19 22:44:19,19.5194931,-99.1102066,PROAN,FC:DB:21:54:5D:3B,6,-73,WPA2_PSK
2026-03-19 22:44:19,19.5194931,-99.1102066,WIFIBRG001243882b23IPC041,A6:EF:15:D3:AB:26,14,-82,WPA2_PSK
2026-03-19 22:44:19,19.5194931,-99.1102066,INFINITUM4835,3C:BD:69:47:73:19,1,-85,WPA2_PSK
2026-03-19 22:44:19,19.5194931,-99.1102066,WIFIBRG001243882b23IPC059,62:DC:81:A4:B5:38,14,-89,WPA2_PSK
2026-03-19 22:44:35,19.5192432,-99.1097717,PROAN,FC:DB:21:54:5D:3B,6,-53,WPA2_PSK
2026-03-19 22:44:35,19.5192432,-99.1097717,INFINITUM0448,18:B0:A4:16:FC:DA,11,-74,WPA2_PSK
2026-03-19 22:44:35,19.5192432,-99.1097717,LAVALUX_S,00:1E:42:44:56:EE,1,-83,WPA2_PSK
2026-03-19 22:44:35,19.5192432,-99.1097717,WIFIBRG001243882b23IPC059,62:DC:81:A4:B5:38,14,-88,WPA2_PSK
2026-03-19 22:44:35,19.5192432,-99.1097717,WIFIBRG001243882b23IPC100,A6:EF:15:D4:27:61,14,-92,WPA2_PSK
2026-03-19 22:44:51,19.5191288,-99.1095581,INFINITUM4835,3C:BD:69:47:73:19,1,-71,WPA2_PSK
2026-03-19 22:44:51,19.5191288,-99.1095581,Vento Rio de los Remedios,28:6F:B9:82:29:49,6,-72,WPA2_PSK
2026-03-19 22:44:51,19.5191288,-99.1095581,,20:65:8E:7D:99:06,9,-72,WPA2_PSK
2026-03-19 22:44:51,19.5191288,-99.1095581,,DA:55:A8:16:41:20,1,-73,WPA2_PSK
2026-03-19 22:44:51,19.5191288,-99.1095581,PROAN,FC:DB:21:54:5D:3B,6,-73,WPA2_PSK
2026-03-19 22:44:51,19.5191288,-99.1095581,,2A:6F:B9:C2:29:49,6,-75,WPA2_PSK
2026-03-19 22:44:51,19.5191288,-99.1095581,,F2:55:A8:16:41:20,1,-76,UNKNOWN
2026-03-19 22:44:51,19.5191288,-99.1095581,,C2:55:A8:16:41:20,1,-76,UNKNOWN
2026-03-19 22:44:51,19.5191288,-99.1095581,LAVALUX_S,00:1E:42:44:56:EE,1,-76,WPA2_PSK
2026-03-19 22:44:51,19.5191288,-99.1095581,WIFI_Limpieza,F4:54:24:0A:C5:95,6,-76,WPA2_PSK
2026-03-19 22:44:51,19.5191288,-99.1095581,,FA:55:A8:16:41:20,1,-77,UNKNOWN
2026-03-19 22:44:51,19.5191288,-99.1095581,NO HAGAS FILAS BAJA LA APP,F4:54:24:0A:C5:96,6,-77,WPA2_PSK
2026-03-19 22:44:51,19.5191288,-99.1095581,DIRECT-iU-EPSON-M2120 Series,52:57:9C:D7:32:C8,1,-83,WPA2_PSK
2026-03-19 22:45:07,19.5189514,-99.1092148,Totalplay-2.4G-da48,D4:01:68:A5:DA:48,6,-60,WPA2_PSK
2026-03-19 22:45:07,19.5189514,-99.1092148,Totalplay-AD9B,3C:78:43:58:69:7C,8,-60,WPA_WPA2_PSK
2026-03-19 22:45:07,19.5189514,-99.1092148,,20:65:8E:7D:99:06,9,-61,WPA2_PSK
2026-03-19 22:45:07,19.5189514,-99.1092148,EF151011532000240,04:95:E6:5A:D2:AA,5,-63,WPA_WPA2_PSK
2026-03-19 22:45:07,19.5189514,-99.1092148,Totalplay-2D9F,20:65:8E:7D:99:04,9,-64,WPA2_PSK
2026-03-19 22:45:07,19.5189514,-99.1092148,Totalplay-D0AA_2.4Gnormal,C4:69:F0:EA:0C:48,11,-66,WPA_WPA2_PSK
2026-03-19 22:45:07,19.5189514,-99.1092148,Club_Totalplay_WiFi,C4:69:F0:EA:0C:4B,11,-67,OPEN
2026-03-19 22:45:07,19.5189514,-99.1092148,DIRECT-roku-JES-38D595,06:91:60:26:63:55,11,-72,WPA2_PSK
2026-03-19 22:45:07,19.5189514,-99.1092148,,F2:55:A8:16:41:20,1,-77,UNKNOWN
2026-03-19 22:45:07,19.5189514,-99.1092148,,C2:55:A8:16:41:20,1,-77,UNKNOWN
2026-03-19 22:45:07,19.5189514,-99.1092148,,E2:55:A8:16:41:20,1,-78,WPA2_PSK
2026-03-19 22:45:07,19.5189514,-99.1092148,,FA:55:A8:16:41:20,1,-78,UNKNOWN
2026-03-19 22:45:07,19.5189514,-99.1092148,INFINITUM4835,3C:BD:69:47:73:19,1,-78,WPA2_PSK
2026-03-19 22:45:07,19.5189514,-99.1092148,#TlalnepantlaConecta,18:FD:74:A4:E7:53,1,-78,OPEN
2026-03-19 22:45:23,19.5187073,-99.1087646,#TlalnepantlaConecta,18:FD:74:A4:E7:53,1,-59,OPEN
2026-03-19 22:45:23,19.5187073,-99.1087646,Totalplay-AD9B,3C:78:43:58:69:7C,8,-60,WPA_WPA2_PSK
2026-03-19 22:45:23,19.5187073,-99.1087646,INFINITUM9683,44:A3:C7:F2:9E:38,11,-65,WPA2_PSK
2026-03-19 22:45:23,19.5187073,-99.1087646,IZZI-5D22,30:CC:21:F6:5D:22,9,-67,WPA2_PSK
2026-03-19 22:45:23,19.5187073,-99.1087646,SMA3007019612,90:E2:02:A4:15:FA,1,-69,WPA2_PSK
2026-03-19 22:45:23,19.5187073,-99.1087646,,84:F1:47:D3:B1:C1,1,-69,UNKNOWN
2026-03-19 22:45:23,19.5187073,-99.1087646,,84:F1:47:D3:B1:C2,1,-69,UNKNOWN
2026-03-19 22:45:23,19.5187073,-99.1087646,,84:F1:47:D3:B1:C0,1,-69,UNKNOWN
2026-03-19 22:45:23,19.5187073,-99.1087646,Paga26,A0:3E:1A:74:AD:F8,11,-71,WPA2_PSK
2026-03-19 22:45:23,19.5187073,-99.1087646,DIRECT-4C-HP 4103fdw LJ,E2:73:E7:EA:34:4C,6,-73,WPA2_PSK
2026-03-19 22:45:23,19.5187073,-99.1087646,INFINITUMB4AF,54:F6:E2:E7:3C:38,11,-74,WPA2_PSK
2026-03-19 22:45:23,19.5187073,-99.1087646,,84:F1:47:D4:7F:C2,9,-75,UNKNOWN
2026-03-19 22:45:23,19.5187073,-99.1087646,IZZI-3A68-5G,30:AA:E4:D1:F2:2C,6,-76,WPA2_PSK
2026-03-19 22:45:39,19.5186081,-99.1085815,IZZI-2BE4,74:26:FF:E2:2B:E4,8,-59,WPA2_PSK
2026-03-19 22:45:39,19.5186081,-99.1085815,ActionCam_b40418000936,B4:04:18:00:09:36,1,-61,WPA2_PSK
2026-03-19 22:45:39,19.5186081,-99.1085815,Paga26,A0:3E:1A:74:AD:F8,11,-61,WPA2_PSK
2026-03-19 22:45:39,19.5186081,-99.1085815,,52:42:89:3C:66:6E,11,-61,OPEN
2026-03-19 22:45:39,19.5186081,-99.1085815,Totalplay-01F2,50:42:89:0C:66:6E,11,-63,WPA2_PSK
2026-03-19 22:45:39,19.5186081,-99.1085815,IZZI-5D22,30:CC:21:F6:5D:22,9,-65,WPA2_PSK
2026-03-19 22:45:39,19.5186081,-99.1085815,Totalplay-B0B5,EE:55:1C:57:96:14,11,-66,WPA2_PSK
2026-03-19 22:45:39,19.5186081,-99.1085815,,EE:55:1C:57:96:17,11,-67,OPEN
2026-03-19 22:45:39,19.5186081,-99.1085815,Karqui,04:25:E0:95:23:19,6,-70,WPA2_PSK
2026-03-19 22:45:39,19.5186081,-99.1085815,,06:25:E0:C5:23:19,6,-74,WPA2_PSK
2026-03-19 22:45:39,19.5186081,-99.1085815,Totalplay-81AA,6C:14:6E:B7:69:B0,4,-78,WPA2_PSK
2026-03-19 22:45:39,19.5186081,-99.1085815,Club_Totalplay_WiFi,6C:14:6E:B7:69:B3,4,-79,OPEN
2026-03-19 22:45:39,19.5186081,-99.1085815,IZZI-3A68-5G,30:AA:E4:D1:F2:2C,6,-80,WPA2_PSK
2026-03-19 22:45:39,19.5186081,-99.1085815,Totalplay-AD9B,3C:78:43:58:69:7C,8,-81,WPA_WPA2_PSK
2026-03-19 22:45:55,19.5183582,-99.1081009,,52:42:89:3C:66:6E,11,-57,OPEN
2026-03-19 22:45:55,19.5183582,-99.1081009,Totalplay-01F2,50:42:89:0C:66:6E,11,-58,WPA2_PSK
2026-03-19 22:45:55,19.5183582,-99.1081009,Diego's Galaxy A04e,7A:5E:50:CE:CB:B6,6,-63,WPA2_PSK
2026-03-19 22:45:55,19.5183582,-99.1081009,INFINITUM27E0_2.4,D4:3D:F3:AA:8C:5A,1,-69,WPA2_PSK
2026-03-19 22:45:55,19.5183582,-99.1081009,Steren-825,50:0F:F5:DE:C0:90,11,-69,WPA_WPA2_PSK
2026-03-19 22:45:55,19.5183582,-99.1081009,70mai_M300_b095,BC:FD:0C:CD:B0:95,6,-71,WPA_WPA2_PSK
2026-03-19 22:45:55,19.5183582,-99.1081009,IZZI-109B,20:08:89:54:10:9B,10,-78,WPA2_PSK
2026-03-19 22:45:55,19.5183582,-99.1081009,MEGACABLE-B6A4,D8:68:52:3C:B6:AC,11,-84,WPA_WPA2_PSK
2026-03-19 22:46:11,19.5181026,-99.1076126,AT469,20:97:27:39:03:FE,8,-61,WPA2_PSK
2026-03-19 22:46:11,19.5181026,-99.1076126,Totalplay-B8BE,24:A6:5E:08:42:E8,4,-64,WPA2_PSK
2026-03-19 22:46:11,19.5181026,-99.1076126,,C4:A4:02:85:57:2E,8,-67,WPA2_PSK
2026-03-19 22:46:11,19.5181026,-99.1076126,Club_Totalplay_WiFi,26:A6:5E:38:42:E8,4,-68,OPEN
2026-03-19 22:46:11,19.5181026,-99.1076126,Totalplay-6CA5,C4:A4:02:85:57:2C,8,-70,WPA2_PSK
2026-03-19 22:46:11,19.5181026,-99.1076126,ASDF2,D4:76:A0:44:38:20,6,-73,UNKNOWN
2026-03-19 22:46:11,19.5181026,-99.1076126,INFINITUM3BD4,E0:A1:CE:AE:A8:98,11,-78,WPA2_PSK
2026-03-19 22:46:11,19.5181026,-99.1076126,Totalplay-2.4G-ff20,BC:47:32:02:FF:20,11,-80,WPA2_PSK
2026-03-19 22:46:11,19.5181026,-99.1076126,Club_Totalplay_WiFi,3C:A3:7E:A7:28:83,8,-81,OPEN
2026-03-19 22:46:11,19.5181026,-99.1076126,Mega_2.4G_12C2,F8:79:28:EE:12:C2,10,-81,WPA2_PSK
2026-03-19 22:46:11,19.5181026,-99.1076126,,56:9F:06:45:16:49,3,-82,WPA2_PSK
2026-03-19 22:46:11,19.5181026,-99.1076126,IZZI-04E4,28:77:77:3D:04:E4,8,-82,WPA2_PSK
2026-03-19 22:46:11,19.5181026,-99.1076126,Totalplay-06AA_2.4Gnormal,3C:A3:7E:A7:28:80,8,-84,WPA_WPA2_PSK
2026-03-19 22:46:11,19.5181026,-99.1076126,Club_Totalplay_WiFi,BC:47:32:02:FF:21,11,-84,OPEN
2026-03-19 22:46:11,19.5181026,-99.1076126,,0A:FA:28:17:EE:52,11,-88,WPA2_PSK
2026-03-19 22:46:11,19.5181026,-99.1076126,Cats,CC:2D:21:49:89:F1,13,-92,WPA_WPA2_PSK
2026-03-19 22:46:27,19.5175457,-99.1065445,CCS05,88:9E:33:83:09:7F,5,-57,WPA_WPA2_PSK
2026-03-19 22:46:27,19.5175457,-99.1065445,INFINITUM1746,DC:8D:B7:B7:B2:B0,7,-60,WPA2_PSK
2026-03-19 22:46:27,19.5175457,-99.1065445,Moto E13,C2:1A:ED:88:C0:78,1,-63,WPA2_WPA3_PSK
2026-03-19 22:46:27,19.5175457,-99.1065445,Galaxy A04e 7454,8E:6D:4C:83:DD:A3,1,-65,WPA2_PSK
2026-03-19 22:46:27,19.5175457,-99.1065445,,48:12:58:AA:D6:1F,5,-65,OPEN
2026-03-19 22:46:27,19.5175457,-99.1065445,DIRECT-91-HP M111 LaserJet,C2:18:03:03:44:91,5,-66,WPA2_PSK
2026-03-19 22:46:27,19.5175457,-99.1065445,USR-WIFI232-T_62,AC:CF:23:D1:92:E9,1,-67,WPA2_PSK
2026-03-19 22:46:27,19.5175457,-99.1065445,Totalplay-20AD,48:12:58:AA:D6:1C,5,-67,WPA2_PSK
2026-03-19 22:46:27,19.5175457,-99.1065445,,48:12:58:AA:D6:1E,5,-68,WPA2_PSK
2026-03-19 22:46:27,19.5175457,-99.1065445,IZZI-8093,D0:F9:9B:5D:80:93,3,-75,WPA2_PSK
2026-03-19 22:46:27,19.5175457,-99.1065445,Mega-2.4G-1CAF,22:87:EC:F6:D1:B0,3,-76,WPA2_WPA3_PSK
2026-03-19 22:46:27,19.5175457,-99.1065445,IZZI-A32E,74:26:FF:EF:A3:2E,5,-76,WPA2_PSK
2026-03-19 22:46:27,19.5175457,-99.1065445,INFINITUMC682_2.4,50:4E:DC:A5:B9:08,11,-78,WPA2_PSK
2026-03-19 22:46:27,19.5175457,-99.1065445,Club_Totalplay_WiFi,24:91:BB:11:5F:4F,11,-81,OPEN
2026-03-19 22:46:27,19.5175457,-99.1065445,Motive AABL36ND474511,00:25:CA:A3:CC:B9,6,-82,WPA2_PSK
2026-03-19 22:46:27,19.5175457,-99.1065445,Totalplay-95A8,24:91:BB:11:5F:4C,11,-84,WPA2_PSK
2026-03-19 22:46:27,19.5175457,-99.1065445,TP-Link_2.4GHz_631F0C,30:68:93:63:1F:0C,11,-85,OPEN
2026-03-19 22:46:27,19.5175457,-99.1065445,Steren COM-852,D8:32:14:D5:82:61,13,-85,WPA_WPA2_PSK
2026-03-19 22:46:43,19.5172729,-99.1060104,Mega-2.4G-1CAF,22:87:EC:F6:D1:B0,3,-52,WPA2_WPA3_PSK
2026-03-19 22:46:43,19.5172729,-99.1060104,IZZI-A32E,74:26:FF:EF:A3:2E,5,-66,WPA2_PSK
2026-03-19 22:46:43,19.5172729,-99.1060104,Club_Totalplay_WiFi,6C:D8:19:F6:D1:11,1,-69,OPEN
2026-03-19 22:46:43,19.5172729,-99.1060104,Mega_2.4G_A824,9C:63:5B:7E:A8:24,10,-70,WPA2_PSK
2026-03-19 22:46:43,19.5172729,-99.1060104,INFINITUM3C2C,3C:BD:69:46:B2:89,11,-70,WPA2_PSK
2026-03-19 22:46:43,19.5172729,-99.1060104,Motive AABL36ND474511,00:25:CA:A3:CC:B9,6,-74,WPA2_PSK
2026-03-19 22:46:43,19.5172729,-99.1060104,TP-Link_2.4GHz_631F0C,30:68:93:63:1F:0C,11,-76,OPEN
2026-03-19 22:46:43,19.5172729,-99.1060104,Repeater_2.4G_D53B4C,DC:4A:9E:D5:3B:4C,1,-78,OPEN
2026-03-19 22:46:43,19.5172729,-99.1060104,Mega-2.4G-7AAE,32:37:B3:08:67:24,4,-78,WPA2_WPA3_PSK
2026-03-19 22:46:43,19.5172729,-99.1060104,Omni_lite806000,34:21:09:80:60:09,6,-78,WPA_WPA2_PSK
2026-03-19 22:46:43,19.5172729,-99.1060104,ChG28,AC:60:6F:3D:AD:29,8,-79,WPA2_PSK
2026-03-19 22:46:43,19.5172729,-99.1060104,IZZI-1A64,C0:B1:01:DF:1A:64,10,-80,WPA2_PSK
2026-03-19 22:46:43,19.5172729,-99.1060104,IZZI-F8A0,D8:E8:44:C3:F8:A0,6,-81,WPA2_PSK
2026-03-19 22:46:43,19.5172729,-99.1060104,NVRFN6966500,DC:07:F8:82:8C:95,13,-91,WPA2_PSK
2026-03-19 22:46:59,19.5170021,-99.1054916,IZZI-1A64,C0:B1:01:DF:1A:64,10,-60,WPA2_PSK
2026-03-19 22:46:59,19.5170021,-99.1054916,IZZI-8349,48:96:D9:DC:83:49,8,-66,WPA2_PSK
2026-03-19 22:46:59,19.5170021,-99.1054916,Famgonzalezavila_2.4G,6C:D8:19:F6:D1:10,1,-67,WPA_WPA2_PSK
2026-03-19 22:46:59,19.5170021,-99.1054916,Club_Totalplay_WiFi,6C:D8:19:F6:D1:11,1,-67,OPEN
2026-03-19 22:46:59,19.5170021,-99.1054916,Motive AABL36ND474511,00:25:CA:A3:CC:B9,6,-71,WPA2_PSK
2026-03-19 22:46:59,19.5170021,-99.1054916,Megacable_5950,F0:68:65:49:59:59,10,-74,WPA_WPA2_PSK
2026-03-19 22:46:59,19.5170021,-99.1054916,INFINITUM5A37_2.4,2C:DD:95:6F:71:81,1,-75,WPA2_PSK
2026-03-19 22:46:59,19.5170021,-99.1054916,,6A:68:65:49:59:5C,10,-75,WPA_WPA2_PSK
2026-03-19 22:46:59,19.5170021,-99.1054916,TP-Link_2.4GHz_631F0C,30:68:93:63:1F:0C,11,-75,OPEN
2026-03-19 22:46:59,19.5170021,-99.1054916,IZZI-2C84,D8:E8:44:C4:2C:84,2,-77,WPA2_PSK
2026-03-19 22:46:59,19.5170021,-99.1054916,Mega-2.4G-0BB1,12:32:1D:D8:08:1C,2,-78,WPA2_WPA3_PSK
2026-03-19 22:46:59,19.5170021,-99.1054916,IZZI-CB5E,30:CC:21:F4:CB:5E,3,-79,WPA2_PSK
2026-03-19 22:46:59,19.5170021,-99.1054916,IZZI-1A8E,C0:B1:01:DF:1A:8E,9,-80,WPA2_PSK
2026-03-19 22:46:59,19.5170021,-99.1054916,Mega-2.4G-1CAF,22:87:EC:F6:D1:B0,3,-81,WPA2_WPA3_PSK
2026-03-19 22:46:59,19.5170021,-99.1054916,IZZI-A32E,74:26:FF:EF:A3:2E,5,-83,WPA2_PSK
2026-03-19 22:46:59,19.5170021,-99.1054916,Totalplay-2.4G-rb80,64:9D:F3:01:EB:80,11,-83,WPA_WPA2_PSK
2026-03-19 22:46:59,19.5170021,-99.1054916,,32:68:93:22:2A:E3,6,-85,WPA2_PSK
2026-03-19 22:46:59,19.5170021,-99.1054916,Club_Totalplay_WiFi,10:08:1D:AA:25:61,1,-86,OPEN
2026-03-19 22:46:59,19.5170021,-99.1054916,INFINITUM051C,56:B7:BD:CD:45:29,4,-86,WPA2_PSK
2026-03-19 22:46:59,19.5170021,-99.1054916,INVITADOS,A8:E8:1E:64:16:40,1,-87,WPA2_PSK
2026-03-19 22:46:59,19.5170021,-99.1054916,Las shishis de Beom,B4:5F:84:F2:69:D8,4,-87,WPA2_PSK
2026-03-19 22:47:15,19.5168705,-99.1052475,IZZI-1A64,C0:B1:01:DF:1A:64,10,-56,WPA2_PSK
2026-03-19 22:47:15,19.5168705,-99.1052475,INFINITUM5A37_2.4,2C:DD:95:6F:71:81,1,-65,WPA2_PSK
2026-03-19 22:47:15,19.5168705,-99.1052475,IZZI-F0AE,C0:B1:01:DF:F0:AE,5,-74,WPA2_PSK
2026-03-19 22:47:15,19.5168705,-99.1052475,NVRFN6966500,DC:07:F8:82:8C:95,13,-74,WPA2_PSK
2026-03-19 22:47:15,19.5168705,-99.1052475,IZZI-F6FA,30:CC:21:F3:F6:FA,1,-76,WPA2_PSK
2026-03-19 22:47:15,19.5168705,-99.1052475,IZZI-8349,48:96:D9:DC:83:49,8,-77,WPA2_PSK
2026-03-19 22:47:15,19.5168705,-99.1052475,IZZI-2C84,D8:E8:44:C4:2C:84,2,-78,WPA2_PSK
2026-03-19 22:47:15,19.5168705,-99.1052475,Mega-2.4G-0BB1,12:32:1D:D8:08:1C,2,-78,WPA2_WPA3_PSK
2026-03-19 22:47:15,19.5168705,-99.1052475,Sistemas,30:68:93:62:2A:E3,6,-78,WPA2_PSK
2026-03-19 22:47:15,19.5168705,-99.1052475,Armando barrera,AE:83:36:40:17:96,11,-78,WPA2_PSK
2026-03-19 22:47:15,19.5168705,-99.1052475,IZZI-F9BA,D4:B7:09:F6:F9:BA,10,-81,WPA2_PSK
2026-03-19 22:47:15,19.5168705,-99.1052475,INFINITUM5A37_2.4-EXT,F8:38:23:09:80:AF,1,-83,WPA2_PSK
2026-03-19 22:47:15,19.5168705,-99.1052475,WIFI_TECSIDEL,00:EB:D8:4F:74:E2,10,-83,WPA2_PSK
2026-03-19 22:47:15,19.5168705,-99.1052475,Famgonzalezavila_2.4G,6C:D8:19:F6:D1:10,1,-84,WPA_WPA2_PSK
2026-03-19 22:47:15,19.5168705,-99.1052475,IZZI-CB5E,30:CC:21:F4:CB:5E,3,-84,WPA2_PSK
2026-03-19 22:47:15,19.5168705,-99.1052475,Megacable_5950,F0:68:65:49:59:59,10,-84,WPA_WPA2_PSK
2026-03-19 22:47:15,19.5168705,-99.1052475,USR-C215_G76,9C:A5:25:E6:D4:83,6,-85,WPA2_PSK
2026-03-19 22:47:15,19.5168705,-99.1052475,WIFI TECSIDEL,F4:1D:6B:A1:7D:0C,9,-85,WPA2_PSK
2026-03-19 22:47:31,19.5166817,-99.1048813,NVRFN6966500,DC:07:F8:82:8C:95,13,-54,WPA2_PSK
2026-03-19 22:47:31,19.5166817,-99.1048813,Sistemas,30:68:93:62:2A:E3,6,-59,WPA2_PSK
2026-03-19 22:47:31,19.5166817,-99.1048813,ANESA,08:7B:87:20:C2:A0,1,-62,WPA2_PSK
2026-03-19 22:47:31,19.5166817,-99.1048813,,32:68:93:22:2A:E3,6,-62,WPA2_PSK
2026-03-19 22:47:31,19.5166817,-99.1048813,IZZI-F0AE,C0:B1:01:DF:F0:AE,5,-64,WPA2_PSK
2026-03-19 22:47:31,19.5166817,-99.1048813,Enlace4.1,80:B5:75:78:E8:4C,11,-66,WPA_WPA2_PSK
2026-03-19 22:47:31,19.5166817,-99.1048813,INVITADOS,A8:E8:1E:64:16:40,1,-67,WPA2_PSK
2026-03-19 22:47:31,19.5166817,-99.1048813,IZZI-F693,48:96:D9:DC:F6:93,3,-69,WPA2_PSK
2026-03-19 22:47:31,19.5166817,-99.1048813,DIRECT-0B-HP Laser 107w,32:13:8B:4C:E9:0B,11,-72,WPA2_PSK
2026-03-19 22:47:31,19.5166817,-99.1048813,Diablos,3E:BD:D3:79:31:11,11,-73,WPA2_PSK
2026-03-19 22:47:31,19.5166817,-99.1048813,Totalplay-2.4G-1d08,64:9D:F3:44:1D:08,11,-74,WPA2_PSK
2026-03-19 22:47:31,19.5166817,-99.1048813,,6E:57:25:A2:BF:AF,4,-75,WPA2_PSK
2026-03-19 22:47:31,19.5166817,-99.1048813,WIFI TECSIDEL,F4:1D:6B:A1:7D:0C,9,-75,WPA2_PSK
2026-03-19 22:47:31,19.5166817,-99.1048813,Club_Totalplay_WiFi,BA:9F:CC:07:4F:1B,1,-79,OPEN
2026-03-19 22:47:31,19.5166817,-99.1048813,DIRECT-5F-HP Smart Tank 750,2A:C5:C8:09:6F:5F,6,-81,WPA2_PSK
2026-03-19 22:47:31,19.5166817,-99.1048813,IZZI-6C54,C0:B1:01:E0:6C:54,9,-81,WPA2_PSK
2026-03-19 22:47:31,19.5166817,-99.1048813,Totalplay-149C,3C:E8:24:C5:17:AC,4,-82,WPA_WPA2_PSK
2026-03-19 22:47:31,19.5166817,-99.1048813,INFINITUM5A37_2.4,2C:DD:95:6F:71:81,1,-83,WPA2_PSK
2026-03-19 22:47:31,19.5166817,-99.1048813,Kuromy_19,8C:DE:F9:07:97:BE,5,-83,WPA_WPA2_PSK
2026-03-19 22:47:31,19.5166817,-99.1048813,DIRECT-78-HP Laser 107w,32:13:8B:43:95:78,7,-83,WPA2_PSK
2026-03-19 22:47:31,19.5166817,-99.1048813,IZZI-1A64,C0:B1:01:DF:1A:64,10,-84,WPA2_PSK
2026-03-19 22:47:31,19.5166817,-99.1048813,USR-C215_G76,9C:A5:25:E6:D4:83,6,-85,WPA2_PSK
2026-03-19 22:47:31,19.5166817,-99.1048813,OPPO Reno11 5G,52:A8:85:CD:21:15,11,-89,WPA2_PSK
2026-03-19 22:47:47,19.5165024,-99.1045456,Mega_2.4G_1056,9C:63:5B:7E:10:56,7,-68,WPA2_PSK
2026-03-19 22:47:47,19.5165024,-99.1045456,COORD-WIFI-8872,84:DB:AC:AB:98:D8,8,-68,WPA_WPA2_PSK
2026-03-19 22:47:47,19.5165024,-99.1045456,Sistemas,30:68:93:62:2A:E3,6,-69,WPA2_PSK
2026-03-19 22:47:47,19.5165024,-99.1045456,Mega_2.4G_CB34,F8:79:28:E1:CB:34,3,-70,WPA2_PSK
2026-03-19 22:47:47,19.5165024,-99.1045456,IZZI-EB80,C0:B1:01:DF:EB:80,8,-72,WPA2_PSK
2026-03-19 22:47:47,19.5165024,-99.1045456,Totalplay-2.4G-1d08,64:9D:F3:44:1D:08,11,-72,WPA2_PSK
2026-03-19 22:47:47,19.5165024,-99.1045456,INVITADOS,A8:E8:1E:64:16:40,1,-74,WPA2_PSK
2026-03-19 22:47:47,19.5165024,-99.1045456,Armando barrera,AE:83:36:40:17:96,11,-74,WPA2_PSK
2026-03-19 22:47:47,19.5165024,-99.1045456,Enlace4.1,80:B5:75:78:E8:4C,11,-74,WPA_WPA2_PSK
2026-03-19 22:47:47,19.5165024,-99.1045456,IZZI-F693,48:96:D9:DC:F6:93,3,-75,WPA2_PSK
2026-03-19 22:47:47,19.5165024,-99.1045456,IZZI-F0AE,C0:B1:01:DF:F0:AE,5,-76,WPA2_PSK
2026-03-19 22:47:47,19.5165024,-99.1045456,Mega_2.4G_D866,64:6E:60:B5:D8:66,4,-77,WPA2_PSK
2026-03-19 22:47:47,19.5165024,-99.1045456,WIFI_TECSIDEL,00:EB:D8:4F:74:E2,10,-77,WPA2_PSK
2026-03-19 22:47:47,19.5165024,-99.1045456,OPPO A54,1A:3C:C7:9A:32:7F,1,-78,WPA2_PSK
2026-03-19 22:47:47,19.5165024,-99.1045456,TP-Link_81C6,14:EB:B6:EA:81:C6,2,-78,WPA2_PSK
2026-03-19 22:47:47,19.5165024,-99.1045456,NVRFN6966500,DC:07:F8:82:8C:95,13,-78,WPA2_PSK
2026-03-19 22:47:47,19.5165024,-99.1045456,,BA:9F:CC:07:4F:1A,1,-79,WPA2_PSK
2026-03-19 22:47:47,19.5165024,-99.1045456,RC PUBLICIDAD,30:99:35:84:12:84,1,-81,WPA2_PSK
2026-03-19 22:47:47,19.5165024,-99.1045456,[LG_Washer]0613,66:CB:E9:F6:06:13,11,-82,WPA2_PSK
2026-03-19 22:47:47,19.5165024,-99.1045456,ElectricX2.4,74:DA:88:64:B4:18,11,-82,WPA_WPA2_PSK
2026-03-19 22:47:47,19.5165024,-99.1045456,Totalplay-149C,3C:E8:24:C5:17:AC,4,-83,WPA_WPA2_PSK
2026-03-19 22:47:47,19.5165024,-99.1045456,INFINITUM105A,56:B7:BD:CD:9F:19,8,-84,WPA2_PSK
2026-03-19 22:47:47,19.5165024,-99.1045456,DIRECT-0B-HP Laser 107w,32:13:8B:4C:E9:0B,11,-86,WPA2_PSK
2026-03-19 22:47:47,19.5165024,-99.1045456,,50:46:4A:3C:40:3E,9,-88,WPA2_PSK
2026-03-19 22:47:47,19.5165024,-99.1045456,,0A:FA:28:18:5F:BA,11,-88,WPA2_PSK
2026-03-19 22:48:03,19.5163574,-99.1042938,Mega_2.4G_1056,9C:63:5B:7E:10:56,7,-52,WPA2_PSK
2026-03-19 22:48:03,19.5163574,-99.1042938,Mega_2.4G_CB34,F8:79:28:E1:CB:34,3,-66,WPA2_PSK
2026-03-19 22:48:03,19.5163574,-99.1042938,COORD-WIFI-8872,84:DB:AC:AB:98:D8,8,-66,WPA_WPA2_PSK
2026-03-19 22:48:03,19.5163574,-99.1042938,Totalplay-149C,3C:E8:24:C5:17:AC,4,-69,WPA_WPA2_PSK
2026-03-19 22:48:03,19.5163574,-99.1042938,WIFI_TECSIDEL,00:EB:D8:4F:74:E2,10,-70,WPA2_PSK
2026-03-19 22:48:03,19.5163574,-99.1042938,INFINITUMC0F3,D4:01:45:36:62:90,11,-70,WPA2_PSK
2026-03-19 22:48:03,19.5163574,-99.1042938,ElectricX2.4,74:DA:88:64:B4:18,11,-70,WPA_WPA2_PSK
2026-03-19 22:48:03,19.5163574,-99.1042938,INFINITUM7814_2.4,2C:DD:95:71:4F:51,6,-72,WPA_WPA2_PSK
2026-03-19 22:48:03,19.5163574,-99.1042938,[LG_Washer]0613,66:CB:E9:F6:06:13,11,-75,WPA2_PSK
2026-03-19 22:48:03,19.5163574,-99.1042938,RC PUBLICIDAD,30:99:35:84:12:84,1,-76,WPA2_PSK
2026-03-19 22:48:03,19.5163574,-99.1042938,INFINITUM3A3F_2.4,2C:DD:95:6D:72:01,1,-77,WPA2_PSK
2026-03-19 22:48:03,19.5163574,-99.1042938,IZZI-EB80,C0:B1:01:DF:EB:80,8,-77,WPA2_PSK
2026-03-19 22:48:03,19.5163574,-99.1042938,ST-00D2047860,FC:70:2E:3E:8E:A6,6,-79,OPEN
2026-03-19 22:48:03,19.5163574,-99.1042938,Sistemas,30:68:93:62:2A:E3,6,-79,WPA2_PSK
2026-03-19 22:48:03,19.5163574,-99.1042938,INFINITUM105A,56:B7:BD:CD:9F:19,8,-79,WPA2_PSK
2026-03-19 22:48:03,19.5163574,-99.1042938,OPPO A54,1A:3C:C7:9A:32:7F,1,-80,WPA2_PSK
2026-03-19 22:48:03,19.5163574,-99.1042938,IZZI-F0AE,C0:B1:01:DF:F0:AE,5,-80,WPA2_PSK
2026-03-19 22:48:03,19.5163574,-99.1042938,ANESA,08:7B:87:20:C2:A0,1,-81,WPA2_PSK
2026-03-19 22:48:03,19.5163574,-99.1042938,HUAWEI nova 10 SE,FE:D0:3C:1E:AF:BB,1,-81,WPA2_PSK
2026-03-19 22:48:03,19.5163574,-99.1042938,FK-8F1a-0F28,48:31:B7:D1:0F:29,1,-82,WPA_WPA2_PSK
2026-03-19 22:48:03,19.5163574,-99.1042938,Club_Totalplay_WiFi,10:08:1D:21:8C:A9,1,-82,OPEN
2026-03-19 22:48:03,19.5163574,-99.1042938,DIRECT-ro-EPSON-L5290 Series,3A:1A:52:E9:8A:6D,1,-83,WPA2_PSK
2026-03-19 22:48:03,19.5163574,-99.1042938,TP-Link_81C6,14:EB:B6:EA:81:C6,2,-83,WPA2_PSK
2026-03-19 22:48:03,19.5163574,-99.1042938,Megacable_2.4G_3745,B0:8B:92:46:37:45,2,-83,WPA_WPA2_PSK
2026-03-19 22:48:03,19.5163574,-99.1042938,Wifi_jalpex_mesh:2.4,28:70:4E:41:37:BE,6,-83,WPA2_PSK
2026-03-19 22:48:03,19.5163574,-99.1042938,,66:C3:94:E5:AA:22,6,-84,WPA2_PSK
2026-03-19 22:48:03,19.5163574,-99.1042938,Totalplay-2.4G-1d08,64:9D:F3:44:1D:08,11,-84,WPA2_PSK
2026-03-19 22:48:03,19.5163574,-99.1042938,,BA:9F:CC:07:4F:1A,1,-86,WPA2_PSK
2026-03-19 22:48:03,19.5163574,-99.1042938,Club_Totalplay_WiFi,BA:9F:CC:07:4F:1B,1,-86,OPEN
2026-03-19 22:48:03,19.5163574,-99.1042938,Casa Ochoa,30:CC:21:F4:92:A0,3,-87,WPA2_PSK
2026-03-19 22:48:03,19.5163574,-99.1042938,USR-C215_G76,9C:A5:25:E6:D4:83,6,-87,WPA2_PSK
2026-03-19 22:48:03,19.5163574,-99.1042938,Comatsa300,CC:2D:21:64:53:21,9,-89,WPA2_PSK
2026-03-19 22:48:03,19.5163574,-99.1042938,TOTALPLAY_E3660E,6C:BA:B8:E3:66:0E,11,-90,WPA2_PSK
2026-03-19 22:48:03,19.5163574,-99.1042938,WiFi_MXP-02,D8:32:14:C5:78:A1,12,-93,WPA_WPA2_PSK
2026-03-19 22:48:19,19.5162373,-99.1041031,Totalplay-149C,3C:E8:24:C5:17:AC,4,-60,WPA_WPA2_PSK
2026-03-19 22:48:19,19.5162373,-99.1041031,RC PUBLICIDAD,30:99:35:84:12:84,1,-61,WPA2_PSK
2026-03-19 22:48:19,19.5162373,-99.1041031,WIFI_TECSIDEL,00:EB:D8:4F:74:E2,10,-69,WPA2_PSK
2026-03-19 22:48:19,19.5162373,-99.1041031,Club_Totalplay_WiFi,10:08:1D:21:8C:A9,1,-71,OPEN
2026-03-19 22:48:19,19.5162373,-99.1041031,Mega_2.4G_1056,9C:63:5B:7E:10:56,7,-71,WPA2_PSK
2026-03-19 22:48:19,19.5162373,-99.1041031,TOTALPLAY_E3660E,6C:BA:B8:E3:66:0E,11,-71,WPA2_PSK
2026-03-19 22:48:19,19.5162373,-99.1041031,,32:68:93:22:2A:E3,6,-75,WPA2_PSK
2026-03-19 22:48:19,19.5162373,-99.1041031,Sistemas,30:68:93:62:2A:E3,6,-77,WPA2_PSK
2026-03-19 22:48:19,19.5162373,-99.1041031,INFINITUMC0F3,D4:01:45:36:62:90,11,-77,WPA2_PSK
2026-03-19 22:48:19,19.5162373,-99.1041031,,3E:BD:69:48:DD:C9,6,-78,WPA2_PSK
2026-03-19 22:48:19,19.5162373,-99.1041031,DIRECT-ro-EPSON-L5290 Series,3A:1A:52:E9:8A:6D,1,-80,WPA2_PSK
2026-03-19 22:48:19,19.5162373,-99.1041031,Motive AABL36ND474511,00:25:CA:A3:CC:B9,6,-81,WPA2_PSK
2026-03-19 22:48:19,19.5162373,-99.1041031,Mega-2.4G-CAB1,0A:FA:28:28:A5:F4,5,-82,WPA2_WPA3_PSK
2026-03-19 22:48:19,19.5162373,-99.1041031,IZZI-899D,D0:F9:9B:5C:89:9D,7,-84,WPA2_PSK
2026-03-19 22:48:19,19.5162373,-99.1041031,INFINITUM105A,56:B7:BD:CD:9F:19,8,-85,WPA2_PSK
2026-03-19 22:48:19,19.5162373,-99.1041031,FK-8F1a-0F28,48:31:B7:D1:0F:29,1,-86,WPA_WPA2_PSK
2026-03-19 22:48:19,19.5162373,-99.1041031,A56 de Juan Carlos,BE:5A:81:C0:B8:70,9,-86,WPA2_PSK
2026-03-19 22:48:19,19.5162373,-99.1041031,Armando barrera,AE:83:36:40:17:96,11,-86,WPA2_PSK
2026-03-19 22:48:19,19.5162373,-99.1041031,DAP-A1379AEPSF7EC7A,A8:31:62:80:0C:E6,10,-87,WPA2_PSK
2026-03-19 22:48:19,19.5162373,-99.1041031,NVRFN6966500,DC:07:F8:82:8C:95,13,-88,WPA2_PSK
2026-03-19 22:48:36,19.5160484,-99.1037216,IZZI-FC28,30:CC:21:F3:FC:28,8,-46,WPA2_PSK
2026-03-19 22:48:36,19.5160484,-99.1037216,INFINITUMEF99,D4:01:45:39:4C:F0,11,-61,WPA2_PSK
2026-03-19 22:48:36,19.5160484,-99.1037216,IZZI-7E33,48:96:D9:DC:7E:33,1,-66,WPA2_PSK
2026-03-19 22:48:36,19.5160484,-99.1037216,INFINITUM2E97_2.4,56:B7:BD:C6:B4:87,10,-66,WPA2_PSK
2026-03-19 22:48:36,19.5160484,-99.1037216,TotalPlay-C4B8,F8:64:B8:D8:C4:B8,3,-68,WPA_WPA2_PSK
2026-03-19 22:48:36,19.5160484,-99.1037216,Club_Totalplay_WiFi,FA:64:B8:F8:C4:B8,3,-69,OPEN
2026-03-19 22:48:36,19.5160484,-99.1037216,IZZI-933C,30:CC:21:F4:93:3C,5,-69,WPA2_PSK
2026-03-19 22:48:36,19.5160484,-99.1037216,INFINITUMBDB1,B8:3A:08:E0:81:10,6,-69,WPA_WPA2_PSK
2026-03-19 22:48:36,19.5160484,-99.1037216,Mega_2.4G_D0B0,9C:63:5B:7E:D0:B0,9,-69,WPA2_PSK
2026-03-19 22:48:36,19.5160484,-99.1037216,INFINITUME105,D4:01:45:38:63:B0,6,-70,WPA2_PSK
2026-03-19 22:48:36,19.5160484,-99.1037216,WIFI_TECSIDEL,00:EB:D8:4F:74:E2,10,-75,WPA2_PSK
2026-03-19 22:48:36,19.5160484,-99.1037216,AT350,20:97:27:32:88:7E,11,-78,WPA2_PSK
2026-03-19 22:48:36,19.5160484,-99.1037216,,3E:BD:69:48:DD:C9,6,-80,WPA2_PSK
2026-03-19 22:48:36,19.5160484,-99.1037216,Motive AABL36ND474511,00:25:CA:A3:CC:B9,6,-81,WPA2_PSK
2026-03-19 22:48:36,19.5160484,-99.1037216,,66:C3:94:E5:AA:22,6,-81,WPA2_PSK
2026-03-19 22:48:36,19.5160484,-99.1037216,Megacable_2.4G_3745,B0:8B:92:46:37:45,2,-84,WPA_WPA2_PSK
2026-03-19 22:48:36,19.5160484,-99.1037216,Wifi_jalpex_mesh:2.4,28:70:4E:41:37:BE,6,-84,WPA2_PSK
2026-03-19 22:48:36,19.5160484,-99.1037216,WiFi_MXP-02,D8:32:14:C5:78:A1,12,-84,WPA_WPA2_PSK
2026-03-19 22:48:36,19.5160484,-99.1037216,Club_Totalplay_WiFi,C6:EB:FF:35:84:FE,4,-85,OPEN
2026-03-19 22:48:36,19.5160484,-99.1037216,OPPO Reno11 5G,52:A8:85:CD:21:15,11,-85,WPA2_PSK
2026-03-19 22:48:36,19.5160484,-99.1037216,Totalplay-0F7C,C4:EB:FF:85:84:FE,4,-86,WPA2_PSK
2026-03-19 22:48:36,19.5160484,-99.1037216,Totalplay-C9AC,58:BE:72:20:49:58,11,-86,WPA2_PSK
2026-03-19 22:48:36,19.5160484,-99.1037216,Totalplay-2.4G-3A1F,98:C9:BE:C4:3A:23,10,-87,WPA2_PSK
2026-03-19 22:48:36,19.5160484,-99.1037216,Mega_2.4G_02B7,D4:61:95:C2:02:B7,8,-89,WPA_WPA2_PSK
2026-03-19 22:48:36,19.5160484,-99.1037216,NVRFN6966500,DC:07:F8:82:8C:95,13,-89,WPA2_PSK
2026-03-19 22:48:52,19.5158157,-99.1033173,IZZI-7E33,48:96:D9:DC:7E:33,1,-49,WPA2_PSK
2026-03-19 22:48:52,19.5158157,-99.1033173,Mega_2.4G_D0B0,9C:63:5B:7E:D0:B0,9,-67,WPA2_PSK
2026-03-19 22:48:52,19.5158157,-99.1033173,IZZI-1DC7,C0:B1:01:CF:1D:C7,8,-69,WPA2_PSK
2026-03-19 22:48:52,19.5158157,-99.1033173,CONVERTIDORESPARTELMEX2.4,A0:44:5C:91:B6:4C,6,-70,WPA2_PSK
2026-03-19 22:48:52,19.5158157,-99.1033173,IZZI-F644,80:2D:1A:92:F6:44,6,-74,WPA2_PSK
2026-03-19 22:48:52,19.5158157,-99.1033173,Megacable_2.4G_3745,B0:8B:92:46:37:45,2,-75,WPA_WPA2_PSK
2026-03-19 22:48:52,19.5158157,-99.1033173,INFINITUM2E97_2.4,56:B7:BD:C6:B4:87,10,-75,WPA2_PSK
2026-03-19 22:48:52,19.5158157,-99.1033173,Estancia Rivs,08:40:F3:40:86:31,6,-76,WPA_WPA2_PSK
2026-03-19 22:48:52,19.5158157,-99.1033173,IZZI-A6F8,30:CC:21:F4:A6:F8,3,-77,WPA2_PSK
2026-03-19 22:48:52,19.5158157,-99.1033173,INFINITUMCDF4,D4:01:45:37:32:A0,2,-78,WPA2_PSK
2026-03-19 22:48:52,19.5158157,-99.1033173,DAP-A1379AEPSF7EC7A,A8:31:62:80:0C:E6,10,-78,WPA2_PSK
2026-03-19 22:48:52,19.5158157,-99.1033173,AT483,20:97:27:3A:8F:2C,3,-79,WPA2_PSK
2026-03-19 22:48:52,19.5158157,-99.1033173,Club_Totalplay_WiFi,86:93:B2:3D:0B:7B,4,-79,OPEN
2026-03-19 22:48:52,19.5158157,-99.1033173,Club_Totalplay_WiFi,BA:DD:71:B4:B5:50,11,-79,OPEN
2026-03-19 22:48:52,19.5158157,-99.1033173,Totalplay-0523,84:93:B2:AD:0B:7B,4,-80,WPA2_PSK
2026-03-19 22:48:52,19.5158157,-99.1033173,Galaxy S23 Ultra 7598,CE:2C:A2:77:BF:42,11,-81,WPA2_PSK
2026-03-19 22:48:52,19.5158157,-99.1033173,,04:95:E6:37:25:04,1,-83,WPA2_PSK
2026-03-19 22:48:52,19.5158157,-99.1033173,DAP-9G09567PAZFCF2E,90:6A:94:7A:E6:9E,3,-83,WPA2_PSK
2026-03-19 22:48:52,19.5158157,-99.1033173,Mega_2.4G_271C,F8:79:28:65:27:1C,9,-83,WPA2_PSK
2026-03-19 22:48:52,19.5158157,-99.1033173,INFINITUM78B5,88:69:3D:7E:17:68,11,-84,WPA2_PSK
2026-03-19 22:48:52,19.5158157,-99.1033173,WiFi_MXP-02,D8:32:14:C5:78:A1,12,-84,WPA_WPA2_PSK
2026-03-19 22:48:52,19.5158157,-99.1033173,Club_Totalplay_WiFi,3C:A3:7E:7F:F6:37,5,-85,OPEN
2026-03-19 22:48:52,19.5158157,-99.1033173,,C4:69:F0:38:C1:F6,11,-85,WPA2_PSK
2026-03-19 22:48:52,19.5158157,-99.1033173,INFINITUMFC28,64:85:05:46:58:BB,1,-86,WPA2_PSK
2026-03-19 22:48:52,19.5158157,-99.1033173,Motive AABL36ND474511,00:25:CA:A3:CC:B9,6,-86,WPA2_PSK
2026-03-19 22:48:52,19.5158157,-99.1033173,INFINITUM60B6,E4:90:2A:56:0D:2C,6,-86,WPA2_PSK
2026-03-19 22:48:52,19.5158157,-99.1033173,Totalplay-38B4,48:2F:D7:77:9F:6C,7,-88,WPA2_PSK
2026-03-19 22:48:52,19.5158157,-99.1033173,NVRFN6966500,DC:07:F8:82:8C:95,13,-90,WPA2_PSK
2026-03-19 22:49:08,19.5151615,-99.1021347,,D8:32:14:13:84:90,9,-53,WPA2_PSK
2026-03-19 22:49:08,19.5151615,-99.1021347,La casa de los abuelos,D8:32:14:13:84:92,9,-57,WPA2_PSK
2026-03-19 22:49:08,19.5151615,-99.1021347,La casa de los abuelos,D8:32:14:13:84:62,7,-60,WPA2_PSK
2026-03-19 22:49:08,19.5151615,-99.1021347,INFINITUMB8B2,D4:01:45:35:DE:80,6,-61,WPA2_PSK
2026-03-19 22:49:08,19.5151615,-99.1021347,Club_Totalplay_WiFi,A4:7C:C9:DE:E7:C3,4,-66,OPEN
2026-03-19 22:49:08,19.5151615,-99.1021347,,D8:32:14:13:84:60,7,-66,WPA2_PSK
2026-03-19 22:49:08,19.5151615,-99.1021347,Totalplay-A8A8,A4:7C:C9:DE:E7:C0,4,-67,WPA2_PSK
2026-03-19 22:49:08,19.5151615,-99.1021347,Estancia Rivs,08:40:F3:40:86:31,6,-69,WPA_WPA2_PSK
2026-03-19 22:49:08,19.5151615,-99.1021347,Leitner-Pruebas,BC:A9:93:3A:C9:F0,6,-72,WPA2_PSK
2026-03-19 22:49:08,19.5151615,-99.1021347,Mexicable-Wifi,BC:A9:93:3A:C9:F1,6,-73,WPA2_PSK
2026-03-19 22:49:08,19.5151615,-99.1021347,INFINITUMF0F4,D4:01:45:39:62:A0,11,-74,WPA2_PSK
2026-03-19 22:49:08,19.5151615,-99.1021347,,48:2F:D7:77:9F:6D,7,-76,OPEN
2026-03-19 22:49:08,19.5151615,-99.1021347,Totalplay-38B4,48:2F:D7:77:9F:6C,7,-76,WPA2_PSK
2026-03-19 22:49:08,19.5151615,-99.1021347,Totalplay-38B4_EXT,04:95:E6:37:25:06,1,-79,WPA2_PSK
2026-03-19 22:49:08,19.5151615,-99.1021347,Estancia Rivs,08:40:F3:40:86:29,1,-79,WPA_WPA2_PSK
2026-03-19 22:49:08,19.5151615,-99.1021347,,EA:C3:2A:09:2E:9E,10,-80,WPA2_PSK
2026-03-19 22:49:08,19.5151615,-99.1021347,,DE:72:23:0E:EA:AF,5,-81,WPA2_PSK
2026-03-19 22:49:08,19.5151615,-99.1021347,IZZI-A6F8,30:CC:21:F4:A6:F8,3,-82,WPA2_PSK
2026-03-19 22:49:08,19.5151615,-99.1021347,IZZI-6ACC,28:77:77:3D:6A:CC,4,-82,WPA2_PSK
2026-03-19 22:49:08,19.5151615,-99.1021347,,04:95:E6:37:25:04,1,-83,WPA2_PSK
2026-03-19 22:49:08,19.5151615,-99.1021347,Totalplay-5.G-89019_2.4G,88:66:9F:9E:32:E8,1,-85,WPA_WPA2_PSK
2026-03-19 22:49:08,19.5151615,-99.1021347,Totalplay-2.4G-86c8,10:08:1D:C2:86:C8,1,-85,WPA2_PSK
2026-03-19 22:49:08,19.5151615,-99.1021347,Club_Totalplay_WiFi,10:08:1D:C2:86:C9,1,-85,OPEN
2026-03-19 22:49:08,19.5151615,-99.1021347,CFE Internet,64:5E:10:CF:D0:60,6,-85,OPEN
2026-03-19 22:49:08,19.5151615,-99.1021347,IZZI-2393,48:96:D9:DA:23:93,8,-85,WPA2_PSK
2026-03-19 22:49:08,19.5151615,-99.1021347,WiFi_MXP-02,D8:32:14:C5:78:A1,12,-89,WPA_WPA2_PSK
2026-03-19 22:49:24,19.5141811,-99.1004333,IZZI-F00F,48:96:D9:DC:F0:0F,3,-78,WPA2_PSK
2026-03-19 22:49:24,19.5141811,-99.1004333,IZZI-9B4E,5C:A4:F4:01:9B:4E,5,-79,WPA2_PSK
2026-03-19 22:49:24,19.5141811,-99.1004333,IZZI-0B38,E4:60:4D:0E:0B:38,1,-82,WPA2_PSK
2026-03-19 22:49:24,19.5141811,-99.1004333,TB LAM,50:4E:DC:B6:CC:18,11,-82,WPA2_PSK
2026-03-19 22:49:24,19.5141811,-99.1004333,IZZI-32D8,D8:E8:44:C1:32:D8,5,-83,WPA2_PSK
2026-03-19 22:49:24,19.5141811,-99.1004333,,86:EA:ED:CA:3F:A3,1,-84,WPA2_PSK
2026-03-19 22:49:24,19.5141811,-99.1004333,IZZI-872C,28:77:77:9D:87:2C,2,-84,WPA2_PSK
2026-03-19 22:49:24,19.5141811,-99.1004333,Mega-2.4G-6FB1,78:DD:33:63:AE:8C,2,-85,WPA2_PSK
2026-03-19 22:49:24,19.5141811,-99.1004333,IZZI-19C8,C0:B1:01:DF:19:C8,2,-86,WPA2_PSK
2026-03-19 22:49:24,19.5141811,-99.1004333,,40:A5:EF:03:BC:AF,6,-86,OPEN
2026-03-19 22:49:24,19.5141811,-99.1004333,,D8:32:14:13:84:60,7,-86,WPA2_PSK
2026-03-19 22:49:24,19.5141811,-99.1004333,Estancia Rivs,08:40:F3:40:86:31,6,-87,WPA_WPA2_PSK
2026-03-19 22:49:24,19.5141811,-99.1004333,Totalplay-2.4G-36e8,64:9D:F3:5B:36:E8,6,-87,WPA2_PSK
2026-03-19 22:49:24,19.5141811,-99.1004333,IZZI-8222,28:77:77:9D:82:22,5,-88,WPA2_PSK
2026-03-19 22:49:24,19.5141811,-99.1004333,IZZI-EDF2,74:26:FF:EF:ED:F2,8,-88,WPA2_PSK
2026-03-19 22:49:24,19.5141811,-99.1004333,INFINITUMq2tw,00:F8:1C:FA:50:18,8,-89,WPA_WPA2_PSK
2026-03-19 22:49:24,19.5141811,-99.1004333,IZZI-1494,5C:A4:F4:F3:14:94,8,-89,WPA2_PSK
2026-03-19 22:49:24,19.5141811,-99.1004333,INFINITUM2F1C,A8:E8:1E:0D:60:00,11,-89,WPA2_PSK
2026-03-19 22:49:40,19.5129719,-99.0982742,Club_Totalplay_WiFi,BC:47:32:13:D2:21,1,-70,OPEN
2026-03-19 22:49:40,19.5129719,-99.0982742,razr 50 ultra_6450,92:15:86:76:DB:B5,2,-72,WPA2_WPA3_PSK
2026-03-19 22:49:40,19.5129719,-99.0982742,Totalplay-2.4G-d220,BC:47:32:13:D2:20,1,-73,WPA2_PSK
2026-03-19 22:49:40,19.5129719,-99.0982742,CDMX-Internet para Todos,00:4E:35:05:F8:A3,6,-74,OPEN
2026-03-19 22:49:40,19.5129719,-99.0982742,Megacable_2.4G_31DF,14:09:B4:D5:31:DF,7,-75,WPA_WPA2_PSK
2026-03-19 22:49:40,19.5129719,-99.0982742,Mega-2.4G-CEAD,7E:00:4D:A0:4A:14,6,-77,WPA2_WPA3_PSK
2026-03-19 22:49:40,19.5129719,-99.0982742,,FA:2D:C0:A0:A7:0C,11,-79,UNKNOWN
2026-03-19 22:49:40,19.5129719,-99.0982742,IZZI-9B20,48:4E:FC:99:3E:F6,1,-80,WPA2_PSK
2026-03-19 22:49:40,19.5129719,-99.0982742,Megacable_2.4G_E11C,F8:64:B8:C6:E1:1C,3,-80,WPA_WPA2_PSK
2026-03-19 22:49:40,19.5129719,-99.0982742,Mega_Pau_EXT,24:2F:D0:81:F3:55,4,-80,WPA2_PSK
2026-03-19 22:49:40,19.5129719,-99.0982742,IZZI-E24A,5C:A4:F4:00:E2:4A,4,-80,WPA2_PSK
2026-03-19 22:49:40,19.5129719,-99.0982742,,00:4E:35:05:F8:A2,6,-80,WPA2_PSK
2026-03-19 22:49:40,19.5129719,-99.0982742,IZZI-90EC,94:04:E3:B9:90:F0,11,-80,WPA2_PSK
2026-03-19 22:49:40,19.5129719,-99.0982742,,6C:49:A6:EF:57:74,1,-81,OPEN
2026-03-19 22:49:40,19.5129719,-99.0982742,,6C:E8:74:7C:DD:CF,3,-81,WPA2_PSK
2026-03-19 22:49:40,19.5129719,-99.0982742,IZZI-A79A,98:00:6A:45:A7:9A,10,-81,WPA2_PSK
2026-03-19 22:49:40,19.5129719,-99.0982742,IZZI-62D4,98:39:10:6A:62:D9,1,-83,WPA2_PSK
2026-03-19 22:49:40,19.5129719,-99.0982742,TP-Link_1180,80:26:89:53:6A:73,2,-83,WPA2_PSK
2026-03-19 22:49:40,19.5129719,-99.0982742,Mega_2.4G_A72E,9C:63:5B:7E:A7:2E,5,-83,WPA2_PSK
2026-03-19 22:49:40,19.5129719,-99.0982742,,EE:A9:40:A6:DB:10,6,-83,UNKNOWN
2026-03-19 22:49:40,19.5129719,-99.0982742,,E8:EA:4D:70:44:3A,9,-83,WPA2_PSK
2026-03-19 22:49:40,19.5129719,-99.0982742,Steren MESH-300+_9FLK_A1,50:0F:F5:86:A7:52,10,-83,OPEN
2026-03-19 22:49:40,19.5129719,-99.0982742,IZZI-F970,98:39:10:6A:F9:75,1,-84,WPA2_PSK
2026-03-19 22:49:40,19.5129719,-99.0982742,,FA:8F:CA:32:52:6C,8,-84,OPEN
2026-03-19 22:49:40,19.5129719,-99.0982742,Club_Totalplay_WiFi,E8:EA:4D:70:44:3B,9,-85,OPEN
2026-03-19 22:49:40,19.5129719,-99.0982742,Totalplay-2.4G-A000,20:5E:0D:3C:A0:01,1,-86,WPA_WPA2_PSK
2026-03-19 22:49:40,19.5129719,-99.0982742,IZZI-5F5C_Ext,90:91:64:34:76:9A,11,-86,WPA2_PSK
2026-03-19 22:49:40,19.5129719,-99.0982742,Linksys 5,D8:EC:5E:FA:FA:3E,5,-87,WPA2_PSK
2026-03-19 22:49:40,19.5129719,-99.0982742,FAMMASAN_2.4G,92:F9:B7:BE:4D:F0,7,-87,WPA_WPA2_PSK
2026-03-19 22:49:40,19.5129719,-99.0982742,WIFIBRG00124256ff2fIPC199,A6:EF:15:91:55:C4,14,-89,WPA2_PSK
2026-03-19 22:49:40,19.5129719,-99.0982742,WIFIBRG00124256ff2fIPC219,A6:EF:15:91:29:45,14,-93,WPA2_PSK
2026-03-19 22:49:56,19.5115204,-99.0956726,CDMX-Internet para Todos,00:4E:35:03:D1:42,11,-71,OPEN
2026-03-19 22:49:56,19.5115204,-99.0956726,,00:4E:35:03:D1:43,11,-73,WPA2_PSK
2026-03-19 22:49:56,19.5115204,-99.0956726,IZZI-DEF3,48:96:D9:D9:DE:F3,7,-74,WPA2_PSK
2026-03-19 22:49:56,19.5115204,-99.0956726,davidfabi,88:96:4E:F7:D5:D2,11,-75,WPA2_PSK
2026-03-19 22:49:56,19.5115204,-99.0956726,Club_Totalplay_WiFi,BC:47:32:1C:DB:F9,1,-78,OPEN
2026-03-19 22:49:56,19.5115204,-99.0956726,Alex,28:87:BA:52:72:92,6,-78,WPA2_PSK
2026-03-19 22:49:56,19.5115204,-99.0956726,IZZI-0045,F0:AF:85:C0:76:F1,6,-78,WPA2_PSK
2026-03-19 22:49:56,19.5115204,-99.0956726,INFINITUM67AC,2C:52:AF:1F:95:68,1,-79,WPA2_PSK
2026-03-19 22:49:56,19.5115204,-99.0956726,Totalplay-2.4G-dbf8,BC:47:32:1C:DB:F8,1,-80,WPA2_PSK
2026-03-19 22:49:56,19.5115204,-99.0956726,IZZI-86B5,24:E4:CE:3E:86:BA,6,-80,WPA2_PSK
2026-03-19 22:49:56,19.5115204,-99.0956726,Megacable_2.4G_5026,08:F6:06:C5:50:26,9,-82,WPA_WPA2_PSK
2026-03-19 22:49:56,19.5115204,-99.0956726,Kandi,2E:87:BA:52:72:92,6,-83,WPA2_PSK
2026-03-19 22:49:56,19.5115204,-99.0956726,LiaMolly,94:B2:71:6F:C3:8C,3,-84,WPA_WPA2_PSK
2026-03-19 22:49:56,19.5115204,-99.0956726,INFINITUM623D,80:38:BC:62:F0:70,3,-85,WPA2_PSK
2026-03-19 22:49:56,19.5115204,-99.0956726,R_MC4726,34:0A:9C:03:27:55,7,-87,WPA_WPA2_PSK
2026-03-19 22:49:56,19.5115204,-99.0956726,,AE:60:6F:4A:8B:AD,11,-88,WPA2_PSK
2026-03-19 22:49:56,19.5115204,-99.0956726,Mega-2.4G-4AAE,8A:E0:56:F9:63:B4,11,-88,WPA2_WPA3_PSK
2026-03-19 22:49:56,19.5115204,-99.0956726,,6E:63:9C:32:68:98,1,-89,UNKNOWN
2026-03-19 22:49:56,19.5115204,-99.0956726,,E8:4D:74:2A:0C:C6,3,-89,WPA2_PSK
2026-03-19 22:49:56,19.5115204,-99.0956726,Totalplay-2.4G-22E0,20:5E:0D:32:22:E1,6,-89,WPA_WPA2_PSK
2026-03-19 22:49:56,19.5115204,-99.0956726,,FA:F5:32:2D:70:4C,6,-91,UNKNOWN
2026-03-19 22:50:12,19.5103817,-99.0930557,INFINITUMBF40,56:B7:BD:CC:7E:E9,7,-72,WPA2_PSK
2026-03-19 22:50:12,19.5103817,-99.0930557,INFINITUM7CE7,E4:A1:E6:04:93:E0,2,-77,WPA_WPA2_PSK
2026-03-19 22:50:12,19.5103817,-99.0930557,IZZI-6BE4,48:BD:CE:A1:6B:E8,11,-77,WPA2_PSK
2026-03-19 22:50:12,19.5103817,-99.0930557,INFINITUMDB72,50:02:38:43:9C:49,6,-78,WPA2_PSK
2026-03-19 22:50:12,19.5103817,-99.0930557,,52:02:38:43:9C:49,6,-79,WPA2_PSK
2026-03-19 22:50:12,19.5103817,-99.0930557,INFINITUMC6AC,50:02:38:42:4F:E9,1,-81,WPA2_PSK
2026-03-19 22:50:12,19.5103817,-99.0930557,CDMX-Internet para Todos,00:4E:35:F8:9B:03,1,-81,OPEN
2026-03-19 22:50:12,19.5103817,-99.0930557,,56:9F:06:CF:12:59,1,-82,WPA2_PSK
2026-03-19 22:50:12,19.5103817,-99.0930557,,52:02:38:42:4F:E9,1,-82,WPA2_PSK
2026-03-19 22:50:12,19.5103817,-99.0930557,,B2:84:C6:53:19:FA,7,-82,WPA2_PSK
2026-03-19 22:50:12,19.5103817,-99.0930557,ASHERYORKY_2.4G,68:59:11:E7:1E:00,1,-83,WPA_WPA2_PSK
2026-03-19 22:50:12,19.5103817,-99.0930557,IZZI-53CF,D0:F9:9B:5D:53:CF,4,-83,WPA2_PSK
2026-03-19 22:50:12,19.5103817,-99.0930557,Steren COM-828,E0:E1:A9:4C:0B:2C,6,-83,WPA_WPA2_PSK
2026-03-19 22:50:12,19.5103817,-99.0930557,Club_Totalplay_WiFi,68:59:11:E7:1E:01,1,-84,OPEN
2026-03-19 22:50:12,19.5103817,-99.0930557,,E6:DA:DF:C0:E3:69,3,-87,WPA2_PSK
2026-03-19 22:50:12,19.5103817,-99.0930557,IZZI-9F38,74:26:FF:E1:9F:38,7,-88,WPA2_PSK
2026-03-19 22:50:12,19.5103817,-99.0930557,IZZI-689D,C0:B1:01:CF:68:9D,2,-89,WPA2_PSK
2026-03-19 22:50:28,19.5096321,-99.0911636,Totalplay-7981,EC:A1:D1:93:5D:80,2,-70,WPA2_PSK
2026-03-19 22:50:28,19.5096321,-99.0911636,hw_manage_cloud_6590,90:5E:44:19:65:9B,1,-71,WPA2_PSK
2026-03-19 22:50:28,19.5096321,-99.0911636,,EC:A1:D1:93:5D:82,2,-72,WPA2_PSK
2026-03-19 22:50:28,19.5096321,-99.0911636,Sala_estar,28:D1:27:65:1D:A5,2,-74,WPA_WPA2_PSK
2026-03-19 22:50:28,19.5096321,-99.0911636,INFINITUMA69E,48:F8:DB:83:B4:98,11,-74,WPA2_PSK
2026-03-19 22:50:28,19.5096321,-99.0911636,IZZI-08F1,24:E4:CE:14:08:F6,1,-76,WPA2_PSK
2026-03-19 22:50:28,19.5096321,-99.0911636,Tolama01_2.4Gnormal,C4:A4:02:82:00:54,9,-81,WPA_WPA2_PSK
2026-03-19 22:50:28,19.5096321,-99.0911636,,30:16:9D:D1:9F:AE,9,-83,WPA_WPA2_PSK
2026-03-19 22:50:28,19.5096321,-99.0911636,Hotspot6940,00:54:AF:AC:69:40,13,-85,WPA_WPA2_PSK
2026-03-19 22:50:44,19.5095558,-99.0909500,Tenda_4BB9D8,04:95:E6:4B:B9:D8,3,-80,WPA_PSK
2026-03-19 22:50:44,19.5095558,-99.0909500,INFINITUMA69E,48:F8:DB:83:B4:98,11,-82,WPA2_PSK
2026-03-19 22:51:00,19.5095539,-99.0909500,,D8:10:9F:4F:D4:11,1,-78,WPA2_PSK
2026-03-19 22:51:00,19.5095539,-99.0909500,INFINITUMA69E,48:F8:DB:83:B4:98,11,-78,WPA2_PSK
2026-03-19 22:51:00,19.5095539,-99.0909500,CDMX_Internet para Todos,D8:10:9F:4F:D4:10,1,-79,OPEN
2026-03-19 22:51:00,19.5095539,-99.0909500,HiDvr_1B167018,C0:8A:60:28:95:9B,6,-82,WPA_WPA2_PSK
2026-03-19 22:51:00,19.5095539,-99.0909500,MINI18053 CarPlay,F8:33:31:02:AB:70,11,-86,WPA2_PSK
2026-03-19 22:51:16,19.5093937,-99.0906525,,90:5E:44:19:65:9F,1,-57,WPA2_PSK
2026-03-19 22:51:16,19.5093937,-99.0906525,hw_manage_cloud_6590,90:5E:44:19:65:9B,1,-59,WPA2_PSK
2026-03-19 22:51:16,19.5093937,-99.0906525,CDMX_Internet para Todos,D8:10:9F:4F:D4:10,1,-66,OPEN
2026-03-19 22:51:16,19.5093937,-99.0906525,MC26469,30:3D:51:12:A8:B5,11,-71,WPA_WPA2_PSK
2026-03-19 22:51:16,19.5093937,-99.0906525,Car-10322C4F9948,10:32:2C:4F:99:48,6,-73,WPA2_PSK
2026-03-19 22:51:16,19.5093937,-99.0906525,CDMX-Internet para Todos,00:4E:35:03:63:43,1,-75,OPEN
2026-03-19 22:51:16,19.5093937,-99.0906525,,22:61:B4:19:61:62,9,-84,WPA2_PSK
2026-03-19 22:51:16,19.5093937,-99.0906525,Club_Totalplay_WiFi,EC:A1:D1:78:23:CF,7,-86,OPEN
2026-03-19 22:51:32,19.5088120,-99.0893631,Telecable-9C12,D0:5F:AF:33:9C:1E,8,-65,WPA_WPA2_PSK
2026-03-19 22:51:32,19.5088120,-99.0893631,INFINITUM3DA9,F0:87:56:BA:1A:B1,1,-68,WPA2_PSK
2026-03-19 22:51:32,19.5088120,-99.0893631,MC26582,30:3D:51:12:E9:F5,11,-69,WPA_WPA2_PSK
2026-03-19 22:51:32,19.5088120,-99.0893631,,00:4E:35:04:89:A2,11,-71,WPA2_PSK
2026-03-19 22:51:32,19.5088120,-99.0893631,CDMX-Internet para Todos,00:4E:35:04:89:A3,11,-71,OPEN
2026-03-19 22:51:32,19.5088120,-99.0893631,Megacable_2.4G_6CC6,08:9A:C7:80:6C:C6,9,-74,WPA_WPA2_PSK
2026-03-19 22:51:32,19.5088120,-99.0893631,Club_Totalplay_WiFi,26:A6:5E:37:E1:62,9,-77,OPEN
2026-03-19 22:51:32,19.5088120,-99.0893631,Totalplay-A87D,24:A6:5E:07:E1:62,9,-78,WPA2_PSK
2026-03-19 22:51:32,19.5088120,-99.0893631,Club_Totalplay_WiFi,D4:46:49:45:3A:A3,5,-84,OPEN
2026-03-19 22:51:48,19.5080776,-99.0875168,Totalplay-B3B6,9E:BF:CD:43:91:E4,4,-57,WPA2_PSK
2026-03-19 22:51:48,19.5080776,-99.0875168,,9E:BF:CD:43:91:E6,4,-64,WPA2_PSK
2026-03-19 22:51:48,19.5080776,-99.0875168,Totalplay-2.4G-5de8,64:9D:F3:07:5D:E8,6,-66,WPA2_PSK
2026-03-19 22:51:48,19.5080776,-99.0875168,Club_Totalplay_WiFi,64:9D:F3:07:5D:E9,6,-67,OPEN
2026-03-19 22:51:48,19.5080776,-99.0875168,Club_Totalplay_WiFi,6C:D8:19:EF:66:61,1,-75,OPEN
2026-03-19 22:51:48,19.5080776,-99.0875168,IZZI-6CED,9C:C8:FC:46:D1:39,6,-78,WPA2_PSK
2026-03-19 22:51:48,19.5080776,-99.0875168,...Free MB Sitwifi-Station,10:F0:68:66:11:A8,1,-85,OPEN
2026-03-19 22:51:48,19.5080776,-99.0875168,Expansion,10:F0:68:A6:11:A8,1,-85,WPA2_WPA3_PSK
2026-03-19 22:51:48,19.5080776,-99.0875168,CDMX-Internet para Todos,00:4E:35:04:89:A3,11,-86,OPEN
2026-03-19 22:52:03,19.5074863,-99.0861282,,9E:C8:FC:26:D1:39,6,-64,UNKNOWN
2026-03-19 22:52:03,19.5074863,-99.0861282,Expansion,10:F0:68:A6:11:A8,1,-66,WPA2_WPA3_PSK
2026-03-19 22:52:03,19.5074863,-99.0861282,...Free MB Sitwifi-Station,10:F0:68:66:11:A8,1,-67,OPEN
2026-03-19 22:52:03,19.5074863,-99.0861282,IZZI-6CED,9C:C8:FC:46:D1:39,6,-67,WPA2_PSK
2026-03-19 22:52:03,19.5074863,-99.0861282,..izzi WiFi,54:3D:37:3D:EF:F8,13,-70,OPEN
2026-03-19 22:52:03,19.5074863,-99.0861282,*.Megacable WiFi.*,54:3D:37:7D:EF:F8,13,-74,OPEN
2026-03-19 22:52:03,19.5074863,-99.0861282,IZZI-7574,EC:A8:1F:D9:75:78,6,-77,WPA2_PSK
2026-03-19 22:52:03,19.5074863,-99.0861282,IZZI-B106,88:71:B1:0A:48:1B,1,-85,WPA2_PSK
2026-03-19 22:52:20,19.5074005,-99.0859070,,54:3D:37:BD:EF:F8,13,-61,UNKNOWN
2026-03-19 22:52:20,19.5074005,-99.0859070,..izzi WiFi,54:3D:37:3D:EF:F8,13,-62,OPEN
2026-03-19 22:52:20,19.5074005,-99.0859070,Global_Wi-Fi,10:F0:68:26:11:A8,1,-63,UNKNOWN
2026-03-19 22:52:20,19.5074005,-99.0859070,Expansion,10:F0:68:A6:11:A8,1,-63,WPA2_WPA3_PSK
2026-03-19 22:52:20,19.5074005,-99.0859070,Club_Totalplay_WiFi,BC:47:32:10:E5:C9,6,-70,OPEN
2026-03-19 22:52:20,19.5074005,-99.0859070,Club_Totalplay_WiFi,90:16:BA:29:93:DB,11,-70,OPEN
2026-03-19 22:52:20,19.5074005,-99.0859070,,38:20:28:82:B1:B6,11,-72,WPA2_PSK
2026-03-19 22:52:20,19.5074005,-99.0859070,Totalplay-E1A5,90:16:BA:29:93:D8,11,-72,WPA2_PSK
2026-03-19 22:52:36,19.5072975,-99.0856247,Global_Wi-Fi,10:F0:68:26:11:A8,1,-57,UNKNOWN
2026-03-19 22:52:36,19.5072975,-99.0856247,Expansion,10:F0:68:A6:11:A8,1,-57,WPA2_WPA3_PSK
2026-03-19 22:52:36,19.5072975,-99.0856247,...Free MB Sitwifi-Station,10:F0:68:66:11:A8,1,-57,OPEN
2026-03-19 22:52:36,19.5072975,-99.0856247,HUAWEI-2.4G-ecsQ,38:20:28:82:B1:B4,11,-68,WPA2_PSK
2026-03-19 22:52:36,19.5072975,-99.0856247,,38:20:28:82:B1:B6,11,-68,WPA2_PSK
2026-03-19 22:52:36,19.5072975,-99.0856247,..izzi WiFi,54:3D:37:3D:EF:F8,13,-80,OPEN
2026-03-19 22:52:36,19.5072975,-99.0856247,*.Megacable WiFi.*,54:3D:37:7D:EF:F8,13,-81,OPEN
2026-03-19 22:52:51,19.5068474,-99.0845032,Dash-2181,7C:0C:F6:0B:6B:15,1,-71,WPA2_PSK
2026-03-19 22:52:51,19.5068474,-99.0845032,INFINITUM05B3,7C:8B:CA:3A:9D:D4,11,-72,WPA2_PSK
2026-03-19 22:53:07,19.5061493,-99.0830765,IZZI-E117,F0:4B:8A:FC:11:0F,11,-70,WPA2_PSK
2026-03-19 22:53:07,19.5061493,-99.0830765,,F2:4B:8A:FC:11:1F,11,-70,UNKNOWN
2026-03-19 22:53:07,19.5061493,-99.0830765,Artemisa ,04:95:E6:0D:27:91,4,-74,WPA2_PSK
2026-03-19 22:53:07,19.5061493,-99.0830765,,04:95:E6:0D:27:90,4,-77,WPA2_PSK
2026-03-19 22:53:07,19.5061493,-99.0830765,,58:D9:D5:A7:10:00,10,-80,WPA2_PSK
2026-03-19 22:53:07,19.5061493,-99.0830765,mexibusL2,D4:13:F8:2E:A6:A8,1,-87,OPEN
2026-03-19 22:53:07,19.5061493,-99.0830765,,2A:F5:D1:B2:07:9C,1,-89,UNKNOWN
2026-03-19 22:53:07,19.5061493,-99.0830765,HIKVISION-K2-51d3,24:14:07:A8:51:D3,11,-89,WPA_WPA2_PSK
2026-03-19 22:53:23,19.5054836,-99.0815506,Kagami,00:CB:7A:97:F2:C0,11,-61,WPA2_PSK
2026-03-19 22:53:23,19.5054836,-99.0815506,,F2:AF:85:A8:55:67,1,-62,UNKNOWN
2026-03-19 22:53:23,19.5054836,-99.0815506,INFINITUM2BEA_2.4,64:CC:22:5C:51:26,10,-66,WPA2_PSK
2026-03-19 22:53:23,19.5054836,-99.0815506,IZZI-52FA,F0:AF:85:B8:55:67,1,-73,WPA2_PSK
2026-03-19 22:53:23,19.5054836,-99.0815506,IZZI-95FD,40:2B:50:F7:85:73,1,-84,WPA2_PSK
2026-03-19 22:53:23,19.5054836,-99.0815506,,42:2B:50:F7:85:13,1,-86,UNKNOWN
2026-03-19 22:53:39,19.5046921,-99.0797653,MEGACABLE,64:DB:F7:B5:33:79,4,-67,WPA2_PSK
2026-03-19 22:53:39,19.5046921,-99.0797653,,DE:92:72:05:FC:5C,11,-70,UNKNOWN
2026-03-19 22:53:39,19.5046921,-99.0797653,IZZI-FB55,DC:92:72:05:FB:5A,11,-72,WPA2_PSK
2026-03-19 22:53:39,19.5046921,-99.0797653,,90:4C:81:C0:4E:22,11,-75,WPA2_PSK
2026-03-19 22:53:39,19.5046921,-99.0797653,CDMX-Internet para Todos,90:4C:81:C0:4E:23,11,-78,OPEN
2026-03-19 22:53:39,19.5046921,-99.0797653,INFINITUM3BFE,3C:BD:69:5E:30:A9,1,-86,WPA2_PSK
2026-03-19 22:53:39,19.5046921,-99.0797653,,6C:49:A6:E2:74:14,11,-89,OPEN
2026-03-19 22:53:55,19.5042877,-99.0788574,,90:4C:81:C0:4E:22,11,-79,WPA2_PSK
2026-03-19 22:54:11,19.5035553,-99.0786896,IZZI-07C4,94:04:E3:DA:07:C8,1,-69,WPA2_PSK
2026-03-19 22:54:11,19.5035553,-99.0786896,CFE-Internet para Todos-CDMX,64:5E:10:CF:CC:A0,1,-75,OPEN
2026-03-19 22:54:11,19.5035553,-99.0786896,CDMX-Internet para Todos,00:4E:35:05:49:02,1,-81,OPEN
2026-03-19 22:54:11,19.5035553,-99.0786896,Redmi A3,D2:15:F8:0E:47:9A,13,-95,WPA2_WPA3_PSK
2026-03-19 22:54:27,19.5017643,-99.0796814,WIFIBRG001243847f75IPC098,B6:FB:E3:38:26:5F,11,-72,WPA2_PSK
2026-03-19 22:54:27,19.5017643,-99.0796814,CDMX-Internet para Todos,90:4C:81:CA:30:E3,6,-73,OPEN
2026-03-19 22:54:27,19.5017643,-99.0796814,CDMX-Internet para Todos,34:60:F9:6D:3D:70,1,-78,OPEN
2026-03-19 22:54:27,19.5017643,-99.0796814,,C6:EB:39:20:04:54,6,-78,UNKNOWN
2026-03-19 22:54:43,19.4994297,-99.0812225,G-103,BC:E6:7C:5C:0A:D0,1,-54,WPA2_PSK
2026-03-19 22:54:43,19.4994297,-99.0812225,G-104,BC:E6:7C:31:AE:20,6,-79,WPA2_PSK
2026-03-19 22:54:43,19.4994297,-99.0812225,,52:9A:88:B6:06:1A,11,-80,WPA2_PSK
2026-03-19 22:54:43,19.4994297,-99.0812225,IPCZ7C85116740426,9C:A3:A9:CB:F5:A1,7,-88,WPA2_PSK
2026-03-19 22:54:59,19.4974346,-99.0826874,Mega-2.4G-69AF,16:8C:4A:22:86:6C,4,-60,WPA2_WPA3_PSK
2026-03-19 22:54:59,19.4974346,-99.0826874,Mega_2.4G_C26A,F8:79:28:EA:C2:6A,9,-66,WPA2_PSK
2026-03-19 22:54:59,19.4974346,-99.0826874,iGOTO,00:0C:43:53:92:00,10,-68,WPA_WPA2_PSK
2026-03-19 22:54:59,19.4974346,-99.0826874,Totalplay-2.4G-D810,6C:49:A6:E9:D8:11,11,-73,WPA_WPA2_PSK
2026-03-19 22:54:59,19.4974346,-99.0826874,Care-APHC10220MTQQY6,96:A4:08:44:B5:87,6,-88,OPEN
2026-03-19 22:55:15,19.4973240,-99.0825958,Mega_2.4G_C26A,F8:79:28:EA:C2:6A,9,-61,WPA2_PSK
2026-03-19 22:55:15,19.4973240,-99.0825958,IZZI-8D5C,1C:9D:72:7C:8D:60,1,-69,WPA2_PSK
2026-03-19 22:55:15,19.4973240,-99.0825958,G-104,BC:E6:7C:31:AE:20,6,-81,WPA2_PSK
2026-03-19 22:55:15,19.4973240,-99.0825958,IVONNE,BC:82:5D:0F:10:E6,1,-83,WPA2_PSK
2026-03-19 22:55:15,19.4973240,-99.0825958,,00:4E:35:00:BE:82,6,-88,WPA2_PSK
2026-03-19 22:55:31,19.4982414,-99.0819168,G-103,BC:E6:7C:5C:0A:D0,1,-66,WPA2_PSK
2026-03-19 22:55:31,19.4982414,-99.0819168,G-104,BC:E6:7C:31:AE:20,6,-75,WPA2_PSK
2026-03-19 22:55:31,19.4982414,-99.0819168,Bryangopa_2.4Gnormal,20:65:8E:F0:AC:10,9,-76,WPA2_PSK
2026-03-19 22:55:47,19.4986668,-99.0815582,G-103,BC:E6:7C:5C:0A:D0,1,-50,WPA2_PSK
2026-03-19 22:55:47,19.4986668,-99.0815582,,50:0F:F5:22:EF:00,10,-69,WPA2_PSK
2026-03-19 22:55:47,19.4986668,-99.0815582,G-104,BC:E6:7C:31:AE:20,6,-72,WPA2_PSK
2026-03-19 22:55:47,19.4986668,-99.0815582,,C6:27:95:4F:B2:8F,1,-84,WPA2_PSK
2026-03-19 22:55:47,19.4986668,-99.0815582,ActionCam_2f9ed955,8C:59:DC:7A:88:84,9,-84,WPA2_PSK
2026-03-19 22:55:47,19.4986668,-99.0815582,INFINITUM3E52_2.4,E8:1B:69:DE:B2:60,6,-85,WPA2_PSK
2026-03-19 22:56:03,19.4989834,-99.0813141,G-103,BC:E6:7C:5C:0A:D0,1,-49,WPA2_PSK
2026-03-19 22:56:03,19.4989834,-99.0813141,G-104,BC:E6:7C:31:AE:20,6,-61,WPA2_PSK
2026-03-19 22:56:03,19.4989834,-99.0813141,,50:0F:F5:22:EF:00,10,-84,WPA2_PSK
2026-03-19 22:56:03,19.4989834,-99.0813141,Club_Totalplay_WiFi,BA:DD:71:B1:CD:F8,1,-89,OPEN
2026-03-19 22:56:03,19.4989834,-99.0813141,,C6:27:95:4F:B2:8F,1,-89,WPA2_PSK
2026-03-19 22:56:19,19.4994965,-99.0809479,G-103,BC:E6:7C:5C:0A:D0,1,-72,WPA2_PSK
2026-03-19 22:56:19,19.4994965,-99.0809479,IZZI-D779,DC:A6:33:03:E2:18,6,-79,WPA2_PSK
2026-03-19 22:56:19,19.4994965,-99.0809479,CDMX-Internet para Todos,00:4E:35:03:20:E3,11,-79,OPEN
2026-03-19 22:56:19,19.4994965,-99.0809479,,00:4E:35:03:20:E2,11,-80,WPA2_PSK
2026-03-19 22:56:35,19.5010185,-99.0801086,Mega_2.4G_F97A,84:3C:99:04:F9:7A,9,-67,WPA2_PSK
2026-03-19 22:56:35,19.5010185,-99.0801086,Megacable_2.4G_8FFE,34:24:3E:22:8F:FE,10,-73,WPA_WPA2_PSK
2026-03-19 22:56:35,19.5010185,-99.0801086,WIFIBRG001243847f75IPC098,B6:FB:E3:38:26:5F,11,-73,WPA2_PSK
2026-03-19 22:56:35,19.5010185,-99.0801086,CDMX-Internet para Todos,90:4C:81:CA:30:E3,6,-77,OPEN
2026-03-19 22:56:35,19.5010185,-99.0801086,INFINITUMD40B_2.4,F4:9E:EF:B8:B1:ED,6,-78,WPA2_PSK
2026-03-19 22:56:35,19.5010185,-99.0801086,Megacable_2.4G_76C8,08:9A:C7:80:76:C8,9,-79,WPA_WPA2_PSK
2026-03-19 22:56:51,19.5029125,-99.0787964,CFE-Internet para Todos-CDMX,64:5E:10:CF:CC:A0,1,-81,OPEN
2026-03-19 22:57:07,19.5052853,-99.0774384,IZZI-750B,2C:58:4F:53:43:8F,6,-80,WPA2_PSK
2026-03-19 22:57:07,19.5052853,-99.0774384,,2E:58:4F:23:43:8F,6,-81,UNKNOWN
2026-03-19 22:57:07,19.5052853,-99.0774384,,90:4C:81:C0:4E:22,1,-85,WPA2_PSK
2026-03-19 22:57:07,19.5052853,-99.0774384,,00:4E:35:05:49:03,1,-85,WPA2_PSK
2026-03-19 22:57:07,19.5052853,-99.0774384,CDMX-Internet para Todos,00:4E:35:05:49:02,1,-87,OPEN
2026-03-19 22:57:07,19.5052853,-99.0774384,WIFIBRG00124306745bIPC127,3A:BE:AB:77:C7:D6,14,-87,WPA2_PSK
2026-03-19 22:57:23,19.5074768,-99.0757599,IZZI-4B98,EC:A9:40:86:5B:7B,6,-79,WPA2_PSK
2026-03-19 22:57:23,19.5074768,-99.0757599,IZZI-1F77,F0:AF:85:BD:D2:62,1,-82,WPA2_PSK
2026-03-19 22:57:23,19.5074768,-99.0757599,IZZI-BB9C,88:71:B1:0A:B4:D1,6,-83,WPA2_PSK
2026-03-19 22:57:23,19.5074768,-99.0757599,,2E:58:4F:27:C4:A1,1,-86,UNKNOWN
2026-03-19 22:57:39,19.5102482,-99.0737534,IZZI-FE93,50:A5:DC:EB:21:B6,1,-67,WPA2_PSK
2026-03-19 22:57:39,19.5102482,-99.0737534,,52:A5:DC:AB:21:B6,1,-68,UNKNOWN
2026-03-19 22:57:39,19.5102482,-99.0737534,IZZI-8C0D,24:E4:CE:31:8C:12,1,-75,WPA2_PSK
2026-03-19 22:57:39,19.5102482,-99.0737534,INFINITUM6F71,A8:E8:1E:80:F6:10,7,-80,WPA2_PSK
2026-03-19 22:57:39,19.5102482,-99.0737534,IZZI-F6DC,24:E4:CE:AD:F6:E1,1,-84,WPA2_PSK
2026-03-19 22:57:39,19.5102482,-99.0737534,DIRECT-roku-4XW-EC5A87,BE:61:E9:11:4B:C9,9,-85,WPA2_PSK
2026-03-19 22:57:39,19.5102482,-99.0737534,,AC:4F:65:A8:25:B4,10,-85,OPEN
2026-03-19 22:57:39,19.5102482,-99.0737534,INFINITUM2841_2.4,60:CE:86:EB:07:6B,1,-88,WPA2_PSK
2026-03-19 22:57:39,19.5102482,-99.0737534,INFINITUM677C,D4:01:45:40:CB:20,8,-91,WPA2_PSK
2026-03-19 22:57:55,19.5128288,-99.0713959,,4A:4E:FC:A9:43:1A,11,-72,UNKNOWN
2026-03-19 22:57:55,19.5128288,-99.0713959,IZZI-A0E8,48:4E:FC:99:43:1A,11,-73,WPA2_PSK
2026-03-19 22:57:55,19.5128288,-99.0713959,Club_Totalplay_WiFi,84:07:FA:08:73:99,1,-75,OPEN
2026-03-19 22:57:55,19.5128288,-99.0713959,,20:5E:0D:25:21:24,2,-76,OPEN
2026-03-19 22:57:55,19.5128288,-99.0713959,Megacable_2.4G_D4AC,5C:A4:F4:98:D4:AC,8,-76,WPA_WPA2_PSK
2026-03-19 22:57:55,19.5128288,-99.0713959,Club_Totalplay_WiFi,D4:01:68:A7:74:21,1,-77,OPEN
2026-03-19 22:57:55,19.5128288,-99.0713959,Totalplay-2.4G-7398,84:07:FA:08:73:98,1,-77,WPA_WPA2_PSK
2026-03-19 22:57:55,19.5128288,-99.0713959,,96:8F:CF:AE:43:1F,6,-77,UNKNOWN
2026-03-19 22:57:55,19.5128288,-99.0713959,IZZI-E270,38:AD:2B:89:E2:78,1,-81,WPA2_PSK
2026-03-19 22:57:55,19.5128288,-99.0713959,,DE:92:72:00:2C:7A,6,-81,UNKNOWN
2026-03-19 22:57:55,19.5128288,-99.0713959,IZZI-DE01,18:9C:27:4C:DD:CA,11,-87,WPA2_PSK
2026-03-19 22:57:55,19.5128288,-99.0713959,,1A:9C:27:2C:DD:CA,11,-88,UNKNOWN
2026-03-19 22:58:11,19.5151825,-99.0696259,IZZI-697C,3C:82:C0:B8:69:80,1,-70,WPA2_PSK
2026-03-19 22:58:11,19.5151825,-99.0696259,Totalplay-1B58,50:42:89:0C:FE:D2,9,-77,WPA2_PSK
2026-03-19 22:58:11,19.5151825,-99.0696259,Totalplay-92B4,62:A6:C5:BC:0B:70,11,-79,WPA2_PSK
2026-03-19 22:58:11,19.5151825,-99.0696259,,72:4F:B8:A2:19:55,11,-81,UNKNOWN
2026-03-19 22:58:11,19.5151825,-99.0696259,,DE:73:06:26:B3:96,1,-83,UNKNOWN
2026-03-19 22:58:11,19.5151825,-99.0696259,,62:A6:C5:BC:0B:72,11,-83,WPA2_PSK
2026-03-19 22:58:11,19.5151825,-99.0696259,Club_Totalplay_WiFi,62:A6:C5:BC:0B:73,11,-84,OPEN
2026-03-19 22:58:11,19.5151825,-99.0696259,[LG_Washer]95b1,E2:85:4D:75:95:B1,11,-89,WPA2_PSK
2026-03-19 22:58:11,19.5151825,-99.0696259,NVR083a2fa59d1f,08:3A:2F:A5:9D:1F,14,-93,WPA2_PSK
2026-03-19 22:58:27,19.5168247,-99.0681305,,64:2C:AC:D6:2F:02,2,-63,WPA2_PSK
2026-03-19 22:58:27,19.5168247,-99.0681305,Totalplay-47A3,64:2C:AC:D6:2F:00,2,-64,WPA2_PSK
2026-03-19 22:58:27,19.5168247,-99.0681305,Totalplay-1AA5,C4:A4:02:64:CA:30,9,-70,WPA2_PSK
2026-03-19 22:58:27,19.5168247,-99.0681305,,C4:A4:02:64:CA:32,9,-70,WPA2_PSK
2026-03-19 22:58:27,19.5168247,-99.0681305,,CA:52:61:A8:35:FD,6,-73,UNKNOWN
2026-03-19 22:58:27,19.5168247,-99.0681305,IZZI-E330,C8:52:61:C8:35:FD,6,-74,WPA2_PSK
2026-03-19 22:58:27,19.5168247,-99.0681305,,7E:45:58:24:4B:F0,6,-76,WPA2_PSK
2026-03-19 22:58:27,19.5168247,-99.0681305,PTS PLANTA,78:45:58:24:4B:F0,6,-77,WPA2_PSK
2026-03-19 22:58:27,19.5168247,-99.0681305,HPC6F9B0,B4:99:BA:C6:F9:B0,10,-77,OPEN
2026-03-19 22:58:27,19.5168247,-99.0681305,IZZI-EC54,00:CB:7A:2F:EC:58,6,-78,WPA2_PSK
2026-03-19 22:58:27,19.5168247,-99.0681305,Totalplay-1BA5,90:16:BA:BF:79:80,9,-80,WPA2_PSK
2026-03-19 22:58:27,19.5168247,-99.0681305,,90:16:BA:BF:79:82,9,-81,WPA2_PSK
2026-03-19 22:58:27,19.5168247,-99.0681305,Club_Totalplay_WiFi,28:68:D2:C1:B2:53,6,-82,OPEN
2026-03-19 22:58:27,19.5168247,-99.0681305,IZZI-945C,48:BD:CE:AA:94:60,11,-83,WPA2_PSK
2026-03-19 22:58:27,19.5168247,-99.0681305,,88:DC:96:43:C3:44,6,-84,OPEN
2026-03-19 22:58:27,19.5168247,-99.0681305,Totalplay-F229,F8:79:28:8A:95:68,6,-85,WPA2_PSK
2026-03-19 22:58:27,19.5168247,-99.0681305,IZZI-B58C,94:8F:CF:8E:8B:83,6,-86,WPA2_PSK
2026-03-19 22:58:27,19.5168247,-99.0681305,IZZI-F90F,FC:AE:34:62:36:83,6,-89,WPA2_PSK
2026-03-19 22:58:43,19.5177116,-99.0674896,Totalplay-7DB0,0A:5C:1B:D7:CB:B0,1,-71,WPA2_PSK
2026-03-19 22:58:43,19.5177116,-99.0674896,IZZI-5CA8,90:AA:C3:73:5C:AE,2,-73,WPA_WPA2_PSK
2026-03-19 22:58:43,19.5177116,-99.0674896,IZZI-E583,A0:E7:AE:5C:C6:7E,6,-76,WPA2_PSK
2026-03-19 22:58:43,19.5177116,-99.0674896,,0A:5C:1B:D7:CB:B2,1,-77,WPA2_PSK
2026-03-19 22:58:43,19.5177116,-99.0674896,Totalplay-7DB0_EXT,28:87:BA:81:A4:8F,1,-80,WPA2_PSK
2026-03-19 22:58:43,19.5177116,-99.0674896,IZZI-235E,DC:92:72:25:23:63,1,-81,WPA2_PSK
2026-03-19 22:58:43,19.5177116,-99.0674896,PTZC781390JVYEH,B8:BE:19:73:CD:11,1,-83,OPEN
2026-03-19 22:58:43,19.5177116,-99.0674896,IZZI-E330,C8:52:61:C8:35:FD,6,-83,WPA2_PSK
2026-03-19 22:58:43,19.5177116,-99.0674896,,0A:5C:1B:D7:B7:B2,4,-84,WPA2_PSK
2026-03-19 22:58:43,19.5177116,-99.0674896,,70:8C:B6:96:75:F2,7,-84,WPA2_PSK
2026-03-19 22:58:43,19.5177116,-99.0674896,Totalplay-7DB0,0A:5C:1B:D7:B7:B0,4,-86,WPA2_PSK
2026-03-19 22:58:43,19.5177116,-99.0674896,Totalplay-DBA5,70:8C:B6:96:75:F0,7,-87,WPA2_PSK
2026-03-19 22:58:43,19.5177116,-99.0674896,Totalplay-37AD,AE:99:29:07:70:DC,8,-87,WPA2_PSK
2026-03-19 22:58:43,19.5177116,-99.0674896,Totalplay-1BA5,90:16:BA:BF:79:80,9,-87,WPA2_PSK
2026-03-19 22:58:43,19.5177116,-99.0674896,,90:16:BA:BF:79:82,9,-87,WPA2_PSK
2026-03-19 22:58:43,19.5177116,-99.0674896,,FA:2D:C0:2E:E6:67,6,-89,UNKNOWN
2026-03-19 22:58:43,19.5177116,-99.0674896,Totalplay-7DA7,C0:F6:C2:FF:03:D0,10,-89,WPA2_PSK
2026-03-19 22:58:43,19.5177116,-99.0674896,,DA:0A:60:5B:FB:12,11,-89,WPA2_PSK
2026-03-19 22:58:43,19.5177116,-99.0674896,Tilines,40:AE:30:F3:B1:02,4,-90,WPA2_PSK
2026-03-19 22:58:43,19.5177116,-99.0674896,,2A:F8:D6:B4:AD:E1,8,-90,OPEN
2026-03-19 22:58:43,19.5177116,-99.0674896,IZZI-FBE7,DC:92:72:09:FB:EC,11,-90,WPA2_PSK
2026-03-19 22:58:43,19.5177116,-99.0674896,,DE:92:72:09:FC:EE,11,-90,UNKNOWN
2026-03-19 22:58:43,19.5177116,-99.0674896,,52:91:E3:24:3E:F7,9,-92,WPA_WPA2_PSK
2026-03-19 22:58:59,19.5184269,-99.0669632,IZZI-235E,DC:92:72:25:23:63,1,-64,WPA2_PSK
2026-03-19 22:58:59,19.5184269,-99.0669632,,AE:99:29:07:70:DE,8,-64,WPA2_PSK
2026-03-19 22:58:59,19.5184269,-99.0669632,,DE:92:72:25:24:65,1,-66,UNKNOWN
2026-03-19 22:58:59,19.5184269,-99.0669632,Totalplay-BCA6,E8:13:6E:53:BC:38,5,-67,WPA2_PSK
2026-03-19 22:58:59,19.5184269,-99.0669632,Totalplay-37AD,AE:99:29:07:70:DC,8,-68,WPA2_PSK
2026-03-19 22:58:59,19.5184269,-99.0669632,Club_Totalplay_WiFi,AE:99:29:07:70:DF,8,-68,OPEN
2026-03-19 22:58:59,19.5184269,-99.0669632,IZZI-14D2,24:E4:CE:9A:14:D7,11,-70,WPA2_PSK
2026-03-19 22:58:59,19.5184269,-99.0669632,,DE:92:72:25:32:A4,6,-71,UNKNOWN
2026-03-19 22:58:59,19.5184269,-99.0669632,TP-Link_B840,3C:84:6A:B6:B8:40,3,-77,WPA2_PSK
2026-03-19 22:58:59,19.5184269,-99.0669632,Totalplay-F7F8,84:93:B2:AC:BC:79,2,-78,WPA2_PSK
2026-03-19 22:58:59,19.5184269,-99.0669632,Club_Totalplay_WiFi,86:93:B2:3C:BC:79,2,-79,OPEN
2026-03-19 22:58:59,19.5184269,-99.0669632,[LG_Refrigerator]898d,76:90:BC:A2:89:8D,11,-79,WPA2_PSK
2026-03-19 22:58:59,19.5184269,-99.0669632,Mega-2.4G-D6B1,EC:7C:2C:52:B9:9C,7,-80,WPA2_PSK
2026-03-19 22:58:59,19.5184269,-99.0669632,,52:91:E3:24:3E:F7,9,-81,WPA_WPA2_PSK
2026-03-19 22:58:59,19.5184269,-99.0669632,,64:9D:F3:04:3F:11,1,-82,OPEN
2026-03-19 22:58:59,19.5184269,-99.0669632,PPG Comex - Villa de Guadalupe,50:91:E3:54:3E:F7,9,-82,WPA2_PSK
2026-03-19 22:58:59,19.5184269,-99.0669632,Totalplay-2.4G-e1b0,10:08:1D:9C:E1:B0,1,-83,WPA2_PSK
2026-03-19 22:58:59,19.5184269,-99.0669632,red especial de miguel 6,28:11:EC:27:34:4D,5,-83,WPA2_PSK
2026-03-19 22:58:59,19.5184269,-99.0669632,IZZI-830D,EC:A9:40:6A:6D:92,6,-83,WPA2_PSK
2026-03-19 22:58:59,19.5184269,-99.0669632,Tenda_707B30,D8:32:14:70:7B:30,9,-84,WPA_WPA2_PSK
2026-03-19 22:58:59,19.5184269,-99.0669632,,24:91:BB:B8:A4:5E,2,-85,WPA2_PSK
2026-03-19 22:58:59,19.5184269,-99.0669632,SIIMA,04:95:E6:56:C5:A1,10,-85,WPA_WPA2_PSK
2026-03-19 22:58:59,19.5184269,-99.0669632,No Te Conectes,64:9D:F3:04:3F:10,1,-86,WPA2_PSK
2026-03-19 22:58:59,19.5184269,-99.0669632,IZZI-CE25,98:39:10:6B:CE:2A,11,-88,WPA2_PSK
2026-03-19 22:58:59,19.5184269,-99.0669632,Tenda_10C890,50:0F:F5:10:C8:91,13,-93,WPA_WPA2_PSK
2026-03-19 22:59:15,19.5181065,-99.0664291,Tenda_707B30,D8:32:14:70:7B:30,9,-61,WPA_WPA2_PSK
2026-03-19 22:59:15,19.5181065,-99.0664291,,42:2B:50:A1:49:B7,1,-64,UNKNOWN
2026-03-19 22:59:15,19.5181065,-99.0664291,,24:91:BB:B8:A4:5E,2,-64,WPA2_PSK
2026-03-19 22:59:15,19.5181065,-99.0664291,red especial de miguel 6,28:11:EC:27:34:4D,5,-64,WPA2_PSK
2026-03-19 22:59:15,19.5181065,-99.0664291,telefonia ip mexico fg4778999,28:11:EC:27:34:4C,5,-65,WPA2_PSK
2026-03-19 22:59:15,19.5181065,-99.0664291,Muebles Marron,C8:52:61:C6:1D:63,6,-67,WPA2_PSK
2026-03-19 22:59:15,19.5181065,-99.0664291,SIIMA,04:95:E6:56:C5:A1,10,-67,WPA_WPA2_PSK
2026-03-19 22:59:15,19.5181065,-99.0664291,INFINITUMC9B6,90:5E:44:4F:6F:E8,11,-67,WPA2_PSK
2026-03-19 22:59:15,19.5181065,-99.0664291,Totalplay-78A4,90:17:3F:13:FD:14,4,-69,WPA2_PSK
2026-03-19 22:59:15,19.5181065,-99.0664291,,8A:C2:27:AC:D9:8E,9,-70,WPA2_PSK
2026-03-19 22:59:15,19.5181065,-99.0664291,SALON AMARANTO,20:73:55:47:B5:F0,9,-71,WPA_WPA2_PSK
2026-03-19 22:59:15,19.5181065,-99.0664291,,EE:A9:40:2A:6D:92,6,-72,UNKNOWN
2026-03-19 22:59:15,19.5181065,-99.0664291,IZZI-F7B2,40:2B:50:F1:49:B7,1,-73,WPA2_PSK
2026-03-19 22:59:15,19.5181065,-99.0664291,Mega_2.4G_859C,48:96:D9:26:85:9C,7,-73,WPA_WPA2_PSK
2026-03-19 22:59:15,19.5181065,-99.0664291,Totalplay-A9B3,8A:C2:27:AC:D9:8C,9,-73,WPA2_PSK
2026-03-19 22:59:15,19.5181065,-99.0664291,Club_Totalplay_WiFi,8A:C2:27:AC:D9:8F,9,-73,OPEN
2026-03-19 22:59:15,19.5181065,-99.0664291,Club_Totalplay_WiFi,10:08:1D:23:B3:71,1,-74,OPEN
2026-03-19 22:59:15,19.5181065,-99.0664291,Club_Totalplay_WiFi,90:17:3F:13:FD:17,4,-74,OPEN
2026-03-19 22:59:15,19.5181065,-99.0664291,Totalplay-DFA8,24:91:BB:B8:A4:5C,2,-75,WPA2_PSK
2026-03-19 22:59:15,19.5181065,-99.0664291,,FA:F5:32:22:3B:23,1,-76,UNKNOWN
2026-03-19 22:59:15,19.5181065,-99.0664291,IZZI-B746,F8:F5:32:62:3B:23,1,-77,WPA2_PSK
2026-03-19 22:59:15,19.5181065,-99.0664291,,52:91:E3:24:3E:F7,9,-78,WPA_WPA2_PSK
2026-03-19 22:59:15,19.5181065,-99.0664291,IZZI-0876,98:39:10:AD:08:7B,11,-78,WPA2_PSK
2026-03-19 22:59:15,19.5181065,-99.0664291,PPG Comex - Villa de Guadalupe,50:91:E3:54:3E:F7,9,-79,WPA2_PSK
2026-03-19 22:59:15,19.5181065,-99.0664291,,10:08:1D:BE:99:C0,1,-80,WPA2_PSK
2026-03-19 22:59:15,19.5181065,-99.0664291,,DE:92:72:25:24:65,1,-80,UNKNOWN
2026-03-19 22:59:15,19.5181065,-99.0664291,,64:2C:AC:D6:C1:6E,2,-83,WPA2_PSK
2026-03-19 22:59:15,19.5181065,-99.0664291,Tenda_10C890,50:0F:F5:10:C8:91,13,-84,WPA_WPA2_PSK
2026-03-19 22:59:15,19.5181065,-99.0664291,,1C:AE:CB:6D:2C:2A,3,-85,WPA2_PSK
2026-03-19 22:59:15,19.5181065,-99.0664291,Club_Totalplay_WiFi,1C:AE:CB:6D:2C:2B,3,-86,OPEN
2026-03-19 22:59:15,19.5181065,-99.0664291,Club_Totalplay_WiFi,AE:99:29:07:70:DF,8,-87,OPEN
2026-03-19 22:59:15,19.5181065,-99.0664291,Totalplay-A5B5,C2:A9:38:F2:98:40,11,-87,WPA2_PSK
2026-03-19 22:59:15,19.5181065,-99.0664291,IZZI-14D2,24:E4:CE:9A:14:D7,11,-89,WPA2_PSK
2026-03-19 22:59:15,19.5181065,-99.0664291,Mega_2.4G_309A,F8:79:28:68:30:9A,10,-96,WPA2_PSK
2026-03-19 22:59:31,19.5177116,-99.0658112,Mega_2.4G_859C,48:96:D9:26:85:9C,7,-63,WPA_WPA2_PSK
2026-03-19 22:59:31,19.5177116,-99.0658112,IZZI-ED6C,94:04:E3:B8:ED:70,1,-64,WPA2_PSK
2026-03-19 22:59:31,19.5177116,-99.0658112,,64:2C:AC:D6:C1:6E,2,-65,WPA2_PSK
2026-03-19 22:59:31,19.5177116,-99.0658112,Tortilleri@-_2.4G,10:08:1D:9D:E6:C0,1,-66,WPA_WPA2_PSK
2026-03-19 22:59:31,19.5177116,-99.0658112,Mega-2.4G-DDB1,6E:71:D2:06:1E:8C,10,-66,WPA2_WPA3_PSK
2026-03-19 22:59:31,19.5177116,-99.0658112,Beatlive,7C:16:89:A0:02:D1,1,-67,WPA2_PSK
2026-03-19 22:59:31,19.5177116,-99.0658112,Beat1,94:B2:71:44:2D:10,8,-69,WPA_WPA2_PSK
2026-03-19 22:59:31,19.5177116,-99.0658112,,34:A2:A2:22:69:46,8,-69,WPA2_PSK
2026-03-19 22:59:31,19.5177116,-99.0658112,Club_Totalplay_WiFi,86:93:B2:3D:2E:0D,6,-70,OPEN
2026-03-19 22:59:31,19.5177116,-99.0658112,Club_Totalplay_WiFi,94:B2:71:44:2D:13,8,-70,OPEN
2026-03-19 22:59:31,19.5177116,-99.0658112,Mega-2.4G-31B1,A8:D4:E0:83:7E:94,4,-71,WPA2_PSK
2026-03-19 22:59:31,19.5177116,-99.0658112,Totalplay-2.4G-8288,BC:47:32:14:82:88,11,-71,WPA2_PSK
2026-03-19 22:59:31,19.5177116,-99.0658112,Mega_2.4G_D714,48:96:D9:81:D7:14,2,-74,WPA_WPA2_PSK
2026-03-19 22:59:31,19.5177116,-99.0658112,TOTALPlay_Barrera_2.4Gnormal,E8:13:6E:01:0B:9C,9,-74,WPA2_PSK
2026-03-19 22:59:31,19.5177116,-99.0658112,Mega-2.4G-CCB1,0C:84:08:27:8D:90,4,-75,WPA2_PSK
2026-03-19 22:59:31,19.5177116,-99.0658112,Mega-2.4G-0FB1,0C:84:08:2B:E3:04,4,-77,WPA2_PSK
2026-03-19 22:59:31,19.5177116,-99.0658112,,46:AE:30:F3:B1:02,4,-77,WPA2_PSK
2026-03-19 22:59:31,19.5177116,-99.0658112,,E8:13:6E:01:0B:9E,9,-77,WPA2_PSK
2026-03-19 22:59:31,19.5177116,-99.0658112,INFINITUM8797_2.4,BC:62:CE:3D:44:40,9,-77,WPA2_PSK
2026-03-19 22:59:31,19.5177116,-99.0658112,Megacable_2.4G_FD8A,94:E3:EE:48:FD:8A,3,-78,WPA_WPA2_PSK
2026-03-19 22:59:31,19.5177116,-99.0658112,Casa-Andres,00:19:66:CA:8B:07,9,-78,WPA2_PSK
2026-03-19 22:59:31,19.5177116,-99.0658112,IZZI-E737,98:39:10:68:E7:3C,1,-80,WPA2_PSK
2026-03-19 22:59:31,19.5177116,-99.0658112,INFINITUM18D7,D8:21:DA:2D:91:34,11,-80,WPA2_PSK
2026-03-19 22:59:31,19.5177116,-99.0658112,-UNIWI-,00:19:BE:85:46:CF,6,-81,OPEN
2026-03-19 22:59:31,19.5177116,-99.0658112,INFINITUM4044,C8:4C:78:06:A3:FA,6,-81,WPA2_PSK
2026-03-19 22:59:31,19.5177116,-99.0658112,Totalplay-9BB1,A2:31:DB:A1:6D:70,4,-82,WPA2_PSK
2026-03-19 22:59:31,19.5177116,-99.0658112,Beat3,8C:DE:F9:C8:60:88,11,-82,WPA_WPA2_PSK
2026-03-19 22:59:31,19.5177116,-99.0658112,IZZI-CE25,98:39:10:6B:CE:2A,11,-83,WPA2_PSK
2026-03-19 22:59:31,19.5177116,-99.0658112,DISTRIBUIDORA,88:71:B1:06:69:F2,11,-83,WPA2_PSK
2026-03-19 22:59:31,19.5177116,-99.0658112,Lalospizza_2.4Gnormal,3C:15:FB:EF:13:1C,9,-85,WPA_WPA2_PSK
2026-03-19 22:59:31,19.5177116,-99.0658112,Club_Totalplay_WiFi,10:08:1D:BF:84:39,6,-87,OPEN
2026-03-19 22:59:31,19.5177116,-99.0658112,G-NETWORK,94:04:E3:BD:6E:18,11,-88,WPA2_PSK
2026-03-19 22:59:31,19.5177116,-99.0658112,Mega_2.4G_841C,48:96:D9:75:84:1C,8,-89,WPA_WPA2_PSK
2026-03-19 22:59:31,19.5177116,-99.0658112,,90:16:BA:46:7A:37,5,-90,WPA2_PSK
2026-03-19 22:59:47,19.5173302,-99.0649719,IZZI-7394,40:0F:C1:52:73:98,1,-46,WPA2_PSK
2026-03-19 22:59:47,19.5173302,-99.0649719,Mega-2.4G-10B5,2C:0B:AB:8A:9B:8C,8,-57,WPA2_PSK
2026-03-19 22:59:47,19.5173302,-99.0649719,Yisuss_2.4,DC:8D:B7:89:C5:B0,9,-63,WPA2_PSK
2026-03-19 22:59:47,19.5173302,-99.0649719,IZZI-0914,40:0F:C1:1F:09:18,1,-66,WPA2_PSK
2026-03-19 22:59:47,19.5173302,-99.0649719,IZZI-4AF4,48:BD:CE:AA:4A:F8,11,-72,WPA2_PSK
2026-03-19 22:59:47,19.5173302,-99.0649719,Tortilleri@-_2.4G,10:08:1D:9D:E6:C0,1,-73,WPA_WPA2_PSK
2026-03-19 22:59:47,19.5173302,-99.0649719,Club_Totalplay_WiFi,10:08:1D:BF:84:39,6,-73,OPEN
2026-03-19 22:59:47,19.5173302,-99.0649719,,3E:93:F4:F3:74:6E,6,-74,WPA2_PSK
2026-03-19 22:59:47,19.5173302,-99.0649719,IZZI-8016,70:DF:F7:C4:DE:35,11,-75,WPA2_PSK
2026-03-19 22:59:47,19.5173302,-99.0649719,IZZI-41CD,24:E4:CE:9A:41:D2,1,-76,WPA2_PSK
2026-03-19 22:59:47,19.5173302,-99.0649719,IZZI-8063,F0:4B:8A:F9:8E:33,1,-78,WPA2_PSK
2026-03-19 22:59:47,19.5173302,-99.0649719,Mega-2.4G-40B1,78:DD:33:36:D9:48,8,-78,WPA2_PSK
2026-03-19 22:59:47,19.5173302,-99.0649719,Totalplay-21AA,74:E9:BF:00:3B:CC,10,-80,WPA2_PSK
2026-03-19 22:59:47,19.5173302,-99.0649719,IZZI-D7E1,DC:92:72:0E:D7:E6,6,-81,WPA2_PSK
2026-03-19 22:59:47,19.5173302,-99.0649719,INFINITUMA805,B0:D1:D6:1D:AF:69,11,-81,WPA2_PSK
2026-03-19 22:59:47,19.5173302,-99.0649719,IZZI-A890,DC:92:72:05:A8:95,6,-82,WPA2_PSK
2026-03-19 22:59:47,19.5173302,-99.0649719,,74:E9:BF:00:3B:CE,10,-82,WPA2_PSK
2026-03-19 22:59:47,19.5173302,-99.0649719,ZUUM SENS G,F6:B5:C7:C5:A2:EC,13,-84,WPA2_PSK
2026-03-19 22:59:47,19.5173302,-99.0649719,Int-MGH-1,B0:19:21:1C:05:F3,9,-86,WPA2_PSK
2026-03-19 23:00:03,19.5167198,-99.0637131,Totalplay-B1B4,22:8C:86:9B:DA:98,7,-53,WPA2_PSK
2026-03-19 23:00:03,19.5167198,-99.0637131,Club_Totalplay_WiFi,22:8C:86:9B:DA:9B,7,-53,OPEN
2026-03-19 23:00:03,19.5167198,-99.0637131,,22:8C:86:9B:DA:9A,7,-53,WPA2_PSK
2026-03-19 23:00:03,19.5167198,-99.0637131,,BA:9F:CC:07:58:4A,3,-57,WPA2_PSK
2026-03-19 23:00:03,19.5167198,-99.0637131,Totalplay-7EB6,BA:9F:CC:07:58:48,3,-62,WPA2_PSK
2026-03-19 23:00:03,19.5167198,-99.0637131,Club_Totalplay_WiFi,BA:9F:CC:07:58:4B,3,-63,OPEN
2026-03-19 23:00:03,19.5167198,-99.0637131,Mega-2.4G-DCB1,12:32:1D:D8:56:48,11,-63,WPA2_WPA3_PSK
2026-03-19 23:00:03,19.5167198,-99.0637131,SMARTGMS,B0:95:75:15:B2:1B,1,-66,WPA2_PSK
2026-03-19 23:00:03,19.5167198,-99.0637131,Totalplay-98A3_Wi-Fi5,F4:11:52:AD:82:E9,11,-66,WPA2_PSK
2026-03-19 23:00:03,19.5167198,-99.0637131,Totalplay-98A3,A4:C7:4B:DA:9B:74,11,-69,WPA2_PSK
2026-03-19 23:00:03,19.5167198,-99.0637131,,DE:92:72:0F:90:E7,11,-69,UNKNOWN
2026-03-19 23:00:03,19.5167198,-99.0637131,Totalplay-98A3,4C:F5:5B:3F:E2:08,2,-73,WPA2_PSK
2026-03-19 23:00:03,19.5167198,-99.0637131,Totalplay-2.4G-34b0,D4:01:68:AE:34:B0,1,-74,WPA2_PSK
2026-03-19 23:00:03,19.5167198,-99.0637131,IZZI-5B57,20:35:43:C9:5B:5C,6,-75,WPA2_PSK
2026-03-19 23:00:03,19.5167198,-99.0637131,IZZI-8FE0,DC:92:72:0F:8F:E5,11,-75,WPA2_PSK
2026-03-19 23:00:03,19.5167198,-99.0637131,Gomasa_Guest,54:AF:97:C1:D0:04,11,-75,WPA2_PSK
2026-03-19 23:00:03,19.5167198,-99.0637131,IZZI-E5D4,10:A7:93:CB:E5:D8,1,-76,WPA2_PSK
2026-03-19 23:00:03,19.5167198,-99.0637131,Club_Totalplay_WiFi,10:08:1D:A0:0A:89,1,-76,OPEN
2026-03-19 23:00:03,19.5167198,-99.0637131,,22:35:43:C9:5C:5E,6,-76,UNKNOWN
2026-03-19 23:00:03,19.5167198,-99.0637131,Totalplay-2.4G-34b0,EC:A1:D1:7F:53:78,1,-77,WPA2_PSK
2026-03-19 23:00:03,19.5167198,-99.0637131,Gomasa_Work,5A:AF:97:C1:D0:04,11,-77,WPA2_PSK
2026-03-19 23:00:03,19.5167198,-99.0637131,,B4:6E:08:06:9E:5E,9,-78,WPA2_PSK
2026-03-19 23:00:03,19.5167198,-99.0637131,Checklist,5E:AF:97:C1:D0:04,11,-79,WPA2_PSK
2026-03-19 23:00:03,19.5167198,-99.0637131,Mega-2.4G-AEB1,A2:31:DB:CB:6A:14,3,-80,WPA2_WPA3_PSK
2026-03-19 23:00:03,19.5167198,-99.0637131,Mega_2.4G_74F5,D4:61:95:C6:74:F5,8,-82,WPA_WPA2_PSK
2026-03-19 23:00:03,19.5167198,-99.0637131,INFINITUMA0B1,A0:31:DB:6C:36:14,6,-83,WPA2_PSK
2026-03-19 23:00:03,19.5167198,-99.0637131,Mega-2.4G-40B1,78:DD:33:36:D9:48,8,-83,WPA2_PSK
2026-03-19 23:00:03,19.5167198,-99.0637131,,2E:58:4F:2A:84:2B,6,-84,UNKNOWN
2026-03-19 23:00:03,19.5167198,-99.0637131,INFINITUM97B2,14:CA:56:8D:20:D5,11,-86,WPA2_PSK
2026-03-19 23:00:03,19.5167198,-99.0637131,MEGACABLE-56E0,7C:39:85:6B:56:E8,11,-88,WPA_WPA2_PSK
2026-03-19 23:00:03,19.5167198,-99.0637131,Mega-2.4G-58B1,A2:31:DB:E0:6C:64,11,-91,WPA2_WPA3_PSK
2026-03-19 23:00:19,19.5165348,-99.0634232,Totalplay-2.4G-34b0,EC:A1:D1:7F:53:78,1,-59,WPA2_PSK
2026-03-19 23:00:19,19.5165348,-99.0634232,,4C:F5:5B:3F:E2:0A,2,-59,WPA2_PSK
2026-03-19 23:00:19,19.5165348,-99.0634232,Totalplay-98A3,4C:F5:5B:3F:E2:08,2,-64,WPA2_PSK
2026-03-19 23:00:19,19.5165348,-99.0634232,Club_Totalplay_WiFi,4C:F5:5B:3F:E2:0B,2,-65,OPEN
2026-03-19 23:00:19,19.5165348,-99.0634232,Totalplay-7EB6,BA:9F:CC:07:58:48,3,-66,WPA2_PSK
2026-03-19 23:00:19,19.5165348,-99.0634232,IZZI-5B57,20:35:43:C9:5B:5C,6,-66,WPA2_PSK
2026-03-19 23:00:19,19.5165348,-99.0634232,,BA:9F:CC:07:58:4A,3,-67,WPA2_PSK
2026-03-19 23:00:19,19.5165348,-99.0634232,,22:35:43:C9:5C:5E,6,-67,UNKNOWN
2026-03-19 23:00:19,19.5165348,-99.0634232,Club_Totalplay_WiFi,D4:01:68:AE:34:B1,1,-69,OPEN
2026-03-19 23:00:19,19.5165348,-99.0634232,Totalplay-2.4G-34b0,D4:01:68:AE:34:B0,1,-71,WPA2_PSK
2026-03-19 23:00:19,19.5165348,-99.0634232,Club_Totalplay_WiFi,BA:9F:CC:07:58:4B,3,-71,OPEN
2026-03-19 23:00:19,19.5165348,-99.0634232,Club_Totalplay_WiFi,10:08:1D:A0:0A:89,1,-74,OPEN
2026-03-19 23:00:19,19.5165348,-99.0634232,Totalplay-B1B4,22:8C:86:9B:DA:98,7,-74,WPA2_PSK
2026-03-19 23:00:19,19.5165348,-99.0634232,IZZI-8FE0,DC:92:72:0F:8F:E5,11,-74,WPA2_PSK
2026-03-19 23:00:19,19.5165348,-99.0634232,Gomasa_Guest,54:AF:97:C1:D0:04,11,-74,WPA2_PSK
2026-03-19 23:00:19,19.5165348,-99.0634232,Club_Totalplay_WiFi,22:8C:86:9B:DA:9B,7,-75,OPEN
2026-03-19 23:00:19,19.5165348,-99.0634232,Totalplay-2.4G-0a88,10:08:1D:A0:0A:88,1,-76,WPA2_PSK
2026-03-19 23:00:19,19.5165348,-99.0634232,,22:8C:86:9B:DA:9A,7,-76,WPA2_PSK
2026-03-19 23:00:19,19.5165348,-99.0634232,Gomasa_Work,5A:AF:97:C1:D0:04,11,-78,WPA2_PSK
2026-03-19 23:00:19,19.5165348,-99.0634232,IZZI-A22B,24:E4:CE:C4:A2:30,1,-80,WPA2_PSK
2026-03-19 23:00:19,19.5165348,-99.0634232,LOBY,14:AB:02:62:12:B0,8,-81,WPA2_PSK
2026-03-19 23:00:19,19.5165348,-99.0634232,Totalplay-2.4G-dcb8,6C:D8:19:69:DC:B8,1,-82,WPA2_PSK
2026-03-19 23:00:19,19.5165348,-99.0634232,,B2:D1:D6:40:F1:29,6,-84,WPA2_PSK
2026-03-19 23:00:19,19.5165348,-99.0634232,Totalplay-98A3_Wi-Fi5,F4:11:52:AD:82:E9,11,-84,WPA2_PSK
2026-03-19 23:00:19,19.5165348,-99.0634232,,22:8C:86:9E:9C:9E,3,-85,WPA2_PSK
2026-03-19 23:00:19,19.5165348,-99.0634232,,62:A6:C5:BC:19:FF,6,-85,OPEN
2026-03-19 23:00:35,19.5162888,-99.0630264,,3E:BD:69:4A:34:F9,11,-64,WPA2_PSK
2026-03-19 23:00:35,19.5162888,-99.0630264,INFINITUMF8F3,3C:BD:69:7A:34:F9,11,-68,WPA2_PSK
2026-03-19 23:00:35,19.5162888,-99.0630264,Club_Totalplay_WiFi,BA:9F:CC:07:58:4B,3,-71,OPEN
2026-03-19 23:00:35,19.5162888,-99.0630264,Totalplay-7EB6,BA:9F:CC:07:58:48,3,-71,WPA2_PSK
2026-03-19 23:00:35,19.5162888,-99.0630264,,BA:9F:CC:07:58:4A,3,-72,WPA2_PSK
2026-03-19 23:00:35,19.5162888,-99.0630264,Totalplay-2.4G-5248,D4:01:68:9E:52:48,1,-73,WPA2_PSK
2026-03-19 23:00:35,19.5162888,-99.0630264,,14:AB:02:62:12:B3,8,-76,WPA2_PSK
2026-03-19 23:00:35,19.5162888,-99.0630264,LOBY,14:AB:02:62:12:B0,8,-77,WPA2_PSK
2026-03-19 23:00:35,19.5162888,-99.0630264,Totalplay-2.4G-2ec0,6C:D8:19:78:2E:C0,6,-78,WPA2_PSK
2026-03-19 23:00:35,19.5162888,-99.0630264,DIRECT-roku-0M1-206C2D,9E:B3:F7:0C:6B:B0,6,-79,WPA2_PSK
2026-03-19 23:00:35,19.5162888,-99.0630264,Mega-2.4G-58B1,A2:31:DB:E0:6C:64,11,-79,WPA2_WPA3_PSK
2026-03-19 23:00:35,19.5162888,-99.0630264,Mega-2.4G-0DB2,AE:5E:14:DA:FA:0C,6,-80,WPA2_WPA3_PSK
2026-03-19 23:00:35,19.5162888,-99.0630264,IZZI-FE8C,00:CB:7A:6C:FE:90,11,-81,WPA2_PSK
2026-03-19 23:00:35,19.5162888,-99.0630264,INFINITUM3D1A,58:76:AC:AB:F5:54,6,-82,WPA2_PSK
2026-03-19 23:00:35,19.5162888,-99.0630264,INFINITUMCEB6,B8:9F:CC:28:A3:10,6,-82,WPA2_PSK
2026-03-19 23:00:51,19.5169239,-99.0622635,Totalplay-2.4G-6338,BC:47:32:18:63:38,1,-61,WPA2_PSK
2026-03-19 23:00:51,19.5169239,-99.0622635,,FA:2D:C0:A0:9F:83,1,-61,UNKNOWN
2026-03-19 23:00:51,19.5169239,-99.0622635,IZZI-FE8C,00:CB:7A:6C:FE:90,11,-62,WPA2_PSK
2026-03-19 23:00:51,19.5169239,-99.0622635,,BC:47:32:18:63:39,1,-64,OPEN
2026-03-19 23:00:51,19.5169239,-99.0622635,IZZI-793C,40:0F:C1:4D:79:40,1,-65,WPA2_PSK
2026-03-19 23:00:51,19.5169239,-99.0622635,,F2:FC:C8:A9:61:A6,6,-65,UNKNOWN
2026-03-19 23:00:51,19.5169239,-99.0622635,INFINITUM94B1,6C:71:D2:59:F7:34,11,-66,WPA2_PSK
2026-03-19 23:00:51,19.5169239,-99.0622635,IZZI-0308,F0:FC:C8:F9:61:A6,6,-67,WPA_WPA2_PSK
2026-03-19 23:00:51,19.5169239,-99.0622635,Totalplay-2.4G-a8f8,D4:01:68:AF:A8:F8,6,-68,WPA2_PSK
2026-03-19 23:00:51,19.5169239,-99.0622635,IZZI-20D4,EC:A8:1F:F2:20:D8,11,-72,WPA2_PSK
2026-03-19 23:00:51,19.5169239,-99.0622635,Fausti_INFI_5G,DC:8D:B7:96:62:70,6,-75,WPA2_PSK
2026-03-19 23:00:51,19.5169239,-99.0622635,INFINITUM61B0,60:CE:41:FE:F7:28,1,-78,WPA2_PSK
2026-03-19 23:00:51,19.5169239,-99.0622635,IZZI-68F4,00:CB:7A:5E:68:F8,1,-79,WPA2_PSK
2026-03-19 23:00:51,19.5169239,-99.0622635,IZZI-B26C,00:CB:7A:2D:B2:70,1,-79,WPA2_PSK
2026-03-19 23:00:51,19.5169239,-99.0622635,NIEBLA ,CA:23:51:CC:FE:D0,2,-79,WPA2_WPA3_PSK
2026-03-19 23:00:51,19.5169239,-99.0622635,,2E:00:AB:2A:1D:5C,6,-80,UNKNOWN
2026-03-19 23:00:51,19.5169239,-99.0622635,,46:32:C8:96:5F:85,1,-81,WPA2_PSK
2026-03-19 23:00:51,19.5169239,-99.0622635,PELUSA,7A:A7:B9:0E:35:3C,5,-82,WPA2_PSK
2026-03-19 23:00:51,19.5169239,-99.0622635,INFINITUM592A,00:5F:67:6C:88:64,11,-82,WPA_WPA2_PSK
2026-03-19 23:00:51,19.5169239,-99.0622635,,DE:73:06:26:BC:1C,11,-82,UNKNOWN
2026-03-19 23:00:51,19.5169239,-99.0622635,INFINITUM64A4_2.4,50:4E:DC:B7:42:E8,1,-83,WPA2_PSK
2026-03-19 23:00:51,19.5169239,-99.0622635,INFINITUM1C37_2.4,50:4E:DC:99:D5:D0,11,-83,WPA2_PSK
2026-03-19 23:00:51,19.5169239,-99.0622635,IZZI-3F25,DC:73:06:26:BC:7C,11,-83,WPA2_PSK
2026-03-19 23:00:51,19.5169239,-99.0622635,Totalplay-74A5,50:46:4A:3C:9E:54,8,-84,WPA2_PSK
2026-03-19 23:00:51,19.5169239,-99.0622635,,50:46:4A:3C:9E:56,8,-85,WPA2_PSK
2026-03-19 23:00:51,19.5169239,-99.0622635,IZZI-E23E_EXT,CC:BA:BD:CB:88:B4,11,-86,WPA2_PSK
2026-03-19 23:00:51,19.5169239,-99.0622635,Club_Totalplay_WiFi,C2:94:AD:B8:75:9C,9,-87,OPEN
2026-03-19 23:00:51,19.5169239,-99.0622635,CarLinkAP405,40:45:DA:6D:3D:6C,11,-87,WPA2_PSK
2026-03-19 23:00:51,19.5169239,-99.0622635,DIRECT-roku-HCX-BCD08B,CA:E5:DA:A0:1F:BF,11,-87,WPA2_PSK
2026-03-19 23:00:51,19.5169239,-99.0622635,INFINITUM148E_EXT,00:16:78:11:A2:BC,11,-91,WPA2_PSK
2026-03-19 23:00:51,19.5169239,-99.0622635,ARRIS-5B42,00:AC:E0:3F:5B:40,11,-91,WPA_WPA2_PSK
2026-03-19 23:01:07,19.5184002,-99.0608902,TP-Link_Guest_69F8,72:ED:00:DD:69:F2,6,-65,WPA_WPA2_PSK
2026-03-19 23:01:07,19.5184002,-99.0608902,ARVITIRES,72:ED:00:DD:69:F0,6,-69,WPA2_PSK
2026-03-19 23:01:07,19.5184002,-99.0608902,Totalplay-D7AE,2A:53:4E:20:5A:88,4,-71,WPA2_PSK
2026-03-19 23:01:07,19.5184002,-99.0608902,,92:86:DD:31:DC:3A,5,-71,WPA2_PSK
2026-03-19 23:01:07,19.5184002,-99.0608902,Estudio Gomez,D4:AB:82:EF:1A:6F,6,-71,WPA2_PSK
2026-03-19 23:01:07,19.5184002,-99.0608902,TOTALPLAY_E6DFC9,18:90:D8:E6:DF:C9,11,-71,WPA2_PSK
2026-03-19 23:01:07,19.5184002,-99.0608902,Mega_2.4G_0AA4,48:96:D9:82:0A:A4,3,-73,WPA_WPA2_PSK
2026-03-19 23:01:07,19.5184002,-99.0608902,Mega-2.4G-05B1,0C:84:08:2C:48:5C,8,-73,WPA2_PSK
2026-03-19 23:01:07,19.5184002,-99.0608902,Megacable_2.4G_E0E0,F8:64:B8:C6:E0:E0,8,-73,WPA_WPA2_PSK
2026-03-19 23:01:07,19.5184002,-99.0608902,DIRECT-91-HP Laser 137fnw,32:13:8B:44:85:91,6,-74,WPA2_PSK
2026-03-19 23:01:07,19.5184002,-99.0608902,Club_Totalplay_WiFi,2A:53:4E:20:5A:8B,4,-76,OPEN
2026-03-19 23:01:07,19.5184002,-99.0608902,Club_Totalplay_WiFi,64:9D:F3:0A:00:79,6,-76,OPEN
2026-03-19 23:01:07,19.5184002,-99.0608902,,F6:E4:51:6C:75:16,7,-77,WPA2_PSK
2026-03-19 23:01:07,19.5184002,-99.0608902,,8A:71:B1:2E:47:15,1,-78,UNKNOWN
2026-03-19 23:01:07,19.5184002,-99.0608902,IZZI-DB24,24:E4:CE:DE:DB:29,1,-79,WPA2_PSK
2026-03-19 23:01:07,19.5184002,-99.0608902,,72:54:25:25:3B:07,1,-79,UNKNOWN
2026-03-19 23:01:07,19.5184002,-99.0608902,INFINITUMCFB1,A0:31:DB:64:DA:34,1,-79,WPA2_PSK
2026-03-19 23:01:07,19.5184002,-99.0608902,Totalplay-06A5,90:16:BA:87:5A:B8,2,-79,WPA2_PSK
2026-03-19 23:01:07,19.5184002,-99.0608902,,DE:92:72:02:E4:F3,6,-79,UNKNOWN
2026-03-19 23:01:07,19.5184002,-99.0608902,,90:16:BA:87:5A:BA,2,-80,WPA2_PSK
2026-03-19 23:01:07,19.5184002,-99.0608902,INTERNET,C4:E9:84:37:6E:EE,7,-80,WPA2_PSK
2026-03-19 23:01:07,19.5184002,-99.0608902,moto g56 5G_3911,DE:76:F3:B3:18:C9,1,-81,WPA2_WPA3_PSK
2026-03-19 23:01:07,19.5184002,-99.0608902,Totalplay-A6A5,90:16:BA:89:DA:58,3,-81,WPA2_PSK
2026-03-19 23:01:07,19.5184002,-99.0608902,Club_Totalplay_WiFi,90:16:BA:89:DA:5B,3,-81,OPEN
2026-03-19 23:01:07,19.5184002,-99.0608902,HOME_AZ,8C:86:DD:32:08:12,5,-81,WPA2_PSK
2026-03-19 23:01:07,19.5184002,-99.0608902,Club_Totalplay_WiFi,F6:E4:51:6C:75:17,7,-81,OPEN
2026-03-19 23:01:07,19.5184002,-99.0608902,IZZI-504C,94:04:E3:70:50:50,11,-82,WPA2_PSK
2026-03-19 23:01:07,19.5184002,-99.0608902,,8A:71:B1:26:36:5C,11,-83,UNKNOWN
2026-03-19 23:01:07,19.5184002,-99.0608902,Club_Totalplay_WiFi,90:16:BA:87:5A:BB,2,-84,OPEN
2026-03-19 23:01:07,19.5184002,-99.0608902,,90:16:BA:89:DA:5A,3,-84,WPA2_PSK
2026-03-19 23:01:07,19.5184002,-99.0608902,IZZI-4FB1,F8:8B:37:F6:87:89,11,-84,WPA2_PSK
2026-03-19 23:01:07,19.5184002,-99.0608902,Club_Totalplay_WiFi,CC:05:77:65:83:5B,8,-85,OPEN
2026-03-19 23:01:07,19.5184002,-99.0608902,Club_Totalplay_WiFi,26:A6:5E:35:C1:E4,9,-85,OPEN
2026-03-19 23:01:07,19.5184002,-99.0608902,ASUS_8A,60:CF:84:F3:64:8A,2,-86,WPA2_PSK
2026-03-19 23:01:07,19.5184002,-99.0608902,Teddys’s Room,50:3D:D1:D6:62:B3,3,-88,WPA2_PSK
2026-03-19 23:01:07,19.5184002,-99.0608902,TOTALPLAY_E8FA52,AC:84:C9:E8:FA:52,11,-89,WPA2_PSK
2026-03-19 23:01:07,19.5184002,-99.0608902,Club_Totalplay_WiFi,10:08:1D:A8:20:D9,1,-90,OPEN
2026-03-19 23:01:23,19.5195580,-99.0598221,Mega_2.4G_C0C1,48:96:D9:A4:C0:C1,9,-65,WPA2_PSK
2026-03-19 23:01:23,19.5195580,-99.0598221,Mega_2.4G_66A4,48:96:D9:25:66:A4,8,-66,WPA_WPA2_PSK
2026-03-19 23:01:23,19.5195580,-99.0598221,IZZI-1919,24:E4:CE:9C:19:1E,11,-67,WPA2_PSK
2026-03-19 23:01:23,19.5195580,-99.0598221,Club_Totalplay_WiFi,10:08:1D:A8:20:D9,1,-70,OPEN
2026-03-19 23:01:23,19.5195580,-99.0598221,Club_Totalplay_WiFi,26:A6:5E:36:9A:E6,5,-70,OPEN
2026-03-19 23:01:23,19.5195580,-99.0598221,Totalplay-0CB6,F8:79:28:8B:34:B6,6,-70,WPA2_PSK
2026-03-19 23:01:23,19.5195580,-99.0598221,Cuarto,6C:E8:74:82:98:B4,10,-70,WPA_WPA2_PSK
2026-03-19 23:01:23,19.5195580,-99.0598221,Club_Totalplay_WiFi,74:E9:BF:01:2B:67,4,-72,OPEN
2026-03-19 23:01:23,19.5195580,-99.0598221,IZZI-036E,98:39:10:AD:03:73,1,-73,WPA2_PSK
2026-03-19 23:01:23,19.5195580,-99.0598221,Totalplay-7213,24:A6:5E:06:9A:E6,5,-73,WPA2_PSK
2026-03-19 23:01:23,19.5195580,-99.0598221,,74:E9:BF:01:2B:66,4,-74,WPA2_PSK
2026-03-19 23:01:23,19.5195580,-99.0598221,HUAWEI-2.4G-UPJ2,94:A4:F9:12:32:B0,8,-74,WPA2_PSK
2026-03-19 23:01:23,19.5195580,-99.0598221,IZZI-FF83,DC:92:72:02:FF:88,11,-75,WPA2_PSK
2026-03-19 23:01:23,19.5195580,-99.0598221,Totalplay202020.@_2.4G,10:08:1D:A8:20:D8,1,-76,WPA_WPA2_PSK
2026-03-19 23:01:23,19.5195580,-99.0598221,Club_Totalplay_WiFi,94:A4:F9:12:32:B3,8,-76,OPEN
2026-03-19 23:01:23,19.5195580,-99.0598221,IZZI-4FB1,F8:8B:37:F6:87:89,11,-76,WPA2_PSK
2026-03-19 23:01:23,19.5195580,-99.0598221,IZZI-72D4,B8:5E:71:7B:72:D8,1,-77,WPA2_PSK
2026-03-19 23:01:23,19.5195580,-99.0598221,,94:A4:F9:12:32:B2,8,-78,WPA2_PSK
2026-03-19 23:01:23,19.5195580,-99.0598221,INFINITUMDCC9,B0:D1:D6:20:FB:A9,1,-79,WPA2_PSK
2026-03-19 23:01:23,19.5195580,-99.0598221,Mega-2.4G-88B1,0A:FA:28:9E:10:F0,4,-79,WPA2_WPA3_PSK
2026-03-19 23:01:23,19.5195580,-99.0598221,Totalplay-0AAA,EC:A1:D1:06:92:F8,7,-79,WPA2_PSK
2026-03-19 23:01:23,19.5195580,-99.0598221,,B2:D1:D6:40:FB:A9,1,-81,WPA2_PSK
2026-03-19 23:01:23,19.5195580,-99.0598221,,42:2B:50:AC:E7:D2,6,-81,UNKNOWN
2026-03-19 23:01:23,19.5195580,-99.0598221,Club_Totalplay_WiFi,F6:E4:51:6C:75:17,7,-82,OPEN
2026-03-19 23:01:23,19.5195580,-99.0598221,MEGACABLE-F9F6,E8:D7:65:70:F9:FC,9,-82,WPA_WPA2_PSK
2026-03-19 23:01:23,19.5195580,-99.0598221,Club_Totalplay_WiFi,C6:EB:FF:36:91:96,5,-83,OPEN
2026-03-19 23:01:23,19.5195580,-99.0598221,Mega-2.4G-E2B1,6E:71:D2:05:E2:C0,5,-84,WPA2_WPA3_PSK
2026-03-19 23:01:23,19.5195580,-99.0598221,TP-Link_8B90,30:68:93:7D:8B:90,2,-86,WPA2_PSK
2026-03-19 23:01:23,19.5195580,-99.0598221,IZZI-7CF4,10:A7:93:C6:7C:F8,11,-86,WPA2_PSK
2026-03-19 23:01:23,19.5195580,-99.0598221,IZZI=SD22,2C:00:AB:6A:25:29,11,-86,WPA2_PSK
2026-03-19 23:01:23,19.5195580,-99.0598221,,DE:92:72:05:8E:61,11,-89,UNKNOWN
2026-03-19 23:01:23,19.5195580,-99.0598221,,6C:49:A6:E8:C4:C4,1,-91,OPEN
2026-03-19 23:01:39,19.5203819,-99.0590897,Club_Totalplay_WiFi,C6:EB:FF:36:91:96,5,-64,OPEN
2026-03-19 23:01:39,19.5203819,-99.0590897,Mega-2.4G-63B1,6E:71:D2:83:89:68,9,-64,WPA2_WPA3_PSK
2026-03-19 23:01:39,19.5203819,-99.0590897,Totalplay-3C40,C4:EB:FF:86:91:96,5,-65,WPA_WPA2_PSK
2026-03-19 23:01:39,19.5203819,-99.0590897,,42:2B:50:AC:E7:D2,6,-68,UNKNOWN
2026-03-19 23:01:39,19.5203819,-99.0590897,Refrigeradores que si sirven,F8:79:28:EE:45:08,8,-68,WPA2_PSK
2026-03-19 23:01:39,19.5203819,-99.0590897,IZZI-3744,10:A7:93:6F:37:48,1,-72,WPA2_PSK
2026-03-19 23:01:39,19.5203819,-99.0590897,Totalplay-3AA6,E8:13:6E:53:B3:94,3,-72,WPA2_PSK
2026-03-19 23:01:39,19.5203819,-99.0590897,Totalplay-7213,24:A6:5E:06:9A:E6,5,-72,WPA2_PSK
2026-03-19 23:01:39,19.5203819,-99.0590897,ASUS_D0,10:7C:61:7F:6F:D0,1,-73,WPA2_PSK
2026-03-19 23:01:39,19.5203819,-99.0590897,Club_Totalplay_WiFi,26:A6:5E:36:9A:E6,5,-73,OPEN
2026-03-19 23:01:39,19.5203819,-99.0590897,IZZI-BAE5,D4:AB:82:37:89:CC,1,-77,WPA2_PSK
2026-03-19 23:01:39,19.5203819,-99.0590897,IZZI-B69A,EC:A9:40:7B:A6:9D,1,-77,WPA2_PSK
2026-03-19 23:01:39,19.5203819,-99.0590897,Mega-2.4G-E2B1,6E:71:D2:05:E2:C0,5,-77,WPA2_WPA3_PSK
2026-03-19 23:01:39,19.5203819,-99.0590897,Club_Totalplay_WiFi,26:A6:5E:34:D2:2C,9,-77,OPEN
2026-03-19 23:01:39,19.5203819,-99.0590897,Club_Totalplay_WiFi,AE:99:29:4E:03:F3,11,-77,OPEN
2026-03-19 23:01:39,19.5203819,-99.0590897,,D6:AB:82:27:89:CC,1,-78,UNKNOWN
2026-03-19 23:01:39,19.5203819,-99.0590897,Steren MESH-300+_4TRC_A1,50:0F:F5:87:DC:22,9,-79,WPA2_PSK
2026-03-19 23:01:39,19.5203819,-99.0590897,Totalplay-A7AA_2.4G,3C:A3:7E:70:CE:64,2,-80,WPA_WPA2_PSK
2026-03-19 23:01:39,19.5203819,-99.0590897,,AE:99:29:4E:03:F2,11,-80,WPA2_PSK
2026-03-19 23:01:39,19.5203819,-99.0590897,TOTALPLAY_6D3DC4,7C:16:89:6D:3D:C4,11,-80,WPA_WPA2_PSK
2026-03-19 23:01:39,19.5203819,-99.0590897,,6C:49:A6:E8:C4:C4,1,-82,OPEN
2026-03-19 23:01:39,19.5203819,-99.0590897,Totalplay-2.4G-C4C0,6C:49:A6:E8:C4:C1,1,-82,WPA_WPA2_PSK
2026-03-19 23:01:39,19.5203819,-99.0590897,Totalplay-2.4G-fd98,D4:01:68:A4:FD:98,1,-84,WPA2_PSK
2026-03-19 23:01:39,19.5203819,-99.0590897,Club_Totalplay_WiFi,C4:A4:02:61:6E:2F,8,-84,OPEN
2026-03-19 23:01:39,19.5203819,-99.0590897,Totalplay-EFA6,28:68:D2:02:9D:2C,9,-84,WPA2_PSK
2026-03-19 23:01:39,19.5203819,-99.0590897,Club_Totalplay_WiFi,28:68:D2:02:9D:2F,9,-84,OPEN
2026-03-19 23:01:39,19.5203819,-99.0590897,Mega-2.4G-BFB1,6E:71:D2:7F:D8:F8,10,-84,WPA2_WPA3_PSK
2026-03-19 23:01:39,19.5203819,-99.0590897,Totalplay-89AD,AE:99:29:4E:03:F0,11,-84,WPA2_PSK
2026-03-19 23:01:39,19.5203819,-99.0590897,,48:4C:29:2B:77:86,11,-84,WPA2_PSK
2026-03-19 23:01:39,19.5203819,-99.0590897,INFINITUM43B1,A0:31:DB:69:CB:E8,1,-86,WPA2_PSK
2026-03-19 23:01:39,19.5203819,-99.0590897,,C4:A4:02:61:6E:2E,8,-86,WPA2_PSK
2026-03-19 23:01:39,19.5203819,-99.0590897,Megcable_2.4G_6894,E4:47:B3:E6:68:94,8,-86,WPA_WPA2_PSK
2026-03-19 23:01:39,19.5203819,-99.0590897,Steren MESH-300+_4TRC_A1,50:0F:F5:87:DB:C2,10,-86,WPA2_PSK
2026-03-19 23:01:39,19.5203819,-99.0590897,Club_Totalplay_WiFi,E8:13:6E:53:B3:97,3,-88,OPEN
2026-03-19 23:01:39,19.5203819,-99.0590897,,50:0F:F5:87:DB:F0,3,-88,WPA2_PSK
2026-03-19 23:01:39,19.5203819,-99.0590897,HUAWEI-2.4G-tuBw,94:A4:F9:12:39:C0,3,-88,WPA2_PSK
2026-03-19 23:01:39,19.5203819,-99.0590897,Totalplay-1E9E,FC:BC:D1:E9:72:F0,1,-89,WPA_WPA2_PSK
2026-03-19 23:01:39,19.5203819,-99.0590897,OPPO Reno14 F 5G t92m,CA:63:FC:7D:63:58,1,-89,WPA2_WPA3_PSK
2026-03-19 23:01:39,19.5203819,-99.0590897,Mega-2.4G-AEB5,2C:0B:AB:8B:61:0C,6,-89,WPA2_PSK
2026-03-19 23:01:39,19.5203819,-99.0590897,Club_Totalplay_WiFi,86:5B:12:B4:70:FF,8,-89,OPEN
2026-03-19 23:01:39,19.5203819,-99.0590897,,A4:BD:C4:84:FB:7E,8,-90,WPA2_PSK
2026-03-19 23:01:39,19.5203819,-99.0590897,Totalplay-ECA5,A4:BD:C4:84:FB:7C,8,-90,WPA2_PSK
2026-03-19 23:01:39,19.5203819,-99.0590897,Totalplay-EE48,84:5B:12:B4:70:FC,8,-90,WPA_WPA2_PSK
2026-03-19 23:01:39,19.5203819,-99.0590897,OPPO A17,36:18:FC:18:6D:C9,1,-91,WPA2_PSK
2026-03-19 23:01:39,19.5203819,-99.0590897,,E8:13:6E:10:11:BE,9,-91,WPA2_PSK
2026-03-19 23:01:39,19.5203819,-99.0590897,LocosAdams2_2.4Gnormal,E8:13:6E:10:11:BC,9,-93,WPA2_PSK
2026-03-19 23:01:55,19.5214863,-99.0581360,Mega_2.4G_06A4,48:96:D9:77:06:A4,3,-59,WPA_WPA2_PSK
2026-03-19 23:01:55,19.5214863,-99.0581360,IZZI-ACA4,CC:F3:C8:8B:AC:A8,1,-67,WPA2_PSK
2026-03-19 23:01:55,19.5214863,-99.0581360,Mega_2.4G_D808,48:96:D9:80:D8:08,10,-70,WPA_WPA2_PSK
2026-03-19 23:01:55,19.5214863,-99.0581360,Mega-2.4G-09B1,0A:FA:28:9D:F7:FC,11,-70,WPA2_WPA3_PSK
2026-03-19 23:01:55,19.5214863,-99.0581360,Totalplay-2.4G-05c8,6C:D8:19:F2:05:C8,1,-74,WPA2_PSK
2026-03-19 23:01:55,19.5214863,-99.0581360,Mega-2.4G-AEB5,2C:0B:AB:8B:61:0C,6,-74,WPA2_PSK
2026-03-19 23:01:55,19.5214863,-99.0581360,Club_Totalplay_WiFi,6C:D8:19:F2:05:C9,1,-75,OPEN
2026-03-19 23:01:55,19.5214863,-99.0581360,UNION,78:71:9C:BD:37:20,11,-75,WPA_WPA2_PSK
2026-03-19 23:01:55,19.5214863,-99.0581360,INFINITUM7963_2.4,98:3B:67:DF:C5:B7,7,-76,WPA2_PSK
2026-03-19 23:01:55,19.5214863,-99.0581360,Totalplay-2.4G-8b10,24:46:E4:9B:7C:50,1,-77,WPA2_PSK
2026-03-19 23:01:55,19.5214863,-99.0581360,Totalplay-5FB6,BA:9F:CC:07:7F:10,5,-78,WPA2_PSK
2026-03-19 23:01:55,19.5214863,-99.0581360,Mega_2.4G_C772,48:96:D9:81:C7:72,9,-78,WPA_WPA2_PSK
2026-03-19 23:01:55,19.5214863,-99.0581360,,B2:D1:D6:40:4D:99,1,-79,WPA2_PSK
2026-03-19 23:01:55,19.5214863,-99.0581360,INFINITUMD1E8,B0:D1:D6:20:4D:99,1,-80,WPA2_PSK
2026-03-19 23:01:55,19.5214863,-99.0581360,Club_Totalplay_WiFi,BA:9F:CC:07:7F:13,5,-81,OPEN
2026-03-19 23:01:55,19.5214863,-99.0581360,Totalplay-7213,24:A6:5E:06:9A:E6,5,-81,WPA2_PSK
2026-03-19 23:01:55,19.5214863,-99.0581360,Totalplay-4AA3_EXT,8C:90:2D:3D:B4:71,4,-83,WPA2_PSK
2026-03-19 23:01:55,19.5214863,-99.0581360,,DE:73:06:26:E0:93,6,-86,UNKNOWN
2026-03-19 23:01:55,19.5214863,-99.0581360,Totalplay-2.4G-41C0,E0:61:4A:FE:41:C1,7,-86,WPA_WPA2_PSK
2026-03-19 23:01:55,19.5214863,-99.0581360,INFINITUM16A9,C2:68:CC:1A:41:95,1,-87,WPA2_PSK
2026-03-19 23:01:55,19.5214863,-99.0581360,,28:DE:E5:A3:CD:6A,4,-87,WPA2_PSK
2026-03-19 23:01:55,19.5214863,-99.0581360,INFINITUM0290,C8:4C:78:20:5D:A4,1,-88,WPA2_PSK
2026-03-19 23:01:55,19.5214863,-99.0581360,TP-LINK Sala,9A:03:8E:22:24:A6,10,-88,WPA2_PSK
2026-03-19 23:01:55,19.5214863,-99.0581360,INFINITUMDB9C,14:CA:56:6B:72:EF,11,-88,WPA2_PSK
2026-03-19 23:01:55,19.5214863,-99.0581360,,C2:E1:BE:9B:E4:DE,1,-89,WPA2_PSK
2026-03-19 23:01:55,19.5214863,-99.0581360,IZZI-3744,10:A7:93:6F:37:48,1,-91,WPA2_PSK
2026-03-19 23:01:55,19.5214863,-99.0581360,IZZI-BAE5,D4:AB:82:37:89:CC,1,-92,WPA2_PSK
2026-03-19 23:01:55,19.5214863,-99.0581360,IZZI-26D2,F0:AF:85:B3:1C:AA,1,-95,WPA2_PSK
2026-03-19 23:02:11,19.5226078,-99.0571289,IZZI-4124,10:A7:93:BA:41:28,1,-58,WPA2_PSK
2026-03-19 23:02:11,19.5226078,-99.0571289,LOS PAPIS,5C:E9:31:30:C9:4E,4,-64,WPA2_PSK
2026-03-19 23:02:11,19.5226078,-99.0571289,Mega_2.4G_E442,84:3C:99:03:E4:42,9,-64,WPA2_PSK
2026-03-19 23:02:11,19.5226078,-99.0571289,IZZI-6F88,60:6C:63:1A:6F:8E,1,-65,WPA_WPA2_PSK
2026-03-19 23:02:11,19.5226078,-99.0571289,INFINITUMAE7D,A8:E8:1E:F1:D0:B0,7,-65,WPA2_PSK
2026-03-19 23:02:11,19.5226078,-99.0571289,IZZI-E2C8,B0:92:4A:42:E2:CD,11,-69,WPA2_PSK
2026-03-19 23:02:11,19.5226078,-99.0571289,ARRIS-9E72,14:AB:F0:8D:9E:70,6,-73,WPA_WPA2_PSK
2026-03-19 23:02:11,19.5226078,-99.0571289,Totalplay-4DB1,A2:31:DB:A1:38:64,3,-74,WPA2_PSK
2026-03-19 23:02:11,19.5226078,-99.0571289,INFINITUMD5B1,08:9E:84:41:62:A8,6,-75,WPA2_PSK
2026-03-19 23:02:11,19.5226078,-99.0571289,MEGACABLE-59DE,D8:68:52:3D:59:E4,9,-76,WPA_WPA2_PSK
2026-03-19 23:02:11,19.5226078,-99.0571289,OPPO A17,36:18:FC:18:6D:C9,1,-77,WPA2_PSK
2026-03-19 23:02:11,19.5226078,-99.0571289,Club_Totalplay_WiFi,68:59:11:CA:D3:A9,1,-78,OPEN
2026-03-19 23:02:11,19.5226078,-99.0571289,Mega_2.4G_C772,48:96:D9:81:C7:72,9,-79,WPA_WPA2_PSK
2026-03-19 23:02:11,19.5226078,-99.0571289,,D6:E2:2F:BB:F9:98,11,-79,WPA2_PSK
2026-03-19 23:02:11,19.5226078,-99.0571289,Totalplay-2.4G-d3a8,68:59:11:CA:D3:A8,1,-80,WPA2_PSK
2026-03-19 23:02:11,19.5226078,-99.0571289,,10:08:1D:C2:6C:39,1,-83,OPEN
2026-03-19 23:02:11,19.5226078,-99.0571289,yadi,EC:3C:BB:89:4B:B1,6,-83,WPA2_PSK
2026-03-19 23:02:11,19.5226078,-99.0571289,ARNOLDO,BC:82:5D:B7:F0:1C,6,-86,WPA2_PSK
2026-03-19 23:02:11,19.5226078,-99.0571289,Mega-2.4G-B2B1,6E:71:D2:06:3A:E0,3,-87,WPA2_WPA3_PSK
2026-03-19 23:02:11,19.5226078,-99.0571289,,E4:3E:C6:41:ED:72,5,-89,WPA2_PSK
2026-03-19 23:02:27,19.5234432,-99.0563889,,D6:AB:82:26:3A:03,11,-61,UNKNOWN
2026-03-19 23:02:27,19.5234432,-99.0563889,IZZI-304C,48:BD:CE:AC:30:50,1,-67,WPA2_PSK
2026-03-19 23:02:27,19.5234432,-99.0563889,IZZI-CDC9,24:E4:CE:9C:CD:CE,1,-68,WPA2_PSK
2026-03-19 23:02:27,19.5234432,-99.0563889,IZZI-B457,40:2B:50:F7:BB:A7,1,-69,WPA2_PSK
2026-03-19 23:02:27,19.5234432,-99.0563889,Casadelosgritos2.4,D4:3D:F3:3D:95:31,1,-70,WPA2_PSK
2026-03-19 23:02:27,19.5234432,-99.0563889,Totalplay-3FA3,28:DE:E5:99:1C:DC,8,-71,WPA2_PSK
2026-03-19 23:02:27,19.5234432,-99.0563889,,28:DE:E5:99:1C:DE,8,-71,WPA2_PSK
2026-03-19 23:02:27,19.5234432,-99.0563889,Mega_2.4G_71DA,48:96:D9:75:71:DA,3,-75,WPA_WPA2_PSK
2026-03-19 23:02:27,19.5234432,-99.0563889,Mega_2.4G_64D4,84:3C:99:03:64:D4,9,-75,WPA2_PSK
2026-03-19 23:02:27,19.5234432,-99.0563889,ANTOJITOS PERROS ECATEPEC ,50:0F:F5:AC:1A:99,1,-76,WPA_WPA2_PSK
2026-03-19 23:02:27,19.5234432,-99.0563889,,42:2B:50:F7:BB:97,1,-78,UNKNOWN
2026-03-19 23:02:27,19.5234432,-99.0563889,ARNOLDO,BC:82:5D:B7:F0:1C,6,-78,WPA2_PSK
2026-03-19 23:02:27,19.5234432,-99.0563889,Totalplay-3FA3-EXT,60:C5:A0:73:79:1B,8,-78,WPA2_PSK
2026-03-19 23:02:27,19.5234432,-99.0563889,INFINITUM324A,E0:3D:A6:64:89:05,6,-79,WPA2_PSK
2026-03-19 23:02:27,19.5234432,-99.0563889,ARRIS-8972,D4:05:98:61:89:70,1,-82,WPA2_PSK
2026-03-19 23:02:27,19.5234432,-99.0563889,Club_Totalplay_WiFi,68:E2:09:0C:85:CB,8,-86,OPEN
2026-03-19 23:02:43,19.5236988,-99.0561600,IZZI-B457,40:2B:50:F7:BB:A7,1,-57,WPA2_PSK
2026-03-19 23:02:43,19.5236988,-99.0561600,Mega_2.4G_71DA,48:96:D9:75:71:DA,3,-63,WPA_WPA2_PSK
2026-03-19 23:02:43,19.5236988,-99.0561600,IZZI-AC5E,D4:AB:82:36:3A:03,11,-64,WPA2_PSK
2026-03-19 23:02:43,19.5236988,-99.0561600,,D6:AB:82:26:3A:03,11,-65,UNKNOWN
2026-03-19 23:02:43,19.5236988,-99.0561600,,42:2B:50:F7:BB:97,1,-68,UNKNOWN
2026-03-19 23:02:43,19.5236988,-99.0561600,Totalplay-3FA3,28:DE:E5:99:1C:DC,8,-70,WPA2_PSK
2026-03-19 23:02:43,19.5236988,-99.0561600,,28:DE:E5:99:1C:DE,8,-70,WPA2_PSK
2026-03-19 23:02:43,19.5236988,-99.0561600,Mega_2.4G_64D4,84:3C:99:03:64:D4,9,-70,WPA2_PSK
2026-03-19 23:02:43,19.5236988,-99.0561600,IZZI-8821,98:39:10:8D:88:26,6,-71,WPA2_PSK
2026-03-19 23:02:43,19.5236988,-99.0561600,IZZI-CDC9,24:E4:CE:9C:CD:CE,1,-72,WPA2_PSK
2026-03-19 23:02:43,19.5236988,-99.0561600,Totalplay-2.4G-6910,BC:47:32:6F:69:10,6,-72,WPA2_PSK
2026-03-19 23:02:43,19.5236988,-99.0561600,OPPO A17,36:18:FC:18:6D:C9,1,-73,WPA2_PSK
2026-03-19 23:02:43,19.5236988,-99.0561600,,D6:AB:82:20:EA:C9,1,-73,UNKNOWN
2026-03-19 23:02:43,19.5236988,-99.0561600,Galaxy A14 5G 5563,E2:DA:35:B0:87:A5,11,-74,WPA2_PSK
2026-03-19 23:02:43,19.5236988,-99.0561600,IZZI-3D0C,B8:5E:71:73:3D:10,11,-75,WPA2_PSK
2026-03-19 23:02:43,19.5236988,-99.0561600,IZZI-396E,24:E4:CE:13:39:73,11,-78,WPA2_PSK
2026-03-19 23:02:43,19.5236988,-99.0561600,INFINITUMAE7D,A8:E8:1E:F1:D0:B0,7,-79,WPA2_PSK
2026-03-19 23:02:59,19.5236969,-99.0561600,Mega_2.4G_71DA,48:96:D9:75:71:DA,3,-58,WPA_WPA2_PSK
2026-03-19 23:02:59,19.5236969,-99.0561600,Mega_2.4G_64D4,84:3C:99:03:64:D4,9,-72,WPA2_PSK
2026-03-19 23:02:59,19.5236969,-99.0561600,IZZI-CDC9,24:E4:CE:9C:CD:CE,1,-73,WPA2_PSK
2026-03-19 23:02:59,19.5236969,-99.0561600,,28:DE:E5:99:1C:DE,8,-75,WPA2_PSK
2026-03-19 23:02:59,19.5236969,-99.0561600,Totalplay-3FA3-EXT,60:C5:A0:73:79:1B,8,-76,WPA2_PSK
2026-03-19 23:02:59,19.5236969,-99.0561600,,D6:AB:82:20:EA:C9,1,-78,UNKNOWN
2026-03-19 23:02:59,19.5236969,-99.0561600,Galaxy A14 5G 5563,E2:DA:35:B0:87:A5,11,-80,WPA2_PSK
2026-03-19 23:02:59,19.5236969,-99.0561600,,2A:F5:D1:95:6D:16,11,-82,UNKNOWN
2026-03-19 23:03:15,19.5241661,-99.0557327,Di@z1122_2.4G,10:08:1D:22:CD:28,1,-64,WPA_WPA2_PSK
2026-03-19 23:03:15,19.5241661,-99.0557327,IZZI-8821,98:39:10:8D:88:26,6,-64,WPA2_PSK
2026-03-19 23:03:15,19.5241661,-99.0557327,Totalplay-2.4G-d1f8,10:08:1D:B9:D1:F8,1,-66,WPA2_PSK
2026-03-19 23:03:15,19.5241661,-99.0557327,Club_Totalplay_WiFi,10:08:1D:22:CD:29,1,-66,OPEN
2026-03-19 23:03:15,19.5241661,-99.0557327,IZZI-E3BD,D4:AB:82:36:7B:0D,11,-67,WPA2_PSK
2026-03-19 23:03:15,19.5241661,-99.0557327,Club_Totalplay_WiFi,64:9D:F3:5A:8B:31,6,-71,OPEN
2026-03-19 23:03:15,19.5241661,-99.0557327,Totalplay-2.4G-8b30,64:9D:F3:5A:8B:30,6,-71,WPA2_PSK
2026-03-19 23:03:15,19.5241661,-99.0557327,Club_Totalplay_WiFi,22:87:EC:E1:45:7B,11,-71,OPEN
2026-03-19 23:03:15,19.5241661,-99.0557327,,68:E2:09:0C:85:CA,8,-74,WPA2_PSK
2026-03-19 23:03:15,19.5241661,-99.0557327,,F2:4B:8A:F9:F8:96,11,-74,UNKNOWN
2026-03-19 23:03:15,19.5241661,-99.0557327,IZZI-A974,F0:4B:8A:F9:F8:F6,11,-74,WPA2_PSK
2026-03-19 23:03:15,19.5241661,-99.0557327,Club_Totalplay_WiFi,68:E2:09:0C:85:CB,8,-77,OPEN
2026-03-19 23:03:15,19.5241661,-99.0557327,Xiaomi_9176,58:EA:1F:64:EC:02,6,-78,WPA2_PSK
2026-03-19 23:03:15,19.5241661,-99.0557327,,72:DF:F7:A5:41:30,6,-83,UNKNOWN
2026-03-19 23:03:31,19.5250950,-99.0547943,Totalplay-2.4G-8400,10:08:1D:DF:84:00,1,-60,WPA2_PSK
2026-03-19 23:03:31,19.5250950,-99.0547943,Totalplay-999E,FC:BC:D1:E9:04:30,4,-62,WPA_WPA2_PSK
2026-03-19 23:03:31,19.5250950,-99.0547943,Club_Totalplay_WiFi,10:08:1D:DF:84:01,1,-63,OPEN
2026-03-19 23:03:31,19.5250950,-99.0547943,INFINITUM27AE,88:E0:56:08:70:CC,11,-73,WPA2_PSK
2026-03-19 23:03:31,19.5250950,-99.0547943,ARNOLDO,BC:82:5D:B7:F0:1C,6,-74,WPA2_PSK
2026-03-19 23:03:31,19.5250950,-99.0547943,Zoom_ABI,A0:F8:49:8B:F9:81,1,-75,WPA2_PSK
2026-03-19 23:03:31,19.5250950,-99.0547943,INFINITUM19FA_2.4,D4:3D:F3:9B:27:37,11,-79,WPA2_PSK
2026-03-19 23:03:31,19.5250950,-99.0547943,Totalplay-EFD5,D0:59:19:48:85:76,3,-82,WPA2_PSK
2026-03-19 23:03:47,19.5259705,-99.0537109,GoGas,BC:A9:93:A2:4E:82,1,-58,WPA2_PSK
2026-03-19 23:03:47,19.5259705,-99.0537109,APIris,BC:A9:93:A2:4E:81,1,-60,WPA2_PSK
2026-03-19 23:03:47,19.5259705,-99.0537109,Megacable_2.4G_7B08,5C:A4:F4:9B:7B:08,6,-66,WPA_WPA2_PSK
2026-03-19 23:03:47,19.5259705,-99.0537109,INFINITUM6BF6,DC:8D:B7:10:04:D0,8,-72,WPA2_PSK
2026-03-19 23:03:47,19.5259705,-99.0537109,DIRECT-c1-HP M111 LaserJet,86:69:93:36:F0:C1,6,-73,WPA2_PSK
2026-03-19 23:03:47,19.5259705,-99.0537109,IZZI-3C47,4C:12:65:10:66:60,1,-74,WPA2_PSK
2026-03-19 23:03:47,19.5259705,-99.0537109,Totalplay-2.4G-4df8,D4:01:68:B1:4D:F8,6,-78,WPA2_PSK
2026-03-19 23:03:47,19.5259705,-99.0537109,HUAWEI-061P7J_Wi-Fi5,30:AA:E4:F8:34:95,6,-79,WPA_WPA2_PSK
2026-03-19 23:03:47,19.5259705,-99.0537109,,30:AA:E4:A8:34:95,6,-84,WPA2_PSK
2026-03-19 23:04:03,19.5271969,-99.0527802,Mega_2.4G_733A,48:96:D9:7A:73:3A,4,-67,WPA_WPA2_PSK
2026-03-19 23:04:03,19.5271969,-99.0527802,INFINITUM64C3,D8:9A:0D:48:65:02,11,-68,WPA2_PSK
2026-03-19 23:04:03,19.5271969,-99.0527802,IZZI-BDA4,B8:5E:71:78:BD:A8,1,-70,WPA2_PSK
2026-03-19 23:04:03,19.5271969,-99.0527802,IZZI-2883,50:95:51:A9:2E:7F,1,-70,WPA2_PSK
2026-03-19 23:04:03,19.5271969,-99.0527802,INFINITUM41B1,CC:BC:E3:A3:96:DC,11,-70,WPA2_PSK
2026-03-19 23:04:03,19.5271969,-99.0527802,W00_3055750170,30:85:92:37:8B:29,11,-71,WPA_WPA2_PSK
2026-03-19 23:04:03,19.5271969,-99.0527802,Club_Totalplay_WiFi,2A:53:4E:D8:0E:83,3,-72,OPEN
2026-03-19 23:04:03,19.5271969,-99.0527802,INFINITUM66AF,B8:85:7B:F1:B4:C0,6,-72,WPA2_PSK
2026-03-19 23:04:03,19.5271969,-99.0527802,Club_Totalplay_WiFi,DA:0A:60:5B:D9:4B,11,-73,OPEN
2026-03-19 23:04:03,19.5271969,-99.0527802,IZZI-C3D0,60:D2:48:A4:F1:47,1,-74,WPA2_PSK
2026-03-19 23:04:03,19.5271969,-99.0527802,,EE:A9:40:28:13:CC,6,-78,UNKNOWN
2026-03-19 23:04:03,19.5271969,-99.0527802,,22:8C:86:9C:68:7A,6,-79,WPA2_PSK
2026-03-19 23:04:03,19.5271969,-99.0527802,MEGACABLE-9999,E8:D7:65:72:99:A0,9,-79,WPA_WPA2_PSK
2026-03-19 23:04:03,19.5271969,-99.0527802,Mega_2.4G_2E0E,48:96:D9:7C:2E:0E,8,-80,WPA_WPA2_PSK
2026-03-19 23:04:19,19.5275726,-99.0523987,IZZI-F730,38:AD:2B:85:F7:38,1,-72,WPA_WPA2_PSK
2026-03-19 23:04:19,19.5275726,-99.0523987,Mega-2.4G-EBB1,EC:7C:2C:57:86:0C,10,-72,WPA2_PSK
2026-03-19 23:04:19,19.5275726,-99.0523987,Mega-2.4G-ACB1,EC:7C:2C:56:E8:DC,9,-73,WPA2_PSK
2026-03-19 23:04:19,19.5275726,-99.0523987,,6C:EB:B6:23:F9:C2,2,-80,WPA2_PSK
2026-03-19 23:04:19,19.5275726,-99.0523987,CAM_CIMILI240305,C8:8A:D8:52:FF:F9,6,-81,WPA2_PSK
2026-03-19 23:04:19,19.5275726,-99.0523987,W00_3055750170,30:85:92:37:8B:29,11,-87,WPA_WPA2_PSK
2026-03-19 23:04:35,19.5279827,-99.0518417,WIFIBRG001300931ae1IPC247,4E:37:DE:9E:D7:21,11,-61,WPA2_PSK
2026-03-19 23:04:35,19.5279827,-99.0518417,CFE Internet,C4:69:F0:AA:BF:20,6,-62,OPEN
2026-03-19 23:04:35,19.5279827,-99.0518417,INFINITUM0911_5,58:76:AC:B0:46:BC,6,-66,WPA2_PSK
2026-03-19 23:04:35,19.5279827,-99.0518417,Mega_2.4G_E4E0,48:96:D9:80:E4:E0,10,-70,WPA_WPA2_PSK
2026-03-19 23:04:35,19.5279827,-99.0518417,IZZI-2704,48:BD:CE:27:27:08,11,-71,WPA2_PSK
2026-03-19 23:04:35,19.5279827,-99.0518417,INFINITUM9A1A,44:A3:C7:D7:D2:E0,6,-74,WPA2_PSK
2026-03-19 23:04:35,19.5279827,-99.0518417,WIFIBRG001300931ae1IPC055,EA:F4:94:EF:F0:13,11,-76,WPA2_PSK
2026-03-19 23:04:35,19.5279827,-99.0518417,HOME-F80C,E0:88:5D:D2:F8:0C,1,-78,WPA_WPA2_PSK
2026-03-19 23:04:35,19.5279827,-99.0518417,WIFIBRG001300931ae1IPC236,32:BE:29:9D:BB:37,11,-82,WPA2_PSK
2026-03-19 23:04:35,19.5279827,-99.0518417,Club_Totalplay_WiFi,38:20:28:B0:D1:BB,4,-83,OPEN
2026-03-19 23:04:35,19.5279827,-99.0518417,DIRECT-11-HP Laser 107w,32:13:8B:42:EC:11,1,-84,WPA2_PSK
2026-03-19 23:04:35,19.5279827,-99.0518417,CAM_CIMILI240305,C8:8A:D8:52:FF:F9,6,-87,WPA2_PSK
2026-03-19 23:04:51,19.5286903,-99.0509109,IZZI-8C7C,F8:D2:AC:0C:8C:80,11,-49,WPA2_PSK
2026-03-19 23:04:51,19.5286903,-99.0509109,Mega_2.4G_6C03,48:96:D9:AB:6C:03,4,-62,WPA2_PSK
2026-03-19 23:04:51,19.5286903,-99.0509109,Totalplay-2.4G-53d0,64:9D:F3:58:53:D0,6,-68,WPA2_PSK
2026-03-19 23:04:51,19.5286903,-99.0509109,Club_Totalplay_WiFi,6C:E8:74:60:B9:C7,6,-71,OPEN
2026-03-19 23:04:51,19.5286903,-99.0509109,INFINITUM0604,10:71:B3:C3:C8:71,11,-71,WPA2_PSK
2026-03-19 23:04:51,19.5286903,-99.0509109,Club_Totalplay_WiFi,EC:A1:D1:90:DB:07,11,-80,OPEN
2026-03-19 23:04:51,19.5286903,-99.0509109,,6C:E8:74:60:B9:C6,6,-81,WPA2_PSK
2026-03-19 23:04:51,19.5286903,-99.0509109,WIFIBRG001300931ae1IPC225,EA:F4:94:F0:87:37,11,-82,WPA2_PSK
2026-03-19 23:05:07,19.5291977,-99.0504379,Club_Totalplay_WiFi,A2:31:DB:A1:19:27,8,-59,OPEN
2026-03-19 23:05:07,19.5291977,-99.0504379,Totalplay-2DB1,A2:31:DB:A1:19:24,8,-60,WPA2_PSK
2026-03-19 23:05:07,19.5291977,-99.0504379,,A2:31:DB:A1:19:26,8,-60,WPA2_PSK
2026-03-19 23:05:07,19.5291977,-99.0504379,Club_Totalplay_WiFi,74:E9:BF:00:6D:9B,5,-65,OPEN
2026-03-19 23:05:07,19.5291977,-99.0504379,ESPERANZA,3C:52:A1:4D:AF:3E,1,-66,WPA2_WPA3_PSK
2026-03-19 23:05:07,19.5291977,-99.0504379,IZZI-AB2D,B0:4E:26:CD:ED:D5,6,-70,WPA_WPA2_PSK
2026-03-19 23:05:07,19.5291977,-99.0504379,Totalplay-88A3,8C:68:3A:E5:83:90,3,-72,WPA2_PSK
2026-03-19 23:05:07,19.5291977,-99.0504379,,3E:BD:69:41:FA:09,1,-80,WPA2_PSK
2026-03-19 23:05:23,19.5295639,-99.0501175,CFE Internet,B0:EC:DD:B7:9D:40,11,-53,OPEN
2026-03-19 23:05:23,19.5295639,-99.0501175,Totalplay-2.4G-7fb0,10:08:1D:DF:7F:B0,6,-64,WPA2_PSK
2026-03-19 23:05:23,19.5295639,-99.0501175,IZZI-A8DC,DC:73:06:29:16:59,1,-73,WPA2_PSK
2026-03-19 23:05:23,19.5295639,-99.0501175,Club_Totalplay_WiFi,1C:43:63:5C:41:AB,9,-74,OPEN
2026-03-19 23:05:23,19.5295639,-99.0501175,Totalplay-49A3,1C:43:63:5C:41:A8,9,-76,WPA2_PSK
2026-03-19 23:05:23,19.5295639,-99.0501175,,CA:41:1E:2B:13:8D,8,-82,WPA2_PSK
2026-03-19 23:05:23,19.5295639,-99.0501175,INFINITUMAAC7_2.4,04:71:53:A7:BA:7B,6,-83,WPA2_PSK
2026-03-19 23:05:40,19.5303211,-99.0494308,INFINITUM39E2,F4:E8:4F:2F:71:10,11,-64,WPA2_PSK
2026-03-19 23:05:40,19.5303211,-99.0494308,Totalplay-2.4G-4c58,10:08:1D:D5:4C:58,1,-67,WPA2_PSK
2026-03-19 23:05:40,19.5303211,-99.0494308,IZZI-FE54,B8:5E:71:6C:FE:58,11,-74,WPA2_PSK
2026-03-19 23:05:40,19.5303211,-99.0494308,Club_Totalplay_WiFi,6C:D8:19:E0:A0:09,1,-84,OPEN
2026-03-19 23:05:56,19.5307388,-99.0490417,Mega-2.4G-ABB1,78:DD:33:68:B6:70,3,-59,WPA2_PSK
2026-03-19 23:05:56,19.5307388,-99.0490417,W00_2667252058,70:80:D2:32:53:01,11,-64,WPA_WPA2_PSK
2026-03-19 23:05:56,19.5307388,-99.0490417,W00_3054645466,F0:B9:52:0B:BA:29,11,-67,WPA_WPA2_PSK
2026-03-19 23:05:56,19.5307388,-99.0490417,Club_Totalplay_WiFi,4E:D6:29:40:D9:EB,10,-69,OPEN
2026-03-19 23:05:56,19.5307388,-99.0490417,Totalplay-F4B0,4E:D6:29:40:D9:E8,10,-72,WPA2_PSK
2026-03-19 23:05:56,19.5307388,-99.0490417,,C6:27:95:C9:13:26,1,-73,WPA2_PSK
2026-03-19 23:05:56,19.5307388,-99.0490417,CFE Internet,B8:5F:B0:66:37:40,6,-74,OPEN
2026-03-19 23:05:56,19.5307388,-99.0490417,HOME-1325,C4:27:95:C9:13:25,1,-76,WPA_WPA2_PSK
2026-03-19 23:05:56,19.5307388,-99.0490417,,8E:49:62:CC:7B:D2,9,-77,WPA2_PSK
2026-03-19 23:05:56,19.5307388,-99.0490417,,54:69:90:FB:F4:BF,1,-83,OPEN
2026-03-19 23:05:56,19.5307388,-99.0490417,Club_Totalplay_WiFi,C2:94:AD:BA:8A:64,11,-86,OPEN
2026-03-19 23:06:12,19.5312614,-99.0485764,CFE Internet,B8:5F:B0:66:37:40,6,-64,OPEN
2026-03-19 23:06:12,19.5312614,-99.0485764,INFINITUM2567,D0:05:2A:96:F2:16,10,-65,WPA2_PSK
2026-03-19 23:06:12,19.5312614,-99.0485764,Salon#principal_2.4G,C0:94:AD:BA:8A:64,11,-68,WPA_WPA2_PSK
2026-03-19 23:06:12,19.5312614,-99.0485764,Club_Totalplay_WiFi,C2:94:AD:BA:8A:64,11,-71,OPEN
2026-03-19 23:06:12,19.5312614,-99.0485764,sanfort,4E:62:C8:9D:6A:FA,1,-73,WPA2_PSK
2026-03-19 23:06:12,19.5312614,-99.0485764,Salon del Reino Mtto,C2:94:AD:9A:8A:64,11,-73,WPA2_PSK
2026-03-19 23:06:12,19.5312614,-99.0485764,Salon R1,C2:94:AD:AA:8A:64,11,-74,WPA2_PSK
2026-03-19 23:06:12,19.5312614,-99.0485764,Mega-2.4G-BAB1,EC:7C:2C:59:09:C8,9,-75,WPA2_PSK
2026-03-19 23:06:12,19.5312614,-99.0485764,INFINITUM3AB1,3C:93:F4:BC:85:1C,6,-84,WPA2_PSK
2026-03-19 23:06:28,19.5313644,-99.0484772,CFE Internet,B8:5F:B0:66:37:40,6,-66,OPEN
2026-03-19 23:06:28,19.5313644,-99.0484772,,22:8C:86:9C:4A:7B,2,-69,OPEN
2026-03-19 23:06:28,19.5313644,-99.0484772,CASA SALAS ,94:B2:71:31:0B:1C,11,-69,WPA2_PSK
2026-03-19 23:06:28,19.5313644,-99.0484772,INFINITUM2567,D0:05:2A:96:F2:16,10,-76,WPA2_PSK
2026-03-19 23:06:28,19.5313644,-99.0484772,Salon del Reino Mtto,C2:94:AD:9A:8A:64,11,-77,WPA2_PSK
2026-03-19 23:06:28,19.5313644,-99.0484772,DIRECT-40-HP Smart Tank 710-720,26:FB:E3:16:FB:40,6,-78,WPA2_PSK
2026-03-19 23:06:28,19.5313644,-99.0484772,Mega-2.4G-BAB1,EC:7C:2C:59:09:C8,9,-78,WPA2_PSK
2026-03-19 23:06:44,19.5315094,-99.0483398,Repeater-2E0E,02:16:78:63:2E:0C,1,-65,WPA2_PSK
2026-03-19 23:06:44,19.5315094,-99.0483398,CFE Internet,B8:5F:B0:66:37:40,6,-65,OPEN
2026-03-19 23:06:44,19.5315094,-99.0483398,Totalplay-0D59,E8:4D:D0:F8:3C:1C,1,-78,WPA_WPA2_PSK
2026-03-19 23:06:44,19.5315094,-99.0483398,Totalplay-2.4G-7fb0,10:08:1D:DF:7F:B0,6,-83,WPA2_PSK
2026-03-19 23:06:44,19.5315094,-99.0483398,Salon del Reino Mtto,C2:94:AD:9A:8A:64,11,-83,WPA2_PSK
2026-03-19 23:06:44,19.5315094,-99.0483398,Club_Totalplay_WiFi,F4:A4:D6:C7:E2:35,3,-84,OPEN
2026-03-19 23:06:44,19.5315094,-99.0483398,Club_Totalplay_WiFi,C2:94:AD:BA:8A:64,11,-84,OPEN
2026-03-19 23:07:00,19.5322285,-99.0476913,Infinix NOTE 40 5G,96:38:4F:13:CE:9E,6,-69,WPA2_PSK
2026-03-19 23:07:00,19.5322285,-99.0476913,Mega_2.4G_77C2,48:96:D9:75:77:C2,6,-70,WPA_WPA2_PSK
2026-03-19 23:07:00,19.5322285,-99.0476913,,B0:08:75:6D:27:EE,11,-73,WPA2_PSK
2026-03-19 23:07:00,19.5322285,-99.0476913,Totalplay-FAA0,B0:08:75:6D:27:EC,11,-73,WPA2_PSK
2026-03-19 23:07:00,19.5322285,-99.0476913,Steren COM-852,D8:32:14:EA:4A:41,13,-74,WPA_WPA2_PSK
2026-03-19 23:07:00,19.5322285,-99.0476913,Club_Totalplay_WiFi,B0:08:75:6D:27:EF,11,-76,OPEN
2026-03-19 23:07:00,19.5322285,-99.0476913,Mega_2.4G_BDFC,84:3C:99:03:BD:FC,4,-81,WPA2_PSK
2026-03-19 23:07:00,19.5322285,-99.0476913,Club_Totalplay_WiFi,C2:94:AD:BD:AB:6A,9,-82,OPEN
2026-03-19 23:07:16,19.5326691,-99.0471115,Mega_2.4G_D020,84:3C:99:03:D0:20,5,-57,WPA2_PSK
2026-03-19 23:07:16,19.5326691,-99.0471115,Megacable_2.4G_8188,5C:A4:F4:9A:81:88,8,-62,WPA_WPA2_PSK
2026-03-19 23:07:16,19.5326691,-99.0471115,Hotel Roma,EC:74:D7:08:AD:05,6,-65,WPA2_PSK
2026-03-19 23:07:16,19.5326691,-99.0471115,INFINITUM0D9D_2.4,40:EE:DD:19:21:D8,8,-67,WPA2_PSK
2026-03-19 23:07:16,19.5326691,-99.0471115,Totalplay-FAA8,C4:FB:AA:36:4A:24,2,-69,WPA2_PSK
2026-03-19 23:07:32,19.5325146,-99.0466766,Mega_2.4G_61C2,84:3C:99:03:61:C2,4,-64,WPA2_PSK
2026-03-19 23:07:32,19.5325146,-99.0466766,Mega_2.4G_D020,84:3C:99:03:D0:20,5,-64,WPA2_PSK
2026-03-19 23:07:32,19.5325146,-99.0466766,Club_Totalplay_WiFi,64:9D:F3:03:AA:89,11,-67,OPEN
2026-03-19 23:07:32,19.5325146,-99.0466766,Club_Totalplay_WiFi,D4:01:68:AD:BD:A1,1,-68,OPEN
2026-03-19 23:07:32,19.5325146,-99.0466766,INFINITUM039C_2.4,B4:43:26:22:40:10,7,-69,WPA2_PSK
2026-03-19 23:07:32,19.5325146,-99.0466766,Totalplay-2.4G-aa88,64:9D:F3:03:AA:88,11,-69,WPA2_PSK
2026-03-19 23:07:32,19.5325146,-99.0466766,totalplays6_2.4G,D4:01:68:AD:BD:A0,1,-70,WPA_WPA2_PSK
2026-03-19 23:07:32,19.5325146,-99.0466766,INFINITUM3A9E_2.4,04:88:5F:BC:03:34,10,-72,WPA2_PSK
2026-03-19 23:07:32,19.5325146,-99.0466766,Megacable_2.4G_8188,5C:A4:F4:9A:81:88,8,-73,WPA_WPA2_PSK
2026-03-19 23:07:32,19.5325146,-99.0466766,IZZI-F96E,28:F5:D1:94:B6:A4,1,-75,WPA2_PSK
2026-03-19 23:07:32,19.5325146,-99.0466766,Mega-2.4G-9BB2,B0:C7:87:6F:6C:8C,11,-78,WPA2_PSK
2026-03-19 23:07:32,19.5325146,-99.0466766,Monis,B0:BE:76:13:22:59,7,-80,WPA_WPA2_PSK
2026-03-19 23:07:32,19.5325146,-99.0466766,Club_Totalplay_WiFi,C4:FB:AA:36:4A:27,2,-85,OPEN
2026-03-19 23:07:48,19.5323219,-99.0461960,FamPintor_2.4Gnormal,90:16:BA:2F:C5:BC,8,-70,WPA2_PSK
2026-03-19 23:07:48,19.5323219,-99.0461960,Omar wifi,34:21:09:88:24:39,6,-71,WPA_WPA2_PSK
2026-03-19 23:07:48,19.5323219,-99.0461960,INFINITUM2B9C_2.4-EXT,02:26:89:6E:DF:2F,11,-75,WPA2_PSK
2026-03-19 23:07:48,19.5323219,-99.0461960,INFINITUM9F9D_2.4_EXT,00:EB:D8:4F:87:F4,10,-76,WPA2_PSK
2026-03-19 23:07:48,19.5323219,-99.0461960,Club_Totalplay_WiFi,64:9D:F3:03:AA:89,11,-80,OPEN
2026-03-19 23:07:48,19.5323219,-99.0461960,Totalplay-2.4G-aa88,64:9D:F3:03:AA:88,11,-81,WPA2_PSK
2026-03-19 23:07:48,19.5323219,-99.0461960,Mega-2.4G-E6B2_EXT,CC:2D:21:40:54:D9,1,-82,WPA_WPA2_PSK
2026-03-19 23:07:48,19.5323219,-99.0461960,IZZI-9402,F8:2D:C0:92:FB:06,6,-87,WPA2_PSK
2026-03-19 23:08:04,19.5321064,-99.0457306,Club_Totalplay_WiFi,EC:E7:A2:77:7C:51,1,-57,OPEN
2026-03-19 23:08:04,19.5321064,-99.0457306,Totalplay-2.4G-7c50,EC:E7:A2:77:7C:50,1,-65,WPA2_PSK
2026-03-19 23:08:04,19.5321064,-99.0457306,TC15,8A:0E:42:1F:FC:7E,1,-67,WPA2_WPA3_PSK
2026-03-19 23:08:04,19.5321064,-99.0457306,INFINITUMEA9D,B0:BE:76:5A:E7:0F,2,-70,WPA_WPA2_PSK
2026-03-19 23:08:04,19.5321064,-99.0457306,IZZI-CC7A,F0:AF:85:35:6C:02,6,-72,WPA2_PSK
2026-03-19 23:08:04,19.5321064,-99.0457306,TOTALPLAY_62AB95,B0:98:2B:62:AB:95,11,-73,WPA2_PSK
2026-03-19 23:08:04,19.5321064,-99.0457306,INFINITUMD9B2,20:DF:73:82:2F:E4,11,-74,WPA2_PSK
2026-03-19 23:08:04,19.5321064,-99.0457306,,A4:6D:A4:62:39:5E,8,-76,WPA2_PSK
2026-03-19 23:08:04,19.5321064,-99.0457306,INFINITUM9F9D_2.4_EXT,00:EB:D8:4F:87:F4,10,-83,WPA2_PSK
2026-03-19 23:08:04,19.5321064,-99.0457306,IZZI-6F92,24:E4:CE:CE:6F:97,1,-87,WPA2_PSK
2026-03-19 23:08:20,19.5319424,-99.0452881,Mega-2.4G-18B2,B0:C7:87:72:85:44,3,-56,WPA2_PSK
2026-03-19 23:08:20,19.5319424,-99.0452881,IZZI-64C7,28:F5:D1:B2:30:FD,6,-64,WPA2_PSK
2026-03-19 23:08:35,19.5318985,-99.0451813,Mega-2.4G-18B2,B0:C7:87:72:85:44,3,-63,WPA2_PSK
2026-03-19 23:08:35,19.5318985,-99.0451813,Totalplay-24AF,C6:5E:5C:EC:0B:18,11,-68,WPA2_PSK
2026-03-19 23:08:35,19.5318985,-99.0451813,IZZI-2F5B,FC:AE:34:5B:3E:17,6,-70,WPA2_PSK
2026-03-19 23:08:35,19.5318985,-99.0451813,IZZI-36E7_EXT,80:3F:5D:77:96:67,13,-70,WPA2_PSK
2026-03-19 23:08:35,19.5318985,-99.0451813,IZZI-2F5B,B8:3A:08:E1:24:50,6,-72,WPA_WPA2_PSK
2026-03-19 23:08:35,19.5318985,-99.0451813,,E0:A2:5A:0D:4B:B1,13,-72,WPA2_PSK
2026-03-19 23:08:35,19.5318985,-99.0451813,,1C:3D:2F:E7:80:0A,7,-75,WPA2_PSK
2026-03-19 23:08:35,19.5318985,-99.0451813,IZZI-64C7,28:F5:D1:B2:30:FD,6,-76,WPA2_PSK
2026-03-19 23:08:35,19.5318985,-99.0451813,Malondra_2.4G,1C:3D:2F:E7:80:08,7,-78,WPA_WPA2_PSK
2026-03-19 23:08:35,19.5318985,-99.0451813,MEGACABLE-0B4D,7C:39:85:6C:0B:54,11,-80,WPA_WPA2_PSK
2026-03-19 23:08:35,19.5318985,-99.0451813,TOTALPLAY_C6F1E2,3C:17:10:C6:F1:E2,11,-85,WPA2_PSK
2026-03-19 23:08:35,19.5318985,-99.0451813,WIFIBRG0012432eba7eIPC185,8A:28:7D:8B:79:B6,14,-93,WPA2_PSK
2026-03-19 23:08:51,19.5317249,-99.0447464,Malondra_2.4G,1C:3D:2F:E7:80:08,7,-61,WPA_WPA2_PSK
2026-03-19 23:08:51,19.5317249,-99.0447464,Club_Totalplay_WiFi,1C:3D:2F:E7:80:0B,7,-62,OPEN
2026-03-19 23:08:51,19.5317249,-99.0447464,Mega-2.4G-85B1,78:DD:33:6E:8D:EC,5,-65,WPA2_PSK
2026-03-19 23:08:51,19.5317249,-99.0447464,,8E:61:A3:A5:45:D8,6,-65,UNKNOWN
2026-03-19 23:08:51,19.5317249,-99.0447464,IZZI-6F92,24:E4:CE:CE:6F:97,1,-66,WPA2_PSK
2026-03-19 23:08:51,19.5317249,-99.0447464,MEGACABLE-0B4D,7C:39:85:6C:0B:54,11,-66,WPA_WPA2_PSK
2026-03-19 23:08:51,19.5317249,-99.0447464,TOTALPLAY_C6F1E2,3C:17:10:C6:F1:E2,11,-73,WPA2_PSK
2026-03-19 23:08:51,19.5317249,-99.0447464,TOTAlFNP2,34:DB:9C:10:AB:A3,6,-82,WPA2_PSK
2026-03-19 23:08:51,19.5317249,-99.0447464,IZZI-36E7_EXT,80:3F:5D:77:96:67,13,-86,WPA2_PSK
2026-03-19 23:08:51,19.5317249,-99.0447464,LEDnet0033C754AF,18:B9:05:C7:54:AF,4,-87,OPEN
2026-03-19 23:08:51,19.5317249,-99.0447464,IZZI-8824,6C:63:9C:F2:BD:1B,11,-91,WPA2_PSK
2026-03-19 23:08:51,19.5317249,-99.0447464,Dormitorio.o,,FA:8F:CA:77:D7:22,6,-92,OPEN
2026-03-19 23:09:07,19.5315609,-99.0442963,Mega-2.4G-70B1,78:DD:33:63:9D:A0,5,-59,WPA2_PSK
2026-03-19 23:09:07,19.5315609,-99.0442963,INFINITUM2062,F4:E8:4F:09:EA:06,6,-60,WPA2_PSK
2026-03-19 23:09:07,19.5315609,-99.0442963,Totalplay-607F,D0:59:19:4B:29:72,3,-68,WPA2_PSK
2026-03-19 23:09:07,19.5315609,-99.0442963,Club_Totalplay_WiFi,D2:59:19:3B:29:72,3,-69,OPEN
2026-03-19 23:09:07,19.5315609,-99.0442963,Mega-2.4G-A7B1,6E:71:D2:7F:C4:08,8,-69,WPA2_WPA3_PSK
2026-03-19 23:09:07,19.5315609,-99.0442963,IZZI-8824,6C:63:9C:F2:BD:1B,11,-70,WPA2_PSK
2026-03-19 23:09:07,19.5315609,-99.0442963,,6E:63:9C:A2:BD:1B,11,-71,UNKNOWN
2026-03-19 23:09:07,19.5315609,-99.0442963,Club_Totalplay_WiFi,D2:59:19:3B:6C:D4,9,-76,OPEN
2026-03-19 23:09:07,19.5315609,-99.0442963,DIRECT-roku-3G3-718778,D6:97:58:65:14:0A,10,-77,WPA2_PSK
2026-03-19 23:09:07,19.5315609,-99.0442963,Totalplay-2.4G-1440,D4:01:68:B2:14:40,1,-80,WPA2_PSK
2026-03-19 23:09:07,19.5315609,-99.0442963,Club_Totalplay_WiFi,04:E7:95:F3:88:73,1,-80,OPEN
2026-03-19 23:09:07,19.5315609,-99.0442963,,E8:13:6E:20:C8:C2,2,-83,WPA2_PSK
2026-03-19 23:09:07,19.5315609,-99.0442963,TOTALPLAY_C6F1E2,3C:17:10:C6:F1:E2,11,-83,WPA2_PSK
2026-03-19 23:09:07,19.5315609,-99.0442963,Totalplay-1AE3,D0:59:19:49:87:CA,11,-83,WPA2_PSK
2026-03-19 23:09:07,19.5315609,-99.0442963,Club_Totalplay_WiFi,E8:13:6E:20:C8:C3,2,-87,OPEN
2026-03-19 23:09:07,19.5315609,-99.0442963,,E0:A2:5A:0D:4B:B1,13,-89,WPA2_PSK
2026-03-19 23:09:07,19.5315609,-99.0442963,,FA:8F:CA:3C:37:D4,2,-91,OPEN
2026-03-19 23:09:23,19.5313854,-99.0438690,,C4:69:F0:E8:72:5E,10,-51,WPA2_PSK
2026-03-19 23:09:23,19.5313854,-99.0438690,Totalplay-B3AA,C4:69:F0:E8:72:5C,10,-53,WPA2_PSK
2026-03-19 23:09:23,19.5313854,-99.0438690,Club_Totalplay_WiFi,C4:69:F0:E8:72:5F,10,-56,OPEN
2026-03-19 23:09:23,19.5313854,-99.0438690,Club_Totalplay_WiFi,6C:E8:74:7E:32:45,4,-59,OPEN
2026-03-19 23:09:23,19.5313854,-99.0438690,IZZI-5DFC,40:0F:C1:09:5E:00,6,-61,WPA2_PSK
2026-03-19 23:09:23,19.5313854,-99.0438690,Xiaomi_0915,58:EA:1F:65:EA:7B,6,-63,WPA2_PSK
2026-03-19 23:09:23,19.5313854,-99.0438690,Orton316__2.4G,6C:E8:74:7E:32:44,4,-64,WPA2_PSK
2026-03-19 23:09:23,19.5313854,-99.0438690,,6C:E8:74:7E:32:47,4,-71,WPA2_PSK
2026-03-19 23:09:23,19.5313854,-99.0438690,Mega-2.4G-A7B1,6E:71:D2:7F:C4:08,8,-71,WPA2_WPA3_PSK
2026-03-19 23:09:23,19.5313854,-99.0438690,Orton316__2.4G,24:91:BB:99:8C:54,9,-78,WPA2_PSK
2026-03-19 23:09:23,19.5313854,-99.0438690,DIRECT-My-BRAVIA,EE:0E:C4:50:11:1C,2,-79,WPA2_PSK
2026-03-19 23:09:23,19.5313854,-99.0438690,DIRECT-Yf-BRAVIA,72:18:8B:85:78:A1,1,-85,WPA2_PSK
2026-03-19 23:09:39,19.5312176,-99.0434265,Megacable_2.4G_ADA0,5C:A4:F4:9B:AD:A0,8,-56,WPA_WPA2_PSK
2026-03-19 23:09:39,19.5312176,-99.0434265,IZZI-78C9,24:E4:CE:CE:78:CE,11,-63,WPA2_PSK
2026-03-19 23:09:39,19.5312176,-99.0434265,IPC365_AP-406A8EEB77B8,7A:22:88:94:FF:99,10,-70,OPEN
2026-03-19 23:09:39,19.5312176,-99.0434265,IZZI-4448,8C:61:A3:A6:25:5D,11,-70,WPA2_PSK
2026-03-19 23:09:39,19.5312176,-99.0434265,,8E:61:A3:A6:25:5D,11,-70,UNKNOWN
2026-03-19 23:09:39,19.5312176,-99.0434265,LAYLA,C4:EB:FF:31:2D:44,11,-75,WPA2_PSK
2026-03-19 23:09:39,19.5312176,-99.0434265,IZZI-3C5A,8C:61:A3:A6:19:52,11,-79,WPA_WPA2_PSK
2026-03-19 23:09:39,19.5312176,-99.0434265,IZZI-7871,94:8F:CF:25:05:56,1,-80,WPA2_PSK
2026-03-19 23:09:39,19.5312176,-99.0434265,INFINITUM5B4D_2.4,10:50:72:17:EC:D0,11,-86,WPA2_PSK
2026-03-19 23:09:55,19.5310249,-99.0429306,Totalplay-2.4G-c030,EC:E7:A2:67:C0:30,6,-65,WPA2_PSK
2026-03-19 23:09:55,19.5310249,-99.0429306,Mega-2.4G-3FB2,22:DF:73:06:E4:4C,10,-71,WPA2_WPA3_PSK
2026-03-19 23:09:55,19.5310249,-99.0429306,,EC:A1:D1:77:4E:4E,9,-74,WPA2_PSK
2026-03-19 23:09:55,19.5310249,-99.0429306,INFINITUM62BA,C8:4C:78:25:EC:F4,1,-77,WPA2_PSK
2026-03-19 23:09:55,19.5310249,-99.0429306,,8E:49:62:B4:62:D5,10,-78,WPA2_PSK
2026-03-19 23:09:55,19.5310249,-99.0429306,INFINITUM5B8F_2.4,10:50:72:17:F0:F0,1,-79,WPA2_PSK
2026-03-19 23:09:55,19.5310249,-99.0429306,Club_Totalplay_WiFi,EC:A1:D1:77:4E:4F,9,-80,OPEN
2026-03-19 23:09:55,19.5310249,-99.0429306,TOTALPLAY_F16870,D4:F8:29:F1:68:70,6,-86,WPA2_PSK
2026-03-19 23:09:55,19.5310249,-99.0429306,Totalplay-F7AA,EC:A1:D1:77:4E:4C,9,-90,WPA2_PSK
2026-03-19 23:10:11,19.5307999,-99.0423584,MARDOM15,F4:9E:EF:02:D3:C9,6,-43,WPA2_PSK
2026-03-19 23:10:11,19.5307999,-99.0423584,Mega_2.4G_6F9A,48:96:D9:75:6F:9A,5,-48,WPA_WPA2_PSK
2026-03-19 23:10:11,19.5307999,-99.0423584,Totalplay-2.4G-7850,EC:E7:A2:68:78:50,1,-59,WPA_WPA2_PSK
2026-03-19 23:10:11,19.5307999,-99.0423584,Club_Totalplay_WiFi,EC:E7:A2:68:78:51,1,-60,OPEN
2026-03-19 23:10:11,19.5307999,-99.0423584,IZZI-FFF1,70:4F:B8:74:22:63,6,-64,WPA2_PSK
2026-03-19 23:10:11,19.5307999,-99.0423584,Mega_2.4G_E9CC,30:1F:48:4A:E9:CC,10,-64,WPA_WPA2_PSK
2026-03-19 23:10:11,19.5307999,-99.0423584,IZZI-F228,DC:A6:33:4B:BD:69,11,-64,WPA2_PSK
2026-03-19 23:10:11,19.5307999,-99.0423584,,DE:A6:33:2B:BD:69,11,-64,UNKNOWN
2026-03-19 23:10:11,19.5307999,-99.0423584,IZZI-F2DC,94:8F:CF:1F:C0:75,11,-71,WPA2_PSK
2026-03-19 23:10:11,19.5307999,-99.0423584,,66:DB:F7:CD:55:99,11,-74,WPA2_PSK
2026-03-19 23:10:11,19.5307999,-99.0423584,,FA:8F:CA:32:81:DE,11,-83,OPEN
2026-03-19 23:10:11,19.5307999,-99.0423584,Mega_2.4G_CF96,84:3C:99:03:CF:96,7,-84,WPA2_PSK
2026-03-19 23:10:11,19.5307999,-99.0423584,INFINITUM98B0,60:53:75:23:4A:FC,11,-85,WPA2_PSK
2026-03-19 23:10:11,19.5307999,-99.0423584,,E0:61:4A:F3:12:44,1,-87,OPEN
2026-03-19 23:10:27,19.5305614,-99.0417557,Totalplay-ED67,F8:79:28:8A:78:DC,9,-45,WPA2_PSK
2026-03-19 23:10:27,19.5305614,-99.0417557,Totalplay-0C18,50:42:89:0C:A3:52,6,-49,WPA2_PSK
2026-03-19 23:10:27,19.5305614,-99.0417557,Club_Totalplay_WiFi,52:42:89:3C:A3:52,6,-50,OPEN
2026-03-19 23:10:27,19.5305614,-99.0417557,IZZI-0FFD,24:E4:CE:3D:10:02,1,-61,WPA2_PSK
2026-03-19 23:10:27,19.5305614,-99.0417557,IZZI-41E4,00:CB:7A:6E:41:E8,11,-65,WPA2_PSK
2026-03-19 23:10:27,19.5305614,-99.0417557,,9E:C8:FC:2E:C7:D7,6,-67,UNKNOWN
2026-03-19 23:10:27,19.5305614,-99.0417557,IZZI-5FDD,9C:C8:FC:3E:C7:D7,6,-69,WPA2_PSK
2026-03-19 23:10:27,19.5305614,-99.0417557,TP-Link_176C,E4:C3:2A:1C:17:6B,10,-70,WPA2_PSK
2026-03-19 23:10:27,19.5305614,-99.0417557,INFINITUM3D2F,AC:60:6F:9E:DA:49,1,-71,WPA2_PSK
2026-03-19 23:10:27,19.5305614,-99.0417557,Mega_2.4G_9153,D4:61:95:C7:91:53,4,-71,WPA_WPA2_PSK
2026-03-19 23:10:27,19.5305614,-99.0417557,TP-Link_Guest_176C,72:C3:2A:1C:17:6E,10,-71,OPEN
2026-03-19 23:10:27,19.5305614,-99.0417557,,1A:9C:27:2F:75:52,11,-81,UNKNOWN
2026-03-19 23:10:27,19.5305614,-99.0417557,IZZI-C9F7,DC:92:72:1F:C9:FC,1,-84,WPA2_PSK
2026-03-19 23:10:27,19.5305614,-99.0417557,ARRIS-D812,00:AC:E0:45:D8:10,6,-84,WPA2_PSK
2026-03-19 23:10:27,19.5305614,-99.0417557,Totalplay-2.4G-eee8,BC:47:32:12:EE:E8,6,-84,WPA2_PSK
2026-03-19 23:10:27,19.5305614,-99.0417557,LEDnet0008FC9524,B4:E8:42:FC:95:24,9,-89,OPEN
2026-03-19 23:10:43,19.5304165,-99.0413818,TP-Link_Guest_176C,72:C3:2A:1C:17:6E,10,-47,OPEN
2026-03-19 23:10:43,19.5304165,-99.0413818,TP-Link_176C,E4:C3:2A:1C:17:6B,10,-49,WPA2_PSK
2026-03-19 23:10:43,19.5304165,-99.0413818,,72:C3:2A:1C:17:6D,10,-61,WPA2_PSK
2026-03-19 23:10:43,19.5304165,-99.0413818,,AE:60:6F:CE:DA:49,1,-66,WPA2_PSK
2026-03-19 23:10:43,19.5304165,-99.0413818,INFINITUM3D2F,AC:60:6F:9E:DA:49,1,-67,WPA2_PSK
2026-03-19 23:10:43,19.5304165,-99.0413818,,60:7E:CD:A2:A1:0E,1,-68,WPA2_PSK
2026-03-19 23:10:43,19.5304165,-99.0413818,Club_Totalplay_WiFi,52:42:89:3C:A3:52,6,-68,OPEN
2026-03-19 23:10:43,19.5304165,-99.0413818,IZZI-6D3E,18:9C:27:3F:75:52,11,-68,WPA2_PSK
2026-03-19 23:10:43,19.5304165,-99.0413818,Totalplay-5EA5,60:7E:CD:A2:A1:0C,1,-69,WPA2_PSK
2026-03-19 23:10:43,19.5304165,-99.0413818,CasaM,60:7E:CD:A2:A1:0D,1,-69,WPA2_PSK
2026-03-19 23:10:43,19.5304165,-99.0413818,TOTALPLAY2612_2.4G,10:08:1D:BF:8E:A8,1,-69,WPA_WPA2_PSK
2026-03-19 23:10:43,19.5304165,-99.0413818,INFINITUME3A1,D4:01:45:18:8D:70,5,-69,WPA2_PSK
2026-03-19 23:10:43,19.5304165,-99.0413818,Club_Totalplay_WiFi,10:08:1D:BF:8E:A9,1,-70,OPEN
2026-03-19 23:10:43,19.5304165,-99.0413818,Totalplay-0C18,50:42:89:0C:A3:52,6,-70,WPA2_PSK
2026-03-19 23:10:43,19.5304165,-99.0413818,Totalplay-2.4G-5D4A,98:C9:BE:7B:5D:4E,4,-72,WPA2_PSK
2026-03-19 23:10:43,19.5304165,-99.0413818,TP-LINK_B0F9,F4:F2:6D:BF:B0:F9,4,-74,WPA2_PSK
2026-03-19 23:10:43,19.5304165,-99.0413818,Totalplay-2.4G-AD50,98:C9:BE:50:AD:54,5,-74,WPA2_PSK
2026-03-19 23:10:43,19.5304165,-99.0413818,Totalplay-ED67,F8:79:28:8A:78:DC,9,-74,WPA2_PSK
2026-03-19 23:10:43,19.5304165,-99.0413818,Club_Totalplay_WiFi,EC:A1:D1:92:80:1F,3,-75,OPEN
2026-03-19 23:10:43,19.5304165,-99.0413818,Club_Totalplay_WiFi,BC:47:32:12:EE:E9,6,-75,OPEN
2026-03-19 23:10:43,19.5304165,-99.0413818,Hogar,A2:31:DB:A0:CC:C4,5,-77,WPA2_PSK
2026-03-19 23:10:43,19.5304165,-99.0413818,Club_Totalplay_WiFi,3C:A3:7E:7F:5D:23,8,-77,OPEN
2026-03-19 23:10:43,19.5304165,-99.0413818,INFINITUM3FEA,00:5F:67:6B:8B:E4,1,-78,WPA2_PSK
2026-03-19 23:10:43,19.5304165,-99.0413818,Totalplay-2.4G-eee8,BC:47:32:12:EE:E8,6,-78,WPA2_PSK
2026-03-19 23:10:43,19.5304165,-99.0413818,LEDnet0008FC9524,B4:E8:42:FC:95:24,9,-78,OPEN
2026-03-19 23:10:43,19.5304165,-99.0413818,,A2:31:DB:A0:CC:C7,5,-79,OPEN
2026-03-19 23:10:43,19.5304165,-99.0413818,IZZI-C9F7,DC:92:72:1F:C9:FC,1,-80,WPA2_PSK
2026-03-19 23:10:43,19.5304165,-99.0413818,,3C:A3:7E:7F:5D:22,8,-80,WPA2_PSK
2026-03-19 23:10:43,19.5304165,-99.0413818,IZZI-38B1,78:6A:1F:59:43:36,6,-81,WPA2_PSK
2026-03-19 23:10:43,19.5304165,-99.0413818,Totalplay-1BAA,3C:A3:7E:7F:5D:20,8,-81,WPA2_PSK
2026-03-19 23:10:43,19.5304165,-99.0413818,Mega_2.4G_6F9A,48:96:D9:75:6F:9A,5,-82,WPA_WPA2_PSK
2026-03-19 23:10:43,19.5304165,-99.0413818,Mega_2.4G_9153,D4:61:95:C7:91:53,4,-84,WPA_WPA2_PSK
2026-03-19 23:10:43,19.5304165,-99.0413818,MODEM Ruben Cuarto ,D8:32:14:D4:FE:81,5,-84,WPA_WPA2_PSK
2026-03-19 23:10:43,19.5304165,-99.0413818,INFINITUME1EA,B0:D1:D6:21:4D:B9,6,-84,WPA2_PSK
2026-03-19 23:10:43,19.5304165,-99.0413818,,D6:E2:2F:80:D0:FA,3,-85,WPA2_PSK
2026-03-19 23:10:43,19.5304165,-99.0413818,IZZI-083E,70:4F:B8:F8:E4:1D,1,-86,WPA2_PSK
2026-03-19 23:10:43,19.5304165,-99.0413818,Mega-2.4G-6AB2,E8:F9:D4:DF:F0:C4,3,-86,WPA2_PSK
2026-03-19 23:10:43,19.5304165,-99.0413818,FAguileraaldana2063_2.4G,90:3F:EA:D1:8C:98,11,-87,WPA_WPA2_PSK
2026-03-19 23:10:43,19.5304165,-99.0413818,,90:3F:EA:D1:8C:9B,11,-90,WPA2_PSK
2026-03-19 23:10:43,19.5304165,-99.0413818,TOTALPLAY_DF8384,AC:84:C9:DF:83:84,11,-91,WPA2_PSK
2026-03-19 23:10:43,19.5304165,-99.0413818,INFINITUM62BA,C8:4C:78:25:EC:F4,1,-92,WPA2_PSK
2026-03-19 23:10:59,19.5304775,-99.0414124,,1A:9C:27:2F:75:52,11,-54,UNKNOWN
2026-03-19 23:10:59,19.5304775,-99.0414124,,72:C3:2A:1C:17:6D,10,-57,WPA2_PSK
2026-03-19 23:10:59,19.5304775,-99.0414124,TP-Link_Guest_176C,72:C3:2A:1C:17:6E,10,-58,OPEN
2026-03-19 23:10:59,19.5304775,-99.0414124,IZZI-6D3E,18:9C:27:3F:75:52,11,-58,WPA2_PSK
2026-03-19 23:10:59,19.5304775,-99.0414124,TP-Link_176C,E4:C3:2A:1C:17:6B,10,-59,WPA2_PSK
2026-03-19 23:10:59,19.5304775,-99.0414124,MODEM Ruben Cuarto ,D8:32:14:D4:FE:81,5,-65,WPA_WPA2_PSK
2026-03-19 23:10:59,19.5304775,-99.0414124,,60:7E:CD:A2:A1:0E,1,-66,WPA2_PSK
2026-03-19 23:10:59,19.5304775,-99.0414124,Club_Totalplay_WiFi,3C:A3:7E:7F:5D:23,8,-66,OPEN
2026-03-19 23:10:59,19.5304775,-99.0414124,CasaM,60:7E:CD:A2:A1:0D,1,-67,WPA2_PSK
2026-03-19 23:10:59,19.5304775,-99.0414124,Totalplay-5EA5,60:7E:CD:A2:A1:0C,1,-68,WPA2_PSK
2026-03-19 23:10:59,19.5304775,-99.0414124,Totalplay-ED67,F8:79:28:8A:78:DC,9,-68,WPA2_PSK
2026-03-19 23:10:59,19.5304775,-99.0414124,IZZI-29A4,94:04:E3:EF:29:A8,1,-71,WPA2_PSK
2026-03-19 23:10:59,19.5304775,-99.0414124,Club_Totalplay_WiFi,52:42:89:3C:A3:52,6,-71,OPEN
2026-03-19 23:10:59,19.5304775,-99.0414124,Totalplay-0C18,50:42:89:0C:A3:52,6,-73,WPA2_PSK
2026-03-19 23:10:59,19.5304775,-99.0414124,Totalplay-2.4G-1240,E0:61:4A:F3:12:41,1,-74,WPA_WPA2_PSK
2026-03-19 23:10:59,19.5304775,-99.0414124,Totalplay-69AA,EC:A1:D1:92:80:1C,3,-74,WPA2_PSK
2026-03-19 23:10:59,19.5304775,-99.0414124,,EC:A1:D1:92:80:1E,3,-74,WPA2_PSK
2026-03-19 23:10:59,19.5304775,-99.0414124,Club_Totalplay_WiFi,EC:A1:D1:92:80:1F,3,-74,OPEN
2026-03-19 23:10:59,19.5304775,-99.0414124,,A2:31:DB:A0:CC:C6,5,-74,WPA2_PSK
2026-03-19 23:10:59,19.5304775,-99.0414124,,3C:A3:7E:7F:5D:22,8,-75,WPA2_PSK
2026-03-19 23:10:59,19.5304775,-99.0414124,Totalplay-1BAA,3C:A3:7E:7F:5D:20,8,-76,WPA2_PSK
2026-03-19 23:10:59,19.5304775,-99.0414124,Mega-2.4G-05B5,2C:0B:AB:8B:22:D4,10,-79,WPA2_PSK
2026-03-19 23:10:59,19.5304775,-99.0414124,Totalplay-2.4G-a558,3A:6B:1C:0D:9B:59,1,-81,WPA_WPA2_PSK
2026-03-19 23:10:59,19.5304775,-99.0414124,Club_Totalplay_WiFi,90:3F:EA:D1:8C:99,11,-81,OPEN
2026-03-19 23:10:59,19.5304775,-99.0414124,Club_Totalplay_WiFi,10:08:1D:C8:03:51,1,-82,OPEN
2026-03-19 23:10:59,19.5304775,-99.0414124,Club_Totalplay_WiFi,66:C3:94:E5:64:EB,6,-82,OPEN
2026-03-19 23:10:59,19.5304775,-99.0414124,Ariadnazashyd_2.4G,BC:47:32:02:FF:88,6,-82,WPA_WPA2_PSK
2026-03-19 23:10:59,19.5304775,-99.0414124,Totalplay-E2A1,AC:8D:34:BF:4F:0C,7,-82,WPA2_PSK
2026-03-19 23:10:59,19.5304775,-99.0414124,,A4:16:E7:34:4F:06,6,-83,WPA2_PSK
2026-03-19 23:10:59,19.5304775,-99.0414124,Mega_2.4G_6F9A,48:96:D9:75:6F:9A,5,-84,WPA_WPA2_PSK
2026-03-19 23:10:59,19.5304775,-99.0414124,IZZI-083E,70:4F:B8:F8:E4:1D,1,-85,WPA2_PSK
2026-03-19 23:10:59,19.5304775,-99.0414124,,AC:8D:34:BF:4F:0F,7,-85,OPEN
2026-03-19 23:10:59,19.5304775,-99.0414124,INFINITUM019F_2.4,44:67:47:44:BD:28,4,-86,WPA2_PSK
2026-03-19 23:10:59,19.5304775,-99.0414124,Totalplay-BBA3,4C:F5:5B:8D:7D:B4,9,-86,WPA2_PSK
2026-03-19 23:10:59,19.5304775,-99.0414124,Mega_2.4G_8B54,48:96:D9:26:8B:54,4,-87,WPA_WPA2_PSK
2026-03-19 23:10:59,19.5304775,-99.0414124,Club_Totalplay_WiFi,94:B2:71:57:EE:73,2,-88,OPEN
2026-03-19 23:10:59,19.5304775,-99.0414124,,BA:5D:C3:0E:B5:D2,1,-89,WPA2_PSK
2026-03-19 23:10:59,19.5304775,-99.0414124,Club_Totalplay_WiFi,BC:47:32:12:EE:E9,6,-90,OPEN
2026-03-19 23:10:59,19.5304775,-99.0414124,Dani's,B8:3A:08:EF:C3:16,7,-91,WPA2_PSK
2026-03-19 23:10:59,19.5304775,-99.0414124,,BA:5D:C3:0E:B5:D3,1,-92,OPEN
2026-03-19 23:10:59,19.5304775,-99.0414124,,B8:3A:08:EF:C3:14,7,-93,WPA2_PSK
2026-03-19 23:11:15,19.5306168,-99.0413437,IZZI-29A4,94:04:E3:EF:29:A8,1,-57,WPA2_PSK
2026-03-19 23:11:15,19.5306168,-99.0413437,MODEM Ruben Cuarto ,D8:32:14:D4:FE:81,5,-60,WPA_WPA2_PSK
2026-03-19 23:11:15,19.5306168,-99.0413437,,1A:9C:27:2F:75:52,11,-63,UNKNOWN
2026-03-19 23:11:15,19.5306168,-99.0413437,IZZI-6D3E,18:9C:27:3F:75:52,11,-64,WPA2_PSK
2026-03-19 23:11:15,19.5306168,-99.0413437,,3C:A3:7E:7F:5D:22,8,-65,WPA2_PSK
2026-03-19 23:11:15,19.5306168,-99.0413437,,A4:16:E7:34:4F:06,6,-66,WPA2_PSK
2026-03-19 23:11:15,19.5306168,-99.0413437,IZZI-083E,70:4F:B8:F8:E4:1D,1,-68,WPA2_PSK
2026-03-19 23:11:15,19.5306168,-99.0413437,Totalplay-1BAA,3C:A3:7E:7F:5D:20,8,-69,WPA2_PSK
2026-03-19 23:11:15,19.5306168,-99.0413437,Club_Totalplay_WiFi,3C:A3:7E:7F:5D:23,8,-69,OPEN
2026-03-19 23:11:15,19.5306168,-99.0413437,Mega_2.4G_8B54,48:96:D9:26:8B:54,4,-70,WPA_WPA2_PSK
2026-03-19 23:11:15,19.5306168,-99.0413437,,A2:31:DB:A0:CC:C7,5,-70,OPEN
2026-03-19 23:11:15,19.5306168,-99.0413437,,72:C3:2A:1C:17:6D,10,-72,WPA2_PSK
2026-03-19 23:11:15,19.5306168,-99.0413437,TP-Link_Guest_176C,72:C3:2A:1C:17:6E,10,-72,OPEN
2026-03-19 23:11:15,19.5306168,-99.0413437,TP-Link_176C,E4:C3:2A:1C:17:6B,10,-74,WPA2_PSK
2026-03-19 23:11:15,19.5306168,-99.0413437,INFINITUM5DB3,54:69:90:3C:4B:64,11,-74,WPA2_PSK
2026-03-19 23:11:15,19.5306168,-99.0413437,IZZI-AC81,0C:80:63:69:E2:C5,6,-78,WPA2_PSK
2026-03-19 23:11:15,19.5306168,-99.0413437,Club_Totalplay_WiFi,52:42:89:3C:A3:52,6,-79,OPEN
2026-03-19 23:11:15,19.5306168,-99.0413437,,60:7E:CD:A2:A1:0E,1,-86,WPA2_PSK
2026-03-19 23:11:15,19.5306168,-99.0413437,Club_Totalplay_WiFi,90:3F:EA:D1:8C:99,11,-88,OPEN
2026-03-19 23:11:15,19.5306168,-99.0413437,CasaM,60:7E:CD:A2:A1:0D,1,-89,WPA2_PSK
2026-03-19 23:11:15,19.5306168,-99.0413437,SARUNOARTE,DC:4E:F4:28:C9:60,1,-89,WPA2_PSK
2026-03-19 23:11:15,19.5306168,-99.0413437,Totalplay-14A5,A4:BD:C4:84:54:24,9,-90,WPA2_PSK
2026-03-19 23:11:15,19.5306168,-99.0413437,,90:3F:EA:D1:8C:9B,11,-91,WPA2_PSK
2026-03-19 23:11:15,19.5306168,-99.0413437,Mega-2.4G-F6B1,EC:7C:2C:58:85:C4,1,-92,WPA2_PSK
2026-03-19 23:11:15,19.5306168,-99.0413437,INFINITUM3D2F,AC:60:6F:9E:DA:49,1,-92,WPA2_PSK
2026-03-19 23:11:31,19.5307293,-99.0413055,IZZI-29A4,94:04:E3:EF:29:A8,1,-48,WPA2_PSK
2026-03-19 23:11:31,19.5307293,-99.0413055,Hogar,A2:31:DB:A0:CC:C4,5,-64,WPA2_PSK
2026-03-19 23:11:31,19.5307293,-99.0413055,,A2:31:DB:A0:CC:C6,5,-65,WPA2_PSK
2026-03-19 23:11:31,19.5307293,-99.0413055,IZZI-083E,70:4F:B8:F8:E4:1D,1,-68,WPA2_PSK
2026-03-19 23:11:31,19.5307293,-99.0413055,,72:4F:B8:A8:E4:1D,1,-68,UNKNOWN
2026-03-19 23:11:31,19.5307293,-99.0413055,,A2:31:DB:A0:CC:C7,5,-68,OPEN
2026-03-19 23:11:31,19.5307293,-99.0413055,Ariadnazashyd_2.4G,BC:47:32:02:FF:88,6,-70,WPA_WPA2_PSK
2026-03-19 23:11:31,19.5307293,-99.0413055,Club_Totalplay_WiFi,BC:47:32:02:FF:89,6,-70,OPEN
2026-03-19 23:11:31,19.5307293,-99.0413055,Totalplay-1BAA,3C:A3:7E:7F:5D:20,8,-70,WPA2_PSK
2026-03-19 23:11:31,19.5307293,-99.0413055,Club_Totalplay_WiFi,3C:A3:7E:7F:5D:23,8,-71,OPEN
2026-03-19 23:11:31,19.5307293,-99.0413055,MODEM Ruben Cuarto ,D8:32:14:D4:FE:81,5,-72,WPA_WPA2_PSK
2026-03-19 23:11:31,19.5307293,-99.0413055,,A4:16:E7:34:4F:06,6,-75,WPA2_PSK
2026-03-19 23:11:31,19.5307293,-99.0413055,IZZI-6D3E,18:9C:27:3F:75:52,11,-77,WPA2_PSK
2026-03-19 23:11:31,19.5307293,-99.0413055,,1A:9C:27:2F:75:52,11,-77,UNKNOWN
2026-03-19 23:11:31,19.5307293,-99.0413055,Home,18:A6:F7:BF:71:72,7,-78,WPA_WPA2_PSK
2026-03-19 23:11:31,19.5307293,-99.0413055,IZZI-D087,70:54:25:73:7A:49,11,-79,WPA2_PSK
2026-03-19 23:11:31,19.5307293,-99.0413055,,72:54:25:23:7A:49,11,-79,UNKNOWN
2026-03-19 23:11:31,19.5307293,-99.0413055,Club_Totalplay_WiFi,D4:01:68:A8:5D:69,1,-81,OPEN
2026-03-19 23:11:31,19.5307293,-99.0413055,Mega_2.4G_8B54,48:96:D9:26:8B:54,4,-82,WPA_WPA2_PSK
2026-03-19 23:11:31,19.5307293,-99.0413055,Totalplay-69AA,EC:A1:D1:92:80:1C,3,-83,WPA2_PSK
2026-03-19 23:11:31,19.5307293,-99.0413055,INFINITUM5DB3,54:69:90:3C:4B:64,11,-83,WPA2_PSK
2026-03-19 23:11:31,19.5307293,-99.0413055,Totalplay-ED67,F8:79:28:8A:78:DC,9,-86,WPA2_PSK
2026-03-19 23:11:31,19.5307293,-99.0413055,TOTALPLAY_ECBA0B,34:6B:46:EC:BA:0B,11,-86,WPA2_PSK
2026-03-19 23:11:31,19.5307293,-99.0413055,IZZI-39D7,24:E4:CE:CE:39:DC,11,-86,WPA2_PSK
2026-03-19 23:11:31,19.5307293,-99.0413055,TOTALPLAY_858582_2.4G,B0:5B:99:85:85:85,1,-87,WPA2_PSK
2026-03-19 23:11:31,19.5307293,-99.0413055,,AC:8D:34:BF:4F:0E,7,-87,WPA2_PSK
2026-03-19 23:11:31,19.5307293,-99.0413055,ARRIS-FEF2,90:C7:92:49:FE:F0,11,-88,WPA_WPA2_PSK
2026-03-19 23:11:31,19.5307293,-99.0413055,,66:57:25:67:52:27,8,-89,WPA2_PSK
2026-03-19 23:11:31,19.5307293,-99.0413055,TP-Link_176C,E4:C3:2A:1C:17:6B,10,-89,WPA2_PSK
2026-03-19 23:11:31,19.5307293,-99.0413055,Totalplay-BBA3,4C:F5:5B:8D:7D:B4,9,-90,WPA2_PSK
2026-03-19 23:11:31,19.5307293,-99.0413055,,90:3F:EA:D1:8C:9B,11,-93,WPA2_PSK
2026-03-19 23:11:31,19.5307293,-99.0413055,,C4:E2:87:93:FC:2E,9,-95,WPA2_PSK
2026-03-19 23:11:47,19.5308151,-99.0412750,,A2:31:DB:A0:CC:C7,5,-49,OPEN
2026-03-19 23:11:47,19.5308151,-99.0412750,Hogar,A2:31:DB:A0:CC:C4,5,-50,WPA2_PSK
2026-03-19 23:11:47,19.5308151,-99.0412750,,A2:31:DB:A0:CC:C6,5,-51,WPA2_PSK
2026-03-19 23:11:47,19.5308151,-99.0412750,Club_Totalplay_WiFi,BC:47:32:02:FF:89,6,-61,OPEN
2026-03-19 23:11:47,19.5308151,-99.0412750,IZZI-29A4,94:04:E3:EF:29:A8,1,-62,WPA2_PSK
2026-03-19 23:11:47,19.5308151,-99.0412750,Ariadnazashyd_2.4G,BC:47:32:02:FF:88,6,-63,WPA_WPA2_PSK
2026-03-19 23:11:47,19.5308151,-99.0412750,Mega_2.4G_D834,F4:E8:4F:FF:D8:34,3,-69,WPA2_PSK
2026-03-19 23:11:47,19.5308151,-99.0412750,IZZI-6D3E,18:9C:27:3F:75:52,11,-73,WPA2_PSK
2026-03-19 23:11:47,19.5308151,-99.0412750,Mega_2.4G_8B54,48:96:D9:26:8B:54,4,-74,WPA_WPA2_PSK
2026-03-19 23:11:47,19.5308151,-99.0412750,MODEM Ruben Cuarto ,D8:32:14:D4:FE:81,5,-74,WPA_WPA2_PSK
2026-03-19 23:11:47,19.5308151,-99.0412750,Totalplay-1BAA,3C:A3:7E:7F:5D:20,8,-74,WPA2_PSK
2026-03-19 23:11:47,19.5308151,-99.0412750,Club_Totalplay_WiFi,3C:A3:7E:7F:5D:23,8,-74,OPEN
2026-03-19 23:11:47,19.5308151,-99.0412750,,1A:9C:27:2F:75:52,11,-74,UNKNOWN
2026-03-19 23:11:47,19.5308151,-99.0412750,,72:4F:B8:A8:E4:1D,1,-75,UNKNOWN
2026-03-19 23:11:47,19.5308151,-99.0412750,,A4:BD:C4:84:54:26,9,-75,WPA2_PSK
2026-03-19 23:11:47,19.5308151,-99.0412750,ARRIS-FEF2,90:C7:92:49:FE:F0,11,-77,WPA_WPA2_PSK
2026-03-19 23:11:47,19.5308151,-99.0412750,Home,18:A6:F7:BF:71:72,7,-78,WPA_WPA2_PSK
2026-03-19 23:11:47,19.5308151,-99.0412750,,AC:8D:34:BF:4F:0F,7,-78,OPEN
2026-03-19 23:11:47,19.5308151,-99.0412750,,AC:8D:34:BF:4F:0E,7,-78,WPA2_PSK
2026-03-19 23:11:47,19.5308151,-99.0412750,Totalplay-14A5,A4:BD:C4:84:54:24,9,-78,WPA2_PSK
2026-03-19 23:11:47,19.5308151,-99.0412750,,A4:16:E7:34:4F:06,6,-79,WPA2_PSK
2026-03-19 23:11:47,19.5308151,-99.0412750,TOTALPLAY_ECAD72,34:6B:46:EC:AD:72,1,-80,WPA2_PSK
2026-03-19 23:11:47,19.5308151,-99.0412750,TOTALPLAY_ECBA0B,34:6B:46:EC:BA:0B,11,-80,WPA2_PSK
2026-03-19 23:11:47,19.5308151,-99.0412750,Totalplay-36B5,8A:69:3D:8B:03:90,2,-81,WPA2_PSK
2026-03-19 23:11:47,19.5308151,-99.0412750,TP-Link_176C,E4:C3:2A:1C:17:6B,10,-82,WPA2_PSK
2026-03-19 23:11:47,19.5308151,-99.0412750,TOTALPLAY_858582_2.4G,B0:5B:99:85:85:85,1,-83,WPA2_PSK
2026-03-19 23:11:47,19.5308151,-99.0412750,My_Family_Andy_2.4G,A4:16:E7:34:4F:04,6,-84,WPA_WPA2_PSK
2026-03-19 23:11:47,19.5308151,-99.0412750,Mega-2.4G-05B5,2C:0B:AB:8B:22:D4,10,-87,WPA2_PSK
2026-03-19 23:11:47,19.5308151,-99.0412750,Club_Totalplay_WiFi,10:08:1D:C8:03:51,1,-88,OPEN
2026-03-19 23:11:47,19.5308151,-99.0412750,TOTALPLAY_E14025,3C:17:10:E1:40:25,11,-88,WPA2_PSK
2026-03-19 23:12:03,19.5308266,-99.0412827,,A2:31:DB:A0:CC:C7,5,-56,OPEN
2026-03-19 23:12:03,19.5308266,-99.0412827,,A2:31:DB:A0:CC:C6,5,-56,WPA2_PSK
2026-03-19 23:12:03,19.5308266,-99.0412827,Hogar,A2:31:DB:A0:CC:C4,5,-58,WPA2_PSK
2026-03-19 23:12:03,19.5308266,-99.0412827,Ariadnazashyd_2.4G,BC:47:32:02:FF:88,6,-60,WPA_WPA2_PSK
2026-03-19 23:12:03,19.5308266,-99.0412827,Club_Totalplay_WiFi,BC:47:32:02:FF:89,6,-62,OPEN
2026-03-19 23:12:03,19.5308266,-99.0412827,IZZI-29A4,94:04:E3:EF:29:A8,1,-63,WPA2_PSK
2026-03-19 23:12:03,19.5308266,-99.0412827,Mega_2.4G_D834,F4:E8:4F:FF:D8:34,3,-65,WPA2_PSK
2026-03-19 23:12:03,19.5308266,-99.0412827,Totalplay-1BAA,3C:A3:7E:7F:5D:20,8,-69,WPA2_PSK
2026-03-19 23:12:03,19.5308266,-99.0412827,MODEM Ruben Cuarto ,D8:32:14:D4:FE:81,5,-73,WPA_WPA2_PSK
2026-03-19 23:12:03,19.5308266,-99.0412827,,3C:A3:7E:7F:5D:22,8,-73,WPA2_PSK
2026-03-19 23:12:03,19.5308266,-99.0412827,Club_Totalplay_WiFi,3C:A3:7E:7F:5D:23,8,-73,OPEN
2026-03-19 23:12:03,19.5308266,-99.0412827,Mega_2.4G_8B54,48:96:D9:26:8B:54,4,-74,WPA_WPA2_PSK
2026-03-19 23:12:03,19.5308266,-99.0412827,,72:4F:B8:A8:E4:1D,1,-75,UNKNOWN
2026-03-19 23:12:03,19.5308266,-99.0412827,IZZI-6D3E,18:9C:27:3F:75:52,11,-75,WPA2_PSK
2026-03-19 23:12:03,19.5308266,-99.0412827,,1A:9C:27:2F:75:52,11,-75,UNKNOWN
2026-03-19 23:12:03,19.5308266,-99.0412827,,A4:BD:C4:84:54:26,9,-76,WPA2_PSK
2026-03-19 23:12:03,19.5308266,-99.0412827,TOTALPLAY_ECBA0B,34:6B:46:EC:BA:0B,11,-77,WPA2_PSK
2026-03-19 23:12:03,19.5308266,-99.0412827,,8A:69:3D:8B:03:92,2,-78,WPA2_PSK
2026-03-19 23:12:03,19.5308266,-99.0412827,Home,18:A6:F7:BF:71:72,7,-79,WPA_WPA2_PSK
2026-03-19 23:12:03,19.5308266,-99.0412827,,8A:69:3D:8B:03:93,2,-80,OPEN
2026-03-19 23:12:03,19.5308266,-99.0412827,Totalplay-14A5,A4:BD:C4:84:54:24,9,-80,WPA2_PSK
2026-03-19 23:12:03,19.5308266,-99.0412827,TOTALPLAY_ECAD72,34:6B:46:EC:AD:72,1,-81,WPA2_PSK
2026-03-19 23:12:03,19.5308266,-99.0412827,TP-Link_Guest_176C,72:C3:2A:1C:17:6E,10,-82,OPEN
2026-03-19 23:12:03,19.5308266,-99.0412827,Mega-2.4G-05B5,2C:0B:AB:8B:22:D4,10,-84,WPA2_PSK
2026-03-19 23:12:03,19.5308266,-99.0412827,TP-Link_176C,E4:C3:2A:1C:17:6B,10,-84,WPA2_PSK
2026-03-19 23:12:03,19.5308266,-99.0412827,,A4:16:E7:34:4F:06,6,-85,WPA2_PSK
2026-03-19 23:12:03,19.5308266,-99.0412827,,72:C3:2A:1C:17:6D,10,-85,WPA2_PSK
2026-03-19 23:12:03,19.5308266,-99.0412827,IZZI-D087,70:54:25:73:7A:49,11,-85,WPA2_PSK
2026-03-19 23:12:03,19.5308266,-99.0412827,TOTALPLAY_E14025,3C:17:10:E1:40:25,11,-88,WPA2_PSK
2026-03-19 23:12:03,19.5308266,-99.0412827,Club_Totalplay_WiFi,D4:01:68:A8:5D:69,1,-89,OPEN
2026-03-19 23:12:03,19.5308266,-99.0412827,INTERSHIP 2.4,D4:01:68:A8:5D:68,1,-89,WPA2_PSK
2026-03-19 23:12:19,19.5308285,-99.0412827,Hogar,A2:31:DB:A0:CC:C4,5,-61,WPA2_PSK
2026-03-19 23:12:19,19.5308285,-99.0412827,,A2:31:DB:A0:CC:C6,5,-61,WPA2_PSK
2026-03-19 23:12:19,19.5308285,-99.0412827,IZZI-29A4,94:04:E3:EF:29:A8,1,-63,WPA2_PSK
2026-03-19 23:12:19,19.5308285,-99.0412827,,A2:31:DB:A0:CC:C7,5,-63,OPEN
2026-03-19 23:12:19,19.5308285,-99.0412827,Mega_2.4G_8B54,48:96:D9:26:8B:54,4,-70,WPA_WPA2_PSK
2026-03-19 23:12:19,19.5308285,-99.0412827,IZZI-083E,70:4F:B8:F8:E4:1D,1,-71,WPA2_PSK
2026-03-19 23:12:19,19.5308285,-99.0412827,Mega_2.4G_D834,F4:E8:4F:FF:D8:34,3,-71,WPA2_PSK
2026-03-19 23:12:19,19.5308285,-99.0412827,,3C:A3:7E:7F:5D:22,8,-71,WPA2_PSK
2026-03-19 23:12:19,19.5308285,-99.0412827,,72:4F:B8:A8:E4:1D,1,-72,UNKNOWN
2026-03-19 23:12:19,19.5308285,-99.0412827,Ariadnazashyd_2.4G,BC:47:32:02:FF:88,6,-73,WPA_WPA2_PSK
2026-03-19 23:12:19,19.5308285,-99.0412827,Club_Totalplay_WiFi,BC:47:32:02:FF:89,6,-73,OPEN
2026-03-19 23:12:19,19.5308285,-99.0412827,,1A:9C:27:2F:75:52,11,-73,UNKNOWN
2026-03-19 23:12:19,19.5308285,-99.0412827,Totalplay-1BAA,3C:A3:7E:7F:5D:20,8,-75,WPA2_PSK
2026-03-19 23:12:19,19.5308285,-99.0412827,Club_Totalplay_WiFi,3C:A3:7E:7F:5D:23,8,-75,OPEN
2026-03-19 23:12:19,19.5308285,-99.0412827,,72:54:25:23:7A:49,11,-75,UNKNOWN
2026-03-19 23:12:19,19.5308285,-99.0412827,IZZI-6D3E,18:9C:27:3F:75:52,11,-75,WPA2_PSK
2026-03-19 23:12:19,19.5308285,-99.0412827,TOTALPLAY_ECBA0B,34:6B:46:EC:BA:0B,11,-76,WPA2_PSK
2026-03-19 23:12:19,19.5308285,-99.0412827,Totalplay-E2A1,AC:8D:34:BF:4F:0C,7,-77,WPA2_PSK
2026-03-19 23:12:19,19.5308285,-99.0412827,,AC:8D:34:BF:4F:0E,7,-78,WPA2_PSK
2026-03-19 23:12:19,19.5308285,-99.0412827,,A4:BD:C4:84:54:26,9,-78,WPA2_PSK
2026-03-19 23:12:19,19.5308285,-99.0412827,TP-Link_Guest_176C,72:C3:2A:1C:17:6E,10,-78,OPEN
2026-03-19 23:12:19,19.5308285,-99.0412827,,94:B2:71:57:EE:72,2,-79,WPA2_PSK
2026-03-19 23:12:19,19.5308285,-99.0412827,IZZI-D087,70:54:25:73:7A:49,11,-79,WPA2_PSK
2026-03-19 23:12:19,19.5308285,-99.0412827,Totalplay-14A5,A4:BD:C4:84:54:24,9,-80,WPA2_PSK
2026-03-19 23:12:19,19.5308285,-99.0412827,Home,18:A6:F7:BF:71:72,7,-81,WPA_WPA2_PSK
2026-03-19 23:12:19,19.5308285,-99.0412827,INFINITUM5DB3,54:69:90:3C:4B:64,11,-81,WPA2_PSK
2026-03-19 23:12:19,19.5308285,-99.0412827,Totalplay-69AA,EC:A1:D1:92:80:1C,3,-82,WPA2_PSK
2026-03-19 23:12:19,19.5308285,-99.0412827,,8A:69:3D:8B:03:92,2,-83,WPA2_PSK
2026-03-19 23:12:19,19.5308285,-99.0412827,Club_Totalplay_WiFi,EC:A1:D1:92:80:1F,3,-83,OPEN
2026-03-19 23:12:19,19.5308285,-99.0412827,,8A:69:3D:8B:03:93,2,-85,OPEN
2026-03-19 23:12:19,19.5308285,-99.0412827,Club_Totalplay_WiFi,10:08:1D:C8:03:51,1,-86,OPEN
2026-03-19 23:12:19,19.5308285,-99.0412827,TOTALPLAY_ECAD72,34:6B:46:EC:AD:72,1,-88,WPA2_PSK
2026-03-19 23:12:19,19.5308285,-99.0412827,TOTALPLAY_858582_2.4G,B0:5B:99:85:85:85,1,-89,WPA2_PSK
2026-03-19 23:12:19,19.5308285,-99.0412827,Totalplay-2.4G-a558,3A:6B:1C:0D:9B:59,1,-90,WPA_WPA2_PSK
2026-03-19 23:12:19,19.5308285,-99.0412827,Club_Totalplay_WiFi,C4:E2:87:93:FC:2F,9,-91,OPEN
2026-03-19 23:12:19,19.5308285,-99.0412827,SARUNOARTE,DC:4E:F4:28:C9:60,1,-92,WPA2_PSK
2026-03-19 23:12:19,19.5308285,-99.0412827,CasaM,60:7E:CD:A2:A1:0D,1,-92,WPA2_PSK
2026-03-19 23:12:19,19.5308285,-99.0412827,,D6:E2:2F:80:D0:FA,3,-93,WPA2_PSK
2026-03-19 23:12:19,19.5308285,-99.0412827,Mega-2.4G-CDB1,78:DD:33:61:B6:CC,7,-93,WPA2_PSK
2026-03-19 23:12:19,19.5308285,-99.0412827,IZZI-CAD5,24:E4:CE:DC:CA:DA,1,-95,WPA2_PSK
2026-03-19 23:12:35,19.5308285,-99.0412827,IZZI-29A4,94:04:E3:EF:29:A8,1,-55,WPA2_PSK
2026-03-19 23:12:35,19.5308285,-99.0412827,Hogar,A2:31:DB:A0:CC:C4,5,-58,WPA2_PSK
2026-03-19 23:12:35,19.5308285,-99.0412827,,A2:31:DB:A0:CC:C7,5,-60,OPEN
2026-03-19 23:12:35,19.5308285,-99.0412827,,A2:31:DB:A0:CC:C6,5,-64,WPA2_PSK
2026-03-19 23:12:35,19.5308285,-99.0412827,Mega_2.4G_8B54,48:96:D9:26:8B:54,4,-69,WPA_WPA2_PSK
2026-03-19 23:12:35,19.5308285,-99.0412827,Ariadnazashyd_2.4G,BC:47:32:02:FF:88,6,-69,WPA_WPA2_PSK
2026-03-19 23:12:35,19.5308285,-99.0412827,Club_Totalplay_WiFi,BC:47:32:02:FF:89,6,-69,OPEN
2026-03-19 23:12:35,19.5308285,-99.0412827,IZZI-6D3E,18:9C:27:3F:75:52,11,-71,WPA2_PSK
2026-03-19 23:12:35,19.5308285,-99.0412827,,1A:9C:27:2F:75:52,11,-71,UNKNOWN
2026-03-19 23:12:35,19.5308285,-99.0412827,IZZI-083E,70:4F:B8:F8:E4:1D,1,-72,WPA2_PSK
2026-03-19 23:12:35,19.5308285,-99.0412827,,72:4F:B8:A8:E4:1D,1,-72,UNKNOWN
2026-03-19 23:12:35,19.5308285,-99.0412827,Club_Totalplay_WiFi,3C:A3:7E:7F:5D:23,8,-72,OPEN
2026-03-19 23:12:35,19.5308285,-99.0412827,,3C:A3:7E:7F:5D:22,8,-72,WPA2_PSK
2026-03-19 23:12:35,19.5308285,-99.0412827,Mega_2.4G_D834,F4:E8:4F:FF:D8:34,3,-73,WPA2_PSK
2026-03-19 23:12:35,19.5308285,-99.0412827,Totalplay-1BAA,3C:A3:7E:7F:5D:20,8,-73,WPA2_PSK
2026-03-19 23:12:35,19.5308285,-99.0412827,ARRIS-FEF2,90:C7:92:49:FE:F0,11,-74,WPA_WPA2_PSK
2026-03-19 23:12:35,19.5308285,-99.0412827,TOTALPLAY_ECBA0B,34:6B:46:EC:BA:0B,11,-74,WPA2_PSK
2026-03-19 23:12:35,19.5308285,-99.0412827,IZZI-D087,70:54:25:73:7A:49,11,-75,WPA2_PSK
2026-03-19 23:12:35,19.5308285,-99.0412827,,72:54:25:23:7A:49,11,-76,UNKNOWN
2026-03-19 23:12:35,19.5308285,-99.0412827,Totalplay-BBA3,4C:F5:5B:8D:7D:B4,9,-78,WPA2_PSK
2026-03-19 23:12:35,19.5308285,-99.0412827,Home,18:A6:F7:BF:71:72,7,-79,WPA_WPA2_PSK
2026-03-19 23:12:35,19.5308285,-99.0412827,Totalplay-14A5,A4:BD:C4:84:54:24,9,-80,WPA2_PSK
2026-03-19 23:12:35,19.5308285,-99.0412827,,94:B2:71:57:EE:72,2,-81,WPA2_PSK
2026-03-19 23:12:35,19.5308285,-99.0412827,Mega-2.4G-6AB2,E8:F9:D4:DF:F0:C4,3,-81,WPA2_PSK
2026-03-19 23:12:35,19.5308285,-99.0412827,Mega-2.4G-05B5,2C:0B:AB:8B:22:D4,10,-82,WPA2_PSK
2026-03-19 23:12:35,19.5308285,-99.0412827,,A4:16:E7:34:4F:06,6,-83,WPA2_PSK
2026-03-19 23:12:35,19.5308285,-99.0412827,,AC:8D:34:BF:4F:0E,7,-83,WPA2_PSK
2026-03-19 23:12:35,19.5308285,-99.0412827,Totalplay-E2A1,AC:8D:34:BF:4F:0C,7,-83,WPA2_PSK
2026-03-19 23:12:35,19.5308285,-99.0412827,TOTALPLAY_858582_2.4G,B0:5B:99:85:85:85,1,-84,WPA2_PSK
2026-03-19 23:12:35,19.5308285,-99.0412827,IZZI-02B8,90:AA:C3:21:02:BE,6,-84,WPA_WPA2_PSK
2026-03-19 23:12:35,19.5308285,-99.0412827,,E8:13:6E:20:B0:B6,10,-84,WPA2_PSK
2026-03-19 23:12:35,19.5308285,-99.0412827,Club_Totalplay_WiFi,10:08:1D:C8:03:51,1,-86,OPEN
2026-03-19 23:12:35,19.5308285,-99.0412827,INTERSHIP 2.4,D4:01:68:A8:5D:68,1,-86,WPA2_PSK
2026-03-19 23:12:35,19.5308285,-99.0412827,Club_Totalplay_WiFi,D4:01:68:A8:5D:69,1,-86,OPEN
2026-03-19 23:12:35,19.5308285,-99.0412827,Club_Totalplay_WiFi,94:B2:71:57:EE:73,2,-86,OPEN
2026-03-19 23:12:35,19.5308285,-99.0412827,Totalplay-2.4G-a558,3A:6B:1C:0D:9B:59,1,-88,WPA_WPA2_PSK
2026-03-19 23:12:35,19.5308285,-99.0412827,,E0:61:4A:F3:12:44,1,-88,OPEN
2026-03-19 23:12:35,19.5308285,-99.0412827,INFINITUM019F_2.4,44:67:47:44:BD:28,4,-93,WPA2_PSK
2026-03-19 23:12:35,19.5308285,-99.0412827,,BA:5D:C3:0E:B5:D2,1,-94,WPA2_PSK
2026-03-19 23:12:35,19.5308285,-99.0412827,,BA:5D:C3:0E:B5:D3,1,-94,OPEN
2026-03-19 23:12:35,19.5308285,-99.0412827,Mega-2.4G-F6B1,EC:7C:2C:58:85:C4,1,-94,WPA2_PSK
2026-03-19 23:12:51,19.5308266,-99.0412827,Hogar,A2:31:DB:A0:CC:C4,5,-40,WPA2_PSK
2026-03-19 23:12:51,19.5308266,-99.0412827,,A2:31:DB:A0:CC:C7,5,-42,OPEN
2026-03-19 23:12:51,19.5308266,-99.0412827,,A2:31:DB:A0:CC:C6,5,-47,WPA2_PSK
2026-03-19 23:12:51,19.5308266,-99.0412827,Ariadnazashyd_2.4G,BC:47:32:02:FF:88,6,-62,WPA_WPA2_PSK
2026-03-19 23:12:51,19.5308266,-99.0412827,Club_Totalplay_WiFi,BC:47:32:02:FF:89,6,-62,OPEN
2026-03-19 23:12:51,19.5308266,-99.0412827,Mega_2.4G_D834,F4:E8:4F:FF:D8:34,3,-67,WPA2_PSK
2026-03-19 23:12:51,19.5308266,-99.0412827,IZZI-29A4,94:04:E3:EF:29:A8,1,-68,WPA2_PSK
2026-03-19 23:12:51,19.5308266,-99.0412827,Mega_2.4G_8B54,48:96:D9:26:8B:54,4,-70,WPA_WPA2_PSK
2026-03-19 23:12:51,19.5308266,-99.0412827,Totalplay-E2A1,AC:8D:34:BF:4F:0C,7,-72,WPA2_PSK
2026-03-19 23:12:51,19.5308266,-99.0412827,,AC:8D:34:BF:4F:0F,7,-73,OPEN
2026-03-19 23:12:51,19.5308266,-99.0412827,Home,18:A6:F7:BF:71:72,7,-76,WPA_WPA2_PSK
2026-03-19 23:12:51,19.5308266,-99.0412827,,3C:A3:7E:7F:5D:22,8,-76,WPA2_PSK
2026-03-19 23:12:51,19.5308266,-99.0412827,Totalplay-36B5,8A:69:3D:8B:03:90,2,-77,WPA2_PSK
2026-03-19 23:12:51,19.5308266,-99.0412827,Totalplay-1BAA,3C:A3:7E:7F:5D:20,8,-78,WPA2_PSK
2026-03-19 23:12:51,19.5308266,-99.0412827,Club_Totalplay_WiFi,3C:A3:7E:7F:5D:23,8,-78,OPEN
2026-03-19 23:12:51,19.5308266,-99.0412827,Totalplay-14A5,A4:BD:C4:84:54:24,9,-79,WPA2_PSK
2026-03-19 23:12:51,19.5308266,-99.0412827,,8A:69:3D:8B:03:93,2,-80,OPEN
2026-03-19 23:12:51,19.5308266,-99.0412827,TOTALPLAY_ECBA0B,34:6B:46:EC:BA:0B,11,-80,WPA2_PSK
2026-03-19 23:12:51,19.5308266,-99.0412827,TOTALPLAY_ECAD72,34:6B:46:EC:AD:72,1,-81,WPA2_PSK
2026-03-19 23:12:51,19.5308266,-99.0412827,ARRIS-FEF2,90:C7:92:49:FE:F0,11,-82,WPA_WPA2_PSK
2026-03-19 23:12:51,19.5308266,-99.0412827,IZZI-D087,70:54:25:73:7A:49,11,-83,WPA2_PSK
2026-03-19 23:12:51,19.5308266,-99.0412827,,A4:BD:C4:84:54:26,9,-84,WPA2_PSK
2026-03-19 23:12:51,19.5308266,-99.0412827,,72:4F:B8:A8:E4:1D,1,-85,UNKNOWN
2026-03-19 23:12:51,19.5308266,-99.0412827,,72:54:25:23:7A:49,11,-85,UNKNOWN
2026-03-19 23:12:51,19.5308266,-99.0412827,Mega-2.4G-6AB2,E8:F9:D4:DF:F0:C4,3,-89,WPA2_PSK
2026-03-19 23:12:51,19.5308266,-99.0412827,INFINITUM90EE_2.4,94:FE:9D:C8:71:99,1,-90,WPA2_PSK
2026-03-19 23:12:51,19.5308266,-99.0412827,TOTALPLAY_E14025,3C:17:10:E1:40:25,11,-92,WPA2_PSK
2026-03-19 23:12:51,19.5308266,-99.0412827,TOTALPLAY_858582_2.4G,B0:5B:99:85:85:85,1,-93,WPA2_PSK
2026-03-19 23:12:51,19.5308266,-99.0412827,TP-Link_176C,E4:C3:2A:1C:17:6B,10,-93,WPA2_PSK
