Timestamp,Lat,Long,SSID,BSSID,Canal,Señal,Seguridad
2026-03-18 00:51:23,19.5308647,-99.0412674,TOTALPLAY_ECBA0B,34:6B:46:EC:BA:0B,11,-47,WPA2_PSK
2026-03-18 00:51:23,19.5308647,-99.0412674,IZZI-29A4,94:04:E3:EF:29:A8,1,-58,WPA2_PSK
2026-03-18 00:51:23,19.5308647,-99.0412674,Home,18:A6:F7:BF:71:72,7,-60,WPA_WPA2_PSK
2026-03-18 00:51:23,19.5308647,-99.0412674,Mega_2.4G_D834,F4:E8:4F:FF:D8:34,3,-63,WPA2_PSK
2026-03-18 00:51:23,19.5308647,-99.0412674,,A2:31:DB:A0:CC:C7,4,-63,OPEN
2026-03-18 00:51:23,19.5308647,-99.0412674,Mega_2.4G_8B54,48:96:D9:26:8B:54,11,-64,WPA_WPA2_PSK
2026-03-18 00:51:23,19.5308647,-99.0412674,Hogar,A2:31:DB:A0:CC:C4,4,-65,WPA2_PSK
2026-03-18 00:51:23,19.5308647,-99.0412674,,A2:31:DB:A0:CC:C6,4,-65,WPA2_PSK
2026-03-18 00:51:23,19.5308647,-99.0412674,Club_Totalplay_WiFi,3C:A3:7E:7F:5D:23,8,-68,OPEN
2026-03-18 00:51:23,19.5308647,-99.0412674,Totalplay-1BAA,3C:A3:7E:7F:5D:20,8,-68,WPA2_PSK
2026-03-18 00:51:23,19.5308647,-99.0412674,TOTALPLAY_E14025,3C:17:10:E1:40:25,11,-68,WPA2_PSK
2026-03-18 00:51:23,19.5308647,-99.0412674,Club_Totalplay_WiFi,BC:47:32:02:FF:89,6,-69,OPEN
2026-03-18 00:51:23,19.5308647,-99.0412674,,3C:A3:7E:7F:5D:22,8,-69,WPA2_PSK
2026-03-18 00:51:23,19.5308647,-99.0412674,ARRIS-FEF2,90:C7:92:49:FE:F0,1,-70,WPA_WPA2_PSK
2026-03-18 00:51:23,19.5308647,-99.0412674,TOTALPLAY_858582_2.4G,B0:5B:99:85:85:85,1,-75,WPA2_PSK
2026-03-18 00:51:23,19.5308647,-99.0412674,Ariadnazashyd_2.4G,BC:47:32:02:FF:88,6,-75,WPA_WPA2_PSK
2026-03-18 00:51:23,19.5308647,-99.0412674,,8A:69:3D:8B:03:92,4,-76,WPA2_PSK
2026-03-18 00:51:23,19.5308647,-99.0412674,IZZI-6D3E,18:9C:27:3F:75:52,11,-78,WPA2_PSK
2026-03-18 00:51:23,19.5308647,-99.0412674,,1A:9C:27:2F:75:52,11,-78,UNKNOWN
2026-03-18 00:51:23,19.5308647,-99.0412674,Totalplay-36B5,8A:69:3D:8B:03:90,4,-79,WPA2_PSK
2026-03-18 00:51:23,19.5308647,-99.0412674,Totalplay-E2A1,AC:8D:34:BF:4F:0C,5,-79,WPA2_PSK
2026-03-18 00:51:23,19.5308647,-99.0412674,IZZI-D087,70:54:25:73:7A:49,6,-79,WPA2_PSK
2026-03-18 00:51:23,19.5308647,-99.0412674,,A4:BD:C4:84:54:26,9,-80,WPA2_PSK
2026-03-18 00:51:23,19.5308647,-99.0412674,Nettowifi1WLAN,F4:1D:6B:2F:2A:88,2,-81,WPA2_PSK
2026-03-18 00:51:23,19.5308647,-99.0412674,Mega-2.4G-6AB2,E8:F9:D4:DF:F0:C4,9,-83,WPA2_PSK
2026-03-18 00:51:23,19.5308647,-99.0412674,,B2:A4:F0:05:30:36,4,-84,WPA2_PSK
2026-03-18 00:51:23,19.5308647,-99.0412674,Totalplay-6DB5,B2:A4:F0:05:30:34,4,-85,WPA2_PSK
2026-03-18 00:51:23,19.5308647,-99.0412674,ZTE Blade L9,6A:CC:48:23:CF:47,10,-89,WPA2_WPA3_PSK
2026-03-18 00:51:23,19.5308647,-99.0412674,INFINITUMB76E,30:23:64:16:41:A9,11,-90,WPA2_PSK
2026-03-18 00:51:23,19.5308647,-99.0412674,Club_Totalplay_WiFi,52:42:89:3C:A3:52,6,-91,OPEN
2026-03-18 00:51:40,19.5308685,-99.0412903,TOTALPLAY_ECBA0B,34:6B:46:EC:BA:0B,11,-47,WPA2_PSK
2026-03-18 00:51:40,19.5308685,-99.0412903,IZZI-29A4,94:04:E3:EF:29:A8,1,-58,WPA2_PSK
2026-03-18 00:51:40,19.5308685,-99.0412903,,A2:31:DB:A0:CC:C7,4,-60,OPEN
2026-03-18 00:51:40,19.5308685,-99.0412903,Home,18:A6:F7:BF:71:72,7,-61,WPA_WPA2_PSK
2026-03-18 00:51:40,19.5308685,-99.0412903,Mega_2.4G_D834,F4:E8:4F:FF:D8:34,3,-63,WPA2_PSK
2026-03-18 00:51:40,19.5308685,-99.0412903,Mega_2.4G_8B54,48:96:D9:26:8B:54,11,-64,WPA_WPA2_PSK
2026-03-18 00:51:40,19.5308685,-99.0412903,Hogar,A2:31:DB:A0:CC:C4,4,-65,WPA2_PSK
2026-03-18 00:51:40,19.5308685,-99.0412903,Club_Totalplay_WiFi,3C:A3:7E:7F:5D:23,8,-66,OPEN
2026-03-18 00:51:40,19.5308685,-99.0412903,,A2:31:DB:A0:CC:C6,4,-67,WPA2_PSK
2026-03-18 00:51:40,19.5308685,-99.0412903,Totalplay-1BAA,3C:A3:7E:7F:5D:20,8,-67,WPA2_PSK
2026-03-18 00:51:40,19.5308685,-99.0412903,TOTALPLAY_E14025,3C:17:10:E1:40:25,11,-67,WPA2_PSK
2026-03-18 00:51:40,19.5308685,-99.0412903,,A4:BD:C4:84:54:26,9,-70,WPA2_PSK
2026-03-18 00:51:40,19.5308685,-99.0412903,ARRIS-FEF2,90:C7:92:49:FE:F0,1,-73,WPA_WPA2_PSK
2026-03-18 00:51:40,19.5308685,-99.0412903,Totalplay-2.4G-2d18,64:9D:F3:17:2D:18,6,-73,WPA2_PSK
2026-03-18 00:51:40,19.5308685,-99.0412903,Totalplay-14A5,A4:BD:C4:84:54:24,9,-73,WPA2_PSK
2026-03-18 00:51:40,19.5308685,-99.0412903,Club_Totalplay_WiFi,BC:47:32:02:FF:89,6,-74,OPEN
2026-03-18 00:51:40,19.5308685,-99.0412903,Ariadnazashyd_2.4G,BC:47:32:02:FF:88,6,-76,WPA_WPA2_PSK
2026-03-18 00:51:40,19.5308685,-99.0412903,,8A:69:3D:8B:03:92,4,-77,WPA2_PSK
2026-03-18 00:51:40,19.5308685,-99.0412903,Nettowifi1WLAN,F4:1D:6B:2F:2A:88,2,-78,WPA2_PSK
2026-03-18 00:51:40,19.5308685,-99.0412903,IZZI-6D3E,18:9C:27:3F:75:52,11,-78,WPA2_PSK
2026-03-18 00:51:40,19.5308685,-99.0412903,,1A:9C:27:2F:75:52,11,-78,UNKNOWN
2026-03-18 00:51:40,19.5308685,-99.0412903,Totalplay-E2A1,AC:8D:34:BF:4F:0C,5,-79,WPA2_PSK
2026-03-18 00:51:40,19.5308685,-99.0412903,Club_Totalplay_WiFi,EC:E7:A2:67:E1:49,1,-80,OPEN
2026-03-18 00:51:40,19.5308685,-99.0412903,IZZI-D087,70:54:25:73:7A:49,6,-80,WPA2_PSK
2026-03-18 00:51:40,19.5308685,-99.0412903,INTERSHIP 2.4,D4:01:68:A8:5D:68,1,-81,WPA2_PSK
2026-03-18 00:51:40,19.5308685,-99.0412903,Totalplay-36B5,8A:69:3D:8B:03:90,4,-81,WPA2_PSK
2026-03-18 00:51:40,19.5308685,-99.0412903,Mega-2.4G-6AB2,E8:F9:D4:DF:F0:C4,9,-83,WPA2_PSK
2026-03-18 00:51:40,19.5308685,-99.0412903,Totalplay-6DB5,B2:A4:F0:05:30:34,4,-85,WPA2_PSK
2026-03-18 00:51:40,19.5308685,-99.0412903,Mega-2.4G-0CB1,EC:7C:2C:57:CC:3C,10,-86,WPA2_PSK
2026-03-18 00:51:40,19.5308685,-99.0412903,Mega-2.4G-F3B2,B0:C7:87:70:71:B8,5,-88,WPA2_PSK
2026-03-18 00:51:40,19.5308685,-99.0412903,,1A:9C:27:20:54:D5,6,-88,UNKNOWN
2026-03-18 00:51:40,19.5308685,-99.0412903,Club_Totalplay_WiFi,D4:01:68:A8:5D:69,1,-89,OPEN
2026-03-18 00:51:40,19.5308685,-99.0412903,Mega_2.4G_B919,D4:61:95:BB:B9:19,8,-92,WPA_WPA2_PSK
2026-03-18 00:51:40,19.5308685,-99.0412903,INFINITUMB76E,30:23:64:16:41:A9,11,-92,WPA2_PSK
2026-03-18 00:51:40,19.5308685,-99.0412903,Club_Totalplay_WiFi,E8:13:6E:20:B0:B7,11,-93,OPEN
2026-03-18 00:51:40,19.5308685,-99.0412903,INFINITUMA760_2.4,04:A2:22:61:43:73,11,-94,WPA2_PSK
2026-03-18 00:51:56,19.5308685,-99.0412903,TOTALPLAY_ECBA0B,34:6B:46:EC:BA:0B,11,-46,WPA2_PSK
2026-03-18 00:51:56,19.5308685,-99.0412903,IZZI-29A4,94:04:E3:EF:29:A8,1,-58,WPA2_PSK
2026-03-18 00:51:56,19.5308685,-99.0412903,Home,18:A6:F7:BF:71:72,7,-60,WPA_WPA2_PSK
2026-03-18 00:51:56,19.5308685,-99.0412903,Hogar,A2:31:DB:A0:CC:C4,4,-64,WPA2_PSK
2026-03-18 00:51:56,19.5308685,-99.0412903,,A2:31:DB:A0:CC:C7,4,-64,OPEN
2026-03-18 00:51:56,19.5308685,-99.0412903,,A2:31:DB:A0:CC:C6,4,-64,WPA2_PSK
2026-03-18 00:51:56,19.5308685,-99.0412903,Mega_2.4G_8B54,48:96:D9:26:8B:54,11,-64,WPA_WPA2_PSK
2026-03-18 00:51:56,19.5308685,-99.0412903,Mega_2.4G_D834,F4:E8:4F:FF:D8:34,3,-65,WPA2_PSK
2026-03-18 00:51:56,19.5308685,-99.0412903,Totalplay-1BAA,3C:A3:7E:7F:5D:20,8,-68,WPA2_PSK
2026-03-18 00:51:56,19.5308685,-99.0412903,Club_Totalplay_WiFi,3C:A3:7E:7F:5D:23,8,-68,OPEN
2026-03-18 00:51:56,19.5308685,-99.0412903,TOTALPLAY_E14025,3C:17:10:E1:40:25,11,-68,WPA2_PSK
2026-03-18 00:51:56,19.5308685,-99.0412903,,A4:BD:C4:84:54:26,9,-70,WPA2_PSK
2026-03-18 00:51:56,19.5308685,-99.0412903,ARRIS-FEF2,90:C7:92:49:FE:F0,1,-71,WPA_WPA2_PSK
2026-03-18 00:51:56,19.5308685,-99.0412903,Totalplay-2.4G-2d18,64:9D:F3:17:2D:18,6,-72,WPA2_PSK
2026-03-18 00:51:56,19.5308685,-99.0412903,,3C:A3:7E:7F:5D:22,8,-72,WPA2_PSK
2026-03-18 00:51:56,19.5308685,-99.0412903,Club_Totalplay_WiFi,BC:47:32:02:FF:89,6,-73,OPEN
2026-03-18 00:51:56,19.5308685,-99.0412903,Ariadnazashyd_2.4G,BC:47:32:02:FF:88,6,-74,WPA_WPA2_PSK
2026-03-18 00:51:56,19.5308685,-99.0412903,TOTALPLAY_858582_2.4G,B0:5B:99:85:85:85,1,-76,WPA2_PSK
2026-03-18 00:51:56,19.5308685,-99.0412903,Totalplay-36B5,8A:69:3D:8B:03:90,4,-76,WPA2_PSK
2026-03-18 00:51:56,19.5308685,-99.0412903,Nettowifi1WLAN,F4:1D:6B:2F:2A:88,2,-77,WPA2_PSK
2026-03-18 00:51:56,19.5308685,-99.0412903,Totalplay-E2A1,AC:8D:34:BF:4F:0C,5,-78,WPA2_PSK
2026-03-18 00:51:56,19.5308685,-99.0412903,,AC:8D:34:BF:4F:0F,5,-78,OPEN
2026-03-18 00:51:56,19.5308685,-99.0412903,Mega-2.4G-6AB2,E8:F9:D4:DF:F0:C4,9,-78,WPA2_PSK
2026-03-18 00:51:56,19.5308685,-99.0412903,,8A:69:3D:8B:03:93,4,-81,OPEN
2026-03-18 00:51:56,19.5308685,-99.0412903,ZTE Blade L9,6A:CC:48:23:CF:47,10,-82,WPA2_WPA3_PSK
2026-03-18 00:51:56,19.5308685,-99.0412903,,0A:FA:28:16:C3:56,10,-84,WPA2_PSK
2026-03-18 00:51:56,19.5308685,-99.0412903,Totalplay-6DB5,B2:A4:F0:05:30:34,4,-86,WPA2_PSK
2026-03-18 00:51:56,19.5308685,-99.0412903,INFINITUMB76E,30:23:64:16:41:A9,11,-88,WPA2_PSK
2026-03-18 00:51:56,19.5308685,-99.0412903,Mega_2.4G_B919,D4:61:95:BB:B9:19,8,-89,WPA_WPA2_PSK
2026-03-18 00:52:12,19.5308609,-99.0413055,TOTALPLAY_ECBA0B,34:6B:46:EC:BA:0B,11,-45,WPA2_PSK
2026-03-18 00:52:12,19.5308609,-99.0413055,IZZI-29A4,94:04:E3:EF:29:A8,1,-59,WPA2_PSK
2026-03-18 00:52:12,19.5308609,-99.0413055,,A2:31:DB:A0:CC:C6,4,-61,WPA2_PSK
2026-03-18 00:52:12,19.5308609,-99.0413055,Home,18:A6:F7:BF:71:72,7,-61,WPA_WPA2_PSK
2026-03-18 00:52:12,19.5308609,-99.0413055,Mega_2.4G_D834,F4:E8:4F:FF:D8:34,3,-63,WPA2_PSK
2026-03-18 00:52:12,19.5308609,-99.0413055,Hogar,A2:31:DB:A0:CC:C4,4,-63,WPA2_PSK
2026-03-18 00:52:12,19.5308609,-99.0413055,,A2:31:DB:A0:CC:C7,4,-63,OPEN
2026-03-18 00:52:12,19.5308609,-99.0413055,Mega_2.4G_8B54,48:96:D9:26:8B:54,11,-63,WPA_WPA2_PSK
2026-03-18 00:52:12,19.5308609,-99.0413055,Ariadnazashyd_2.4G,BC:47:32:02:FF:88,6,-66,WPA_WPA2_PSK
2026-03-18 00:52:12,19.5308609,-99.0413055,TOTALPLAY_E14025,3C:17:10:E1:40:25,11,-68,WPA2_PSK
2026-03-18 00:52:12,19.5308609,-99.0413055,Totalplay-14A5,A4:BD:C4:84:54:24,9,-70,WPA2_PSK
2026-03-18 00:52:12,19.5308609,-99.0413055,Club_Totalplay_WiFi,3C:A3:7E:7F:5D:23,8,-71,OPEN
2026-03-18 00:52:12,19.5308609,-99.0413055,,A4:BD:C4:84:54:26,9,-71,WPA2_PSK
2026-03-18 00:52:12,19.5308609,-99.0413055,Totalplay-1BAA,3C:A3:7E:7F:5D:20,8,-72,WPA2_PSK
2026-03-18 00:52:12,19.5308609,-99.0413055,ARRIS-FEF2,90:C7:92:49:FE:F0,1,-74,WPA_WPA2_PSK
2026-03-18 00:52:12,19.5308609,-99.0413055,Totalplay-2.4G-2d18,64:9D:F3:17:2D:18,6,-74,WPA2_PSK
2026-03-18 00:52:12,19.5308609,-99.0413055,Nettowifi1WLAN,F4:1D:6B:2F:2A:88,2,-76,WPA2_PSK
2026-03-18 00:52:12,19.5308609,-99.0413055,,72:54:25:23:7A:49,6,-77,UNKNOWN
2026-03-18 00:52:12,19.5308609,-99.0413055,,1A:9C:27:2F:75:52,11,-77,UNKNOWN
2026-03-18 00:52:12,19.5308609,-99.0413055,IZZI-D087,70:54:25:73:7A:49,6,-78,WPA2_PSK
2026-03-18 00:52:12,19.5308609,-99.0413055,Mega-2.4G-CDB1,78:DD:33:61:B6:CC,2,-79,WPA2_PSK
2026-03-18 00:52:12,19.5308609,-99.0413055,Totalplay-2.4G-e148,EC:E7:A2:67:E1:48,1,-80,WPA2_PSK
2026-03-18 00:52:12,19.5308609,-99.0413055,Totalplay-E2A1,AC:8D:34:BF:4F:0C,5,-80,WPA2_PSK
2026-03-18 00:52:12,19.5308609,-99.0413055,Club_Totalplay_WiFi,EC:E7:A2:67:E1:49,1,-81,OPEN
2026-03-18 00:52:12,19.5308609,-99.0413055,TOTALPLAY_ECAD72,34:6B:46:EC:AD:72,1,-82,WPA2_PSK
2026-03-18 00:52:12,19.5308609,-99.0413055,Club_Totalplay_WiFi,D4:01:68:A8:5D:69,1,-84,OPEN
2026-03-18 00:52:12,19.5308609,-99.0413055,IZZI-39D7,24:E4:CE:CE:39:DC,1,-85,WPA2_PSK
2026-03-18 00:52:12,19.5308609,-99.0413055,,B2:A4:F0:05:30:36,4,-86,WPA2_PSK
2026-03-18 00:52:12,19.5308609,-99.0413055,ZTE Blade L9,6A:CC:48:23:CF:47,10,-86,WPA2_WPA3_PSK
2026-03-18 00:52:12,19.5308609,-99.0413055,Club_Totalplay_WiFi,B2:A4:F0:05:30:37,4,-87,OPEN
2026-03-18 00:52:12,19.5308609,-99.0413055,Totalplay-6DB5,B2:A4:F0:05:30:34,4,-87,WPA2_PSK
2026-03-18 00:52:12,19.5308609,-99.0413055,Club_Totalplay_WiFi,0A:FA:28:16:C3:57,10,-89,OPEN
2026-03-18 00:52:12,19.5308609,-99.0413055,IZZI-083E,70:4F:B8:F8:E4:1D,11,-90,WPA2_PSK
2026-03-18 00:52:12,19.5308609,-99.0413055,INFINITUMB76E,30:23:64:16:41:A9,11,-90,WPA2_PSK
2026-03-18 00:52:12,19.5308609,-99.0413055,,B8:3A:08:EF:C3:14,11,-91,WPA2_PSK
2026-03-18 00:52:12,19.5308609,-99.0413055,,E8:13:6E:20:B0:B6,11,-93,WPA2_PSK
2026-03-18 00:52:29,19.5308552,-99.0412979,TOTALPLAY_ECBA0B,34:6B:46:EC:BA:0B,11,-48,WPA2_PSK
2026-03-18 00:52:29,19.5308552,-99.0412979,IZZI-29A4,94:04:E3:EF:29:A8,1,-59,WPA2_PSK
2026-03-18 00:52:29,19.5308552,-99.0412979,,A2:31:DB:A0:CC:C7,4,-61,OPEN
2026-03-18 00:52:29,19.5308552,-99.0412979,Home,18:A6:F7:BF:71:72,7,-61,WPA_WPA2_PSK
2026-03-18 00:52:29,19.5308552,-99.0412979,Hogar,A2:31:DB:A0:CC:C4,4,-62,WPA2_PSK
2026-03-18 00:52:29,19.5308552,-99.0412979,,A2:31:DB:A0:CC:C6,4,-62,WPA2_PSK
2026-03-18 00:52:29,19.5308552,-99.0412979,Mega_2.4G_D834,F4:E8:4F:FF:D8:34,3,-63,WPA2_PSK
2026-03-18 00:52:29,19.5308552,-99.0412979,Mega_2.4G_8B54,48:96:D9:26:8B:54,11,-66,WPA_WPA2_PSK
2026-03-18 00:52:29,19.5308552,-99.0412979,Totalplay-1BAA,3C:A3:7E:7F:5D:20,8,-67,WPA2_PSK
2026-03-18 00:52:29,19.5308552,-99.0412979,TOTALPLAY_E14025,3C:17:10:E1:40:25,11,-67,WPA2_PSK
2026-03-18 00:52:29,19.5308552,-99.0412979,Club_Totalplay_WiFi,3C:A3:7E:7F:5D:23,8,-69,OPEN
2026-03-18 00:52:29,19.5308552,-99.0412979,Ariadnazashyd_2.4G,BC:47:32:02:FF:88,6,-70,WPA_WPA2_PSK
2026-03-18 00:52:29,19.5308552,-99.0412979,Club_Totalplay_WiFi,BC:47:32:02:FF:89,6,-70,OPEN
2026-03-18 00:52:29,19.5308552,-99.0412979,Nettowifi1WLAN,F4:1D:6B:2F:2A:88,2,-72,WPA2_PSK
2026-03-18 00:52:29,19.5308552,-99.0412979,Totalplay-14A5,A4:BD:C4:84:54:24,9,-72,WPA2_PSK
2026-03-18 00:52:29,19.5308552,-99.0412979,,A4:BD:C4:84:54:26,9,-72,WPA2_PSK
2026-03-18 00:52:29,19.5308552,-99.0412979,,3C:A3:7E:7F:5D:22,8,-73,WPA2_PSK
2026-03-18 00:52:29,19.5308552,-99.0412979,ARRIS-FEF2,90:C7:92:49:FE:F0,1,-75,WPA_WPA2_PSK
2026-03-18 00:52:29,19.5308552,-99.0412979,Totalplay-2.4G-2d18,64:9D:F3:17:2D:18,6,-75,WPA2_PSK
2026-03-18 00:52:29,19.5308552,-99.0412979,Club_Totalplay_WiFi,EC:E7:A2:67:E1:49,1,-77,OPEN
2026-03-18 00:52:29,19.5308552,-99.0412979,TOTALPLAY_858582_2.4G,B0:5B:99:85:85:85,1,-77,WPA2_PSK
2026-03-18 00:52:29,19.5308552,-99.0412979,,8A:69:3D:8B:03:92,4,-78,WPA2_PSK
2026-03-18 00:52:29,19.5308552,-99.0412979,,AC:8D:34:BF:4F:0F,5,-78,OPEN
2026-03-18 00:52:29,19.5308552,-99.0412979,INFINITUM90EE_2.4,94:FE:9D:C8:71:99,1,-79,WPA2_PSK
2026-03-18 00:52:29,19.5308552,-99.0412979,INTERSHIP 2.4,D4:01:68:A8:5D:68,1,-79,WPA2_PSK
2026-03-18 00:52:29,19.5308552,-99.0412979,Totalplay-E2A1,AC:8D:34:BF:4F:0C,5,-79,WPA2_PSK
2026-03-18 00:52:29,19.5308552,-99.0412979,,72:54:25:23:7A:49,6,-79,UNKNOWN
2026-03-18 00:52:29,19.5308552,-99.0412979,,1A:9C:27:2F:75:52,11,-79,UNKNOWN
2026-03-18 00:52:29,19.5308552,-99.0412979,Totalplay-2.4G-e148,EC:E7:A2:67:E1:48,1,-80,WPA2_PSK
2026-03-18 00:52:29,19.5308552,-99.0412979,,AC:8D:34:BF:4F:0E,5,-80,WPA2_PSK
2026-03-18 00:52:29,19.5308552,-99.0412979,IZZI-D087,70:54:25:73:7A:49,6,-80,WPA2_PSK
2026-03-18 00:52:29,19.5308552,-99.0412979,Totalplay-36B5,8A:69:3D:8B:03:90,4,-81,WPA2_PSK
2026-03-18 00:52:29,19.5308552,-99.0412979,Tenda_1826F0,50:0F:F5:18:26:F1,5,-81,WPA_WPA2_PSK
2026-03-18 00:52:29,19.5308552,-99.0412979,Club_Totalplay_WiFi,D4:01:68:A8:5D:69,1,-83,OPEN
2026-03-18 00:52:29,19.5308552,-99.0412979,,1A:9C:27:20:54:D5,6,-84,UNKNOWN
2026-03-18 00:52:29,19.5308552,-99.0412979,Mega_2.4G_C1FB,C0:49:43:71:C1:FB,6,-86,WPA_WPA2_PSK
2026-03-18 00:52:29,19.5308552,-99.0412979,Totalplay-6EB1,0A:FA:28:16:C3:54,10,-86,WPA2_PSK
2026-03-18 00:52:29,19.5308552,-99.0412979,,0A:FA:28:16:C3:56,10,-88,WPA2_PSK
2026-03-18 00:52:29,19.5308552,-99.0412979,INFINITUMB76E,30:23:64:16:41:A9,11,-88,WPA2_PSK
2026-03-18 00:52:29,19.5308552,-99.0412979,Dani's,B8:3A:08:EF:C3:16,11,-89,WPA2_PSK
2026-03-18 00:52:45,19.5308552,-99.0412979,TOTALPLAY_ECBA0B,34:6B:46:EC:BA:0B,11,-49,WPA2_PSK
2026-03-18 00:52:45,19.5308552,-99.0412979,IZZI-29A4,94:04:E3:EF:29:A8,1,-59,WPA2_PSK
2026-03-18 00:52:45,19.5308552,-99.0412979,,A2:31:DB:A0:CC:C6,4,-62,WPA2_PSK
2026-03-18 00:52:45,19.5308552,-99.0412979,,A2:31:DB:A0:CC:C7,4,-62,OPEN
2026-03-18 00:52:45,19.5308552,-99.0412979,Mega_2.4G_D834,F4:E8:4F:FF:D8:34,3,-63,WPA2_PSK
2026-03-18 00:52:45,19.5308552,-99.0412979,Hogar,A2:31:DB:A0:CC:C4,4,-63,WPA2_PSK
2026-03-18 00:52:45,19.5308552,-99.0412979,Home,18:A6:F7:BF:71:72,7,-63,WPA_WPA2_PSK
2026-03-18 00:52:45,19.5308552,-99.0412979,Mega_2.4G_8B54,48:96:D9:26:8B:54,11,-64,WPA_WPA2_PSK
2026-03-18 00:52:45,19.5308552,-99.0412979,TOTALPLAY_E14025,3C:17:10:E1:40:25,11,-68,WPA2_PSK
2026-03-18 00:52:45,19.5308552,-99.0412979,Club_Totalplay_WiFi,BC:47:32:02:FF:89,6,-69,OPEN
2026-03-18 00:52:45,19.5308552,-99.0412979,Totalplay-1BAA,3C:A3:7E:7F:5D:20,8,-69,WPA2_PSK
2026-03-18 00:52:45,19.5308552,-99.0412979,Club_Totalplay_WiFi,3C:A3:7E:7F:5D:23,8,-69,OPEN
2026-03-18 00:52:45,19.5308552,-99.0412979,ARRIS-FEF2,90:C7:92:49:FE:F0,1,-71,WPA_WPA2_PSK
2026-03-18 00:52:45,19.5308552,-99.0412979,Totalplay-2.4G-2d18,64:9D:F3:17:2D:18,6,-72,WPA2_PSK
2026-03-18 00:52:45,19.5308552,-99.0412979,Totalplay-14A5,A4:BD:C4:84:54:24,9,-72,WPA2_PSK
2026-03-18 00:52:45,19.5308552,-99.0412979,Ariadnazashyd_2.4G,BC:47:32:02:FF:88,6,-75,WPA_WPA2_PSK
2026-03-18 00:52:45,19.5308552,-99.0412979,Club_Totalplay_WiFi,EC:E7:A2:67:E1:49,1,-76,OPEN
2026-03-18 00:52:45,19.5308552,-99.0412979,IZZI-6D3E,18:9C:27:3F:75:52,11,-76,WPA2_PSK
2026-03-18 00:52:45,19.5308552,-99.0412979,,1A:9C:27:2F:75:52,11,-76,UNKNOWN
2026-03-18 00:52:45,19.5308552,-99.0412979,Totalplay-36B5,8A:69:3D:8B:03:90,4,-79,WPA2_PSK
2026-03-18 00:52:45,19.5308552,-99.0412979,,8A:69:3D:8B:03:93,4,-79,OPEN
2026-03-18 00:52:45,19.5308552,-99.0412979,,8A:69:3D:8B:03:92,4,-79,WPA2_PSK
2026-03-18 00:52:45,19.5308552,-99.0412979,,AC:8D:34:BF:4F:0F,5,-79,OPEN
2026-03-18 00:52:45,19.5308552,-99.0412979,Tenda_1826F0,50:0F:F5:18:26:F1,5,-79,WPA_WPA2_PSK
2026-03-18 00:52:45,19.5308552,-99.0412979,TOTALPLAY_ECAD72,34:6B:46:EC:AD:72,1,-81,WPA2_PSK
2026-03-18 00:52:45,19.5308552,-99.0412979,ZTE Blade L9,6A:CC:48:23:CF:47,10,-82,WPA2_WPA3_PSK
2026-03-18 00:52:45,19.5308552,-99.0412979,,1A:9C:27:20:54:D5,6,-83,UNKNOWN
2026-03-18 00:52:45,19.5308552,-99.0412979,Mega-2.4G-0CB1,EC:7C:2C:57:CC:3C,10,-84,WPA2_PSK
2026-03-18 00:52:45,19.5308552,-99.0412979,IZZI-083E,70:4F:B8:F8:E4:1D,11,-84,WPA2_PSK
2026-03-18 00:52:45,19.5308552,-99.0412979,,0A:FA:28:16:C3:56,10,-86,WPA2_PSK
2026-03-18 00:53:01,19.5308552,-99.0412979,TOTALPLAY_ECBA0B,34:6B:46:EC:BA:0B,11,-49,WPA2_PSK
2026-03-18 00:53:01,19.5308552,-99.0412979,IZZI-29A4,94:04:E3:EF:29:A8,1,-59,WPA2_PSK
2026-03-18 00:53:01,19.5308552,-99.0412979,Hogar,A2:31:DB:A0:CC:C4,4,-61,WPA2_PSK
2026-03-18 00:53:01,19.5308552,-99.0412979,,A2:31:DB:A0:CC:C7,4,-61,OPEN
2026-03-18 00:53:01,19.5308552,-99.0412979,,A2:31:DB:A0:CC:C6,4,-61,WPA2_PSK
2026-03-18 00:53:01,19.5308552,-99.0412979,Home,18:A6:F7:BF:71:72,7,-62,WPA_WPA2_PSK
2026-03-18 00:53:01,19.5308552,-99.0412979,Mega_2.4G_D834,F4:E8:4F:FF:D8:34,3,-64,WPA2_PSK
2026-03-18 00:53:01,19.5308552,-99.0412979,Totalplay-1BAA,3C:A3:7E:7F:5D:20,8,-65,WPA2_PSK
2026-03-18 00:53:01,19.5308552,-99.0412979,Mega_2.4G_8B54,48:96:D9:26:8B:54,11,-65,WPA_WPA2_PSK
2026-03-18 00:53:01,19.5308552,-99.0412979,Club_Totalplay_WiFi,BC:47:32:02:FF:89,6,-66,OPEN
2026-03-18 00:53:01,19.5308552,-99.0412979,,BC:47:32:02:FF:88,6,-68,WPA_WPA2_PSK
2026-03-18 00:53:01,19.5308552,-99.0412979,Totalplay-2.4G-2d18,64:9D:F3:17:2D:18,6,-69,WPA2_PSK
2026-03-18 00:53:01,19.5308552,-99.0412979,TOTALPLAY_E14025,3C:17:10:E1:40:25,11,-69,WPA2_PSK
2026-03-18 00:53:01,19.5308552,-99.0412979,Totalplay-14A5,A4:BD:C4:84:54:24,9,-71,WPA2_PSK
2026-03-18 00:53:01,19.5308552,-99.0412979,Club_Totalplay_WiFi,3C:A3:7E:7F:5D:23,8,-73,OPEN
2026-03-18 00:53:01,19.5308552,-99.0412979,Mega-2.4G-CDB1,78:DD:33:61:B6:CC,2,-75,WPA2_PSK
2026-03-18 00:53:01,19.5308552,-99.0412979,ARRIS-FEF2,90:C7:92:49:FE:F0,1,-76,WPA_WPA2_PSK
2026-03-18 00:53:01,19.5308552,-99.0412979,Nettowifi1WLAN,F4:1D:6B:2F:2A:88,2,-77,WPA2_PSK
2026-03-18 00:53:01,19.5308552,-99.0412979,,8A:69:3D:8B:03:92,4,-77,WPA2_PSK
2026-03-18 00:53:01,19.5308552,-99.0412979,TOTALPLAY_858582_2.4G,B0:5B:99:85:85:85,1,-79,WPA2_PSK
2026-03-18 00:53:01,19.5308552,-99.0412979,INFINITUM90EE_2.4,94:FE:9D:C8:71:99,1,-79,WPA2_PSK
2026-03-18 00:53:01,19.5308552,-99.0412979,Totalplay-36B5,8A:69:3D:8B:03:90,4,-79,WPA2_PSK
2026-03-18 00:53:01,19.5308552,-99.0412979,,AC:8D:34:BF:4F:0F,5,-79,OPEN
2026-03-18 00:53:01,19.5308552,-99.0412979,Club_Totalplay_WiFi,EC:E7:A2:67:E1:49,1,-80,OPEN
2026-03-18 00:53:01,19.5308552,-99.0412979,Totalplay-E2A1,AC:8D:34:BF:4F:0C,5,-80,WPA2_PSK
2026-03-18 00:53:01,19.5308552,-99.0412979,IZZI-D087,70:54:25:73:7A:49,6,-81,WPA2_PSK
2026-03-18 00:53:17,19.5308552,-99.0412979,TOTALPLAY_ECBA0B,34:6B:46:EC:BA:0B,11,-50,WPA2_PSK
2026-03-18 00:53:17,19.5308552,-99.0412979,IZZI-29A4,94:04:E3:EF:29:A8,1,-59,WPA2_PSK
2026-03-18 00:53:17,19.5308552,-99.0412979,Mega_2.4G_D834,F4:E8:4F:FF:D8:34,3,-60,WPA2_PSK
2026-03-18 00:53:17,19.5308552,-99.0412979,Hogar,A2:31:DB:A0:CC:C4,4,-61,WPA2_PSK
2026-03-18 00:53:17,19.5308552,-99.0412979,,A2:31:DB:A0:CC:C7,4,-61,OPEN
2026-03-18 00:53:17,19.5308552,-99.0412979,,A2:31:DB:A0:CC:C6,4,-62,WPA2_PSK
2026-03-18 00:53:17,19.5308552,-99.0412979,,3C:A3:7E:7F:5D:22,8,-64,WPA2_PSK
2026-03-18 00:53:17,19.5308552,-99.0412979,Mega_2.4G_8B54,48:96:D9:26:8B:54,11,-64,WPA_WPA2_PSK
2026-03-18 00:53:17,19.5308552,-99.0412979,Club_Totalplay_WiFi,BC:47:32:02:FF:89,6,-66,OPEN
2026-03-18 00:53:17,19.5308552,-99.0412979,TOTALPLAY_E14025,3C:17:10:E1:40:25,11,-67,WPA2_PSK
2026-03-18 00:53:17,19.5308552,-99.0412979,,BC:47:32:02:FF:88,6,-68,WPA_WPA2_PSK
2026-03-18 00:53:17,19.5308552,-99.0412979,ARRIS-FEF2,90:C7:92:49:FE:F0,1,-69,WPA_WPA2_PSK
2026-03-18 00:53:17,19.5308552,-99.0412979,Home,18:A6:F7:BF:71:72,7,-69,WPA_WPA2_PSK
2026-03-18 00:53:17,19.5308552,-99.0412979,Club_Totalplay_WiFi,3C:A3:7E:7F:5D:23,8,-69,OPEN
2026-03-18 00:53:17,19.5308552,-99.0412979,Totalplay-1BAA,3C:A3:7E:7F:5D:20,8,-70,WPA2_PSK
2026-03-18 00:53:17,19.5308552,-99.0412979,Totalplay-2.4G-2d18,64:9D:F3:17:2D:18,6,-74,WPA2_PSK
2026-03-18 00:53:17,19.5308552,-99.0412979,Club_Totalplay_WiFi,EC:E7:A2:67:E1:49,1,-77,OPEN
2026-03-18 00:53:17,19.5308552,-99.0412979,,8A:69:3D:8B:03:92,4,-77,WPA2_PSK
2026-03-18 00:53:17,19.5308552,-99.0412979,,AC:8D:34:BF:4F:0E,5,-78,WPA2_PSK
2026-03-18 00:53:17,19.5308552,-99.0412979,Totalplay-E2A1,AC:8D:34:BF:4F:0C,5,-79,WPA2_PSK
2026-03-18 00:53:17,19.5308552,-99.0412979,,AC:8D:34:BF:4F:0F,5,-79,OPEN
2026-03-18 00:53:17,19.5308552,-99.0412979,Tenda_1826F0,50:0F:F5:18:26:F1,5,-79,WPA_WPA2_PSK
2026-03-18 00:53:17,19.5308552,-99.0412979,,72:54:25:23:7A:49,6,-80,UNKNOWN
2026-03-18 00:53:17,19.5308552,-99.0412979,INFINITUM90EE_2.4,94:FE:9D:C8:71:99,1,-81,WPA2_PSK
2026-03-18 00:53:17,19.5308552,-99.0412979,IZZI-D087,70:54:25:73:7A:49,6,-81,WPA2_PSK
2026-03-18 00:53:17,19.5308552,-99.0412979,Totalplay-1C9C,58:F9:87:61:DB:E4,8,-82,WPA_WPA2_PSK
2026-03-18 00:53:17,19.5308552,-99.0412979,IZZI-6D3E,18:9C:27:3F:75:52,11,-82,WPA2_PSK
2026-03-18 00:53:17,19.5308552,-99.0412979,,B2:A4:F0:05:30:36,4,-83,WPA2_PSK
2026-03-18 00:53:17,19.5308552,-99.0412979,,1A:9C:27:20:54:D5,6,-83,UNKNOWN
2026-03-18 00:53:17,19.5308552,-99.0412979,IZZI-AC81,0C:80:63:69:E2:C5,6,-84,WPA2_PSK
2026-03-18 00:53:17,19.5308552,-99.0412979,IZZI-FE1B,18:9C:27:40:54:D5,6,-85,WPA2_PSK
2026-03-18 00:53:17,19.5308552,-99.0412979,ZTE Blade L9,6A:CC:48:23:CF:47,10,-85,WPA2_WPA3_PSK
2026-03-18 00:53:17,19.5308552,-99.0412979,Mega-2.4G-A7B2,B0:C7:87:72:D2:C4,7,-86,WPA2_PSK
2026-03-18 00:53:17,19.5308552,-99.0412979,Mega-2.4G-0CB1,EC:7C:2C:57:CC:3C,10,-86,WPA2_PSK
2026-03-18 00:53:17,19.5308552,-99.0412979,Club_Totalplay_WiFi,0A:FA:28:16:C3:57,10,-87,OPEN
2026-03-18 00:53:17,19.5308552,-99.0412979,,0A:FA:28:16:C3:56,10,-89,WPA2_PSK
2026-03-18 00:53:33,19.5308552,-99.0412979,TOTALPLAY_ECBA0B,34:6B:46:EC:BA:0B,11,-50,WPA2_PSK
2026-03-18 00:53:33,19.5308552,-99.0412979,IZZI-29A4,94:04:E3:EF:29:A8,1,-60,WPA2_PSK
2026-03-18 00:53:33,19.5308552,-99.0412979,,A2:31:DB:A0:CC:C6,4,-61,WPA2_PSK
2026-03-18 00:53:33,19.5308552,-99.0412979,,A2:31:DB:A0:CC:C7,4,-61,OPEN
2026-03-18 00:53:33,19.5308552,-99.0412979,Mega_2.4G_D834,F4:E8:4F:FF:D8:34,3,-63,WPA2_PSK
2026-03-18 00:53:33,19.5308552,-99.0412979,Hogar,A2:31:DB:A0:CC:C4,4,-63,WPA2_PSK
2026-03-18 00:53:33,19.5308552,-99.0412979,Mega_2.4G_8B54,48:96:D9:26:8B:54,11,-65,WPA_WPA2_PSK
2026-03-18 00:53:33,19.5308552,-99.0412979,Totalplay-14A5,A4:BD:C4:84:54:24,9,-68,WPA2_PSK
2026-03-18 00:53:33,19.5308552,-99.0412979,Totalplay-1BAA,3C:A3:7E:7F:5D:20,8,-69,WPA2_PSK
2026-03-18 00:53:33,19.5308552,-99.0412979,TOTALPLAY_E14025,3C:17:10:E1:40:25,11,-69,WPA2_PSK
2026-03-18 00:53:33,19.5308552,-99.0412979,Club_Totalplay_WiFi,3C:A3:7E:7F:5D:23,8,-70,OPEN
2026-03-18 00:53:33,19.5308552,-99.0412979,ARRIS-FEF2,90:C7:92:49:FE:F0,1,-71,WPA_WPA2_PSK
2026-03-18 00:53:33,19.5308552,-99.0412979,Ariadnazashyd_2.4G,BC:47:32:02:FF:88,6,-71,WPA_WPA2_PSK
2026-03-18 00:53:33,19.5308552,-99.0412979,Club_Totalplay_WiFi,BC:47:32:02:FF:89,6,-72,OPEN
2026-03-18 00:53:33,19.5308552,-99.0412979,Tenda_1826F0,50:0F:F5:18:26:F1,5,-77,WPA_WPA2_PSK
2026-03-18 00:53:33,19.5308552,-99.0412979,INFINITUM90EE_2.4,94:FE:9D:C8:71:99,1,-78,WPA2_PSK
2026-03-18 00:53:33,19.5308552,-99.0412979,Nettowifi1WLAN,F4:1D:6B:2F:2A:88,2,-78,WPA2_PSK
2026-03-18 00:53:33,19.5308552,-99.0412979,Totalplay-E2A1,AC:8D:34:BF:4F:0C,5,-78,WPA2_PSK
2026-03-18 00:53:33,19.5308552,-99.0412979,,AC:8D:34:BF:4F:0F,5,-78,OPEN
2026-03-18 00:53:33,19.5308552,-99.0412979,,AC:8D:34:BF:4F:0E,5,-78,WPA2_PSK
2026-03-18 00:53:33,19.5308552,-99.0412979,,A4:BD:C4:84:54:26,9,-78,WPA2_PSK
2026-03-18 00:53:33,19.5308552,-99.0412979,Mega-2.4G-0CB1,EC:7C:2C:57:CC:3C,10,-79,WPA2_PSK
2026-03-18 00:53:33,19.5308552,-99.0412979,,8A:69:3D:8B:03:93,4,-80,OPEN
2026-03-18 00:53:33,19.5308552,-99.0412979,Club_Totalplay_WiFi,EC:E7:A2:67:E1:49,1,-81,OPEN
2026-03-18 00:53:33,19.5308552,-99.0412979,,8A:69:3D:8B:03:92,4,-81,WPA2_PSK
2026-03-18 00:53:33,19.5308552,-99.0412979,IZZI-D087,70:54:25:73:7A:49,6,-81,WPA2_PSK
2026-03-18 00:53:33,19.5308552,-99.0412979,TOTALPLAY_ECAD72,34:6B:46:EC:AD:72,1,-82,WPA2_PSK
2026-03-18 00:53:33,19.5308552,-99.0412979,Club_Totalplay_WiFi,B2:A4:F0:05:30:37,4,-83,OPEN
2026-03-18 00:53:33,19.5308552,-99.0412979,Club_Totalplay_WiFi,D4:01:68:A8:5D:69,1,-84,OPEN
2026-03-18 00:53:33,19.5308552,-99.0412979,IZZI-39D7,24:E4:CE:CE:39:DC,1,-84,WPA2_PSK
2026-03-18 00:53:33,19.5308552,-99.0412979,MODEM Ruben Cuarto ,D8:32:14:D4:FE:81,2,-84,WPA_WPA2_PSK
2026-03-18 00:53:33,19.5308552,-99.0412979,,B2:A4:F0:05:30:36,4,-85,WPA2_PSK
2026-03-18 00:53:33,19.5308552,-99.0412979,Totalplay-1C9C,58:F9:87:61:DB:E4,8,-85,WPA_WPA2_PSK
2026-03-18 00:53:33,19.5308552,-99.0412979,IZZI-AC81,0C:80:63:69:E2:C5,6,-86,WPA2_PSK
2026-03-18 00:53:33,19.5308552,-99.0412979,Mega_2.4G_C1FB,C0:49:43:71:C1:FB,6,-86,WPA_WPA2_PSK
2026-03-18 00:53:33,19.5308552,-99.0412979,INFINITUMA760_2.4,04:A2:22:61:43:73,11,-88,WPA2_PSK
2026-03-18 00:53:33,19.5308552,-99.0412979,,B8:3A:08:EF:C3:14,11,-88,WPA2_PSK
2026-03-18 00:53:49,19.5308552,-99.0412979,TOTALPLAY_ECBA0B,34:6B:46:EC:BA:0B,11,-49,WPA2_PSK
2026-03-18 00:53:49,19.5308552,-99.0412979,Home,18:A6:F7:BF:71:72,7,-61,WPA_WPA2_PSK
2026-03-18 00:53:49,19.5308552,-99.0412979,Hogar,A2:31:DB:A0:CC:C4,4,-62,WPA2_PSK
2026-03-18 00:53:49,19.5308552,-99.0412979,,A2:31:DB:A0:CC:C6,4,-62,WPA2_PSK
2026-03-18 00:53:49,19.5308552,-99.0412979,Mega_2.4G_D834,F4:E8:4F:FF:D8:34,3,-63,WPA2_PSK
2026-03-18 00:53:49,19.5308552,-99.0412979,Mega_2.4G_8B54,48:96:D9:26:8B:54,11,-63,WPA_WPA2_PSK
2026-03-18 00:53:49,19.5308552,-99.0412979,,A2:31:DB:A0:CC:C7,4,-64,OPEN
2026-03-18 00:53:49,19.5308552,-99.0412979,Club_Totalplay_WiFi,3C:A3:7E:7F:5D:23,8,-68,OPEN
2026-03-18 00:53:49,19.5308552,-99.0412979,TOTALPLAY_E14025,3C:17:10:E1:40:25,11,-68,WPA2_PSK
2026-03-18 00:53:49,19.5308552,-99.0412979,Club_Totalplay_WiFi,BC:47:32:02:FF:89,6,-69,OPEN
2026-03-18 00:53:49,19.5308552,-99.0412979,Totalplay-1BAA,3C:A3:7E:7F:5D:20,8,-69,WPA2_PSK
2026-03-18 00:53:49,19.5308552,-99.0412979,ARRIS-FEF2,90:C7:92:49:FE:F0,1,-70,WPA_WPA2_PSK
2026-03-18 00:53:49,19.5308552,-99.0412979,,A4:BD:C4:84:54:26,9,-70,WPA2_PSK
2026-03-18 00:53:49,19.5308552,-99.0412979,Ariadnazashyd_2.4G,BC:47:32:02:FF:88,6,-72,WPA_WPA2_PSK
2026-03-18 00:53:49,19.5308552,-99.0412979,Totalplay-14A5,A4:BD:C4:84:54:24,9,-73,WPA2_PSK
2026-03-18 00:53:49,19.5308552,-99.0412979,Tenda_1826F0,50:0F:F5:18:26:F1,5,-78,WPA_WPA2_PSK
2026-03-18 00:53:49,19.5308552,-99.0412979,,AC:8D:34:BF:4F:0F,5,-79,OPEN
2026-03-18 00:53:49,19.5308552,-99.0412979,Nettowifi1WLAN,F4:1D:6B:2F:2A:88,2,-80,WPA2_PSK
2026-03-18 00:53:49,19.5308552,-99.0412979,Totalplay-36B5,8A:69:3D:8B:03:90,4,-80,WPA2_PSK
2026-03-18 00:53:49,19.5308552,-99.0412979,,AC:8D:34:BF:4F:0E,5,-80,WPA2_PSK
2026-03-18 00:53:49,19.5308552,-99.0412979,,72:54:25:23:7A:49,6,-80,UNKNOWN
2026-03-18 00:53:49,19.5308552,-99.0412979,IZZI-FE1B,18:9C:27:40:54:D5,6,-81,WPA2_PSK
2026-03-18 00:53:49,19.5308552,-99.0412979,Mega-2.4G-6AB2,E8:F9:D4:DF:F0:C4,9,-81,WPA2_PSK
2026-03-18 00:53:49,19.5308552,-99.0412979,IZZI-6D3E,18:9C:27:3F:75:52,11,-81,WPA2_PSK
2026-03-18 00:53:49,19.5308552,-99.0412979,,E0:61:4A:F3:12:44,1,-83,OPEN
2026-03-18 00:53:49,19.5308552,-99.0412979,Mega-2.4G-0CB1,EC:7C:2C:57:CC:3C,10,-83,WPA2_PSK
2026-03-18 00:53:49,19.5308552,-99.0412979,Club_Totalplay_WiFi,0A:FA:28:16:C3:57,10,-86,OPEN
2026-03-18 00:53:49,19.5308552,-99.0412979,Mega_2.4G_B919,D4:61:95:BB:B9:19,8,-89,WPA_WPA2_PSK
2026-03-18 00:54:05,19.5308552,-99.0412979,TOTALPLAY_ECBA0B,34:6B:46:EC:BA:0B,11,-49,WPA2_PSK
2026-03-18 00:54:05,19.5308552,-99.0412979,IZZI-29A4,94:04:E3:EF:29:A8,1,-60,WPA2_PSK
2026-03-18 00:54:05,19.5308552,-99.0412979,Hogar,A2:31:DB:A0:CC:C4,4,-62,WPA2_PSK
2026-03-18 00:54:05,19.5308552,-99.0412979,,A2:31:DB:A0:CC:C7,4,-62,OPEN
2026-03-18 00:54:05,19.5308552,-99.0412979,,A2:31:DB:A0:CC:C6,4,-62,WPA2_PSK
2026-03-18 00:54:05,19.5308552,-99.0412979,Home,18:A6:F7:BF:71:72,7,-62,WPA_WPA2_PSK
2026-03-18 00:54:05,19.5308552,-99.0412979,Mega_2.4G_D834,F4:E8:4F:FF:D8:34,3,-64,WPA2_PSK
2026-03-18 00:54:05,19.5308552,-99.0412979,Mega_2.4G_8B54,48:96:D9:26:8B:54,11,-64,WPA_WPA2_PSK
2026-03-18 00:54:05,19.5308552,-99.0412979,Club_Totalplay_WiFi,3C:A3:7E:7F:5D:23,8,-65,OPEN
2026-03-18 00:54:05,19.5308552,-99.0412979,Club_Totalplay_WiFi,BC:47:32:02:FF:89,6,-66,OPEN
2026-03-18 00:54:05,19.5308552,-99.0412979,TOTALPLAY_E14025,3C:17:10:E1:40:25,11,-67,WPA2_PSK
2026-03-18 00:54:05,19.5308552,-99.0412979,ARRIS-FEF2,90:C7:92:49:FE:F0,1,-69,WPA_WPA2_PSK
2026-03-18 00:54:05,19.5308552,-99.0412979,Ariadnazashyd_2.4G,BC:47:32:02:FF:88,6,-70,WPA_WPA2_PSK
2026-03-18 00:54:05,19.5308552,-99.0412979,,A4:BD:C4:84:54:26,9,-71,WPA2_PSK
2026-03-18 00:54:05,19.5308552,-99.0412979,Nettowifi1WLAN,F4:1D:6B:2F:2A:88,2,-72,WPA2_PSK
2026-03-18 00:54:05,19.5308552,-99.0412979,Totalplay-14A5,A4:BD:C4:84:54:24,9,-72,WPA2_PSK
2026-03-18 00:54:05,19.5308552,-99.0412979,Totalplay-1BAA,3C:A3:7E:7F:5D:20,8,-73,WPA2_PSK
2026-03-18 00:54:05,19.5308552,-99.0412979,Totalplay-2.4G-2d18,64:9D:F3:17:2D:18,6,-75,WPA2_PSK
2026-03-18 00:54:05,19.5308552,-99.0412979,INFINITUM90EE_2.4,94:FE:9D:C8:71:99,1,-76,WPA2_PSK
2026-03-18 00:54:05,19.5308552,-99.0412979,,8A:69:3D:8B:03:92,4,-77,WPA2_PSK
2026-03-18 00:54:05,19.5308552,-99.0412979,,AC:8D:34:BF:4F:0F,5,-78,OPEN
2026-03-18 00:54:05,19.5308552,-99.0412979,,AC:8D:34:BF:4F:0E,5,-78,WPA2_PSK
2026-03-18 00:54:05,19.5308552,-99.0412979,Mega-2.4G-6AB2,E8:F9:D4:DF:F0:C4,9,-78,WPA2_PSK
2026-03-18 00:54:05,19.5308552,-99.0412979,Totalplay-2.4G-e148,EC:E7:A2:67:E1:48,1,-79,WPA2_PSK
2026-03-18 00:54:05,19.5308552,-99.0412979,Club_Totalplay_WiFi,EC:E7:A2:67:E1:49,1,-79,OPEN
2026-03-18 00:54:05,19.5308552,-99.0412979,IZZI-6D3E,18:9C:27:3F:75:52,11,-79,WPA2_PSK
2026-03-18 00:54:05,19.5308552,-99.0412979,Totalplay-E2A1,AC:8D:34:BF:4F:0C,5,-80,WPA2_PSK
2026-03-18 00:54:05,19.5308552,-99.0412979,Tenda_1826F0,50:0F:F5:18:26:F1,5,-80,WPA_WPA2_PSK
2026-03-18 00:54:05,19.5308552,-99.0412979,,72:54:25:23:7A:49,6,-80,UNKNOWN
2026-03-18 00:54:05,19.5308552,-99.0412979,IZZI-D087,70:54:25:73:7A:49,6,-81,WPA2_PSK
2026-03-18 00:54:05,19.5308552,-99.0412979,,1A:9C:27:20:54:D5,6,-82,UNKNOWN
2026-03-18 00:54:05,19.5308552,-99.0412979,Club_Totalplay_WiFi,D4:01:68:A8:5D:69,1,-84,OPEN
2026-03-18 00:54:05,19.5308552,-99.0412979,IZZI-FE1B,18:9C:27:40:54:D5,6,-86,WPA2_PSK
2026-03-18 00:54:05,19.5308552,-99.0412979,ZTE Blade L9,6A:CC:48:23:CF:47,10,-86,WPA2_WPA3_PSK
2026-03-18 00:54:22,19.5308552,-99.0412979,TOTALPLAY_ECBA0B,34:6B:46:EC:BA:0B,11,-52,WPA2_PSK
2026-03-18 00:54:22,19.5308552,-99.0412979,IZZI-29A4,94:04:E3:EF:29:A8,1,-61,WPA2_PSK
2026-03-18 00:54:22,19.5308552,-99.0412979,Mega_2.4G_D834,F4:E8:4F:FF:D8:34,3,-63,WPA2_PSK
2026-03-18 00:54:22,19.5308552,-99.0412979,,A2:31:DB:A0:CC:C7,4,-63,OPEN
2026-03-18 00:54:22,19.5308552,-99.0412979,Hogar,A2:31:DB:A0:CC:C4,4,-64,WPA2_PSK
2026-03-18 00:54:22,19.5308552,-99.0412979,,A2:31:DB:A0:CC:C6,4,-64,WPA2_PSK
2026-03-18 00:54:22,19.5308552,-99.0412979,Home,18:A6:F7:BF:71:72,7,-65,WPA_WPA2_PSK
2026-03-18 00:54:22,19.5308552,-99.0412979,Club_Totalplay_WiFi,BC:47:32:02:FF:89,6,-69,OPEN
2026-03-18 00:54:22,19.5308552,-99.0412979,Club_Totalplay_WiFi,3C:A3:7E:7F:5D:23,8,-69,OPEN
2026-03-18 00:54:22,19.5308552,-99.0412979,Totalplay-14A5,A4:BD:C4:84:54:24,9,-69,WPA2_PSK
2026-03-18 00:54:22,19.5308552,-99.0412979,TOTALPLAY_E14025,3C:17:10:E1:40:25,11,-69,WPA2_PSK
2026-03-18 00:54:22,19.5308552,-99.0412979,Ariadnazashyd_2.4G,BC:47:32:02:FF:88,6,-70,WPA_WPA2_PSK
2026-03-18 00:54:22,19.5308552,-99.0412979,Totalplay-2.4G-2d18,64:9D:F3:17:2D:18,6,-72,WPA2_PSK
2026-03-18 00:54:22,19.5308552,-99.0412979,ARRIS-FEF2,90:C7:92:49:FE:F0,1,-73,WPA_WPA2_PSK
2026-03-18 00:54:22,19.5308552,-99.0412979,Nettowifi1WLAN,F4:1D:6B:2F:2A:88,2,-73,WPA2_PSK
2026-03-18 00:54:22,19.5308552,-99.0412979,Totalplay-1BAA,3C:A3:7E:7F:5D:20,8,-73,WPA2_PSK
2026-03-18 00:54:22,19.5308552,-99.0412979,,3C:A3:7E:7F:5D:22,8,-74,WPA2_PSK
2026-03-18 00:54:22,19.5308552,-99.0412979,Totalplay-2.4G-e148,EC:E7:A2:67:E1:48,1,-78,WPA2_PSK
2026-03-18 00:54:22,19.5308552,-99.0412979,,AC:8D:34:BF:4F:0F,5,-78,OPEN
2026-03-18 00:54:22,19.5308552,-99.0412979,,8A:69:3D:8B:03:92,4,-80,WPA2_PSK
2026-03-18 00:54:22,19.5308552,-99.0412979,,AC:8D:34:BF:4F:0E,5,-80,WPA2_PSK
2026-03-18 00:54:22,19.5308552,-99.0412979,,72:54:25:23:7A:49,6,-82,UNKNOWN
2026-03-18 00:54:22,19.5308552,-99.0412979,Club_Totalplay_WiFi,B2:A4:F0:05:30:37,4,-83,OPEN
2026-03-18 00:54:22,19.5308552,-99.0412979,IZZI-FE1B,18:9C:27:40:54:D5,6,-84,WPA2_PSK
2026-03-18 00:54:22,19.5308552,-99.0412979,Totalplay-6DB5,B2:A4:F0:05:30:34,4,-87,WPA2_PSK
2026-03-18 00:54:38,19.5308552,-99.0412979,TOTALPLAY_ECBA0B,34:6B:46:EC:BA:0B,11,-49,WPA2_PSK
2026-03-18 00:54:38,19.5308552,-99.0412979,IZZI-29A4,94:04:E3:EF:29:A8,1,-59,WPA2_PSK
2026-03-18 00:54:38,19.5308552,-99.0412979,Home,18:A6:F7:BF:71:72,7,-60,WPA_WPA2_PSK
2026-03-18 00:54:38,19.5308552,-99.0412979,Mega_2.4G_D834,F4:E8:4F:FF:D8:34,3,-62,WPA2_PSK
2026-03-18 00:54:38,19.5308552,-99.0412979,Club_Totalplay_WiFi,BC:47:32:02:FF:89,6,-62,OPEN
2026-03-18 00:54:38,19.5308552,-99.0412979,,A2:31:DB:A0:CC:C7,4,-64,OPEN
2026-03-18 00:54:38,19.5308552,-99.0412979,,A2:31:DB:A0:CC:C6,4,-65,WPA2_PSK
2026-03-18 00:54:38,19.5308552,-99.0412979,TOTALPLAY_E14025,3C:17:10:E1:40:25,11,-65,WPA2_PSK
2026-03-18 00:54:38,19.5308552,-99.0412979,Mega_2.4G_8B54,48:96:D9:26:8B:54,11,-65,WPA_WPA2_PSK
2026-03-18 00:54:38,19.5308552,-99.0412979,Hogar,A2:31:DB:A0:CC:C4,4,-66,WPA2_PSK
2026-03-18 00:54:38,19.5308552,-99.0412979,Totalplay-1BAA,3C:A3:7E:7F:5D:20,8,-71,WPA2_PSK
2026-03-18 00:54:38,19.5308552,-99.0412979,Club_Totalplay_WiFi,3C:A3:7E:7F:5D:23,8,-71,OPEN
2026-03-18 00:54:38,19.5308552,-99.0412979,,A4:BD:C4:84:54:26,9,-71,WPA2_PSK
2026-03-18 00:54:38,19.5308552,-99.0412979,Totalplay-14A5,A4:BD:C4:84:54:24,9,-72,WPA2_PSK
2026-03-18 00:54:38,19.5308552,-99.0412979,Ariadnazashyd_2.4G,BC:47:32:02:FF:88,6,-75,WPA_WPA2_PSK
2026-03-18 00:54:38,19.5308552,-99.0412979,Totalplay-2.4G-2d18,64:9D:F3:17:2D:18,6,-76,WPA2_PSK
2026-03-18 00:54:38,19.5308552,-99.0412979,Mega-2.4G-6AB2,E8:F9:D4:DF:F0:C4,9,-77,WPA2_PSK
2026-03-18 00:54:38,19.5308552,-99.0412979,Mega-2.4G-0CB1,EC:7C:2C:57:CC:3C,10,-77,WPA2_PSK
2026-03-18 00:54:38,19.5308552,-99.0412979,,8A:69:3D:8B:03:93,4,-78,OPEN
2026-03-18 00:54:38,19.5308552,-99.0412979,Totalplay-E2A1,AC:8D:34:BF:4F:0C,5,-78,WPA2_PSK
2026-03-18 00:54:38,19.5308552,-99.0412979,,AC:8D:34:BF:4F:0F,5,-78,OPEN
2026-03-18 00:54:38,19.5308552,-99.0412979,IZZI-6D3E,18:9C:27:3F:75:52,11,-78,WPA2_PSK
2026-03-18 00:54:38,19.5308552,-99.0412979,Nettowifi1WLAN,F4:1D:6B:2F:2A:88,2,-79,WPA2_PSK
2026-03-18 00:54:38,19.5308552,-99.0412979,,AC:8D:34:BF:4F:0E,5,-79,WPA2_PSK
2026-03-18 00:54:38,19.5308552,-99.0412979,Tenda_1826F0,50:0F:F5:18:26:F1,5,-80,WPA_WPA2_PSK
2026-03-18 00:54:38,19.5308552,-99.0412979,IZZI-D087,70:54:25:73:7A:49,6,-80,WPA2_PSK
2026-03-18 00:54:38,19.5308552,-99.0412979,,72:54:25:23:7A:49,6,-81,UNKNOWN
2026-03-18 00:54:38,19.5308552,-99.0412979,,1A:9C:27:20:54:D5,6,-83,UNKNOWN
2026-03-18 00:54:38,19.5308552,-99.0412979,Totalplay-BBA3,4C:F5:5B:8D:7D:B4,9,-83,WPA2_PSK
2026-03-18 00:54:38,19.5308552,-99.0412979,ZTE Blade L9,6A:CC:48:23:CF:47,10,-83,WPA2_WPA3_PSK
2026-03-18 00:54:54,19.5308552,-99.0412979,TOTALPLAY_ECBA0B,34:6B:46:EC:BA:0B,11,-48,WPA2_PSK
2026-03-18 00:54:54,19.5308552,-99.0412979,IZZI-29A4,94:04:E3:EF:29:A8,1,-59,WPA2_PSK
2026-03-18 00:54:54,19.5308552,-99.0412979,Home,18:A6:F7:BF:71:72,7,-62,WPA_WPA2_PSK
2026-03-18 00:54:54,19.5308552,-99.0412979,Mega_2.4G_D834,F4:E8:4F:FF:D8:34,3,-64,WPA2_PSK
2026-03-18 00:54:54,19.5308552,-99.0412979,,A2:31:DB:A0:CC:C6,4,-66,WPA2_PSK
2026-03-18 00:54:54,19.5308552,-99.0412979,,A2:31:DB:A0:CC:C7,4,-66,OPEN
2026-03-18 00:54:54,19.5308552,-99.0412979,Ariadnazashyd_2.4G,BC:47:32:02:FF:88,6,-66,WPA_WPA2_PSK
2026-03-18 00:54:54,19.5308552,-99.0412979,Club_Totalplay_WiFi,BC:47:32:02:FF:89,6,-66,OPEN
2026-03-18 00:54:54,19.5308552,-99.0412979,Hogar,A2:31:DB:A0:CC:C4,4,-67,WPA2_PSK
2026-03-18 00:54:54,19.5308552,-99.0412979,TOTALPLAY_E14025,3C:17:10:E1:40:25,11,-67,WPA2_PSK
2026-03-18 00:54:54,19.5308552,-99.0412979,Totalplay-1BAA,3C:A3:7E:7F:5D:20,8,-68,WPA2_PSK
2026-03-18 00:54:54,19.5308552,-99.0412979,Mega_2.4G_8B54,48:96:D9:26:8B:54,11,-68,WPA_WPA2_PSK
2026-03-18 00:54:54,19.5308552,-99.0412979,ARRIS-FEF2,90:C7:92:49:FE:F0,1,-70,WPA_WPA2_PSK
2026-03-18 00:54:54,19.5308552,-99.0412979,,3C:A3:7E:7F:5D:22,8,-71,WPA2_PSK
2026-03-18 00:54:54,19.5308552,-99.0412979,Totalplay-14A5,A4:BD:C4:84:54:24,9,-71,WPA2_PSK
2026-03-18 00:54:54,19.5308552,-99.0412979,,A4:BD:C4:84:54:26,9,-71,WPA2_PSK
2026-03-18 00:54:54,19.5308552,-99.0412979,Club_Totalplay_WiFi,3C:A3:7E:7F:5D:23,8,-72,OPEN
2026-03-18 00:54:54,19.5308552,-99.0412979,Totalplay-2.4G-2d18,64:9D:F3:17:2D:18,6,-74,WPA2_PSK
2026-03-18 00:54:54,19.5308552,-99.0412979,Mega-2.4G-6AB2,E8:F9:D4:DF:F0:C4,9,-74,WPA2_PSK
2026-03-18 00:54:54,19.5308552,-99.0412979,Nettowifi1WLAN,F4:1D:6B:2F:2A:88,2,-75,WPA2_PSK
2026-03-18 00:54:54,19.5308552,-99.0412979,,8A:69:3D:8B:03:93,4,-75,OPEN
2026-03-18 00:54:54,19.5308552,-99.0412979,Totalplay-2.4G-e148,EC:E7:A2:67:E1:48,1,-78,WPA2_PSK
2026-03-18 00:54:54,19.5308552,-99.0412979,Mega-2.4G-CDB1,78:DD:33:61:B6:CC,2,-78,WPA2_PSK
2026-03-18 00:54:54,19.5308552,-99.0412979,Totalplay-36B5,8A:69:3D:8B:03:90,4,-78,WPA2_PSK
2026-03-18 00:54:54,19.5308552,-99.0412979,,AC:8D:34:BF:4F:0E,5,-78,WPA2_PSK
2026-03-18 00:54:54,19.5308552,-99.0412979,TOTALPLAY_858582_2.4G,B0:5B:99:85:85:85,1,-79,WPA2_PSK
2026-03-18 00:54:54,19.5308552,-99.0412979,IZZI-D087,70:54:25:73:7A:49,6,-79,WPA2_PSK
2026-03-18 00:54:54,19.5308552,-99.0412979,,AC:8D:34:BF:4F:0F,5,-80,OPEN
2026-03-18 00:54:54,19.5308552,-99.0412979,IZZI-6D3E,18:9C:27:3F:75:52,11,-80,WPA2_PSK
2026-03-18 00:54:54,19.5308552,-99.0412979,INFINITUM90EE_2.4,94:FE:9D:C8:71:99,1,-81,WPA2_PSK
2026-03-18 00:54:54,19.5308552,-99.0412979,Club_Totalplay_WiFi,EC:E7:A2:67:E1:49,1,-81,OPEN
2026-03-18 00:54:54,19.5308552,-99.0412979,,72:54:25:23:7A:49,6,-81,UNKNOWN
2026-03-18 00:54:54,19.5308552,-99.0412979,INTERSHIP 2.4,D4:01:68:A8:5D:68,1,-82,WPA2_PSK
2026-03-18 00:54:54,19.5308552,-99.0412979,Club_Totalplay_WiFi,D4:01:68:A8:5D:69,1,-82,OPEN
2026-03-18 00:54:54,19.5308552,-99.0412979,IZZI-FE1B,18:9C:27:40:54:D5,6,-83,WPA2_PSK
2026-03-18 00:54:54,19.5308552,-99.0412979,,1A:9C:27:20:54:D5,6,-83,UNKNOWN
2026-03-18 00:54:54,19.5308552,-99.0412979,,B2:A4:F0:05:30:36,4,-84,WPA2_PSK
2026-03-18 00:54:54,19.5308552,-99.0412979,Mega-2.4G-A7B2,B0:C7:87:72:D2:C4,7,-85,WPA2_PSK
2026-03-18 00:54:54,19.5308552,-99.0412979,Mega_2.4G_C1FB,C0:49:43:71:C1:FB,6,-87,WPA_WPA2_PSK
2026-03-18 00:54:54,19.5308552,-99.0412979,IZZI-AC81,0C:80:63:69:E2:C5,6,-88,WPA2_PSK
2026-03-18 00:54:54,19.5308552,-99.0412979,Club_Totalplay_WiFi,0A:FA:28:16:C3:57,10,-88,OPEN
2026-03-18 00:54:54,19.5308552,-99.0412979,IZZI-083E,70:4F:B8:F8:E4:1D,11,-89,WPA2_PSK
2026-03-18 00:55:10,19.5308552,-99.0412979,TOTALPLAY_ECBA0B,34:6B:46:EC:BA:0B,11,-48,WPA2_PSK
2026-03-18 00:55:10,19.5308552,-99.0412979,IZZI-29A4,94:04:E3:EF:29:A8,1,-58,WPA2_PSK
2026-03-18 00:55:10,19.5308552,-99.0412979,Home,18:A6:F7:BF:71:72,7,-62,WPA_WPA2_PSK
2026-03-18 00:55:10,19.5308552,-99.0412979,Mega_2.4G_D834,F4:E8:4F:FF:D8:34,3,-63,WPA2_PSK
2026-03-18 00:55:10,19.5308552,-99.0412979,Mega_2.4G_8B54,48:96:D9:26:8B:54,11,-63,WPA_WPA2_PSK
2026-03-18 00:55:10,19.5308552,-99.0412979,Hogar,A2:31:DB:A0:CC:C4,4,-65,WPA2_PSK
2026-03-18 00:55:10,19.5308552,-99.0412979,,A2:31:DB:A0:CC:C6,4,-65,WPA2_PSK
2026-03-18 00:55:10,19.5308552,-99.0412979,,A2:31:DB:A0:CC:C7,4,-68,OPEN
2026-03-18 00:55:10,19.5308552,-99.0412979,Ariadnazashyd_2.4G,BC:47:32:02:FF:88,6,-68,WPA_WPA2_PSK
2026-03-18 00:55:10,19.5308552,-99.0412979,Club_Totalplay_WiFi,BC:47:32:02:FF:89,6,-68,OPEN
2026-03-18 00:55:10,19.5308552,-99.0412979,Totalplay-1BAA,3C:A3:7E:7F:5D:20,8,-68,WPA2_PSK
2026-03-18 00:55:10,19.5308552,-99.0412979,,3C:A3:7E:7F:5D:22,8,-68,WPA2_PSK
2026-03-18 00:55:10,19.5308552,-99.0412979,TOTALPLAY_E14025,3C:17:10:E1:40:25,11,-68,WPA2_PSK
2026-03-18 00:55:10,19.5308552,-99.0412979,ARRIS-FEF2,90:C7:92:49:FE:F0,1,-70,WPA_WPA2_PSK
2026-03-18 00:55:10,19.5308552,-99.0412979,Totalplay-14A5,A4:BD:C4:84:54:24,9,-71,WPA2_PSK
2026-03-18 00:55:10,19.5308552,-99.0412979,Club_Totalplay_WiFi,3C:A3:7E:7F:5D:23,8,-72,OPEN
2026-03-18 00:55:10,19.5308552,-99.0412979,Mega-2.4G-6AB2,E8:F9:D4:DF:F0:C4,9,-73,WPA2_PSK
2026-03-18 00:55:10,19.5308552,-99.0412979,Totalplay-2.4G-2d18,64:9D:F3:17:2D:18,6,-76,WPA2_PSK
2026-03-18 00:55:10,19.5308552,-99.0412979,Mega-2.4G-CDB1,78:DD:33:61:B6:CC,2,-77,WPA2_PSK
2026-03-18 00:55:10,19.5308552,-99.0412979,,8A:69:3D:8B:03:93,4,-77,OPEN
2026-03-18 00:55:10,19.5308552,-99.0412979,Totalplay-E2A1,AC:8D:34:BF:4F:0C,5,-77,WPA2_PSK
2026-03-18 00:55:10,19.5308552,-99.0412979,Tenda_1826F0,50:0F:F5:18:26:F1,5,-77,WPA_WPA2_PSK
2026-03-18 00:55:10,19.5308552,-99.0412979,INFINITUM90EE_2.4,94:FE:9D:C8:71:99,1,-78,WPA2_PSK
2026-03-18 00:55:10,19.5308552,-99.0412979,Totalplay-36B5,8A:69:3D:8B:03:90,4,-78,WPA2_PSK
2026-03-18 00:55:10,19.5308552,-99.0412979,,AC:8D:34:BF:4F:0F,5,-78,OPEN
2026-03-18 00:55:10,19.5308552,-99.0412979,IZZI-6D3E,18:9C:27:3F:75:52,11,-78,WPA2_PSK
2026-03-18 00:55:10,19.5308552,-99.0412979,Club_Totalplay_WiFi,EC:E7:A2:67:E1:49,1,-79,OPEN
2026-03-18 00:55:10,19.5308552,-99.0412979,Nettowifi1WLAN,F4:1D:6B:2F:2A:88,2,-79,WPA2_PSK
2026-03-18 00:55:10,19.5308552,-99.0412979,,8A:69:3D:8B:03:92,4,-79,WPA2_PSK
2026-03-18 00:55:10,19.5308552,-99.0412979,,AC:8D:34:BF:4F:0E,5,-79,WPA2_PSK
2026-03-18 00:55:10,19.5308552,-99.0412979,IZZI-FE1B,18:9C:27:40:54:D5,6,-80,WPA2_PSK
2026-03-18 00:55:10,19.5308552,-99.0412979,,72:54:25:23:7A:49,6,-80,UNKNOWN
2026-03-18 00:55:10,19.5308552,-99.0412979,,1A:9C:27:20:54:D5,6,-81,UNKNOWN
2026-03-18 00:55:10,19.5308552,-99.0412979,IZZI-D087,70:54:25:73:7A:49,6,-82,WPA2_PSK
2026-03-18 00:55:10,19.5308552,-99.0412979,,0A:FA:28:16:C3:56,10,-83,WPA2_PSK
2026-03-18 00:55:10,19.5308552,-99.0412979,Club_Totalplay_WiFi,B2:A4:F0:05:30:37,4,-84,OPEN
2026-03-18 00:55:10,19.5308552,-99.0412979,INFINITUMB76E,30:23:64:16:41:A9,11,-88,WPA2_PSK
2026-03-18 00:55:26,19.5308552,-99.0412979,TOTALPLAY_ECBA0B,34:6B:46:EC:BA:0B,11,-48,WPA2_PSK
2026-03-18 00:55:26,19.5308552,-99.0412979,IZZI-29A4,94:04:E3:EF:29:A8,1,-59,WPA2_PSK
2026-03-18 00:55:26,19.5308552,-99.0412979,Mega_2.4G_D834,F4:E8:4F:FF:D8:34,3,-62,WPA2_PSK
2026-03-18 00:55:26,19.5308552,-99.0412979,,A2:31:DB:A0:CC:C7,4,-64,OPEN
2026-03-18 00:55:26,19.5308552,-99.0412979,,A2:31:DB:A0:CC:C6,4,-64,WPA2_PSK
2026-03-18 00:55:26,19.5308552,-99.0412979,Hogar,A2:31:DB:A0:CC:C4,4,-65,WPA2_PSK
2026-03-18 00:55:26,19.5308552,-99.0412979,Mega_2.4G_8B54,48:96:D9:26:8B:54,11,-65,WPA_WPA2_PSK
2026-03-18 00:55:26,19.5308552,-99.0412979,Ariadnazashyd_2.4G,BC:47:32:02:FF:88,6,-66,WPA_WPA2_PSK
2026-03-18 00:55:26,19.5308552,-99.0412979,ARRIS-FEF2,90:C7:92:49:FE:F0,1,-67,WPA_WPA2_PSK
2026-03-18 00:55:26,19.5308552,-99.0412979,,3C:A3:7E:7F:5D:22,8,-69,WPA2_PSK
2026-03-18 00:55:26,19.5308552,-99.0412979,TOTALPLAY_E14025,3C:17:10:E1:40:25,11,-69,WPA2_PSK
2026-03-18 00:55:26,19.5308552,-99.0412979,Totalplay-1BAA,3C:A3:7E:7F:5D:20,8,-70,WPA2_PSK
2026-03-18 00:55:26,19.5308552,-99.0412979,Club_Totalplay_WiFi,BC:47:32:02:FF:89,6,-71,OPEN
2026-03-18 00:55:26,19.5308552,-99.0412979,Totalplay-14A5,A4:BD:C4:84:54:24,9,-71,WPA2_PSK
2026-03-18 00:55:26,19.5308552,-99.0412979,Club_Totalplay_WiFi,3C:A3:7E:7F:5D:23,8,-72,OPEN
2026-03-18 00:55:26,19.5308552,-99.0412979,,8A:69:3D:8B:03:92,4,-78,WPA2_PSK
2026-03-18 00:55:26,19.5308552,-99.0412979,Totalplay-E2A1,AC:8D:34:BF:4F:0C,5,-78,WPA2_PSK
2026-03-18 00:55:26,19.5308552,-99.0412979,,AC:8D:34:BF:4F:0F,5,-78,OPEN
2026-03-18 00:55:26,19.5308552,-99.0412979,,AC:8D:34:BF:4F:0E,5,-79,WPA2_PSK
2026-03-18 00:55:26,19.5308552,-99.0412979,INFINITUM90EE_2.4,94:FE:9D:C8:71:99,1,-80,WPA2_PSK
2026-03-18 00:55:26,19.5308552,-99.0412979,Totalplay-36B5,8A:69:3D:8B:03:90,4,-80,WPA2_PSK
2026-03-18 00:55:26,19.5308552,-99.0412979,,72:54:25:23:7A:49,6,-80,UNKNOWN
2026-03-18 00:55:26,19.5308552,-99.0412979,IZZI-6D3E,18:9C:27:3F:75:52,11,-80,WPA2_PSK
2026-03-18 00:55:26,19.5308552,-99.0412979,INTERSHIP 2.4,D4:01:68:A8:5D:68,1,-81,WPA2_PSK
2026-03-18 00:55:26,19.5308552,-99.0412979,Club_Totalplay_WiFi,EC:E7:A2:67:E1:49,1,-81,OPEN
2026-03-18 00:55:26,19.5308552,-99.0412979,Totalplay-6DB5,B2:A4:F0:05:30:34,4,-81,WPA2_PSK
2026-03-18 00:55:26,19.5308552,-99.0412979,Club_Totalplay_WiFi,D4:01:68:A8:5D:69,1,-84,OPEN
2026-03-18 00:55:26,19.5308552,-99.0412979,IZZI-FE1B,18:9C:27:40:54:D5,6,-85,WPA2_PSK
2026-03-18 00:55:26,19.5308552,-99.0412979,,B2:A4:F0:05:30:36,4,-88,WPA2_PSK
2026-03-18 00:55:42,19.5308552,-99.0412979,TOTALPLAY_ECBA0B,34:6B:46:EC:BA:0B,11,-48,WPA2_PSK
2026-03-18 00:55:42,19.5308552,-99.0412979,IZZI-29A4,94:04:E3:EF:29:A8,1,-60,WPA2_PSK
2026-03-18 00:55:42,19.5308552,-99.0412979,Mega_2.4G_D834,F4:E8:4F:FF:D8:34,3,-61,WPA2_PSK
2026-03-18 00:55:42,19.5308552,-99.0412979,Club_Totalplay_WiFi,3C:A3:7E:7F:5D:23,8,-63,OPEN
2026-03-18 00:55:42,19.5308552,-99.0412979,Totalplay-1BAA,3C:A3:7E:7F:5D:20,8,-63,WPA2_PSK
2026-03-18 00:55:42,19.5308552,-99.0412979,,3C:A3:7E:7F:5D:22,8,-63,WPA2_PSK
2026-03-18 00:55:42,19.5308552,-99.0412979,Mega_2.4G_8B54,48:96:D9:26:8B:54,11,-64,WPA_WPA2_PSK
2026-03-18 00:55:42,19.5308552,-99.0412979,Ariadnazashyd_2.4G,BC:47:32:02:FF:88,6,-65,WPA_WPA2_PSK
2026-03-18 00:55:42,19.5308552,-99.0412979,Club_Totalplay_WiFi,BC:47:32:02:FF:89,6,-65,OPEN
2026-03-18 00:55:42,19.5308552,-99.0412979,Hogar,A2:31:DB:A0:CC:C4,4,-66,WPA2_PSK
2026-03-18 00:55:42,19.5308552,-99.0412979,,A2:31:DB:A0:CC:C7,4,-66,OPEN
2026-03-18 00:55:42,19.5308552,-99.0412979,,A2:31:DB:A0:CC:C6,4,-66,WPA2_PSK
2026-03-18 00:55:42,19.5308552,-99.0412979,TOTALPLAY_E14025,3C:17:10:E1:40:25,11,-70,WPA2_PSK
2026-03-18 00:55:42,19.5308552,-99.0412979,ARRIS-FEF2,90:C7:92:49:FE:F0,1,-71,WPA_WPA2_PSK
2026-03-18 00:55:42,19.5308552,-99.0412979,Nettowifi1WLAN,F4:1D:6B:2F:2A:88,2,-74,WPA2_PSK
2026-03-18 00:55:42,19.5308552,-99.0412979,Totalplay-2.4G-2d18,64:9D:F3:17:2D:18,6,-74,WPA2_PSK
2026-03-18 00:55:42,19.5308552,-99.0412979,Totalplay-E2A1,AC:8D:34:BF:4F:0C,5,-76,WPA2_PSK
2026-03-18 00:55:42,19.5308552,-99.0412979,INFINITUM90EE_2.4,94:FE:9D:C8:71:99,1,-77,WPA2_PSK
2026-03-18 00:55:42,19.5308552,-99.0412979,,AC:8D:34:BF:4F:0F,5,-77,OPEN
2026-03-18 00:55:42,19.5308552,-99.0412979,IZZI-6D3E,18:9C:27:3F:75:52,11,-77,WPA2_PSK
2026-03-18 00:55:42,19.5308552,-99.0412979,Club_Totalplay_WiFi,EC:E7:A2:67:E1:49,1,-78,OPEN
2026-03-18 00:55:42,19.5308552,-99.0412979,,AC:8D:34:BF:4F:0E,5,-78,WPA2_PSK
2026-03-18 00:55:42,19.5308552,-99.0412979,Club_Totalplay_WiFi,D4:01:68:A8:5D:69,1,-82,OPEN
2026-03-18 00:55:42,19.5308552,-99.0412979,IZZI-29F4,40:0F:C1:5D:29:F8,11,-82,WPA2_PSK
2026-03-18 00:55:42,19.5308552,-99.0412979,IZZI-39D7,24:E4:CE:CE:39:DC,1,-83,WPA2_PSK
2026-03-18 00:55:42,19.5308552,-99.0412979,,B2:A4:F0:05:30:36,4,-84,WPA2_PSK
2026-03-18 00:55:42,19.5308552,-99.0412979,Mega-2.4G-0CB1,EC:7C:2C:57:CC:3C,10,-86,WPA2_PSK
2026-03-18 00:55:59,19.5308552,-99.0412979,TOTALPLAY_ECBA0B,34:6B:46:EC:BA:0B,11,-49,WPA2_PSK
2026-03-18 00:55:59,19.5308552,-99.0412979,IZZI-29A4,94:04:E3:EF:29:A8,1,-60,WPA2_PSK
2026-03-18 00:55:59,19.5308552,-99.0412979,Ariadnazashyd_2.4G,BC:47:32:02:FF:88,6,-63,WPA_WPA2_PSK
2026-03-18 00:55:59,19.5308552,-99.0412979,Mega_2.4G_D834,F4:E8:4F:FF:D8:34,3,-64,WPA2_PSK
2026-03-18 00:55:59,19.5308552,-99.0412979,Hogar,A2:31:DB:A0:CC:C4,4,-64,WPA2_PSK
2026-03-18 00:55:59,19.5308552,-99.0412979,,A2:31:DB:A0:CC:C7,4,-64,OPEN
2026-03-18 00:55:59,19.5308552,-99.0412979,Club_Totalplay_WiFi,BC:47:32:02:FF:89,6,-64,OPEN
2026-03-18 00:55:59,19.5308552,-99.0412979,,A2:31:DB:A0:CC:C6,4,-65,WPA2_PSK
2026-03-18 00:55:59,19.5308552,-99.0412979,Mega_2.4G_8B54,48:96:D9:26:8B:54,11,-66,WPA_WPA2_PSK
2026-03-18 00:55:59,19.5308552,-99.0412979,,3C:A3:7E:7F:5D:22,8,-67,WPA2_PSK
2026-03-18 00:55:59,19.5308552,-99.0412979,Club_Totalplay_WiFi,3C:A3:7E:7F:5D:23,8,-68,OPEN
2026-03-18 00:55:59,19.5308552,-99.0412979,Totalplay-1BAA,3C:A3:7E:7F:5D:20,8,-69,WPA2_PSK
2026-03-18 00:55:59,19.5308552,-99.0412979,TOTALPLAY_E14025,3C:17:10:E1:40:25,11,-73,WPA2_PSK
2026-03-18 00:55:59,19.5308552,-99.0412979,Totalplay-2.4G-2d18,64:9D:F3:17:2D:18,6,-75,WPA2_PSK
2026-03-18 00:55:59,19.5308552,-99.0412979,Totalplay-E2A1,AC:8D:34:BF:4F:0C,5,-78,WPA2_PSK
2026-03-18 00:55:59,19.5308552,-99.0412979,,AC:8D:34:BF:4F:0E,5,-79,WPA2_PSK
2026-03-18 00:55:59,19.5308552,-99.0412979,Mega-2.4G-0CB1,EC:7C:2C:57:CC:3C,10,-79,WPA2_PSK
2026-03-18 00:55:59,19.5308552,-99.0412979,IZZI-6D3E,18:9C:27:3F:75:52,11,-79,WPA2_PSK
2026-03-18 00:55:59,19.5308552,-99.0412979,,8A:69:3D:8B:03:92,4,-80,WPA2_PSK
2026-03-18 00:55:59,19.5308552,-99.0412979,Club_Totalplay_WiFi,B2:A4:F0:05:30:37,4,-84,OPEN
2026-03-18 00:55:59,19.5308552,-99.0412979,,1A:9C:27:20:54:D5,6,-84,UNKNOWN
2026-03-18 00:55:59,19.5308552,-99.0412979,Totalplay-6DB5,B2:A4:F0:05:30:34,4,-86,WPA2_PSK
2026-03-18 00:55:59,19.5308552,-99.0412979,,B2:A4:F0:05:30:36,4,-86,WPA2_PSK
2026-03-18 00:56:15,19.5308552,-99.0412979,TOTALPLAY_ECBA0B,34:6B:46:EC:BA:0B,11,-47,WPA2_PSK
2026-03-18 00:56:15,19.5308552,-99.0412979,IZZI-29A4,94:04:E3:EF:29:A8,1,-58,WPA2_PSK
2026-03-18 00:56:15,19.5308552,-99.0412979,Club_Totalplay_WiFi,BC:47:32:02:FF:89,6,-60,OPEN
2026-03-18 00:56:15,19.5308552,-99.0412979,Home,18:A6:F7:BF:71:72,7,-61,WPA_WPA2_PSK
2026-03-18 00:56:15,19.5308552,-99.0412979,Mega_2.4G_D834,F4:E8:4F:FF:D8:34,3,-63,WPA2_PSK
2026-03-18 00:56:15,19.5308552,-99.0412979,Mega_2.4G_8B54,48:96:D9:26:8B:54,11,-65,WPA_WPA2_PSK
2026-03-18 00:56:15,19.5308552,-99.0412979,Ariadnazashyd_2.4G,BC:47:32:02:FF:88,6,-68,WPA_WPA2_PSK
2026-03-18 00:56:15,19.5308552,-99.0412979,Club_Totalplay_WiFi,3C:A3:7E:7F:5D:23,8,-69,OPEN
2026-03-18 00:56:15,19.5308552,-99.0412979,,3C:A3:7E:7F:5D:22,8,-69,WPA2_PSK
2026-03-18 00:56:15,19.5308552,-99.0412979,Hogar,A2:31:DB:A0:CC:C4,4,-70,WPA2_PSK
2026-03-18 00:56:15,19.5308552,-99.0412979,,A2:31:DB:A0:CC:C6,4,-70,WPA2_PSK
2026-03-18 00:56:15,19.5308552,-99.0412979,,A2:31:DB:A0:CC:C7,4,-70,OPEN
2026-03-18 00:56:15,19.5308552,-99.0412979,TOTALPLAY_E14025,3C:17:10:E1:40:25,11,-70,WPA2_PSK
2026-03-18 00:56:15,19.5308552,-99.0412979,ARRIS-FEF2,90:C7:92:49:FE:F0,1,-72,WPA_WPA2_PSK
2026-03-18 00:56:15,19.5308552,-99.0412979,Totalplay-1BAA,3C:A3:7E:7F:5D:20,8,-74,WPA2_PSK
2026-03-18 00:56:15,19.5308552,-99.0412979,Totalplay-14A5,A4:BD:C4:84:54:24,9,-74,WPA2_PSK
2026-03-18 00:56:15,19.5308552,-99.0412979,Totalplay-36B5,8A:69:3D:8B:03:90,4,-76,WPA2_PSK
2026-03-18 00:56:15,19.5308552,-99.0412979,,AC:8D:34:BF:4F:0F,5,-76,OPEN
2026-03-18 00:56:15,19.5308552,-99.0412979,TOTALPLAY_858582_2.4G,B0:5B:99:85:85:85,1,-78,WPA2_PSK
2026-03-18 00:56:15,19.5308552,-99.0412979,,8A:69:3D:8B:03:92,4,-78,WPA2_PSK
2026-03-18 00:56:15,19.5308552,-99.0412979,Totalplay-E2A1,AC:8D:34:BF:4F:0C,5,-78,WPA2_PSK
2026-03-18 00:56:15,19.5308552,-99.0412979,IZZI-6D3E,18:9C:27:3F:75:52,11,-78,WPA2_PSK
2026-03-18 00:56:15,19.5308552,-99.0412979,Club_Totalplay_WiFi,EC:E7:A2:67:E1:49,1,-79,OPEN
2026-03-18 00:56:15,19.5308552,-99.0412979,IZZI-D087,70:54:25:73:7A:49,6,-79,WPA2_PSK
2026-03-18 00:56:15,19.5308552,-99.0412979,INFINITUM90EE_2.4,94:FE:9D:C8:71:99,1,-80,WPA2_PSK
2026-03-18 00:56:15,19.5308552,-99.0412979,Tenda_1826F0,50:0F:F5:18:26:F1,5,-80,WPA_WPA2_PSK
2026-03-18 00:56:15,19.5308552,-99.0412979,ZTE Blade L9,6A:CC:48:23:CF:47,10,-81,WPA2_WPA3_PSK
2026-03-18 00:56:15,19.5308552,-99.0412979,Club_Totalplay_WiFi,D4:01:68:A8:5D:69,1,-83,OPEN
2026-03-18 00:56:15,19.5308552,-99.0412979,Club_Totalplay_WiFi,B2:A4:F0:05:30:37,4,-84,OPEN
2026-03-18 00:56:31,19.5308552,-99.0412979,TOTALPLAY_ECBA0B,34:6B:46:EC:BA:0B,11,-49,WPA2_PSK
2026-03-18 00:56:31,19.5308552,-99.0412979,IZZI-29A4,94:04:E3:EF:29:A8,1,-60,WPA2_PSK
2026-03-18 00:56:31,19.5308552,-99.0412979,Home,18:A6:F7:BF:71:72,7,-62,WPA_WPA2_PSK
2026-03-18 00:56:31,19.5308552,-99.0412979,Mega_2.4G_D834,F4:E8:4F:FF:D8:34,3,-63,WPA2_PSK
2026-03-18 00:56:31,19.5308552,-99.0412979,Hogar,A2:31:DB:A0:CC:C4,4,-63,WPA2_PSK
2026-03-18 00:56:31,19.5308552,-99.0412979,,A2:31:DB:A0:CC:C6,4,-63,WPA2_PSK
2026-03-18 00:56:31,19.5308552,-99.0412979,,A2:31:DB:A0:CC:C7,4,-64,OPEN
2026-03-18 00:56:31,19.5308552,-99.0412979,Ariadnazashyd_2.4G,BC:47:32:02:FF:88,6,-66,WPA_WPA2_PSK
2026-03-18 00:56:31,19.5308552,-99.0412979,Club_Totalplay_WiFi,BC:47:32:02:FF:89,6,-66,OPEN
2026-03-18 00:56:31,19.5308552,-99.0412979,Mega_2.4G_8B54,48:96:D9:26:8B:54,11,-66,WPA_WPA2_PSK
2026-03-18 00:56:31,19.5308552,-99.0412979,Club_Totalplay_WiFi,3C:A3:7E:7F:5D:23,8,-67,OPEN
2026-03-18 00:56:31,19.5308552,-99.0412979,,3C:A3:7E:7F:5D:22,8,-68,WPA2_PSK
2026-03-18 00:56:31,19.5308552,-99.0412979,Totalplay-1BAA,3C:A3:7E:7F:5D:20,8,-69,WPA2_PSK
2026-03-18 00:56:31,19.5308552,-99.0412979,TOTALPLAY_E14025,3C:17:10:E1:40:25,11,-70,WPA2_PSK
2026-03-18 00:56:31,19.5308552,-99.0412979,,A4:BD:C4:84:54:26,9,-72,WPA2_PSK
2026-03-18 00:56:31,19.5308552,-99.0412979,Nettowifi1WLAN,F4:1D:6B:2F:2A:88,2,-74,WPA2_PSK
2026-03-18 00:56:31,19.5308552,-99.0412979,TOTALPLAY_858582_2.4G,B0:5B:99:85:85:85,1,-77,WPA2_PSK
2026-03-18 00:56:31,19.5308552,-99.0412979,Totalplay-E2A1,AC:8D:34:BF:4F:0C,5,-77,WPA2_PSK
2026-03-18 00:56:31,19.5308552,-99.0412979,ARRIS-FEF2,90:C7:92:49:FE:F0,1,-78,WPA_WPA2_PSK
2026-03-18 00:56:31,19.5308552,-99.0412979,INFINITUM90EE_2.4,94:FE:9D:C8:71:99,1,-78,WPA2_PSK
2026-03-18 00:56:31,19.5308552,-99.0412979,Totalplay-36B5,8A:69:3D:8B:03:90,4,-78,WPA2_PSK
2026-03-18 00:56:31,19.5308552,-99.0412979,,AC:8D:34:BF:4F:0F,5,-78,OPEN
2026-03-18 00:56:31,19.5308552,-99.0412979,Club_Totalplay_WiFi,EC:E7:A2:67:E1:49,1,-79,OPEN
2026-03-18 00:56:31,19.5308552,-99.0412979,IZZI-6D3E,18:9C:27:3F:75:52,11,-79,WPA2_PSK
2026-03-18 00:56:31,19.5308552,-99.0412979,,72:54:25:23:7A:49,6,-81,UNKNOWN
2026-03-18 00:56:31,19.5308552,-99.0412979,IZZI-29F4,40:0F:C1:5D:29:F8,11,-82,WPA2_PSK
2026-03-18 00:56:31,19.5308552,-99.0412979,IZZI-FE1B,18:9C:27:40:54:D5,6,-83,WPA2_PSK
2026-03-18 00:56:31,19.5308552,-99.0412979,,B2:A4:F0:05:30:36,4,-85,WPA2_PSK
2026-03-18 00:56:47,19.5308552,-99.0412979,TOTALPLAY_ECBA0B,34:6B:46:EC:BA:0B,11,-49,WPA2_PSK
2026-03-18 00:56:47,19.5308552,-99.0412979,IZZI-29A4,94:04:E3:EF:29:A8,1,-60,WPA2_PSK
2026-03-18 00:56:47,19.5308552,-99.0412979,Mega_2.4G_D834,F4:E8:4F:FF:D8:34,3,-62,WPA2_PSK
2026-03-18 00:56:47,19.5308552,-99.0412979,Home,18:A6:F7:BF:71:72,7,-62,WPA_WPA2_PSK
2026-03-18 00:56:47,19.5308552,-99.0412979,Mega_2.4G_8B54,48:96:D9:26:8B:54,11,-65,WPA_WPA2_PSK
2026-03-18 00:56:47,19.5308552,-99.0412979,,A2:31:DB:A0:CC:C7,4,-66,OPEN
2026-03-18 00:56:47,19.5308552,-99.0412979,,A2:31:DB:A0:CC:C6,4,-66,WPA2_PSK
2026-03-18 00:56:47,19.5308552,-99.0412979,Club_Totalplay_WiFi,BC:47:32:02:FF:89,6,-66,OPEN
2026-03-18 00:56:47,19.5308552,-99.0412979,Ariadnazashyd_2.4G,BC:47:32:02:FF:88,6,-66,WPA_WPA2_PSK
2026-03-18 00:56:47,19.5308552,-99.0412979,Hogar,A2:31:DB:A0:CC:C4,4,-67,WPA2_PSK
2026-03-18 00:56:47,19.5308552,-99.0412979,Totalplay-1BAA,3C:A3:7E:7F:5D:20,8,-68,WPA2_PSK
2026-03-18 00:56:47,19.5308552,-99.0412979,Club_Totalplay_WiFi,3C:A3:7E:7F:5D:23,8,-68,OPEN
2026-03-18 00:56:47,19.5308552,-99.0412979,TOTALPLAY_E14025,3C:17:10:E1:40:25,11,-70,WPA2_PSK
2026-03-18 00:56:47,19.5308552,-99.0412979,ARRIS-FEF2,90:C7:92:49:FE:F0,1,-72,WPA_WPA2_PSK
2026-03-18 00:56:47,19.5308552,-99.0412979,,A4:BD:C4:84:54:26,9,-72,WPA2_PSK
2026-03-18 00:56:47,19.5308552,-99.0412979,,3C:A3:7E:7F:5D:22,8,-73,WPA2_PSK
2026-03-18 00:56:47,19.5308552,-99.0412979,Totalplay-14A5,A4:BD:C4:84:54:24,9,-73,WPA2_PSK
2026-03-18 00:56:47,19.5308552,-99.0412979,INFINITUM90EE_2.4,94:FE:9D:C8:71:99,1,-74,WPA2_PSK
2026-03-18 00:56:47,19.5308552,-99.0412979,Totalplay-2.4G-2d18,64:9D:F3:17:2D:18,6,-74,WPA2_PSK
2026-03-18 00:56:47,19.5308552,-99.0412979,Mega-2.4G-CDB1,78:DD:33:61:B6:CC,2,-76,WPA2_PSK
2026-03-18 00:56:47,19.5308552,-99.0412979,Totalplay-2.4G-e148,EC:E7:A2:67:E1:48,1,-77,WPA2_PSK
2026-03-18 00:56:47,19.5308552,-99.0412979,Tenda_1826F0,50:0F:F5:18:26:F1,5,-77,WPA_WPA2_PSK
2026-03-18 00:56:47,19.5308552,-99.0412979,Club_Totalplay_WiFi,EC:E7:A2:67:E1:49,1,-78,OPEN
2026-03-18 00:56:47,19.5308552,-99.0412979,Nettowifi1WLAN,F4:1D:6B:2F:2A:88,2,-78,WPA2_PSK
2026-03-18 00:56:47,19.5308552,-99.0412979,Totalplay-36B5,8A:69:3D:8B:03:90,4,-78,WPA2_PSK
2026-03-18 00:56:47,19.5308552,-99.0412979,Mega-2.4G-6AB2,E8:F9:D4:DF:F0:C4,9,-78,WPA2_PSK
2026-03-18 00:56:47,19.5308552,-99.0412979,TOTALPLAY_858582_2.4G,B0:5B:99:85:85:85,1,-79,WPA2_PSK
2026-03-18 00:56:47,19.5308552,-99.0412979,,8A:69:3D:8B:03:92,4,-79,WPA2_PSK
2026-03-18 00:56:47,19.5308552,-99.0412979,,AC:8D:34:BF:4F:0F,5,-79,OPEN
2026-03-18 00:56:47,19.5308552,-99.0412979,,E0:61:4A:F3:12:44,1,-80,OPEN
2026-03-18 00:56:47,19.5308552,-99.0412979,Totalplay-E2A1,AC:8D:34:BF:4F:0C,5,-80,WPA2_PSK
2026-03-18 00:56:47,19.5308552,-99.0412979,IZZI-D087,70:54:25:73:7A:49,6,-80,WPA2_PSK
2026-03-18 00:56:47,19.5308552,-99.0412979,IZZI-6D3E,18:9C:27:3F:75:52,11,-80,WPA2_PSK
2026-03-18 00:56:47,19.5308552,-99.0412979,,72:54:25:23:7A:49,6,-81,UNKNOWN
2026-03-18 00:56:47,19.5308552,-99.0412979,ZTE Blade L9,6A:CC:48:23:CF:47,10,-81,WPA2_WPA3_PSK
2026-03-18 00:56:47,19.5308552,-99.0412979,Mega-2.4G-0CB1,EC:7C:2C:57:CC:3C,10,-84,WPA2_PSK
2026-03-18 00:56:47,19.5308552,-99.0412979,IZZI-29F4,40:0F:C1:5D:29:F8,11,-84,WPA2_PSK
2026-03-18 00:57:03,19.5308552,-99.0412979,TOTALPLAY_ECBA0B,34:6B:46:EC:BA:0B,11,-47,WPA2_PSK
2026-03-18 00:57:03,19.5308552,-99.0412979,IZZI-29A4,94:04:E3:EF:29:A8,1,-60,WPA2_PSK
2026-03-18 00:57:03,19.5308552,-99.0412979,Mega_2.4G_D834,F4:E8:4F:FF:D8:34,3,-62,WPA2_PSK
2026-03-18 00:57:03,19.5308552,-99.0412979,Home,18:A6:F7:BF:71:72,7,-62,WPA_WPA2_PSK
2026-03-18 00:57:03,19.5308552,-99.0412979,Hogar,A2:31:DB:A0:CC:C4,4,-65,WPA2_PSK
2026-03-18 00:57:03,19.5308552,-99.0412979,,A2:31:DB:A0:CC:C6,4,-65,WPA2_PSK
2026-03-18 00:57:03,19.5308552,-99.0412979,Mega_2.4G_8B54,48:96:D9:26:8B:54,11,-65,WPA_WPA2_PSK
2026-03-18 00:57:03,19.5308552,-99.0412979,,A2:31:DB:A0:CC:C7,4,-67,OPEN
2026-03-18 00:57:03,19.5308552,-99.0412979,Ariadnazashyd_2.4G,BC:47:32:02:FF:88,6,-67,WPA_WPA2_PSK
2026-03-18 00:57:03,19.5308552,-99.0412979,Club_Totalplay_WiFi,BC:47:32:02:FF:89,6,-67,OPEN
2026-03-18 00:57:03,19.5308552,-99.0412979,Totalplay-1BAA,3C:A3:7E:7F:5D:20,8,-68,WPA2_PSK
2026-03-18 00:57:03,19.5308552,-99.0412979,TOTALPLAY_E14025,3C:17:10:E1:40:25,11,-68,WPA2_PSK
2026-03-18 00:57:03,19.5308552,-99.0412979,Club_Totalplay_WiFi,3C:A3:7E:7F:5D:23,8,-69,OPEN
2026-03-18 00:57:03,19.5308552,-99.0412979,ARRIS-FEF2,90:C7:92:49:FE:F0,1,-71,WPA_WPA2_PSK
2026-03-18 00:57:03,19.5308552,-99.0412979,,A4:BD:C4:84:54:26,9,-72,WPA2_PSK
2026-03-18 00:57:03,19.5308552,-99.0412979,Nettowifi1WLAN,F4:1D:6B:2F:2A:88,2,-73,WPA2_PSK
2026-03-18 00:57:03,19.5308552,-99.0412979,Mega-2.4G-CDB1,78:DD:33:61:B6:CC,2,-76,WPA2_PSK
2026-03-18 00:57:03,19.5308552,-99.0412979,Totalplay-2.4G-2d18,64:9D:F3:17:2D:18,6,-76,WPA2_PSK
2026-03-18 00:57:03,19.5308552,-99.0412979,TOTALPLAY_858582_2.4G,B0:5B:99:85:85:85,1,-77,WPA2_PSK
2026-03-18 00:57:03,19.5308552,-99.0412979,Totalplay-E2A1,AC:8D:34:BF:4F:0C,5,-78,WPA2_PSK
2026-03-18 00:57:03,19.5308552,-99.0412979,,AC:8D:34:BF:4F:0F,5,-78,OPEN
2026-03-18 00:57:03,19.5308552,-99.0412979,,8A:69:3D:8B:03:92,4,-79,WPA2_PSK
2026-03-18 00:57:03,19.5308552,-99.0412979,,1A:9C:27:2F:75:52,11,-79,UNKNOWN
2026-03-18 00:57:03,19.5308552,-99.0412979,IZZI-D087,70:54:25:73:7A:49,6,-80,WPA2_PSK
2026-03-18 00:57:03,19.5308552,-99.0412979,IZZI-FE1B,18:9C:27:40:54:D5,6,-81,WPA2_PSK
2026-03-18 00:57:03,19.5308552,-99.0412979,,72:54:25:23:7A:49,6,-81,UNKNOWN
2026-03-18 00:57:03,19.5308552,-99.0412979,,1A:9C:27:20:54:D5,6,-82,UNKNOWN
2026-03-18 00:57:03,19.5308552,-99.0412979,Mega-2.4G-0CB1,EC:7C:2C:57:CC:3C,10,-82,WPA2_PSK
2026-03-18 00:57:03,19.5308552,-99.0412979,ZTE Blade L9,6A:CC:48:23:CF:47,10,-83,WPA2_WPA3_PSK
2026-03-18 00:57:03,19.5308552,-99.0412979,IZZI-29F4,40:0F:C1:5D:29:F8,11,-86,WPA2_PSK
2026-03-18 00:57:19,19.5308552,-99.0412979,TOTALPLAY_ECBA0B,34:6B:46:EC:BA:0B,11,-48,WPA2_PSK
2026-03-18 00:57:19,19.5308552,-99.0412979,IZZI-29A4,94:04:E3:EF:29:A8,1,-60,WPA2_PSK
2026-03-18 00:57:19,19.5308552,-99.0412979,Home,18:A6:F7:BF:71:72,7,-61,WPA_WPA2_PSK
2026-03-18 00:57:19,19.5308552,-99.0412979,Mega_2.4G_D834,F4:E8:4F:FF:D8:34,3,-63,WPA2_PSK
2026-03-18 00:57:19,19.5308552,-99.0412979,Hogar,A2:31:DB:A0:CC:C4,4,-65,WPA2_PSK
2026-03-18 00:57:19,19.5308552,-99.0412979,Club_Totalplay_WiFi,BC:47:32:02:FF:89,6,-65,OPEN
2026-03-18 00:57:19,19.5308552,-99.0412979,Mega_2.4G_8B54,48:96:D9:26:8B:54,11,-65,WPA_WPA2_PSK
2026-03-18 00:57:19,19.5308552,-99.0412979,,A2:31:DB:A0:CC:C6,4,-66,WPA2_PSK
2026-03-18 00:57:19,19.5308552,-99.0412979,,A2:31:DB:A0:CC:C7,4,-66,OPEN
2026-03-18 00:57:19,19.5308552,-99.0412979,Ariadnazashyd_2.4G,BC:47:32:02:FF:88,6,-67,WPA_WPA2_PSK
2026-03-18 00:57:19,19.5308552,-99.0412979,,3C:A3:7E:7F:5D:22,8,-71,WPA2_PSK
2026-03-18 00:57:19,19.5308552,-99.0412979,TOTALPLAY_E14025,3C:17:10:E1:40:25,11,-71,WPA2_PSK
2026-03-18 00:57:19,19.5308552,-99.0412979,Totalplay-14A5,A4:BD:C4:84:54:24,9,-72,WPA2_PSK
2026-03-18 00:57:19,19.5308552,-99.0412979,ARRIS-FEF2,90:C7:92:49:FE:F0,1,-73,WPA_WPA2_PSK
2026-03-18 00:57:19,19.5308552,-99.0412979,Totalplay-36B5,8A:69:3D:8B:03:90,4,-74,WPA2_PSK
2026-03-18 00:57:19,19.5308552,-99.0412979,Totalplay-1BAA,3C:A3:7E:7F:5D:20,8,-75,WPA2_PSK
2026-03-18 00:57:19,19.5308552,-99.0412979,Totalplay-2.4G-2d18,64:9D:F3:17:2D:18,6,-76,WPA2_PSK
2026-03-18 00:57:19,19.5308552,-99.0412979,Club_Totalplay_WiFi,3C:A3:7E:7F:5D:23,8,-76,OPEN
2026-03-18 00:57:19,19.5308552,-99.0412979,Nettowifi1WLAN,F4:1D:6B:2F:2A:88,2,-78,WPA2_PSK
2026-03-18 00:57:19,19.5308552,-99.0412979,,AC:8D:34:BF:4F:0F,5,-78,OPEN
2026-03-18 00:57:19,19.5308552,-99.0412979,Mega-2.4G-6AB2,E8:F9:D4:DF:F0:C4,9,-79,WPA2_PSK
2026-03-18 00:57:19,19.5308552,-99.0412979,Totalplay-E2A1,AC:8D:34:BF:4F:0C,5,-80,WPA2_PSK
2026-03-18 00:57:19,19.5308552,-99.0412979,IZZI-6D3E,18:9C:27:3F:75:52,11,-82,WPA2_PSK
2026-03-18 00:57:19,19.5308552,-99.0412979,,1A:9C:27:20:54:D5,6,-84,UNKNOWN
2026-03-18 00:57:19,19.5308552,-99.0412979,IZZI-29F4,40:0F:C1:5D:29:F8,11,-84,WPA2_PSK
2026-03-18 00:57:19,19.5308552,-99.0412979,IZZI-AC81,0C:80:63:69:E2:C5,6,-85,WPA2_PSK
2026-03-18 00:57:19,19.5308552,-99.0412979,Totalplay-1C9C,58:F9:87:61:DB:E4,8,-85,WPA_WPA2_PSK
2026-03-18 00:57:19,19.5308552,-99.0412979,Mega_2.4G_C1FB,C0:49:43:71:C1:FB,6,-86,WPA_WPA2_PSK
2026-03-18 00:57:35,19.5308552,-99.0412979,TOTALPLAY_ECBA0B,34:6B:46:EC:BA:0B,11,-48,WPA2_PSK
2026-03-18 00:57:35,19.5308552,-99.0412979,IZZI-29A4,94:04:E3:EF:29:A8,1,-60,WPA2_PSK
2026-03-18 00:57:35,19.5308552,-99.0412979,Mega_2.4G_D834,F4:E8:4F:FF:D8:34,3,-62,WPA2_PSK
2026-03-18 00:57:35,19.5308552,-99.0412979,Home,18:A6:F7:BF:71:72,7,-62,WPA_WPA2_PSK
2026-03-18 00:57:35,19.5308552,-99.0412979,Mega_2.4G_8B54,48:96:D9:26:8B:54,11,-65,WPA_WPA2_PSK
2026-03-18 00:57:35,19.5308552,-99.0412979,,A2:31:DB:A0:CC:C7,4,-66,OPEN
2026-03-18 00:57:35,19.5308552,-99.0412979,,A2:31:DB:A0:CC:C6,4,-66,WPA2_PSK
2026-03-18 00:57:35,19.5308552,-99.0412979,Ariadnazashyd_2.4G,BC:47:32:02:FF:88,6,-66,WPA_WPA2_PSK
2026-03-18 00:57:35,19.5308552,-99.0412979,Club_Totalplay_WiFi,BC:47:32:02:FF:89,6,-66,OPEN
2026-03-18 00:57:35,19.5308552,-99.0412979,Hogar,A2:31:DB:A0:CC:C4,4,-68,WPA2_PSK
2026-03-18 00:57:35,19.5308552,-99.0412979,Totalplay-1BAA,3C:A3:7E:7F:5D:20,8,-68,WPA2_PSK
2026-03-18 00:57:35,19.5308552,-99.0412979,TOTALPLAY_E14025,3C:17:10:E1:40:25,11,-69,WPA2_PSK
2026-03-18 00:57:35,19.5308552,-99.0412979,Club_Totalplay_WiFi,3C:A3:7E:7F:5D:23,8,-72,OPEN
2026-03-18 00:57:35,19.5308552,-99.0412979,,3C:A3:7E:7F:5D:22,8,-73,WPA2_PSK
2026-03-18 00:57:35,19.5308552,-99.0412979,Totalplay-14A5,A4:BD:C4:84:54:24,9,-73,WPA2_PSK
2026-03-18 00:57:35,19.5308552,-99.0412979,ARRIS-FEF2,90:C7:92:49:FE:F0,1,-74,WPA_WPA2_PSK
2026-03-18 00:57:35,19.5308552,-99.0412979,Totalplay-2.4G-2d18,64:9D:F3:17:2D:18,6,-74,WPA2_PSK
2026-03-18 00:57:35,19.5308552,-99.0412979,,8A:69:3D:8B:03:92,4,-75,WPA2_PSK
2026-03-18 00:57:35,19.5308552,-99.0412979,Mega-2.4G-CDB1,78:DD:33:61:B6:CC,2,-77,WPA2_PSK
2026-03-18 00:57:35,19.5308552,-99.0412979,Totalplay-E2A1,AC:8D:34:BF:4F:0C,5,-77,WPA2_PSK
2026-03-18 00:57:35,19.5308552,-99.0412979,Nettowifi1WLAN,F4:1D:6B:2F:2A:88,2,-78,WPA2_PSK
2026-03-18 00:57:35,19.5308552,-99.0412979,Totalplay-36B5,8A:69:3D:8B:03:90,4,-78,WPA2_PSK
2026-03-18 00:57:35,19.5308552,-99.0412979,,AC:8D:34:BF:4F:0F,5,-78,OPEN
2026-03-18 00:57:35,19.5308552,-99.0412979,,AC:8D:34:BF:4F:0E,5,-78,WPA2_PSK
2026-03-18 00:57:35,19.5308552,-99.0412979,ZTE Blade L9,6A:CC:48:23:CF:47,10,-78,WPA2_WPA3_PSK
2026-03-18 00:57:35,19.5308552,-99.0412979,IZZI-D087,70:54:25:73:7A:49,6,-79,WPA2_PSK
2026-03-18 00:57:35,19.5308552,-99.0412979,IZZI-6D3E,18:9C:27:3F:75:52,11,-79,WPA2_PSK
2026-03-18 00:57:35,19.5308552,-99.0412979,IZZI-FE1B,18:9C:27:40:54:D5,6,-83,WPA2_PSK
2026-03-18 00:57:35,19.5308552,-99.0412979,,0A:FA:28:16:C3:56,10,-85,WPA2_PSK
2026-03-18 00:57:52,19.5308552,-99.0412979,TOTALPLAY_ECBA0B,34:6B:46:EC:BA:0B,11,-49,WPA2_PSK
2026-03-18 00:57:52,19.5308552,-99.0412979,IZZI-29A4,94:04:E3:EF:29:A8,1,-59,WPA2_PSK
2026-03-18 00:57:52,19.5308552,-99.0412979,Home,18:A6:F7:BF:71:72,7,-61,WPA_WPA2_PSK
2026-03-18 00:57:52,19.5308552,-99.0412979,Mega_2.4G_D834,F4:E8:4F:FF:D8:34,3,-64,WPA2_PSK
2026-03-18 00:57:52,19.5308552,-99.0412979,,A2:31:DB:A0:CC:C6,4,-64,WPA2_PSK
2026-03-18 00:57:52,19.5308552,-99.0412979,Hogar,A2:31:DB:A0:CC:C4,4,-65,WPA2_PSK
2026-03-18 00:57:52,19.5308552,-99.0412979,,A2:31:DB:A0:CC:C7,4,-65,OPEN
2026-03-18 00:57:52,19.5308552,-99.0412979,Mega_2.4G_8B54,48:96:D9:26:8B:54,11,-65,WPA_WPA2_PSK
2026-03-18 00:57:52,19.5308552,-99.0412979,Club_Totalplay_WiFi,BC:47:32:02:FF:89,6,-66,OPEN
2026-03-18 00:57:52,19.5308552,-99.0412979,Ariadnazashyd_2.4G,BC:47:32:02:FF:88,6,-67,WPA_WPA2_PSK
2026-03-18 00:57:52,19.5308552,-99.0412979,Club_Totalplay_WiFi,3C:A3:7E:7F:5D:23,8,-68,OPEN
2026-03-18 00:57:52,19.5308552,-99.0412979,TOTALPLAY_E14025,3C:17:10:E1:40:25,11,-68,WPA2_PSK
2026-03-18 00:57:52,19.5308552,-99.0412979,Totalplay-1BAA,3C:A3:7E:7F:5D:20,8,-69,WPA2_PSK
2026-03-18 00:57:52,19.5308552,-99.0412979,ARRIS-FEF2,90:C7:92:49:FE:F0,1,-73,WPA_WPA2_PSK
2026-03-18 00:57:52,19.5308552,-99.0412979,Totalplay-2.4G-2d18,64:9D:F3:17:2D:18,6,-73,WPA2_PSK
2026-03-18 00:57:52,19.5308552,-99.0412979,Mega-2.4G-CDB1,78:DD:33:61:B6:CC,2,-75,WPA2_PSK
2026-03-18 00:57:52,19.5308552,-99.0412979,INFINITUM90EE_2.4,94:FE:9D:C8:71:99,1,-77,WPA2_PSK
2026-03-18 00:57:52,19.5308552,-99.0412979,Club_Totalplay_WiFi,EC:E7:A2:67:E1:49,1,-77,OPEN
2026-03-18 00:57:52,19.5308552,-99.0412979,,AC:8D:34:BF:4F:0E,5,-77,WPA2_PSK
2026-03-18 00:57:52,19.5308552,-99.0412979,Nettowifi1WLAN,F4:1D:6B:2F:2A:88,2,-78,WPA2_PSK
2026-03-18 00:57:52,19.5308552,-99.0412979,Totalplay-36B5,8A:69:3D:8B:03:90,4,-78,WPA2_PSK
2026-03-18 00:57:52,19.5308552,-99.0412979,Totalplay-E2A1,AC:8D:34:BF:4F:0C,5,-78,WPA2_PSK
2026-03-18 00:57:52,19.5308552,-99.0412979,,72:54:25:23:7A:49,6,-79,UNKNOWN
2026-03-18 00:57:52,19.5308552,-99.0412979,INTERSHIP 2.4,D4:01:68:A8:5D:68,1,-80,WPA2_PSK
2026-03-18 00:57:52,19.5308552,-99.0412979,Totalplay-2.4G-e148,EC:E7:A2:67:E1:48,1,-80,WPA2_PSK
2026-03-18 00:57:52,19.5308552,-99.0412979,,AC:8D:34:BF:4F:0F,5,-80,OPEN
2026-03-18 00:57:52,19.5308552,-99.0412979,,1A:9C:27:20:54:D5,6,-80,UNKNOWN
2026-03-18 00:57:52,19.5308552,-99.0412979,IZZI-D087,70:54:25:73:7A:49,6,-80,WPA2_PSK
2026-03-18 00:57:52,19.5308552,-99.0412979,,A4:BD:C4:84:54:26,9,-80,WPA2_PSK
2026-03-18 00:57:52,19.5308552,-99.0412979,IZZI-6D3E,18:9C:27:3F:75:52,11,-80,WPA2_PSK
2026-03-18 00:57:52,19.5308552,-99.0412979,,1A:9C:27:2F:75:52,11,-80,UNKNOWN
2026-03-18 00:57:52,19.5308552,-99.0412979,Mega-2.4G-6AB2,E8:F9:D4:DF:F0:C4,9,-82,WPA2_PSK
2026-03-18 00:57:52,19.5308552,-99.0412979,Mega-2.4G-A7B2,B0:C7:87:72:D2:C4,7,-84,WPA2_PSK
2026-03-18 00:57:52,19.5308552,-99.0412979,ZTE Blade L9,6A:CC:48:23:CF:47,10,-84,WPA2_WPA3_PSK
2026-03-18 00:58:08,19.5308552,-99.0412979,TOTALPLAY_ECBA0B,34:6B:46:EC:BA:0B,11,-47,WPA2_PSK
2026-03-18 00:58:08,19.5308552,-99.0412979,IZZI-29A4,94:04:E3:EF:29:A8,1,-58,WPA2_PSK
2026-03-18 00:58:08,19.5308552,-99.0412979,Mega_2.4G_D834,F4:E8:4F:FF:D8:34,3,-63,WPA2_PSK
2026-03-18 00:58:08,19.5308552,-99.0412979,Home,18:A6:F7:BF:71:72,7,-63,WPA_WPA2_PSK
2026-03-18 00:58:08,19.5308552,-99.0412979,Hogar,A2:31:DB:A0:CC:C4,4,-64,WPA2_PSK
2026-03-18 00:58:08,19.5308552,-99.0412979,,A2:31:DB:A0:CC:C6,4,-64,WPA2_PSK
2026-03-18 00:58:08,19.5308552,-99.0412979,Club_Totalplay_WiFi,BC:47:32:02:FF:89,6,-64,OPEN
2026-03-18 00:58:08,19.5308552,-99.0412979,Ariadnazashyd_2.4G,BC:47:32:02:FF:88,6,-64,WPA_WPA2_PSK
2026-03-18 00:58:08,19.5308552,-99.0412979,,A2:31:DB:A0:CC:C7,4,-67,OPEN
2026-03-18 00:58:08,19.5308552,-99.0412979,Totalplay-1BAA,3C:A3:7E:7F:5D:20,8,-67,WPA2_PSK
2026-03-18 00:58:08,19.5308552,-99.0412979,TOTALPLAY_E14025,3C:17:10:E1:40:25,11,-68,WPA2_PSK
2026-03-18 00:58:08,19.5308552,-99.0412979,Club_Totalplay_WiFi,3C:A3:7E:7F:5D:23,8,-70,OPEN
2026-03-18 00:58:08,19.5308552,-99.0412979,Mega_2.4G_8B54,48:96:D9:26:8B:54,11,-70,WPA_WPA2_PSK
2026-03-18 00:58:08,19.5308552,-99.0412979,Nettowifi1WLAN,F4:1D:6B:2F:2A:88,2,-73,WPA2_PSK
2026-03-18 00:58:08,19.5308552,-99.0412979,ARRIS-FEF2,90:C7:92:49:FE:F0,1,-74,WPA_WPA2_PSK
2026-03-18 00:58:08,19.5308552,-99.0412979,,8A:69:3D:8B:03:92,4,-75,WPA2_PSK
2026-03-18 00:58:08,19.5308552,-99.0412979,Tenda_1826F0,50:0F:F5:18:26:F1,5,-76,WPA_WPA2_PSK
2026-03-18 00:58:08,19.5308552,-99.0412979,Totalplay-E2A1,AC:8D:34:BF:4F:0C,5,-77,WPA2_PSK
2026-03-18 00:58:08,19.5308552,-99.0412979,,72:54:25:23:7A:49,6,-77,UNKNOWN
2026-03-18 00:58:08,19.5308552,-99.0412979,INFINITUM90EE_2.4,94:FE:9D:C8:71:99,1,-78,WPA2_PSK
2026-03-18 00:58:08,19.5308552,-99.0412979,Totalplay-2.4G-e148,EC:E7:A2:67:E1:48,1,-79,WPA2_PSK
2026-03-18 00:58:08,19.5308552,-99.0412979,,1A:9C:27:2F:75:52,11,-80,UNKNOWN
2026-03-18 00:58:08,19.5308552,-99.0412979,Totalplay-1C9C,58:F9:87:61:DB:E4,8,-82,WPA_WPA2_PSK
2026-03-18 00:58:08,19.5308552,-99.0412979,IZZI-29F4,40:0F:C1:5D:29:F8,11,-85,WPA2_PSK
2026-03-18 00:58:08,19.5308552,-99.0412979,,0A:FA:28:16:C3:56,10,-88,WPA2_PSK
2026-03-18 00:58:24,19.5308552,-99.0412979,TOTALPLAY_ECBA0B,34:6B:46:EC:BA:0B,11,-46,WPA2_PSK
2026-03-18 00:58:24,19.5308552,-99.0412979,IZZI-29A4,94:04:E3:EF:29:A8,1,-59,WPA2_PSK
2026-03-18 00:58:24,19.5308552,-99.0412979,Ariadnazashyd_2.4G,BC:47:32:02:FF:88,6,-62,WPA_WPA2_PSK
2026-03-18 00:58:24,19.5308552,-99.0412979,Home,18:A6:F7:BF:71:72,7,-63,WPA_WPA2_PSK
2026-03-18 00:58:24,19.5308552,-99.0412979,Mega_2.4G_D834,F4:E8:4F:FF:D8:34,3,-64,WPA2_PSK
2026-03-18 00:58:24,19.5308552,-99.0412979,Hogar,A2:31:DB:A0:CC:C4,4,-64,WPA2_PSK
2026-03-18 00:58:24,19.5308552,-99.0412979,,A2:31:DB:A0:CC:C7,4,-65,OPEN
2026-03-18 00:58:24,19.5308552,-99.0412979,,A2:31:DB:A0:CC:C6,4,-65,WPA2_PSK
2026-03-18 00:58:24,19.5308552,-99.0412979,Mega_2.4G_8B54,48:96:D9:26:8B:54,11,-65,WPA_WPA2_PSK
2026-03-18 00:58:24,19.5308552,-99.0412979,Club_Totalplay_WiFi,BC:47:32:02:FF:89,6,-66,OPEN
2026-03-18 00:58:24,19.5308552,-99.0412979,,3C:A3:7E:7F:5D:22,8,-67,WPA2_PSK
2026-03-18 00:58:24,19.5308552,-99.0412979,TOTALPLAY_E14025,3C:17:10:E1:40:25,11,-67,WPA2_PSK
2026-03-18 00:58:24,19.5308552,-99.0412979,Club_Totalplay_WiFi,3C:A3:7E:7F:5D:23,8,-68,OPEN
2026-03-18 00:58:24,19.5308552,-99.0412979,Totalplay-2.4G-2d18,64:9D:F3:17:2D:18,6,-72,WPA2_PSK
2026-03-18 00:58:24,19.5308552,-99.0412979,Totalplay-1BAA,3C:A3:7E:7F:5D:20,8,-73,WPA2_PSK
2026-03-18 00:58:24,19.5308552,-99.0412979,ARRIS-FEF2,90:C7:92:49:FE:F0,1,-76,WPA_WPA2_PSK
2026-03-18 00:58:24,19.5308552,-99.0412979,Totalplay-2.4G-e148,EC:E7:A2:67:E1:48,1,-77,WPA2_PSK
2026-03-18 00:58:24,19.5308552,-99.0412979,Totalplay-E2A1,AC:8D:34:BF:4F:0C,5,-77,WPA2_PSK
2026-03-18 00:58:24,19.5308552,-99.0412979,,1A:9C:27:2F:75:52,11,-77,UNKNOWN
2026-03-18 00:58:24,19.5308552,-99.0412979,Totalplay-2.4G-1240,E0:61:4A:F3:12:41,1,-78,WPA_WPA2_PSK
2026-03-18 00:58:24,19.5308552,-99.0412979,Nettowifi1WLAN,F4:1D:6B:2F:2A:88,2,-78,WPA2_PSK
2026-03-18 00:58:24,19.5308552,-99.0412979,,8A:69:3D:8B:03:92,4,-78,WPA2_PSK
2026-03-18 00:58:24,19.5308552,-99.0412979,,AC:8D:34:BF:4F:0F,5,-78,OPEN
2026-03-18 00:58:24,19.5308552,-99.0412979,INFINITUM90EE_2.4,94:FE:9D:C8:71:99,1,-79,WPA2_PSK
2026-03-18 00:58:24,19.5308552,-99.0412979,Totalplay-36B5,8A:69:3D:8B:03:90,4,-79,WPA2_PSK
2026-03-18 00:58:24,19.5308552,-99.0412979,IZZI-6D3E,18:9C:27:3F:75:52,11,-79,WPA2_PSK
2026-03-18 00:58:24,19.5308552,-99.0412979,Club_Totalplay_WiFi,EC:E7:A2:67:E1:49,1,-80,OPEN
2026-03-18 00:58:24,19.5308552,-99.0412979,IZZI-D087,70:54:25:73:7A:49,6,-80,WPA2_PSK
2026-03-18 00:58:24,19.5308552,-99.0412979,IZZI-083E,70:4F:B8:F8:E4:1D,11,-86,WPA2_PSK
2026-03-18 00:58:40,19.5308552,-99.0412979,TOTALPLAY_ECBA0B,34:6B:46:EC:BA:0B,11,-48,WPA2_PSK
2026-03-18 00:58:40,19.5308552,-99.0412979,IZZI-29A4,94:04:E3:EF:29:A8,1,-60,WPA2_PSK
2026-03-18 00:58:40,19.5308552,-99.0412979,Home,18:A6:F7:BF:71:72,7,-62,WPA_WPA2_PSK
2026-03-18 00:58:40,19.5308552,-99.0412979,,A2:31:DB:A0:CC:C7,4,-65,OPEN
2026-03-18 00:58:40,19.5308552,-99.0412979,Hogar,A2:31:DB:A0:CC:C4,4,-65,WPA2_PSK
2026-03-18 00:58:40,19.5308552,-99.0412979,Ariadnazashyd_2.4G,BC:47:32:02:FF:88,6,-65,WPA_WPA2_PSK
2026-03-18 00:58:40,19.5308552,-99.0412979,,A2:31:DB:A0:CC:C6,4,-66,WPA2_PSK
2026-03-18 00:58:40,19.5308552,-99.0412979,Club_Totalplay_WiFi,BC:47:32:02:FF:89,6,-66,OPEN
2026-03-18 00:58:40,19.5308552,-99.0412979,Mega_2.4G_8B54,48:96:D9:26:8B:54,11,-66,WPA_WPA2_PSK
2026-03-18 00:58:40,19.5308552,-99.0412979,Totalplay-14A5,A4:BD:C4:84:54:24,9,-67,WPA2_PSK
2026-03-18 00:58:40,19.5308552,-99.0412979,,A4:BD:C4:84:54:26,9,-67,WPA2_PSK
2026-03-18 00:58:40,19.5308552,-99.0412979,Mega_2.4G_D834,F4:E8:4F:FF:D8:34,3,-69,WPA2_PSK
2026-03-18 00:58:40,19.5308552,-99.0412979,Club_Totalplay_WiFi,3C:A3:7E:7F:5D:23,8,-69,OPEN
2026-03-18 00:58:40,19.5308552,-99.0412979,TOTALPLAY_E14025,3C:17:10:E1:40:25,11,-69,WPA2_PSK
2026-03-18 00:58:40,19.5308552,-99.0412979,,3C:A3:7E:7F:5D:22,8,-71,WPA2_PSK
2026-03-18 00:58:40,19.5308552,-99.0412979,Totalplay-1BAA,3C:A3:7E:7F:5D:20,8,-72,WPA2_PSK
2026-03-18 00:58:40,19.5308552,-99.0412979,Totalplay-36B5,8A:69:3D:8B:03:90,4,-75,WPA2_PSK
2026-03-18 00:58:40,19.5308552,-99.0412979,,8A:69:3D:8B:03:92,4,-75,WPA2_PSK
2026-03-18 00:58:40,19.5308552,-99.0412979,,8A:69:3D:8B:03:93,4,-75,OPEN
2026-03-18 00:58:40,19.5308552,-99.0412979,Totalplay-2.4G-2d18,64:9D:F3:17:2D:18,6,-76,WPA2_PSK
2026-03-18 00:58:40,19.5308552,-99.0412979,Totalplay-E2A1,AC:8D:34:BF:4F:0C,5,-77,WPA2_PSK
2026-03-18 00:58:40,19.5308552,-99.0412979,,AC:8D:34:BF:4F:0F,5,-77,OPEN
2026-03-18 00:58:40,19.5308552,-99.0412979,,1A:9C:27:2F:75:52,11,-79,UNKNOWN
2026-03-18 00:58:40,19.5308552,-99.0412979,IZZI-D087,70:54:25:73:7A:49,6,-80,WPA2_PSK
2026-03-18 00:58:40,19.5308552,-99.0412979,IZZI-6D3E,18:9C:27:3F:75:52,11,-80,WPA2_PSK
2026-03-18 00:58:40,19.5308552,-99.0412979,Club_Totalplay_WiFi,D4:01:68:A8:5D:69,1,-81,OPEN
2026-03-18 00:58:40,19.5308552,-99.0412979,,72:54:25:23:7A:49,6,-81,UNKNOWN
2026-03-18 00:58:40,19.5308552,-99.0412979,IZZI-AC81,0C:80:63:69:E2:C5,6,-83,WPA2_PSK
2026-03-18 00:58:56,19.5308552,-99.0412979,TOTALPLAY_ECBA0B,34:6B:46:EC:BA:0B,11,-47,WPA2_PSK
2026-03-18 00:58:56,19.5308552,-99.0412979,IZZI-29A4,94:04:E3:EF:29:A8,1,-59,WPA2_PSK
2026-03-18 00:58:56,19.5308552,-99.0412979,Home,18:A6:F7:BF:71:72,7,-61,WPA_WPA2_PSK
2026-03-18 00:58:56,19.5308552,-99.0412979,Mega_2.4G_D834,F4:E8:4F:FF:D8:34,3,-63,WPA2_PSK
2026-03-18 00:58:56,19.5308552,-99.0412979,Hogar,A2:31:DB:A0:CC:C4,4,-65,WPA2_PSK
2026-03-18 00:58:56,19.5308552,-99.0412979,,A2:31:DB:A0:CC:C7,4,-65,OPEN
2026-03-18 00:58:56,19.5308552,-99.0412979,Mega_2.4G_8B54,48:96:D9:26:8B:54,11,-65,WPA_WPA2_PSK
2026-03-18 00:58:56,19.5308552,-99.0412979,,A2:31:DB:A0:CC:C6,4,-66,WPA2_PSK
2026-03-18 00:58:56,19.5308552,-99.0412979,Ariadnazashyd_2.4G,BC:47:32:02:FF:88,6,-67,WPA_WPA2_PSK
2026-03-18 00:58:56,19.5308552,-99.0412979,Totalplay-1BAA,3C:A3:7E:7F:5D:20,8,-68,WPA2_PSK
2026-03-18 00:58:56,19.5308552,-99.0412979,TOTALPLAY_E14025,3C:17:10:E1:40:25,11,-69,WPA2_PSK
2026-03-18 00:58:56,19.5308552,-99.0412979,Totalplay-14A5,A4:BD:C4:84:54:24,9,-72,WPA2_PSK
2026-03-18 00:58:56,19.5308552,-99.0412979,,A4:BD:C4:84:54:26,9,-72,WPA2_PSK
2026-03-18 00:58:56,19.5308552,-99.0412979,Club_Totalplay_WiFi,BC:47:32:02:FF:89,6,-73,OPEN
2026-03-18 00:58:56,19.5308552,-99.0412979,Totalplay-2.4G-2d18,64:9D:F3:17:2D:18,6,-73,WPA2_PSK
2026-03-18 00:58:56,19.5308552,-99.0412979,Club_Totalplay_WiFi,3C:A3:7E:7F:5D:23,8,-74,OPEN
2026-03-18 00:58:56,19.5308552,-99.0412979,IZZI-D087,70:54:25:73:7A:49,6,-75,WPA2_PSK
2026-03-18 00:58:56,19.5308552,-99.0412979,INFINITUM90EE_2.4,94:FE:9D:C8:71:99,1,-76,WPA2_PSK
2026-03-18 00:58:56,19.5308552,-99.0412979,Totalplay-2.4G-e148,EC:E7:A2:67:E1:48,1,-76,WPA2_PSK
2026-03-18 00:58:56,19.5308552,-99.0412979,ARRIS-FEF2,90:C7:92:49:FE:F0,1,-76,WPA_WPA2_PSK
2026-03-18 00:58:56,19.5308552,-99.0412979,Nettowifi1WLAN,F4:1D:6B:2F:2A:88,2,-78,WPA2_PSK
2026-03-18 00:58:56,19.5308552,-99.0412979,,8A:69:3D:8B:03:92,4,-78,WPA2_PSK
2026-03-18 00:58:56,19.5308552,-99.0412979,Totalplay-E2A1,AC:8D:34:BF:4F:0C,5,-78,WPA2_PSK
2026-03-18 00:58:56,19.5308552,-99.0412979,TOTALPLAY_858582_2.4G,B0:5B:99:85:85:85,1,-79,WPA2_PSK
2026-03-18 00:58:56,19.5308552,-99.0412979,,1A:9C:27:2F:75:52,11,-79,UNKNOWN
2026-03-18 00:58:56,19.5308552,-99.0412979,,1A:9C:27:20:54:D5,6,-81,UNKNOWN
2026-03-18 00:58:56,19.5308552,-99.0412979,IZZI-6D3E,18:9C:27:3F:75:52,11,-81,WPA2_PSK
2026-03-18 00:58:56,19.5308552,-99.0412979,IZZI-FE1B,18:9C:27:40:54:D5,6,-84,WPA2_PSK
2026-03-18 00:58:56,19.5308552,-99.0412979,IZZI-29F4,40:0F:C1:5D:29:F8,11,-84,WPA2_PSK
2026-03-18 00:59:12,19.5308552,-99.0412979,TOTALPLAY_ECBA0B,34:6B:46:EC:BA:0B,11,-48,WPA2_PSK
2026-03-18 00:59:12,19.5308552,-99.0412979,IZZI-29A4,94:04:E3:EF:29:A8,1,-60,WPA2_PSK
2026-03-18 00:59:12,19.5308552,-99.0412979,Home,18:A6:F7:BF:71:72,7,-62,WPA_WPA2_PSK
2026-03-18 00:59:12,19.5308552,-99.0412979,Mega_2.4G_D834,F4:E8:4F:FF:D8:34,3,-63,WPA2_PSK
2026-03-18 00:59:12,19.5308552,-99.0412979,Mega_2.4G_8B54,48:96:D9:26:8B:54,11,-65,WPA_WPA2_PSK
2026-03-18 00:59:12,19.5308552,-99.0412979,Ariadnazashyd_2.4G,BC:47:32:02:FF:88,6,-66,WPA_WPA2_PSK
2026-03-18 00:59:12,19.5308552,-99.0412979,Club_Totalplay_WiFi,BC:47:32:02:FF:89,6,-67,OPEN
2026-03-18 00:59:12,19.5308552,-99.0412979,Totalplay-1BAA,3C:A3:7E:7F:5D:20,8,-68,WPA2_PSK
2026-03-18 00:59:12,19.5308552,-99.0412979,ARRIS-FEF2,90:C7:92:49:FE:F0,1,-69,WPA_WPA2_PSK
2026-03-18 00:59:12,19.5308552,-99.0412979,Club_Totalplay_WiFi,3C:A3:7E:7F:5D:23,8,-69,OPEN
2026-03-18 00:59:12,19.5308552,-99.0412979,Totalplay-14A5,A4:BD:C4:84:54:24,9,-71,WPA2_PSK
2026-03-18 00:59:12,19.5308552,-99.0412979,TOTALPLAY_E14025,3C:17:10:E1:40:25,11,-71,WPA2_PSK
2026-03-18 00:59:12,19.5308552,-99.0412979,Hogar,A2:31:DB:A0:CC:C4,4,-72,WPA2_PSK
2026-03-18 00:59:12,19.5308552,-99.0412979,,A2:31:DB:A0:CC:C6,4,-72,WPA2_PSK
2026-03-18 00:59:12,19.5308552,-99.0412979,,A2:31:DB:A0:CC:C7,4,-72,OPEN
2026-03-18 00:59:12,19.5308552,-99.0412979,,3C:A3:7E:7F:5D:22,8,-72,WPA2_PSK
2026-03-18 00:59:12,19.5308552,-99.0412979,,A4:BD:C4:84:54:26,9,-72,WPA2_PSK
2026-03-18 00:59:12,19.5308552,-99.0412979,Totalplay-E2A1,AC:8D:34:BF:4F:0C,5,-74,WPA2_PSK
2026-03-18 00:59:12,19.5308552,-99.0412979,Totalplay-2.4G-2d18,64:9D:F3:17:2D:18,6,-76,WPA2_PSK
2026-03-18 00:59:12,19.5308552,-99.0412979,TOTALPLAY_858582_2.4G,B0:5B:99:85:85:85,1,-77,WPA2_PSK
2026-03-18 00:59:12,19.5308552,-99.0412979,Nettowifi1WLAN,F4:1D:6B:2F:2A:88,2,-77,WPA2_PSK
2026-03-18 00:59:12,19.5308552,-99.0412979,Totalplay-2.4G-e148,EC:E7:A2:67:E1:48,1,-78,WPA2_PSK
2026-03-18 00:59:12,19.5308552,-99.0412979,INFINITUM90EE_2.4,94:FE:9D:C8:71:99,1,-78,WPA2_PSK
2026-03-18 00:59:12,19.5308552,-99.0412979,Tenda_1826F0,50:0F:F5:18:26:F1,5,-78,WPA_WPA2_PSK
2026-03-18 00:59:12,19.5308552,-99.0412979,Mega-2.4G-CDB1,78:DD:33:61:B6:CC,2,-79,WPA2_PSK
2026-03-18 00:59:12,19.5308552,-99.0412979,,8A:69:3D:8B:03:92,4,-79,WPA2_PSK
2026-03-18 00:59:12,19.5308552,-99.0412979,IZZI-6D3E,18:9C:27:3F:75:52,11,-79,WPA2_PSK
2026-03-18 00:59:12,19.5308552,-99.0412979,,1A:9C:27:2F:75:52,11,-80,UNKNOWN
2026-03-18 00:59:12,19.5308552,-99.0412979,Club_Totalplay_WiFi,EC:E7:A2:67:E1:49,1,-82,OPEN
2026-03-18 00:59:12,19.5308552,-99.0412979,Mega-2.4G-0CB1,EC:7C:2C:57:CC:3C,10,-83,WPA2_PSK
2026-03-18 00:59:12,19.5308552,-99.0412979,Totalplay-1C9C,58:F9:87:61:DB:E4,8,-84,WPA_WPA2_PSK
2026-03-18 00:59:12,19.5308552,-99.0412979,ZTE Blade L9,6A:CC:48:23:CF:47,10,-84,WPA2_WPA3_PSK
2026-03-18 00:59:12,19.5308552,-99.0412979,IZZI-AC81,0C:80:63:69:E2:C5,6,-85,WPA2_PSK
2026-03-18 00:59:12,19.5308552,-99.0412979,IZZI-29F4,40:0F:C1:5D:29:F8,11,-85,WPA2_PSK
2026-03-18 00:59:12,19.5308552,-99.0412979,IZZI-083E,70:4F:B8:F8:E4:1D,11,-87,WPA2_PSK
2026-03-18 00:59:29,19.5308552,-99.0412979,TOTALPLAY_ECBA0B,34:6B:46:EC:BA:0B,11,-46,WPA2_PSK
2026-03-18 00:59:29,19.5308552,-99.0412979,IZZI-29A4,94:04:E3:EF:29:A8,1,-59,WPA2_PSK
2026-03-18 00:59:29,19.5308552,-99.0412979,Home,18:A6:F7:BF:71:72,7,-60,WPA_WPA2_PSK
2026-03-18 00:59:29,19.5308552,-99.0412979,Club_Totalplay_WiFi,BC:47:32:02:FF:89,6,-61,OPEN
2026-03-18 00:59:29,19.5308552,-99.0412979,Mega_2.4G_D834,F4:E8:4F:FF:D8:34,3,-63,WPA2_PSK
2026-03-18 00:59:29,19.5308552,-99.0412979,Ariadnazashyd_2.4G,BC:47:32:02:FF:88,6,-64,WPA_WPA2_PSK
2026-03-18 00:59:29,19.5308552,-99.0412979,,A2:31:DB:A0:CC:C6,4,-65,WPA2_PSK
2026-03-18 00:59:29,19.5308552,-99.0412979,Hogar,A2:31:DB:A0:CC:C4,4,-66,WPA2_PSK
2026-03-18 00:59:29,19.5308552,-99.0412979,,A2:31:DB:A0:CC:C7,4,-66,OPEN
2026-03-18 00:59:29,19.5308552,-99.0412979,Mega_2.4G_8B54,48:96:D9:26:8B:54,11,-66,WPA_WPA2_PSK
2026-03-18 00:59:29,19.5308552,-99.0412979,ARRIS-FEF2,90:C7:92:49:FE:F0,1,-67,WPA_WPA2_PSK
2026-03-18 00:59:29,19.5308552,-99.0412979,,3C:A3:7E:7F:5D:22,8,-68,WPA2_PSK
2026-03-18 00:59:29,19.5308552,-99.0412979,TOTALPLAY_E14025,3C:17:10:E1:40:25,11,-69,WPA2_PSK
2026-03-18 00:59:29,19.5308552,-99.0412979,Club_Totalplay_WiFi,3C:A3:7E:7F:5D:23,8,-71,OPEN
2026-03-18 00:59:29,19.5308552,-99.0412979,Totalplay-14A5,A4:BD:C4:84:54:24,9,-71,WPA2_PSK
2026-03-18 00:59:29,19.5308552,-99.0412979,Totalplay-1BAA,3C:A3:7E:7F:5D:20,8,-74,WPA2_PSK
2026-03-18 00:59:29,19.5308552,-99.0412979,Totalplay-2.4G-2d18,64:9D:F3:17:2D:18,6,-75,WPA2_PSK
2026-03-18 00:59:29,19.5308552,-99.0412979,,AC:8D:34:BF:4F:0F,5,-76,OPEN
2026-03-18 00:59:29,19.5308552,-99.0412979,Club_Totalplay_WiFi,EC:E7:A2:67:E1:49,1,-77,OPEN
2026-03-18 00:59:29,19.5308552,-99.0412979,INFINITUM90EE_2.4,94:FE:9D:C8:71:99,1,-77,WPA2_PSK
2026-03-18 00:59:29,19.5308552,-99.0412979,Nettowifi1WLAN,F4:1D:6B:2F:2A:88,2,-78,WPA2_PSK
2026-03-18 00:59:29,19.5308552,-99.0412979,Mega-2.4G-CDB1,78:DD:33:61:B6:CC,2,-79,WPA2_PSK
2026-03-18 00:59:29,19.5308552,-99.0412979,Totalplay-36B5,8A:69:3D:8B:03:90,4,-79,WPA2_PSK
2026-03-18 00:59:29,19.5308552,-99.0412979,,8A:69:3D:8B:03:92,4,-79,WPA2_PSK
2026-03-18 00:59:29,19.5308552,-99.0412979,IZZI-FE1B,18:9C:27:40:54:D5,6,-81,WPA2_PSK
2026-03-18 00:59:29,19.5308552,-99.0412979,IZZI-D087,70:54:25:73:7A:49,6,-81,WPA2_PSK
2026-03-18 00:59:29,19.5308552,-99.0412979,Totalplay-E2A1,AC:8D:34:BF:4F:0C,5,-82,WPA2_PSK
2026-03-18 00:59:29,19.5308552,-99.0412979,,72:54:25:23:7A:49,6,-82,UNKNOWN
2026-03-18 00:59:29,19.5308552,-99.0412979,Club_Totalplay_WiFi,0A:FA:28:16:C3:57,10,-88,OPEN
2026-03-18 00:59:45,19.5308552,-99.0412979,TOTALPLAY_ECBA0B,34:6B:46:EC:BA:0B,11,-49,WPA2_PSK
2026-03-18 00:59:45,19.5308552,-99.0412979,IZZI-29A4,94:04:E3:EF:29:A8,1,-59,WPA2_PSK
2026-03-18 00:59:45,19.5308552,-99.0412979,Home,18:A6:F7:BF:71:72,7,-60,WPA_WPA2_PSK
2026-03-18 00:59:45,19.5308552,-99.0412979,Mega_2.4G_D834,F4:E8:4F:FF:D8:34,3,-64,WPA2_PSK
2026-03-18 00:59:45,19.5308552,-99.0412979,Hogar,A2:31:DB:A0:CC:C4,4,-65,WPA2_PSK
2026-03-18 00:59:45,19.5308552,-99.0412979,,A2:31:DB:A0:CC:C7,4,-65,OPEN
2026-03-18 00:59:45,19.5308552,-99.0412979,,A2:31:DB:A0:CC:C6,4,-65,WPA2_PSK
2026-03-18 00:59:45,19.5308552,-99.0412979,Ariadnazashyd_2.4G,BC:47:32:02:FF:88,6,-65,WPA_WPA2_PSK
2026-03-18 00:59:45,19.5308552,-99.0412979,Club_Totalplay_WiFi,BC:47:32:02:FF:89,6,-65,OPEN
2026-03-18 00:59:45,19.5308552,-99.0412979,Totalplay-1BAA,3C:A3:7E:7F:5D:20,8,-67,WPA2_PSK
2026-03-18 00:59:45,19.5308552,-99.0412979,Mega_2.4G_8B54,48:96:D9:26:8B:54,11,-67,WPA_WPA2_PSK
2026-03-18 00:59:45,19.5308552,-99.0412979,TOTALPLAY_E14025,3C:17:10:E1:40:25,11,-69,WPA2_PSK
2026-03-18 00:59:45,19.5308552,-99.0412979,Club_Totalplay_WiFi,3C:A3:7E:7F:5D:23,8,-70,OPEN
2026-03-18 00:59:45,19.5308552,-99.0412979,Totalplay-14A5,A4:BD:C4:84:54:24,9,-72,WPA2_PSK
2026-03-18 00:59:45,19.5308552,-99.0412979,ARRIS-FEF2,90:C7:92:49:FE:F0,1,-73,WPA_WPA2_PSK
2026-03-18 00:59:45,19.5308552,-99.0412979,Totalplay-2.4G-2d18,64:9D:F3:17:2D:18,6,-76,WPA2_PSK
2026-03-18 00:59:45,19.5308552,-99.0412979,INFINITUM90EE_2.4,94:FE:9D:C8:71:99,1,-77,WPA2_PSK
2026-03-18 00:59:45,19.5308552,-99.0412979,,8A:69:3D:8B:03:92,4,-77,WPA2_PSK
2026-03-18 00:59:45,19.5308552,-99.0412979,Totalplay-E2A1,AC:8D:34:BF:4F:0C,5,-77,WPA2_PSK
2026-03-18 00:59:45,19.5308552,-99.0412979,Club_Totalplay_WiFi,EC:E7:A2:67:E1:49,1,-78,OPEN
2026-03-18 00:59:45,19.5308552,-99.0412979,,AC:8D:34:BF:4F:0F,5,-78,OPEN
2026-03-18 00:59:45,19.5308552,-99.0412979,Tenda_1826F0,50:0F:F5:18:26:F1,5,-78,WPA_WPA2_PSK
2026-03-18 00:59:45,19.5308552,-99.0412979,TOTALPLAY_858582_2.4G,B0:5B:99:85:85:85,1,-79,WPA2_PSK
2026-03-18 00:59:45,19.5308552,-99.0412979,Nettowifi1WLAN,F4:1D:6B:2F:2A:88,2,-79,WPA2_PSK
2026-03-18 00:59:45,19.5308552,-99.0412979,,1A:9C:27:20:54:D5,6,-79,UNKNOWN
2026-03-18 00:59:45,19.5308552,-99.0412979,,E0:61:4A:F3:12:44,1,-80,OPEN
2026-03-18 00:59:45,19.5308552,-99.0412979,ZTE Blade L9,6A:CC:48:23:CF:47,10,-80,WPA2_WPA3_PSK
2026-03-18 00:59:45,19.5308552,-99.0412979,IZZI-6D3E,18:9C:27:3F:75:52,11,-80,WPA2_PSK
2026-03-18 00:59:45,19.5308552,-99.0412979,Totalplay-2.4G-e148,EC:E7:A2:67:E1:48,1,-81,WPA2_PSK
2026-03-18 00:59:45,19.5308552,-99.0412979,,72:54:25:23:7A:49,6,-81,UNKNOWN
2026-03-18 00:59:45,19.5308552,-99.0412979,IZZI-D087,70:54:25:73:7A:49,6,-81,WPA2_PSK
2026-03-18 00:59:45,19.5308552,-99.0412979,,1A:9C:27:2F:75:52,11,-81,UNKNOWN
2026-03-18 00:59:45,19.5308552,-99.0412979,Mega-2.4G-6AB2,E8:F9:D4:DF:F0:C4,9,-83,WPA2_PSK
2026-03-18 00:59:45,19.5308552,-99.0412979,IZZI-FE1B,18:9C:27:40:54:D5,6,-84,WPA2_PSK
2026-03-18 01:00:01,19.5308552,-99.0412979,TOTALPLAY_ECBA0B,34:6B:46:EC:BA:0B,11,-51,WPA2_PSK
2026-03-18 01:00:01,19.5308552,-99.0412979,IZZI-29A4,94:04:E3:EF:29:A8,1,-59,WPA2_PSK
2026-03-18 01:00:01,19.5308552,-99.0412979,Mega_2.4G_D834,F4:E8:4F:FF:D8:34,3,-62,WPA2_PSK
2026-03-18 01:00:01,19.5308552,-99.0412979,Hogar,A2:31:DB:A0:CC:C4,4,-65,WPA2_PSK
2026-03-18 01:00:01,19.5308552,-99.0412979,Mega_2.4G_8B54,48:96:D9:26:8B:54,11,-65,WPA_WPA2_PSK
2026-03-18 01:00:01,19.5308552,-99.0412979,,A2:31:DB:A0:CC:C6,4,-66,WPA2_PSK
2026-03-18 01:00:01,19.5308552,-99.0412979,,A2:31:DB:A0:CC:C7,4,-66,OPEN
2026-03-18 01:00:01,19.5308552,-99.0412979,Club_Totalplay_WiFi,BC:47:32:02:FF:89,6,-66,OPEN
2026-03-18 01:00:01,19.5308552,-99.0412979,Ariadnazashyd_2.4G,BC:47:32:02:FF:88,6,-66,WPA_WPA2_PSK
2026-03-18 01:00:01,19.5308552,-99.0412979,,3C:A3:7E:7F:5D:22,8,-67,WPA2_PSK
2026-03-18 01:00:01,19.5308552,-99.0412979,Club_Totalplay_WiFi,3C:A3:7E:7F:5D:23,8,-69,OPEN
2026-03-18 01:00:01,19.5308552,-99.0412979,Totalplay-1BAA,3C:A3:7E:7F:5D:20,8,-70,WPA2_PSK
2026-03-18 01:00:01,19.5308552,-99.0412979,TOTALPLAY_E14025,3C:17:10:E1:40:25,11,-70,WPA2_PSK
2026-03-18 01:00:01,19.5308552,-99.0412979,Totalplay-14A5,A4:BD:C4:84:54:24,9,-73,WPA2_PSK
2026-03-18 01:00:01,19.5308552,-99.0412979,,A4:BD:C4:84:54:26,9,-75,WPA2_PSK
2026-03-18 01:00:01,19.5308552,-99.0412979,INFINITUM90EE_2.4,94:FE:9D:C8:71:99,1,-76,WPA2_PSK
2026-03-18 01:00:01,19.5308552,-99.0412979,Tenda_1826F0,50:0F:F5:18:26:F1,5,-76,WPA_WPA2_PSK
2026-03-18 01:00:01,19.5308552,-99.0412979,Totalplay-2.4G-2d18,64:9D:F3:17:2D:18,6,-76,WPA2_PSK
2026-03-18 01:00:01,19.5308552,-99.0412979,Nettowifi1WLAN,F4:1D:6B:2F:2A:88,2,-77,WPA2_PSK
2026-03-18 01:00:01,19.5308552,-99.0412979,ARRIS-FEF2,90:C7:92:49:FE:F0,1,-78,WPA_WPA2_PSK
2026-03-18 01:00:01,19.5308552,-99.0412979,,8A:69:3D:8B:03:92,4,-78,WPA2_PSK
2026-03-18 01:00:01,19.5308552,-99.0412979,Totalplay-E2A1,AC:8D:34:BF:4F:0C,5,-79,WPA2_PSK
2026-03-18 01:00:01,19.5308552,-99.0412979,IZZI-6D3E,18:9C:27:3F:75:52,11,-80,WPA2_PSK
2026-03-18 01:00:01,19.5308552,-99.0412979,,1A:9C:27:2F:75:52,11,-80,UNKNOWN
2026-03-18 01:00:01,19.5308552,-99.0412979,,72:54:25:23:7A:49,6,-81,UNKNOWN
2026-03-18 01:00:01,19.5308552,-99.0412979,Mega-2.4G-6AB2,E8:F9:D4:DF:F0:C4,9,-83,WPA2_PSK
2026-03-18 01:00:01,19.5308552,-99.0412979,IZZI-FE1B,18:9C:27:40:54:D5,6,-86,WPA2_PSK
2026-03-18 01:00:17,19.5308552,-99.0412979,TOTALPLAY_ECBA0B,34:6B:46:EC:BA:0B,11,-48,WPA2_PSK
2026-03-18 01:00:17,19.5308552,-99.0412979,IZZI-29A4,94:04:E3:EF:29:A8,1,-58,WPA2_PSK
2026-03-18 01:00:17,19.5308552,-99.0412979,Home,18:A6:F7:BF:71:72,7,-61,WPA_WPA2_PSK
2026-03-18 01:00:17,19.5308552,-99.0412979,Mega_2.4G_D834,F4:E8:4F:FF:D8:34,3,-64,WPA2_PSK
2026-03-18 01:00:17,19.5308552,-99.0412979,Mega_2.4G_8B54,48:96:D9:26:8B:54,11,-64,WPA_WPA2_PSK
2026-03-18 01:00:17,19.5308552,-99.0412979,Club_Totalplay_WiFi,BC:47:32:02:FF:89,6,-65,OPEN
2026-03-18 01:00:17,19.5308552,-99.0412979,Ariadnazashyd_2.4G,BC:47:32:02:FF:88,6,-66,WPA_WPA2_PSK
2026-03-18 01:00:17,19.5308552,-99.0412979,,3C:A3:7E:7F:5D:22,8,-66,WPA2_PSK
2026-03-18 01:00:17,19.5308552,-99.0412979,Hogar,A2:31:DB:A0:CC:C4,4,-67,WPA2_PSK
2026-03-18 01:00:17,19.5308552,-99.0412979,,A2:31:DB:A0:CC:C6,4,-68,WPA2_PSK
2026-03-18 01:00:17,19.5308552,-99.0412979,,A2:31:DB:A0:CC:C7,4,-69,OPEN
2026-03-18 01:00:17,19.5308552,-99.0412979,Club_Totalplay_WiFi,3C:A3:7E:7F:5D:23,8,-69,OPEN
2026-03-18 01:00:17,19.5308552,-99.0412979,TOTALPLAY_E14025,3C:17:10:E1:40:25,11,-69,WPA2_PSK
2026-03-18 01:00:17,19.5308552,-99.0412979,ARRIS-FEF2,90:C7:92:49:FE:F0,1,-71,WPA_WPA2_PSK
2026-03-18 01:00:17,19.5308552,-99.0412979,,A4:BD:C4:84:54:26,9,-71,WPA2_PSK
2026-03-18 01:00:17,19.5308552,-99.0412979,Totalplay-14A5,A4:BD:C4:84:54:24,9,-72,WPA2_PSK
2026-03-18 01:00:17,19.5308552,-99.0412979,Totalplay-1BAA,3C:A3:7E:7F:5D:20,8,-73,WPA2_PSK
2026-03-18 01:00:17,19.5308552,-99.0412979,Totalplay-2.4G-2d18,64:9D:F3:17:2D:18,6,-75,WPA2_PSK
2026-03-18 01:00:17,19.5308552,-99.0412979,INFINITUM90EE_2.4,94:FE:9D:C8:71:99,1,-76,WPA2_PSK
2026-03-18 01:00:17,19.5308552,-99.0412979,Club_Totalplay_WiFi,EC:E7:A2:67:E1:49,1,-78,OPEN
2026-03-18 01:00:17,19.5308552,-99.0412979,Totalplay-2.4G-e148,EC:E7:A2:67:E1:48,1,-79,WPA2_PSK
2026-03-18 01:00:17,19.5308552,-99.0412979,Mega-2.4G-CDB1,78:DD:33:61:B6:CC,2,-79,WPA2_PSK
2026-03-18 01:00:17,19.5308552,-99.0412979,,8A:69:3D:8B:03:92,4,-80,WPA2_PSK
2026-03-18 01:00:17,19.5308552,-99.0412979,Mega-2.4G-6AB2,E8:F9:D4:DF:F0:C4,9,-82,WPA2_PSK
2026-03-18 01:00:17,19.5308552,-99.0412979,,1A:9C:27:2F:75:52,11,-82,UNKNOWN
2026-03-18 01:00:17,19.5308552,-99.0412979,Totalplay-1C9C,58:F9:87:61:DB:E4,8,-83,WPA_WPA2_PSK
2026-03-18 01:00:17,19.5308552,-99.0412979,IZZI-29F4,40:0F:C1:5D:29:F8,11,-85,WPA2_PSK
2026-03-18 01:00:33,19.5308552,-99.0412979,TOTALPLAY_ECBA0B,34:6B:46:EC:BA:0B,11,-48,WPA2_PSK
2026-03-18 01:00:33,19.5308552,-99.0412979,IZZI-29A4,94:04:E3:EF:29:A8,1,-60,WPA2_PSK
2026-03-18 01:00:33,19.5308552,-99.0412979,Mega_2.4G_D834,F4:E8:4F:FF:D8:34,3,-61,WPA2_PSK
2026-03-18 01:00:33,19.5308552,-99.0412979,Mega_2.4G_8B54,48:96:D9:26:8B:54,11,-62,WPA_WPA2_PSK
2026-03-18 01:00:33,19.5308552,-99.0412979,Ariadnazashyd_2.4G,BC:47:32:02:FF:88,6,-63,WPA_WPA2_PSK
2026-03-18 01:00:33,19.5308552,-99.0412979,Home,18:A6:F7:BF:71:72,7,-64,WPA_WPA2_PSK
2026-03-18 01:00:33,19.5308552,-99.0412979,Hogar,A2:31:DB:A0:CC:C4,4,-66,WPA2_PSK
2026-03-18 01:00:33,19.5308552,-99.0412979,,A2:31:DB:A0:CC:C6,4,-66,WPA2_PSK
2026-03-18 01:00:33,19.5308552,-99.0412979,ARRIS-FEF2,90:C7:92:49:FE:F0,1,-67,WPA_WPA2_PSK
2026-03-18 01:00:33,19.5308552,-99.0412979,,A2:31:DB:A0:CC:C7,4,-67,OPEN
2026-03-18 01:00:33,19.5308552,-99.0412979,Club_Totalplay_WiFi,BC:47:32:02:FF:89,6,-67,OPEN
2026-03-18 01:00:33,19.5308552,-99.0412979,Club_Totalplay_WiFi,3C:A3:7E:7F:5D:23,8,-69,OPEN
2026-03-18 01:00:33,19.5308552,-99.0412979,Totalplay-14A5,A4:BD:C4:84:54:24,9,-69,WPA2_PSK
2026-03-18 01:00:33,19.5308552,-99.0412979,TOTALPLAY_E14025,3C:17:10:E1:40:25,11,-70,WPA2_PSK
2026-03-18 01:00:33,19.5308552,-99.0412979,,A4:BD:C4:84:54:26,9,-71,WPA2_PSK
2026-03-18 01:00:33,19.5308552,-99.0412979,,3C:A3:7E:7F:5D:22,8,-75,WPA2_PSK
2026-03-18 01:00:33,19.5308552,-99.0412979,Totalplay-1BAA,3C:A3:7E:7F:5D:20,8,-75,WPA2_PSK
2026-03-18 01:00:33,19.5308552,-99.0412979,Totalplay-2.4G-2d18,64:9D:F3:17:2D:18,6,-77,WPA2_PSK
2026-03-18 01:00:33,19.5308552,-99.0412979,,1A:9C:27:2F:75:52,11,-79,UNKNOWN
2026-03-18 01:00:33,19.5308552,-99.0412979,IZZI-D087,70:54:25:73:7A:49,6,-80,WPA2_PSK
2026-03-18 01:00:33,19.5308552,-99.0412979,ZTE Blade L9,6A:CC:48:23:CF:47,10,-80,WPA2_WPA3_PSK
2026-03-18 01:00:33,19.5308552,-99.0412979,,72:54:25:23:7A:49,6,-81,UNKNOWN
2026-03-18 01:00:33,19.5308552,-99.0412979,,1A:9C:27:20:54:D5,6,-81,UNKNOWN
2026-03-18 01:00:33,19.5308552,-99.0412979,IZZI-FE1B,18:9C:27:40:54:D5,6,-82,WPA2_PSK
2026-03-18 01:00:33,19.5308552,-99.0412979,IZZI-6D3E,18:9C:27:3F:75:52,11,-82,WPA2_PSK
2026-03-18 01:00:33,19.5308552,-99.0412979,IZZI-AC81,0C:80:63:69:E2:C5,6,-83,WPA2_PSK
2026-03-18 01:00:33,19.5308552,-99.0412979,IZZI-29F4,40:0F:C1:5D:29:F8,11,-85,WPA2_PSK
2026-03-18 01:00:33,19.5308552,-99.0412979,,0A:FA:28:16:C3:56,10,-87,WPA2_PSK
2026-03-18 01:00:33,19.5308552,-99.0412979,,32:23:64:46:41:A9,11,-88,WPA2_PSK
2026-03-18 01:00:49,19.5308552,-99.0412979,TOTALPLAY_ECBA0B,34:6B:46:EC:BA:0B,11,-47,WPA2_PSK
2026-03-18 01:00:49,19.5308552,-99.0412979,IZZI-29A4,94:04:E3:EF:29:A8,1,-59,WPA2_PSK
2026-03-18 01:00:49,19.5308552,-99.0412979,Home,18:A6:F7:BF:71:72,7,-62,WPA_WPA2_PSK
2026-03-18 01:00:49,19.5308552,-99.0412979,Mega_2.4G_D834,F4:E8:4F:FF:D8:34,3,-64,WPA2_PSK
2026-03-18 01:00:49,19.5308552,-99.0412979,Ariadnazashyd_2.4G,BC:47:32:02:FF:88,6,-65,WPA_WPA2_PSK
2026-03-18 01:00:49,19.5308552,-99.0412979,Mega_2.4G_8B54,48:96:D9:26:8B:54,11,-65,WPA_WPA2_PSK
2026-03-18 01:00:49,19.5308552,-99.0412979,Club_Totalplay_WiFi,BC:47:32:02:FF:89,6,-66,OPEN
2026-03-18 01:00:49,19.5308552,-99.0412979,Hogar,A2:31:DB:A0:CC:C4,4,-67,WPA2_PSK
2026-03-18 01:00:49,19.5308552,-99.0412979,,A2:31:DB:A0:CC:C6,4,-68,WPA2_PSK
2026-03-18 01:00:49,19.5308552,-99.0412979,,A2:31:DB:A0:CC:C7,4,-68,OPEN
2026-03-18 01:00:49,19.5308552,-99.0412979,TOTALPLAY_E14025,3C:17:10:E1:40:25,11,-69,WPA2_PSK
2026-03-18 01:00:49,19.5308552,-99.0412979,ARRIS-FEF2,90:C7:92:49:FE:F0,1,-71,WPA_WPA2_PSK
2026-03-18 01:00:49,19.5308552,-99.0412979,Club_Totalplay_WiFi,3C:A3:7E:7F:5D:23,8,-72,OPEN
2026-03-18 01:00:49,19.5308552,-99.0412979,Totalplay-1BAA,3C:A3:7E:7F:5D:20,8,-72,WPA2_PSK
2026-03-18 01:00:49,19.5308552,-99.0412979,Totalplay-14A5,A4:BD:C4:84:54:24,9,-73,WPA2_PSK
2026-03-18 01:00:49,19.5308552,-99.0412979,,A4:BD:C4:84:54:26,9,-75,WPA2_PSK
2026-03-18 01:00:49,19.5308552,-99.0412979,INFINITUM90EE_2.4,94:FE:9D:C8:71:99,1,-76,WPA2_PSK
2026-03-18 01:00:49,19.5308552,-99.0412979,TOTALPLAY_858582_2.4G,B0:5B:99:85:85:85,1,-76,WPA2_PSK
2026-03-18 01:00:49,19.5308552,-99.0412979,Mega-2.4G-CDB1,78:DD:33:61:B6:CC,2,-76,WPA2_PSK
2026-03-18 01:00:49,19.5308552,-99.0412979,Nettowifi1WLAN,F4:1D:6B:2F:2A:88,2,-77,WPA2_PSK
2026-03-18 01:00:49,19.5308552,-99.0412979,Totalplay-E2A1,AC:8D:34:BF:4F:0C,5,-77,WPA2_PSK
2026-03-18 01:00:49,19.5308552,-99.0412979,Tenda_1826F0,50:0F:F5:18:26:F1,5,-77,WPA_WPA2_PSK
2026-03-18 01:00:49,19.5308552,-99.0412979,,8A:69:3D:8B:03:92,4,-78,WPA2_PSK
2026-03-18 01:00:49,19.5308552,-99.0412979,,AC:8D:34:BF:4F:0F,5,-78,OPEN
2026-03-18 01:00:49,19.5308552,-99.0412979,Totalplay-36B5,8A:69:3D:8B:03:90,4,-79,WPA2_PSK
2026-03-18 01:00:49,19.5308552,-99.0412979,IZZI-6D3E,18:9C:27:3F:75:52,11,-79,WPA2_PSK
2026-03-18 01:00:49,19.5308552,-99.0412979,,AC:8D:34:BF:4F:0E,5,-81,WPA2_PSK
2026-03-18 01:00:49,19.5308552,-99.0412979,MODEM Ruben Cuarto ,D8:32:14:D4:FE:81,5,-82,WPA_WPA2_PSK
2026-03-18 01:00:49,19.5308552,-99.0412979,IZZI-29F4,40:0F:C1:5D:29:F8,11,-85,WPA2_PSK
2026-03-18 01:01:05,19.5308552,-99.0412979,TOTALPLAY_ECBA0B,34:6B:46:EC:BA:0B,11,-47,WPA2_PSK
2026-03-18 01:01:05,19.5308552,-99.0412979,IZZI-29A4,94:04:E3:EF:29:A8,1,-60,WPA2_PSK
2026-03-18 01:01:05,19.5308552,-99.0412979,Mega_2.4G_D834,F4:E8:4F:FF:D8:34,3,-61,WPA2_PSK
2026-03-18 01:01:05,19.5308552,-99.0412979,Ariadnazashyd_2.4G,BC:47:32:02:FF:88,6,-61,WPA_WPA2_PSK
2026-03-18 01:01:05,19.5308552,-99.0412979,Home,18:A6:F7:BF:71:72,7,-61,WPA_WPA2_PSK
2026-03-18 01:01:05,19.5308552,-99.0412979,Hogar,A2:31:DB:A0:CC:C4,4,-62,WPA2_PSK
2026-03-18 01:01:05,19.5308552,-99.0412979,Mega_2.4G_8B54,48:96:D9:26:8B:54,11,-64,WPA_WPA2_PSK
2026-03-18 01:01:05,19.5308552,-99.0412979,,A2:31:DB:A0:CC:C6,4,-66,WPA2_PSK
2026-03-18 01:01:05,19.5308552,-99.0412979,TOTALPLAY_E14025,3C:17:10:E1:40:25,11,-66,WPA2_PSK
2026-03-18 01:01:05,19.5308552,-99.0412979,Totalplay-1BAA,3C:A3:7E:7F:5D:20,8,-68,WPA2_PSK
2026-03-18 01:01:05,19.5308552,-99.0412979,Totalplay-14A5,A4:BD:C4:84:54:24,9,-71,WPA2_PSK
2026-03-18 01:01:05,19.5308552,-99.0412979,ARRIS-FEF2,90:C7:92:49:FE:F0,1,-72,WPA_WPA2_PSK
2026-03-18 01:01:05,19.5308552,-99.0412979,Club_Totalplay_WiFi,3C:A3:7E:7F:5D:23,8,-72,OPEN
2026-03-18 01:01:05,19.5308552,-99.0412979,,3C:A3:7E:7F:5D:22,8,-72,WPA2_PSK
2026-03-18 01:01:05,19.5308552,-99.0412979,Nettowifi1WLAN,F4:1D:6B:2F:2A:88,2,-78,WPA2_PSK
2026-03-18 01:01:05,19.5308552,-99.0412979,Mega-2.4G-CDB1,78:DD:33:61:B6:CC,2,-78,WPA2_PSK
2026-03-18 01:01:05,19.5308552,-99.0412979,,1A:9C:27:2F:75:52,11,-78,UNKNOWN
2026-03-18 01:01:05,19.5308552,-99.0412979,Totalplay-36B5,8A:69:3D:8B:03:90,4,-80,WPA2_PSK
2026-03-18 01:01:05,19.5308552,-99.0412979,IZZI-6D3E,18:9C:27:3F:75:52,11,-80,WPA2_PSK
2026-03-18 01:01:05,19.5308552,-99.0412979,TOTALPLAY_ECAD72,34:6B:46:EC:AD:72,1,-82,WPA2_PSK
2026-03-18 01:01:05,19.5308552,-99.0412979,Mega-2.4G-0CB1,EC:7C:2C:57:CC:3C,10,-86,WPA2_PSK
2026-03-18 01:01:22,19.5308552,-99.0412979,TOTALPLAY_ECBA0B,34:6B:46:EC:BA:0B,11,-48,WPA2_PSK
2026-03-18 01:01:22,19.5308552,-99.0412979,IZZI-29A4,94:04:E3:EF:29:A8,1,-60,WPA2_PSK
2026-03-18 01:01:22,19.5308552,-99.0412979,Home,18:A6:F7:BF:71:72,7,-61,WPA_WPA2_PSK
2026-03-18 01:01:22,19.5308552,-99.0412979,Mega_2.4G_D834,F4:E8:4F:FF:D8:34,3,-62,WPA2_PSK
2026-03-18 01:01:22,19.5308552,-99.0412979,Hogar,A2:31:DB:A0:CC:C4,4,-64,WPA2_PSK
2026-03-18 01:01:22,19.5308552,-99.0412979,,A2:31:DB:A0:CC:C7,4,-65,OPEN
2026-03-18 01:01:22,19.5308552,-99.0412979,,A2:31:DB:A0:CC:C6,4,-65,WPA2_PSK
2026-03-18 01:01:22,19.5308552,-99.0412979,Mega_2.4G_8B54,48:96:D9:26:8B:54,11,-66,WPA_WPA2_PSK
2026-03-18 01:01:22,19.5308552,-99.0412979,Totalplay-1BAA,3C:A3:7E:7F:5D:20,8,-69,WPA2_PSK
2026-03-18 01:01:22,19.5308552,-99.0412979,Totalplay-14A5,A4:BD:C4:84:54:24,9,-69,WPA2_PSK
2026-03-18 01:01:22,19.5308552,-99.0412979,TOTALPLAY_E14025,3C:17:10:E1:40:25,11,-69,WPA2_PSK
2026-03-18 01:01:22,19.5308552,-99.0412979,,3C:A3:7E:7F:5D:22,8,-70,WPA2_PSK
2026-03-18 01:01:22,19.5308552,-99.0412979,Totalplay-2.4G-2d18,64:9D:F3:17:2D:18,6,-71,WPA2_PSK
2026-03-18 01:01:22,19.5308552,-99.0412979,Club_Totalplay_WiFi,3C:A3:7E:7F:5D:23,8,-71,OPEN
2026-03-18 01:01:22,19.5308552,-99.0412979,,A4:BD:C4:84:54:26,9,-73,WPA2_PSK
2026-03-18 01:01:22,19.5308552,-99.0412979,Nettowifi1WLAN,F4:1D:6B:2F:2A:88,2,-78,WPA2_PSK
2026-03-18 01:01:22,19.5308552,-99.0412979,Mega-2.4G-CDB1,78:DD:33:61:B6:CC,2,-78,WPA2_PSK
2026-03-18 01:01:22,19.5308552,-99.0412979,,1A:9C:27:2F:75:52,11,-78,UNKNOWN
2026-03-18 01:01:22,19.5308552,-99.0412979,INFINITUM90EE_2.4,94:FE:9D:C8:71:99,1,-79,WPA2_PSK
2026-03-18 01:01:22,19.5308552,-99.0412979,,8A:69:3D:8B:03:92,4,-79,WPA2_PSK
2026-03-18 01:01:22,19.5308552,-99.0412979,ARRIS-FEF2,90:C7:92:49:FE:F0,1,-80,WPA_WPA2_PSK
2026-03-18 01:01:22,19.5308552,-99.0412979,Totalplay-36B5,8A:69:3D:8B:03:90,4,-81,WPA2_PSK
2026-03-18 01:01:22,19.5308552,-99.0412979,IZZI-6D3E,18:9C:27:3F:75:52,11,-81,WPA2_PSK
2026-03-18 01:01:38,19.5308552,-99.0412979,TOTALPLAY_ECBA0B,34:6B:46:EC:BA:0B,11,-49,WPA2_PSK
2026-03-18 01:01:38,19.5308552,-99.0412979,IZZI-29A4,94:04:E3:EF:29:A8,1,-59,WPA2_PSK
2026-03-18 01:01:38,19.5308552,-99.0412979,Home,18:A6:F7:BF:71:72,7,-61,WPA_WPA2_PSK
2026-03-18 01:01:38,19.5308552,-99.0412979,Mega_2.4G_D834,F4:E8:4F:FF:D8:34,3,-64,WPA2_PSK
2026-03-18 01:01:38,19.5308552,-99.0412979,Hogar,A2:31:DB:A0:CC:C4,4,-64,WPA2_PSK
2026-03-18 01:01:38,19.5308552,-99.0412979,,A2:31:DB:A0:CC:C7,4,-64,OPEN
2026-03-18 01:01:38,19.5308552,-99.0412979,,A2:31:DB:A0:CC:C6,4,-64,WPA2_PSK
2026-03-18 01:01:38,19.5308552,-99.0412979,Mega_2.4G_8B54,48:96:D9:26:8B:54,11,-64,WPA_WPA2_PSK
2026-03-18 01:01:38,19.5308552,-99.0412979,Ariadnazashyd_2.4G,BC:47:32:02:FF:88,6,-66,WPA_WPA2_PSK
2026-03-18 01:01:38,19.5308552,-99.0412979,,3C:A3:7E:7F:5D:22,8,-66,WPA2_PSK
2026-03-18 01:01:38,19.5308552,-99.0412979,Totalplay-1BAA,3C:A3:7E:7F:5D:20,8,-66,WPA2_PSK
2026-03-18 01:01:38,19.5308552,-99.0412979,Club_Totalplay_WiFi,BC:47:32:02:FF:89,6,-67,OPEN
2026-03-18 01:01:38,19.5308552,-99.0412979,TOTALPLAY_E14025,3C:17:10:E1:40:25,11,-68,WPA2_PSK
2026-03-18 01:01:38,19.5308552,-99.0412979,Totalplay-14A5,A4:BD:C4:84:54:24,9,-69,WPA2_PSK
2026-03-18 01:01:38,19.5308552,-99.0412979,Club_Totalplay_WiFi,3C:A3:7E:7F:5D:23,8,-71,OPEN
2026-03-18 01:01:38,19.5308552,-99.0412979,ARRIS-FEF2,90:C7:92:49:FE:F0,1,-73,WPA_WPA2_PSK
2026-03-18 01:01:38,19.5308552,-99.0412979,Totalplay-2.4G-2d18,64:9D:F3:17:2D:18,6,-74,WPA2_PSK
2026-03-18 01:01:38,19.5308552,-99.0412979,,8A:69:3D:8B:03:92,4,-75,WPA2_PSK
2026-03-18 01:01:38,19.5308552,-99.0412979,,AC:8D:34:BF:4F:0E,5,-76,WPA2_PSK
2026-03-18 01:01:38,19.5308552,-99.0412979,Mega-2.4G-CDB1,78:DD:33:61:B6:CC,2,-77,WPA2_PSK
2026-03-18 01:01:38,19.5308552,-99.0412979,IZZI-6D3E,18:9C:27:3F:75:52,11,-77,WPA2_PSK
2026-03-18 01:01:38,19.5308552,-99.0412979,Totalplay-2.4G-e148,EC:E7:A2:67:E1:48,1,-78,WPA2_PSK
2026-03-18 01:01:38,19.5308552,-99.0412979,Totalplay-36B5,8A:69:3D:8B:03:90,4,-78,WPA2_PSK
2026-03-18 01:01:38,19.5308552,-99.0412979,Totalplay-E2A1,AC:8D:34:BF:4F:0C,5,-78,WPA2_PSK
2026-03-18 01:01:38,19.5308552,-99.0412979,Club_Totalplay_WiFi,EC:E7:A2:67:E1:49,1,-81,OPEN
2026-03-18 01:01:38,19.5308552,-99.0412979,,72:54:25:23:7A:49,6,-81,UNKNOWN
2026-03-18 01:01:38,19.5308552,-99.0412979,Mega-2.4G-6AB2,E8:F9:D4:DF:F0:C4,9,-81,WPA2_PSK
2026-03-18 01:01:38,19.5308552,-99.0412979,Tenda_1826F0,50:0F:F5:18:26:F1,5,-84,WPA_WPA2_PSK
2026-03-18 01:01:38,19.5308552,-99.0412979,IZZI-29F4,40:0F:C1:5D:29:F8,11,-84,WPA2_PSK
2026-03-18 01:01:54,19.5308552,-99.0413055,TOTALPLAY_ECBA0B,34:6B:46:EC:BA:0B,11,-48,WPA2_PSK
2026-03-18 01:01:54,19.5308552,-99.0413055,Home,18:A6:F7:BF:71:72,7,-62,WPA_WPA2_PSK
2026-03-18 01:01:54,19.5308552,-99.0413055,,A2:31:DB:A0:CC:C7,4,-63,OPEN
2026-03-18 01:01:54,19.5308552,-99.0413055,Club_Totalplay_WiFi,3C:A3:7E:7F:5D:23,8,-63,OPEN
2026-03-18 01:01:54,19.5308552,-99.0413055,,3C:A3:7E:7F:5D:22,8,-63,WPA2_PSK
2026-03-18 01:01:54,19.5308552,-99.0413055,Mega_2.4G_D834,F4:E8:4F:FF:D8:34,3,-64,WPA2_PSK
2026-03-18 01:01:54,19.5308552,-99.0413055,Hogar,A2:31:DB:A0:CC:C4,4,-64,WPA2_PSK
2026-03-18 01:01:54,19.5308552,-99.0413055,Ariadnazashyd_2.4G,BC:47:32:02:FF:88,6,-64,WPA_WPA2_PSK
2026-03-18 01:01:54,19.5308552,-99.0413055,Totalplay-1BAA,3C:A3:7E:7F:5D:20,8,-64,WPA2_PSK
2026-03-18 01:01:54,19.5308552,-99.0413055,,A2:31:DB:A0:CC:C6,4,-65,WPA2_PSK
2026-03-18 01:01:54,19.5308552,-99.0413055,Club_Totalplay_WiFi,BC:47:32:02:FF:89,6,-66,OPEN
2026-03-18 01:01:54,19.5308552,-99.0413055,Mega_2.4G_8B54,48:96:D9:26:8B:54,11,-66,WPA_WPA2_PSK
2026-03-18 01:01:54,19.5308552,-99.0413055,TOTALPLAY_E14025,3C:17:10:E1:40:25,11,-70,WPA2_PSK
2026-03-18 01:01:54,19.5308552,-99.0413055,Totalplay-14A5,A4:BD:C4:84:54:24,9,-72,WPA2_PSK
2026-03-18 01:01:54,19.5308552,-99.0413055,Nettowifi1WLAN,F4:1D:6B:2F:2A:88,2,-73,WPA2_PSK
2026-03-18 01:01:54,19.5308552,-99.0413055,Totalplay-2.4G-2d18,64:9D:F3:17:2D:18,6,-76,WPA2_PSK
2026-03-18 01:01:54,19.5308552,-99.0413055,Tenda_1826F0,50:0F:F5:18:26:F1,5,-77,WPA_WPA2_PSK
2026-03-18 01:01:54,19.5308552,-99.0413055,,8A:69:3D:8B:03:93,4,-78,OPEN
2026-03-18 01:01:54,19.5308552,-99.0413055,Totalplay-E2A1,AC:8D:34:BF:4F:0C,5,-78,WPA2_PSK
2026-03-18 01:01:54,19.5308552,-99.0413055,,8A:69:3D:8B:03:92,4,-79,WPA2_PSK
2026-03-18 01:01:54,19.5308552,-99.0413055,IZZI-6D3E,18:9C:27:3F:75:52,11,-79,WPA2_PSK
2026-03-18 01:01:54,19.5308552,-99.0413055,Totalplay-36B5,8A:69:3D:8B:03:90,4,-80,WPA2_PSK
2026-03-18 01:01:54,19.5308552,-99.0413055,,A4:BD:C4:84:54:26,9,-80,WPA2_PSK
2026-03-18 01:01:54,19.5308552,-99.0413055,,1A:9C:27:2F:75:52,11,-82,UNKNOWN
2026-03-18 01:01:54,19.5308552,-99.0413055,MODEM Ruben Cuarto ,D8:32:14:D4:FE:81,5,-83,WPA_WPA2_PSK
2026-03-18 01:01:54,19.5308552,-99.0413055,,72:54:25:23:7A:49,6,-83,UNKNOWN
2026-03-18 01:01:54,19.5308552,-99.0413055,,1A:9C:27:20:54:D5,6,-85,UNKNOWN
2026-03-18 01:01:54,19.5308552,-99.0413055,IZZI-29F4,40:0F:C1:5D:29:F8,11,-89,WPA2_PSK
2026-03-18 01:02:10,19.5308552,-99.0413055,TOTALPLAY_ECBA0B,34:6B:46:EC:BA:0B,11,-47,WPA2_PSK
2026-03-18 01:02:10,19.5308552,-99.0413055,IZZI-29A4,94:04:E3:EF:29:A8,1,-58,WPA2_PSK
2026-03-18 01:02:10,19.5308552,-99.0413055,Home,18:A6:F7:BF:71:72,7,-61,WPA_WPA2_PSK
2026-03-18 01:02:10,19.5308552,-99.0413055,Mega_2.4G_D834,F4:E8:4F:FF:D8:34,3,-62,WPA2_PSK
2026-03-18 01:02:10,19.5308552,-99.0413055,Ariadnazashyd_2.4G,BC:47:32:02:FF:88,6,-64,WPA_WPA2_PSK
2026-03-18 01:02:10,19.5308552,-99.0413055,Club_Totalplay_WiFi,BC:47:32:02:FF:89,6,-65,OPEN
2026-03-18 01:02:10,19.5308552,-99.0413055,,A2:31:DB:A0:CC:C6,4,-66,WPA2_PSK
2026-03-18 01:02:10,19.5308552,-99.0413055,,A2:31:DB:A0:CC:C7,4,-66,OPEN
2026-03-18 01:02:10,19.5308552,-99.0413055,Hogar,A2:31:DB:A0:CC:C4,4,-67,WPA2_PSK
2026-03-18 01:02:10,19.5308552,-99.0413055,,3C:A3:7E:7F:5D:22,8,-67,WPA2_PSK
2026-03-18 01:02:10,19.5308552,-99.0413055,Mega_2.4G_8B54,48:96:D9:26:8B:54,11,-68,WPA_WPA2_PSK
2026-03-18 01:02:10,19.5308552,-99.0413055,TOTALPLAY_E14025,3C:17:10:E1:40:25,11,-68,WPA2_PSK
2026-03-18 01:02:10,19.5308552,-99.0413055,Totalplay-1BAA,3C:A3:7E:7F:5D:20,8,-69,WPA2_PSK
2026-03-18 01:02:10,19.5308552,-99.0413055,Club_Totalplay_WiFi,3C:A3:7E:7F:5D:23,8,-70,OPEN
2026-03-18 01:02:10,19.5308552,-99.0413055,ARRIS-FEF2,90:C7:92:49:FE:F0,1,-73,WPA_WPA2_PSK
2026-03-18 01:02:10,19.5308552,-99.0413055,Nettowifi1WLAN,F4:1D:6B:2F:2A:88,2,-73,WPA2_PSK
2026-03-18 01:02:10,19.5308552,-99.0413055,INFINITUM90EE_2.4,94:FE:9D:C8:71:99,1,-77,WPA2_PSK
2026-03-18 01:02:10,19.5308552,-99.0413055,TOTALPLAY_858582_2.4G,B0:5B:99:85:85:85,1,-77,WPA2_PSK
2026-03-18 01:02:10,19.5308552,-99.0413055,Totalplay-36B5,8A:69:3D:8B:03:90,4,-77,WPA2_PSK
2026-03-18 01:02:10,19.5308552,-99.0413055,Tenda_1826F0,50:0F:F5:18:26:F1,5,-77,WPA_WPA2_PSK
2026-03-18 01:02:10,19.5308552,-99.0413055,Totalplay-2.4G-e148,EC:E7:A2:67:E1:48,1,-78,WPA2_PSK
2026-03-18 01:02:10,19.5308552,-99.0413055,Club_Totalplay_WiFi,EC:E7:A2:67:E1:49,1,-79,OPEN
2026-03-18 01:02:10,19.5308552,-99.0413055,,8A:69:3D:8B:03:93,4,-79,OPEN
2026-03-18 01:02:10,19.5308552,-99.0413055,IZZI-6D3E,18:9C:27:3F:75:52,11,-79,WPA2_PSK
2026-03-18 01:02:10,19.5308552,-99.0413055,,8A:69:3D:8B:03:92,4,-80,WPA2_PSK
2026-03-18 01:02:10,19.5308552,-99.0413055,Totalplay-E2A1,AC:8D:34:BF:4F:0C,5,-80,WPA2_PSK
2026-03-18 01:02:10,19.5308552,-99.0413055,Mega-2.4G-6AB2,E8:F9:D4:DF:F0:C4,9,-80,WPA2_PSK
2026-03-18 01:02:10,19.5308552,-99.0413055,,1A:9C:27:2F:75:52,11,-80,UNKNOWN
2026-03-18 01:02:10,19.5308552,-99.0413055,Totalplay-14A5,A4:BD:C4:84:54:24,9,-82,WPA2_PSK
2026-03-18 01:02:10,19.5308552,-99.0413055,,A4:BD:C4:84:54:26,9,-82,WPA2_PSK
2026-03-18 01:02:10,19.5308552,-99.0413055,Mega-2.4G-0CB1,EC:7C:2C:57:CC:3C,10,-83,WPA2_PSK
2026-03-18 01:02:10,19.5308552,-99.0413055,Club_Totalplay_WiFi,0A:FA:28:16:C3:57,10,-84,OPEN
2026-03-18 01:02:10,19.5308552,-99.0413055,,0A:FA:28:16:C3:56,10,-85,WPA2_PSK
2026-03-18 01:02:10,19.5308552,-99.0413055,Totalplay-1C9C,58:F9:87:61:DB:E4,8,-87,WPA_WPA2_PSK
2026-03-18 01:02:26,19.5308552,-99.0412979,TOTALPLAY_ECBA0B,34:6B:46:EC:BA:0B,11,-48,WPA2_PSK
2026-03-18 01:02:26,19.5308552,-99.0412979,IZZI-29A4,94:04:E3:EF:29:A8,1,-58,WPA2_PSK
2026-03-18 01:02:26,19.5308552,-99.0412979,Home,18:A6:F7:BF:71:72,7,-62,WPA_WPA2_PSK
2026-03-18 01:02:26,19.5308552,-99.0412979,Mega_2.4G_D834,F4:E8:4F:FF:D8:34,3,-64,WPA2_PSK
2026-03-18 01:02:26,19.5308552,-99.0412979,Ariadnazashyd_2.4G,BC:47:32:02:FF:88,6,-65,WPA_WPA2_PSK
2026-03-18 01:02:26,19.5308552,-99.0412979,Club_Totalplay_WiFi,BC:47:32:02:FF:89,6,-65,OPEN
2026-03-18 01:02:26,19.5308552,-99.0412979,Hogar,A2:31:DB:A0:CC:C4,4,-66,WPA2_PSK
2026-03-18 01:02:26,19.5308552,-99.0412979,,A2:31:DB:A0:CC:C7,4,-66,OPEN
2026-03-18 01:02:26,19.5308552,-99.0412979,,A2:31:DB:A0:CC:C6,4,-66,WPA2_PSK
2026-03-18 01:02:26,19.5308552,-99.0412979,Mega_2.4G_8B54,48:96:D9:26:8B:54,11,-66,WPA_WPA2_PSK
2026-03-18 01:02:26,19.5308552,-99.0412979,ARRIS-FEF2,90:C7:92:49:FE:F0,1,-67,WPA_WPA2_PSK
2026-03-18 01:02:26,19.5308552,-99.0412979,,3C:A3:7E:7F:5D:22,8,-67,WPA2_PSK
2026-03-18 01:02:26,19.5308552,-99.0412979,TOTALPLAY_E14025,3C:17:10:E1:40:25,11,-67,WPA2_PSK
2026-03-18 01:02:26,19.5308552,-99.0412979,Totalplay-1BAA,3C:A3:7E:7F:5D:20,8,-68,WPA2_PSK
2026-03-18 01:02:26,19.5308552,-99.0412979,Club_Totalplay_WiFi,3C:A3:7E:7F:5D:23,8,-68,OPEN
2026-03-18 01:02:26,19.5308552,-99.0412979,,A4:BD:C4:84:54:26,9,-70,WPA2_PSK
2026-03-18 01:02:26,19.5308552,-99.0412979,Totalplay-2.4G-2d18,64:9D:F3:17:2D:18,6,-74,WPA2_PSK
2026-03-18 01:02:26,19.5308552,-99.0412979,Nettowifi1WLAN,F4:1D:6B:2F:2A:88,2,-75,WPA2_PSK
2026-03-18 01:02:26,19.5308552,-99.0412979,Totalplay-2.4G-e148,EC:E7:A2:67:E1:48,1,-77,WPA2_PSK
2026-03-18 01:02:26,19.5308552,-99.0412979,Tenda_1826F0,50:0F:F5:18:26:F1,5,-77,WPA_WPA2_PSK
2026-03-18 01:02:26,19.5308552,-99.0412979,INFINITUM90EE_2.4,94:FE:9D:C8:71:99,1,-78,WPA2_PSK
2026-03-18 01:02:26,19.5308552,-99.0412979,Club_Totalplay_WiFi,EC:E7:A2:67:E1:49,1,-78,OPEN
2026-03-18 01:02:26,19.5308552,-99.0412979,,8A:69:3D:8B:03:93,4,-78,OPEN
2026-03-18 01:02:26,19.5308552,-99.0412979,Totalplay-E2A1,AC:8D:34:BF:4F:0C,5,-78,WPA2_PSK
2026-03-18 01:02:26,19.5308552,-99.0412979,,AC:8D:34:BF:4F:0F,5,-78,OPEN
2026-03-18 01:02:26,19.5308552,-99.0412979,Totalplay-36B5,8A:69:3D:8B:03:90,4,-79,WPA2_PSK
2026-03-18 01:02:26,19.5308552,-99.0412979,,AC:8D:34:BF:4F:0E,5,-79,WPA2_PSK
2026-03-18 01:02:26,19.5308552,-99.0412979,Totalplay-14A5,A4:BD:C4:84:54:24,9,-79,WPA2_PSK
2026-03-18 01:02:26,19.5308552,-99.0412979,IZZI-6D3E,18:9C:27:3F:75:52,11,-79,WPA2_PSK
2026-03-18 01:02:26,19.5308552,-99.0412979,,72:54:25:23:7A:49,6,-80,UNKNOWN
2026-03-18 01:02:26,19.5308552,-99.0412979,,1A:9C:27:2F:75:52,11,-81,UNKNOWN
2026-03-18 01:02:26,19.5308552,-99.0412979,MODEM Ruben Cuarto ,D8:32:14:D4:FE:81,5,-82,WPA_WPA2_PSK
2026-03-18 01:02:42,19.5308552,-99.0412979,TOTALPLAY_ECBA0B,34:6B:46:EC:BA:0B,11,-48,WPA2_PSK
2026-03-18 01:02:42,19.5308552,-99.0412979,IZZI-29A4,94:04:E3:EF:29:A8,1,-58,WPA2_PSK
2026-03-18 01:02:42,19.5308552,-99.0412979,Club_Totalplay_WiFi,BC:47:32:02:FF:89,6,-62,OPEN
2026-03-18 01:02:42,19.5308552,-99.0412979,Home,18:A6:F7:BF:71:72,7,-62,WPA_WPA2_PSK
2026-03-18 01:02:42,19.5308552,-99.0412979,Mega_2.4G_D834,F4:E8:4F:FF:D8:34,3,-64,WPA2_PSK
2026-03-18 01:02:42,19.5308552,-99.0412979,Mega_2.4G_8B54,48:96:D9:26:8B:54,11,-64,WPA_WPA2_PSK
2026-03-18 01:02:42,19.5308552,-99.0412979,Hogar,A2:31:DB:A0:CC:C4,4,-65,WPA2_PSK
2026-03-18 01:02:42,19.5308552,-99.0412979,,A2:31:DB:A0:CC:C7,4,-65,OPEN
2026-03-18 01:02:42,19.5308552,-99.0412979,,A2:31:DB:A0:CC:C6,4,-65,WPA2_PSK
2026-03-18 01:02:42,19.5308552,-99.0412979,Ariadnazashyd_2.4G,BC:47:32:02:FF:88,6,-67,WPA_WPA2_PSK
2026-03-18 01:02:42,19.5308552,-99.0412979,Totalplay-1BAA,3C:A3:7E:7F:5D:20,8,-68,WPA2_PSK
2026-03-18 01:02:42,19.5308552,-99.0412979,Club_Totalplay_WiFi,3C:A3:7E:7F:5D:23,8,-68,OPEN
2026-03-18 01:02:42,19.5308552,-99.0412979,ARRIS-FEF2,90:C7:92:49:FE:F0,1,-69,WPA_WPA2_PSK
2026-03-18 01:02:42,19.5308552,-99.0412979,,3C:A3:7E:7F:5D:22,8,-69,WPA2_PSK
2026-03-18 01:02:42,19.5308552,-99.0412979,TOTALPLAY_E14025,3C:17:10:E1:40:25,11,-70,WPA2_PSK
2026-03-18 01:02:42,19.5308552,-99.0412979,,A4:BD:C4:84:54:26,9,-71,WPA2_PSK
2026-03-18 01:02:42,19.5308552,-99.0412979,Totalplay-14A5,A4:BD:C4:84:54:24,9,-74,WPA2_PSK
2026-03-18 01:02:42,19.5308552,-99.0412979,Nettowifi1WLAN,F4:1D:6B:2F:2A:88,2,-75,WPA2_PSK
2026-03-18 01:02:42,19.5308552,-99.0412979,Tenda_1826F0,50:0F:F5:18:26:F1,5,-76,WPA_WPA2_PSK
2026-03-18 01:02:42,19.5308552,-99.0412979,Totalplay-2.4G-2d18,64:9D:F3:17:2D:18,6,-76,WPA2_PSK
2026-03-18 01:02:42,19.5308552,-99.0412979,TOTALPLAY_858582_2.4G,B0:5B:99:85:85:85,1,-77,WPA2_PSK
2026-03-18 01:02:42,19.5308552,-99.0412979,Totalplay-36B5,8A:69:3D:8B:03:90,4,-77,WPA2_PSK
2026-03-18 01:02:42,19.5308552,-99.0412979,,1A:9C:27:2F:75:52,11,-77,UNKNOWN
2026-03-18 01:02:42,19.5308552,-99.0412979,,8A:69:3D:8B:03:92,4,-78,WPA2_PSK
2026-03-18 01:02:42,19.5308552,-99.0412979,,8A:69:3D:8B:03:93,4,-78,OPEN
2026-03-18 01:02:42,19.5308552,-99.0412979,Totalplay-2.4G-e148,EC:E7:A2:67:E1:48,1,-79,WPA2_PSK
2026-03-18 01:02:42,19.5308552,-99.0412979,Club_Totalplay_WiFi,EC:E7:A2:67:E1:49,1,-79,OPEN
2026-03-18 01:02:42,19.5308552,-99.0412979,Mega-2.4G-CDB1,78:DD:33:61:B6:CC,2,-79,WPA2_PSK
2026-03-18 01:02:42,19.5308552,-99.0412979,,AC:8D:34:BF:4F:0E,5,-79,WPA2_PSK
2026-03-18 01:02:42,19.5308552,-99.0412979,INFINITUM90EE_2.4,94:FE:9D:C8:71:99,1,-80,WPA2_PSK
2026-03-18 01:02:42,19.5308552,-99.0412979,Totalplay-E2A1,AC:8D:34:BF:4F:0C,5,-80,WPA2_PSK
2026-03-18 01:02:42,19.5308552,-99.0412979,IZZI-6D3E,18:9C:27:3F:75:52,11,-80,WPA2_PSK
2026-03-18 01:02:42,19.5308552,-99.0412979,,72:54:25:23:7A:49,6,-81,UNKNOWN
2026-03-18 01:02:42,19.5308552,-99.0412979,IZZI-FE1B,18:9C:27:40:54:D5,6,-83,WPA2_PSK
2026-03-18 01:02:42,19.5308552,-99.0412979,IZZI-AC81,0C:80:63:69:E2:C5,6,-84,WPA2_PSK
2026-03-18 01:02:42,19.5308552,-99.0412979,Mega-2.4G-0CB1,EC:7C:2C:57:CC:3C,10,-84,WPA2_PSK
2026-03-18 01:02:59,19.5308552,-99.0412979,TOTALPLAY_ECBA0B,34:6B:46:EC:BA:0B,11,-48,WPA2_PSK
2026-03-18 01:02:59,19.5308552,-99.0412979,IZZI-29A4,94:04:E3:EF:29:A8,1,-58,WPA2_PSK
2026-03-18 01:02:59,19.5308552,-99.0412979,Mega_2.4G_D834,F4:E8:4F:FF:D8:34,3,-63,WPA2_PSK
2026-03-18 01:02:59,19.5308552,-99.0412979,Home,18:A6:F7:BF:71:72,7,-63,WPA_WPA2_PSK
2026-03-18 01:02:59,19.5308552,-99.0412979,Totalplay-1BAA,3C:A3:7E:7F:5D:20,8,-63,WPA2_PSK
2026-03-18 01:02:59,19.5308552,-99.0412979,Mega_2.4G_8B54,48:96:D9:26:8B:54,11,-63,WPA_WPA2_PSK
2026-03-18 01:02:59,19.5308552,-99.0412979,,A2:31:DB:A0:CC:C7,4,-65,OPEN
2026-03-18 01:02:59,19.5308552,-99.0412979,Ariadnazashyd_2.4G,BC:47:32:02:FF:88,6,-65,WPA_WPA2_PSK
2026-03-18 01:02:59,19.5308552,-99.0412979,Club_Totalplay_WiFi,BC:47:32:02:FF:89,6,-65,OPEN
2026-03-18 01:02:59,19.5308552,-99.0412979,Hogar,A2:31:DB:A0:CC:C4,4,-66,WPA2_PSK
2026-03-18 01:02:59,19.5308552,-99.0412979,,A2:31:DB:A0:CC:C6,4,-67,WPA2_PSK
2026-03-18 01:02:59,19.5308552,-99.0412979,TOTALPLAY_E14025,3C:17:10:E1:40:25,11,-68,WPA2_PSK
2026-03-18 01:02:59,19.5308552,-99.0412979,Totalplay-14A5,A4:BD:C4:84:54:24,9,-72,WPA2_PSK
2026-03-18 01:02:59,19.5308552,-99.0412979,,3C:A3:7E:7F:5D:22,8,-73,WPA2_PSK
2026-03-18 01:02:59,19.5308552,-99.0412979,Club_Totalplay_WiFi,3C:A3:7E:7F:5D:23,8,-74,OPEN
2026-03-18 01:02:59,19.5308552,-99.0412979,ARRIS-FEF2,90:C7:92:49:FE:F0,1,-75,WPA_WPA2_PSK
2026-03-18 01:02:59,19.5308552,-99.0412979,,72:54:25:23:7A:49,6,-75,UNKNOWN
2026-03-18 01:02:59,19.5308552,-99.0412979,,A4:BD:C4:84:54:26,9,-75,WPA2_PSK
2026-03-18 01:02:59,19.5308552,-99.0412979,,AC:8D:34:BF:4F:0F,5,-76,OPEN
2026-03-18 01:02:59,19.5308552,-99.0412979,Totalplay-2.4G-2d18,64:9D:F3:17:2D:18,6,-76,WPA2_PSK
2026-03-18 01:02:59,19.5308552,-99.0412979,Totalplay-2.4G-e148,EC:E7:A2:67:E1:48,1,-77,WPA2_PSK
2026-03-18 01:02:59,19.5308552,-99.0412979,Club_Totalplay_WiFi,EC:E7:A2:67:E1:49,1,-77,OPEN
2026-03-18 01:02:59,19.5308552,-99.0412979,INFINITUM90EE_2.4,94:FE:9D:C8:71:99,1,-77,WPA2_PSK
2026-03-18 01:02:59,19.5308552,-99.0412979,TOTALPLAY_858582_2.4G,B0:5B:99:85:85:85,1,-77,WPA2_PSK
2026-03-18 01:02:59,19.5308552,-99.0412979,Mega-2.4G-CDB1,78:DD:33:61:B6:CC,2,-77,WPA2_PSK
2026-03-18 01:02:59,19.5308552,-99.0412979,,8A:69:3D:8B:03:93,4,-78,OPEN
2026-03-18 01:02:59,19.5308552,-99.0412979,,8A:69:3D:8B:03:92,4,-79,WPA2_PSK
2026-03-18 01:02:59,19.5308552,-99.0412979,Mega-2.4G-6AB2,E8:F9:D4:DF:F0:C4,9,-79,WPA2_PSK
2026-03-18 01:02:59,19.5308552,-99.0412979,,1A:9C:27:2F:75:52,11,-79,UNKNOWN
2026-03-18 01:02:59,19.5308552,-99.0412979,Nettowifi1WLAN,F4:1D:6B:2F:2A:88,2,-80,WPA2_PSK
2026-03-18 01:02:59,19.5308552,-99.0412979,Totalplay-E2A1,AC:8D:34:BF:4F:0C,5,-80,WPA2_PSK
2026-03-18 01:02:59,19.5308552,-99.0412979,Tenda_1826F0,50:0F:F5:18:26:F1,5,-81,WPA_WPA2_PSK
2026-03-18 01:03:15,19.5308552,-99.0412979,TOTALPLAY_ECBA0B,34:6B:46:EC:BA:0B,11,-53,WPA2_PSK
2026-03-18 01:03:15,19.5308552,-99.0412979,IZZI-29A4,94:04:E3:EF:29:A8,1,-59,WPA2_PSK
2026-03-18 01:03:15,19.5308552,-99.0412979,,A2:31:DB:A0:CC:C6,4,-59,WPA2_PSK
2026-03-18 01:03:15,19.5308552,-99.0412979,Hogar,A2:31:DB:A0:CC:C4,4,-60,WPA2_PSK
2026-03-18 01:03:15,19.5308552,-99.0412979,Home,18:A6:F7:BF:71:72,7,-60,WPA_WPA2_PSK
2026-03-18 01:03:15,19.5308552,-99.0412979,,A2:31:DB:A0:CC:C7,4,-61,OPEN
2026-03-18 01:03:15,19.5308552,-99.0412979,Mega_2.4G_D834,F4:E8:4F:FF:D8:34,3,-62,WPA2_PSK
2026-03-18 01:03:15,19.5308552,-99.0412979,Ariadnazashyd_2.4G,BC:47:32:02:FF:88,6,-62,WPA_WPA2_PSK
2026-03-18 01:03:15,19.5308552,-99.0412979,Club_Totalplay_WiFi,BC:47:32:02:FF:89,6,-63,OPEN
2026-03-18 01:03:15,19.5308552,-99.0412979,Mega_2.4G_8B54,48:96:D9:26:8B:54,11,-63,WPA_WPA2_PSK
2026-03-18 01:03:15,19.5308552,-99.0412979,Totalplay-1BAA,3C:A3:7E:7F:5D:20,8,-69,WPA2_PSK
2026-03-18 01:03:15,19.5308552,-99.0412979,TOTALPLAY_E14025,3C:17:10:E1:40:25,11,-69,WPA2_PSK
2026-03-18 01:03:15,19.5308552,-99.0412979,,3C:A3:7E:7F:5D:22,8,-72,WPA2_PSK
2026-03-18 01:03:15,19.5308552,-99.0412979,Totalplay-14A5,A4:BD:C4:84:54:24,9,-72,WPA2_PSK
2026-03-18 01:03:15,19.5308552,-99.0412979,Club_Totalplay_WiFi,3C:A3:7E:7F:5D:23,8,-73,OPEN
2026-03-18 01:03:15,19.5308552,-99.0412979,,A4:BD:C4:84:54:26,9,-73,WPA2_PSK
2026-03-18 01:03:15,19.5308552,-99.0412979,TOTALPLAY_858582_2.4G,B0:5B:99:85:85:85,1,-75,WPA2_PSK
2026-03-18 01:03:15,19.5308552,-99.0412979,,72:54:25:23:7A:49,6,-76,UNKNOWN
2026-03-18 01:03:15,19.5308552,-99.0412979,ARRIS-FEF2,90:C7:92:49:FE:F0,1,-77,WPA_WPA2_PSK
2026-03-18 01:03:15,19.5308552,-99.0412979,INFINITUM90EE_2.4,94:FE:9D:C8:71:99,1,-77,WPA2_PSK
2026-03-18 01:03:15,19.5308552,-99.0412979,Nettowifi1WLAN,F4:1D:6B:2F:2A:88,2,-77,WPA2_PSK
2026-03-18 01:03:15,19.5308552,-99.0412979,Mega-2.4G-CDB1,78:DD:33:61:B6:CC,2,-77,WPA2_PSK
2026-03-18 01:03:15,19.5308552,-99.0412979,Totalplay-2.4G-2d18,64:9D:F3:17:2D:18,6,-77,WPA2_PSK
2026-03-18 01:03:15,19.5308552,-99.0412979,Totalplay-E2A1,AC:8D:34:BF:4F:0C,5,-78,WPA2_PSK
2026-03-18 01:03:15,19.5308552,-99.0412979,Club_Totalplay_WiFi,EC:E7:A2:67:E1:49,1,-79,OPEN
2026-03-18 01:03:15,19.5308552,-99.0412979,,8A:69:3D:8B:03:93,4,-79,OPEN
2026-03-18 01:03:15,19.5308552,-99.0412979,Totalplay-36B5,8A:69:3D:8B:03:90,4,-79,WPA2_PSK
2026-03-18 01:03:15,19.5308552,-99.0412979,,AC:8D:34:BF:4F:0E,5,-79,WPA2_PSK
2026-03-18 01:03:15,19.5308552,-99.0412979,IZZI-6D3E,18:9C:27:3F:75:52,11,-79,WPA2_PSK
2026-03-18 01:03:15,19.5308552,-99.0412979,,8A:69:3D:8B:03:92,4,-80,WPA2_PSK
2026-03-18 01:03:15,19.5308552,-99.0412979,Mega-2.4G-6AB2,E8:F9:D4:DF:F0:C4,9,-80,WPA2_PSK
2026-03-18 01:03:15,19.5308552,-99.0412979,Tenda_1826F0,50:0F:F5:18:26:F1,5,-81,WPA_WPA2_PSK
2026-03-18 01:03:15,19.5308552,-99.0412979,,1A:9C:27:20:54:D5,6,-81,UNKNOWN
2026-03-18 01:03:15,19.5308552,-99.0412979,Club_Totalplay_WiFi,B2:A4:F0:05:30:37,4,-83,OPEN
2026-03-18 01:03:31,19.5308552,-99.0412979,TOTALPLAY_ECBA0B,34:6B:46:EC:BA:0B,11,-52,WPA2_PSK
2026-03-18 01:03:31,19.5308552,-99.0412979,IZZI-29A4,94:04:E3:EF:29:A8,1,-58,WPA2_PSK
2026-03-18 01:03:31,19.5308552,-99.0412979,Hogar,A2:31:DB:A0:CC:C4,4,-61,WPA2_PSK
2026-03-18 01:03:31,19.5308552,-99.0412979,,A2:31:DB:A0:CC:C6,4,-62,WPA2_PSK
2026-03-18 01:03:31,19.5308552,-99.0412979,Ariadnazashyd_2.4G,BC:47:32:02:FF:88,6,-62,WPA_WPA2_PSK
2026-03-18 01:03:31,19.5308552,-99.0412979,Home,18:A6:F7:BF:71:72,7,-62,WPA_WPA2_PSK
2026-03-18 01:03:31,19.5308552,-99.0412979,Mega_2.4G_D834,F4:E8:4F:FF:D8:34,3,-63,WPA2_PSK
2026-03-18 01:03:31,19.5308552,-99.0412979,,A2:31:DB:A0:CC:C7,4,-63,OPEN
2026-03-18 01:03:31,19.5308552,-99.0412979,Club_Totalplay_WiFi,BC:47:32:02:FF:89,6,-65,OPEN
2026-03-18 01:03:31,19.5308552,-99.0412979,Totalplay-14A5,A4:BD:C4:84:54:24,9,-65,WPA2_PSK
2026-03-18 01:03:31,19.5308552,-99.0412979,Mega_2.4G_8B54,48:96:D9:26:8B:54,11,-65,WPA_WPA2_PSK
2026-03-18 01:03:31,19.5308552,-99.0412979,TOTALPLAY_E14025,3C:17:10:E1:40:25,11,-69,WPA2_PSK
2026-03-18 01:03:31,19.5308552,-99.0412979,ARRIS-FEF2,90:C7:92:49:FE:F0,1,-70,WPA_WPA2_PSK
2026-03-18 01:03:31,19.5308552,-99.0412979,Totalplay-1BAA,3C:A3:7E:7F:5D:20,8,-70,WPA2_PSK
2026-03-18 01:03:31,19.5308552,-99.0412979,Club_Totalplay_WiFi,3C:A3:7E:7F:5D:23,8,-70,OPEN
2026-03-18 01:03:31,19.5308552,-99.0412979,,3C:A3:7E:7F:5D:22,8,-72,WPA2_PSK
2026-03-18 01:03:31,19.5308552,-99.0412979,Totalplay-2.4G-2d18,64:9D:F3:17:2D:18,6,-74,WPA2_PSK
2026-03-18 01:03:31,19.5308552,-99.0412979,,1A:9C:27:2F:75:52,11,-75,UNKNOWN
2026-03-18 01:03:31,19.5308552,-99.0412979,Tenda_1826F0,50:0F:F5:18:26:F1,5,-77,WPA_WPA2_PSK
2026-03-18 01:03:31,19.5308552,-99.0412979,IZZI-6D3E,18:9C:27:3F:75:52,11,-77,WPA2_PSK
2026-03-18 01:03:31,19.5308552,-99.0412979,TOTALPLAY_858582_2.4G,B0:5B:99:85:85:85,1,-78,WPA2_PSK
2026-03-18 01:03:31,19.5308552,-99.0412979,INFINITUM90EE_2.4,94:FE:9D:C8:71:99,1,-78,WPA2_PSK
2026-03-18 01:03:31,19.5308552,-99.0412979,Nettowifi1WLAN,F4:1D:6B:2F:2A:88,2,-78,WPA2_PSK
2026-03-18 01:03:31,19.5308552,-99.0412979,Totalplay-36B5,8A:69:3D:8B:03:90,4,-78,WPA2_PSK
2026-03-18 01:03:31,19.5308552,-99.0412979,,AC:8D:34:BF:4F:0F,5,-79,OPEN
2026-03-18 01:03:31,19.5308552,-99.0412979,,8A:69:3D:8B:03:92,4,-80,WPA2_PSK
2026-03-18 01:03:31,19.5308552,-99.0412979,ZTE Blade L9,6A:CC:48:23:CF:47,10,-80,WPA2_WPA3_PSK
2026-03-18 01:03:31,19.5308552,-99.0412979,Totalplay-E2A1,AC:8D:34:BF:4F:0C,5,-81,WPA2_PSK
2026-03-18 01:03:31,19.5308552,-99.0412979,,72:54:25:23:7A:49,6,-81,UNKNOWN
2026-03-18 01:03:31,19.5308552,-99.0412979,IZZI-FE1B,18:9C:27:40:54:D5,6,-83,WPA2_PSK
2026-03-18 01:03:31,19.5308552,-99.0412979,Mega-2.4G-0CB1,EC:7C:2C:57:CC:3C,10,-83,WPA2_PSK
2026-03-18 01:03:31,19.5308552,-99.0412979,Totalplay-1C9C,58:F9:87:61:DB:E4,8,-85,WPA_WPA2_PSK
2026-03-18 01:03:31,19.5308552,-99.0412979,IZZI-29F4,40:0F:C1:5D:29:F8,11,-89,WPA2_PSK
2026-03-18 01:03:47,19.5308552,-99.0412979,TOTALPLAY_ECBA0B,34:6B:46:EC:BA:0B,11,-50,WPA2_PSK
2026-03-18 01:03:47,19.5308552,-99.0412979,IZZI-29A4,94:04:E3:EF:29:A8,1,-59,WPA2_PSK
2026-03-18 01:03:47,19.5308552,-99.0412979,Mega_2.4G_D834,F4:E8:4F:FF:D8:34,3,-60,WPA2_PSK
2026-03-18 01:03:47,19.5308552,-99.0412979,,A2:31:DB:A0:CC:C7,4,-61,OPEN
2026-03-18 01:03:47,19.5308552,-99.0412979,,A2:31:DB:A0:CC:C6,4,-61,WPA2_PSK
2026-03-18 01:03:47,19.5308552,-99.0412979,Hogar,A2:31:DB:A0:CC:C4,4,-62,WPA2_PSK
2026-03-18 01:03:47,19.5308552,-99.0412979,Home,18:A6:F7:BF:71:72,7,-65,WPA_WPA2_PSK
2026-03-18 01:03:47,19.5308552,-99.0412979,Mega_2.4G_8B54,48:96:D9:26:8B:54,11,-65,WPA_WPA2_PSK
2026-03-18 01:03:47,19.5308552,-99.0412979,Ariadnazashyd_2.4G,BC:47:32:02:FF:88,6,-67,WPA_WPA2_PSK
2026-03-18 01:03:47,19.5308552,-99.0412979,,3C:A3:7E:7F:5D:22,8,-67,WPA2_PSK
2026-03-18 01:03:47,19.5308552,-99.0412979,Club_Totalplay_WiFi,BC:47:32:02:FF:89,6,-68,OPEN
2026-03-18 01:03:47,19.5308552,-99.0412979,Totalplay-2.4G-2d18,64:9D:F3:17:2D:18,6,-69,WPA2_PSK
2026-03-18 01:03:47,19.5308552,-99.0412979,TOTALPLAY_E14025,3C:17:10:E1:40:25,11,-69,WPA2_PSK
2026-03-18 01:03:47,19.5308552,-99.0412979,Club_Totalplay_WiFi,3C:A3:7E:7F:5D:23,8,-70,OPEN
2026-03-18 01:03:47,19.5308552,-99.0412979,Totalplay-14A5,A4:BD:C4:84:54:24,9,-70,WPA2_PSK
2026-03-18 01:03:47,19.5308552,-99.0412979,Totalplay-1BAA,3C:A3:7E:7F:5D:20,8,-71,WPA2_PSK
2026-03-18 01:03:47,19.5308552,-99.0412979,Nettowifi1WLAN,F4:1D:6B:2F:2A:88,2,-77,WPA2_PSK
2026-03-18 01:03:47,19.5308552,-99.0412979,Mega-2.4G-CDB1,78:DD:33:61:B6:CC,2,-78,WPA2_PSK
2026-03-18 01:03:47,19.5308552,-99.0412979,Tenda_1826F0,50:0F:F5:18:26:F1,5,-78,WPA_WPA2_PSK
2026-03-18 01:03:47,19.5308552,-99.0412979,Totalplay-36B5,8A:69:3D:8B:03:90,4,-79,WPA2_PSK
2026-03-18 01:03:47,19.5308552,-99.0412979,,8A:69:3D:8B:03:92,4,-79,WPA2_PSK
2026-03-18 01:03:47,19.5308552,-99.0412979,IZZI-6D3E,18:9C:27:3F:75:52,11,-79,WPA2_PSK
2026-03-18 01:03:47,19.5308552,-99.0412979,,1A:9C:27:2F:75:52,11,-79,UNKNOWN
2026-03-18 01:03:47,19.5308552,-99.0412979,ARRIS-FEF2,90:C7:92:49:FE:F0,1,-80,WPA_WPA2_PSK
2026-03-18 01:03:47,19.5308552,-99.0412979,INFINITUM90EE_2.4,94:FE:9D:C8:71:99,1,-80,WPA2_PSK
2026-03-18 01:03:47,19.5308552,-99.0412979,Totalplay-2.4G-1240,E0:61:4A:F3:12:41,1,-81,WPA_WPA2_PSK
2026-03-18 01:03:47,19.5308552,-99.0412979,,8A:69:3D:8B:03:93,4,-81,OPEN
2026-03-18 01:03:47,19.5308552,-99.0412979,Club_Totalplay_WiFi,B2:A4:F0:05:30:37,4,-81,OPEN
2026-03-18 01:03:47,19.5308552,-99.0412979,Totalplay-E2A1,AC:8D:34:BF:4F:0C,5,-81,WPA2_PSK
2026-03-18 01:03:47,19.5308552,-99.0412979,,72:54:25:23:7A:49,6,-82,UNKNOWN
2026-03-18 01:03:47,19.5308552,-99.0412979,IZZI-29F4,40:0F:C1:5D:29:F8,11,-85,WPA2_PSK
2026-03-18 01:04:03,19.5308552,-99.0412979,TOTALPLAY_ECBA0B,34:6B:46:EC:BA:0B,11,-51,WPA2_PSK
2026-03-18 01:04:03,19.5308552,-99.0412979,IZZI-29A4,94:04:E3:EF:29:A8,1,-59,WPA2_PSK
2026-03-18 01:04:03,19.5308552,-99.0412979,Hogar,A2:31:DB:A0:CC:C4,4,-59,WPA2_PSK
2026-03-18 01:04:03,19.5308552,-99.0412979,Mega_2.4G_D834,F4:E8:4F:FF:D8:34,3,-60,WPA2_PSK
2026-03-18 01:04:03,19.5308552,-99.0412979,,A2:31:DB:A0:CC:C7,4,-60,OPEN
2026-03-18 01:04:03,19.5308552,-99.0412979,,A2:31:DB:A0:CC:C6,4,-62,WPA2_PSK
2026-03-18 01:04:03,19.5308552,-99.0412979,Home,18:A6:F7:BF:71:72,7,-62,WPA_WPA2_PSK
2026-03-18 01:04:03,19.5308552,-99.0412979,Mega_2.4G_8B54,48:96:D9:26:8B:54,11,-65,WPA_WPA2_PSK
2026-03-18 01:04:03,19.5308552,-99.0412979,Club_Totalplay_WiFi,BC:47:32:02:FF:89,6,-66,OPEN
2026-03-18 01:04:03,19.5308552,-99.0412979,Ariadnazashyd_2.4G,BC:47:32:02:FF:88,6,-67,WPA_WPA2_PSK
2026-03-18 01:04:03,19.5308552,-99.0412979,,3C:A3:7E:7F:5D:22,8,-68,WPA2_PSK
2026-03-18 01:04:03,19.5308552,-99.0412979,Club_Totalplay_WiFi,3C:A3:7E:7F:5D:23,8,-69,OPEN
2026-03-18 01:04:03,19.5308552,-99.0412979,ARRIS-FEF2,90:C7:92:49:FE:F0,1,-70,WPA_WPA2_PSK
2026-03-18 01:04:03,19.5308552,-99.0412979,Totalplay-1BAA,3C:A3:7E:7F:5D:20,8,-70,WPA2_PSK
2026-03-18 01:04:03,19.5308552,-99.0412979,TOTALPLAY_E14025,3C:17:10:E1:40:25,11,-71,WPA2_PSK
2026-03-18 01:04:03,19.5308552,-99.0412979,Totalplay-2.4G-2d18,64:9D:F3:17:2D:18,6,-74,WPA2_PSK
2026-03-18 01:04:03,19.5308552,-99.0412979,Club_Totalplay_WiFi,EC:E7:A2:67:E1:49,1,-76,OPEN
2026-03-18 01:04:03,19.5308552,-99.0412979,Totalplay-36B5,8A:69:3D:8B:03:90,4,-77,WPA2_PSK
2026-03-18 01:04:03,19.5308552,-99.0412979,Tenda_1826F0,50:0F:F5:18:26:F1,5,-78,WPA_WPA2_PSK
2026-03-18 01:04:03,19.5308552,-99.0412979,,AC:8D:34:BF:4F:0E,5,-78,WPA2_PSK
2026-03-18 01:04:03,19.5308552,-99.0412979,Totalplay-E2A1,AC:8D:34:BF:4F:0C,5,-79,WPA2_PSK
2026-03-18 01:04:03,19.5308552,-99.0412979,,AC:8D:34:BF:4F:0F,5,-79,OPEN
2026-03-18 01:04:03,19.5308552,-99.0412979,TOTALPLAY_858582_2.4G,B0:5B:99:85:85:85,1,-80,WPA2_PSK
2026-03-18 01:04:03,19.5308552,-99.0412979,Totalplay-2.4G-e148,EC:E7:A2:67:E1:48,1,-80,WPA2_PSK
2026-03-18 01:04:03,19.5308552,-99.0412979,,A4:BD:C4:84:54:26,9,-80,WPA2_PSK
2026-03-18 01:04:03,19.5308552,-99.0412979,IZZI-6D3E,18:9C:27:3F:75:52,11,-80,WPA2_PSK
2026-03-18 01:04:03,19.5308552,-99.0412979,,1A:9C:27:2F:75:52,11,-80,UNKNOWN
2026-03-18 01:04:03,19.5308552,-99.0412979,,72:54:25:23:7A:49,6,-82,UNKNOWN
2026-03-18 01:04:03,19.5308552,-99.0412979,,1A:9C:27:20:54:D5,6,-82,UNKNOWN
2026-03-18 01:04:03,19.5308552,-99.0412979,Mega-2.4G-CDB1,78:DD:33:61:B6:CC,2,-83,WPA2_PSK
2026-03-18 01:04:03,19.5308552,-99.0412979,,8A:69:3D:8B:03:93,4,-85,OPEN
2026-03-18 01:04:03,19.5308552,-99.0412979,IZZI-FE1B,18:9C:27:40:54:D5,6,-85,WPA2_PSK
2026-03-18 01:04:03,19.5308552,-99.0412979,ZTE Blade L9,6A:CC:48:23:CF:47,10,-86,WPA2_WPA3_PSK
2026-03-18 01:04:19,19.5308552,-99.0412979,TOTALPLAY_ECBA0B,34:6B:46:EC:BA:0B,11,-50,WPA2_PSK
2026-03-18 01:04:19,19.5308552,-99.0412979,IZZI-29A4,94:04:E3:EF:29:A8,1,-60,WPA2_PSK
2026-03-18 01:04:19,19.5308552,-99.0412979,Mega_2.4G_D834,F4:E8:4F:FF:D8:34,3,-62,WPA2_PSK
2026-03-18 01:04:19,19.5308552,-99.0412979,,A2:31:DB:A0:CC:C6,4,-63,WPA2_PSK
2026-03-18 01:04:19,19.5308552,-99.0412979,,A2:31:DB:A0:CC:C7,4,-64,OPEN
2026-03-18 01:04:19,19.5308552,-99.0412979,Club_Totalplay_WiFi,BC:47:32:02:FF:89,6,-64,OPEN
2026-03-18 01:04:19,19.5308552,-99.0412979,Ariadnazashyd_2.4G,BC:47:32:02:FF:88,6,-64,WPA_WPA2_PSK
2026-03-18 01:04:19,19.5308552,-99.0412979,Home,18:A6:F7:BF:71:72,7,-64,WPA_WPA2_PSK
2026-03-18 01:04:19,19.5308552,-99.0412979,Mega_2.4G_8B54,48:96:D9:26:8B:54,11,-66,WPA_WPA2_PSK
2026-03-18 01:04:19,19.5308552,-99.0412979,Hogar,A2:31:DB:A0:CC:C4,4,-67,WPA2_PSK
2026-03-18 01:04:19,19.5308552,-99.0412979,TOTALPLAY_E14025,3C:17:10:E1:40:25,11,-67,WPA2_PSK
2026-03-18 01:04:19,19.5308552,-99.0412979,Totalplay-14A5,A4:BD:C4:84:54:24,9,-68,WPA2_PSK
2026-03-18 01:04:19,19.5308552,-99.0412979,ARRIS-FEF2,90:C7:92:49:FE:F0,1,-69,WPA_WPA2_PSK
2026-03-18 01:04:19,19.5308552,-99.0412979,Club_Totalplay_WiFi,3C:A3:7E:7F:5D:23,8,-69,OPEN
2026-03-18 01:04:19,19.5308552,-99.0412979,,3C:A3:7E:7F:5D:22,8,-69,WPA2_PSK
2026-03-18 01:04:19,19.5308552,-99.0412979,Totalplay-2.4G-2d18,64:9D:F3:17:2D:18,6,-73,WPA2_PSK
2026-03-18 01:04:19,19.5308552,-99.0412979,Totalplay-1BAA,3C:A3:7E:7F:5D:20,8,-73,WPA2_PSK
2026-03-18 01:04:19,19.5308552,-99.0412979,Totalplay-E2A1,AC:8D:34:BF:4F:0C,5,-74,WPA2_PSK
2026-03-18 01:04:19,19.5308552,-99.0412979,Tenda_1826F0,50:0F:F5:18:26:F1,5,-76,WPA_WPA2_PSK
2026-03-18 01:04:19,19.5308552,-99.0412979,Club_Totalplay_WiFi,EC:E7:A2:67:E1:49,1,-78,OPEN
2026-03-18 01:04:19,19.5308552,-99.0412979,,8A:69:3D:8B:03:92,4,-78,WPA2_PSK
2026-03-18 01:04:19,19.5308552,-99.0412979,,1A:9C:27:2F:75:52,11,-78,UNKNOWN
2026-03-18 01:04:19,19.5308552,-99.0412979,,AC:8D:34:BF:4F:0F,5,-79,OPEN
2026-03-18 01:04:19,19.5308552,-99.0412979,INFINITUM90EE_2.4,94:FE:9D:C8:71:99,1,-80,WPA2_PSK
2026-03-18 01:04:19,19.5308552,-99.0412979,,AC:8D:34:BF:4F:0E,5,-80,WPA2_PSK
2026-03-18 01:04:19,19.5308552,-99.0412979,,72:54:25:23:7A:49,6,-81,UNKNOWN
2026-03-18 01:04:19,19.5308552,-99.0412979,Mega-2.4G-CDB1,78:DD:33:61:B6:CC,2,-82,WPA2_PSK
2026-03-18 01:04:19,19.5308552,-99.0412979,Mega-2.4G-0CB1,EC:7C:2C:57:CC:3C,10,-82,WPA2_PSK
2026-03-18 01:04:19,19.5308552,-99.0412979,,1A:9C:27:20:54:D5,6,-83,UNKNOWN
2026-03-18 01:04:19,19.5308552,-99.0412979,,A4:BD:C4:84:54:26,9,-83,WPA2_PSK
2026-03-18 01:04:19,19.5308552,-99.0412979,Club_Totalplay_WiFi,0A:FA:28:16:C3:57,10,-84,OPEN
2026-03-18 01:04:19,19.5308552,-99.0412979,IZZI-6D3E,18:9C:27:3F:75:52,11,-85,WPA2_PSK
2026-03-18 01:04:35,19.5308552,-99.0412979,TOTALPLAY_ECBA0B,34:6B:46:EC:BA:0B,11,-48,WPA2_PSK
2026-03-18 01:04:35,19.5308552,-99.0412979,IZZI-29A4,94:04:E3:EF:29:A8,1,-58,WPA2_PSK
2026-03-18 01:04:35,19.5308552,-99.0412979,Mega_2.4G_D834,F4:E8:4F:FF:D8:34,3,-60,WPA2_PSK
2026-03-18 01:04:35,19.5308552,-99.0412979,,A2:31:DB:A0:CC:C6,4,-63,WPA2_PSK
2026-03-18 01:04:35,19.5308552,-99.0412979,Home,18:A6:F7:BF:71:72,7,-63,WPA_WPA2_PSK
2026-03-18 01:04:35,19.5308552,-99.0412979,Club_Totalplay_WiFi,3C:A3:7E:7F:5D:23,8,-63,OPEN
2026-03-18 01:04:35,19.5308552,-99.0412979,,3C:A3:7E:7F:5D:22,8,-63,WPA2_PSK
2026-03-18 01:04:35,19.5308552,-99.0412979,Hogar,A2:31:DB:A0:CC:C4,4,-64,WPA2_PSK
2026-03-18 01:04:35,19.5308552,-99.0412979,Ariadnazashyd_2.4G,BC:47:32:02:FF:88,6,-64,WPA_WPA2_PSK
2026-03-18 01:04:35,19.5308552,-99.0412979,Totalplay-1BAA,3C:A3:7E:7F:5D:20,8,-64,WPA2_PSK
2026-03-18 01:04:35,19.5308552,-99.0412979,,A2:31:DB:A0:CC:C7,4,-65,OPEN
2026-03-18 01:04:35,19.5308552,-99.0412979,Mega_2.4G_8B54,48:96:D9:26:8B:54,11,-65,WPA_WPA2_PSK
2026-03-18 01:04:35,19.5308552,-99.0412979,Club_Totalplay_WiFi,BC:47:32:02:FF:89,6,-66,OPEN
2026-03-18 01:04:35,19.5308552,-99.0412979,Totalplay-2.4G-2d18,64:9D:F3:17:2D:18,6,-70,WPA2_PSK
2026-03-18 01:04:35,19.5308552,-99.0412979,TOTALPLAY_E14025,3C:17:10:E1:40:25,11,-71,WPA2_PSK
2026-03-18 01:04:35,19.5308552,-99.0412979,Totalplay-14A5,A4:BD:C4:84:54:24,9,-72,WPA2_PSK
2026-03-18 01:04:35,19.5308552,-99.0412979,Nettowifi1WLAN,F4:1D:6B:2F:2A:88,2,-74,WPA2_PSK
2026-03-18 01:04:35,19.5308552,-99.0412979,ARRIS-FEF2,90:C7:92:49:FE:F0,1,-76,WPA_WPA2_PSK
2026-03-18 01:04:35,19.5308552,-99.0412979,Tenda_1826F0,50:0F:F5:18:26:F1,5,-77,WPA_WPA2_PSK
2026-03-18 01:04:35,19.5308552,-99.0412979,TOTALPLAY_858582_2.4G,B0:5B:99:85:85:85,1,-79,WPA2_PSK
2026-03-18 01:04:35,19.5308552,-99.0412979,Mega-2.4G-CDB1,78:DD:33:61:B6:CC,2,-79,WPA2_PSK
2026-03-18 01:04:35,19.5308552,-99.0412979,Totalplay-E2A1,AC:8D:34:BF:4F:0C,5,-79,WPA2_PSK
2026-03-18 01:04:35,19.5308552,-99.0412979,IZZI-6D3E,18:9C:27:3F:75:52,11,-79,WPA2_PSK
2026-03-18 01:04:35,19.5308552,-99.0412979,INFINITUM90EE_2.4,94:FE:9D:C8:71:99,1,-80,WPA2_PSK
2026-03-18 01:04:35,19.5308552,-99.0412979,Totalplay-2.4G-e148,EC:E7:A2:67:E1:48,1,-80,WPA2_PSK
2026-03-18 01:04:35,19.5308552,-99.0412979,Club_Totalplay_WiFi,EC:E7:A2:67:E1:49,1,-81,OPEN
2026-03-18 01:04:35,19.5308552,-99.0412979,Totalplay-1C9C,58:F9:87:61:DB:E4,8,-81,WPA_WPA2_PSK
2026-03-18 01:04:35,19.5308552,-99.0412979,,1A:9C:27:2F:75:52,11,-81,UNKNOWN
2026-03-18 01:04:35,19.5308552,-99.0412979,IZZI-29F4,40:0F:C1:5D:29:F8,11,-84,WPA2_PSK
2026-03-18 01:04:35,19.5308552,-99.0412979,,0A:FA:28:16:C3:56,10,-85,WPA2_PSK
2026-03-18 01:04:52,19.5308552,-99.0412979,TOTALPLAY_ECBA0B,34:6B:46:EC:BA:0B,11,-48,WPA2_PSK
2026-03-18 01:04:52,19.5308552,-99.0412979,IZZI-29A4,94:04:E3:EF:29:A8,1,-59,WPA2_PSK
2026-03-18 01:04:52,19.5308552,-99.0412979,Mega_2.4G_D834,F4:E8:4F:FF:D8:34,3,-62,WPA2_PSK
2026-03-18 01:04:52,19.5308552,-99.0412979,Home,18:A6:F7:BF:71:72,7,-62,WPA_WPA2_PSK
2026-03-18 01:04:52,19.5308552,-99.0412979,Ariadnazashyd_2.4G,BC:47:32:02:FF:88,6,-63,WPA_WPA2_PSK
2026-03-18 01:04:52,19.5308552,-99.0412979,Club_Totalplay_WiFi,BC:47:32:02:FF:89,6,-63,OPEN
2026-03-18 01:04:52,19.5308552,-99.0412979,Mega_2.4G_8B54,48:96:D9:26:8B:54,11,-66,WPA_WPA2_PSK
2026-03-18 01:04:52,19.5308552,-99.0412979,,3C:A3:7E:7F:5D:22,8,-67,WPA2_PSK
2026-03-18 01:04:52,19.5308552,-99.0412979,Totalplay-14A5,A4:BD:C4:84:54:24,9,-69,WPA2_PSK
2026-03-18 01:04:52,19.5308552,-99.0412979,TOTALPLAY_E14025,3C:17:10:E1:40:25,11,-69,WPA2_PSK
2026-03-18 01:04:52,19.5308552,-99.0412979,ARRIS-FEF2,90:C7:92:49:FE:F0,1,-71,WPA_WPA2_PSK
2026-03-18 01:04:52,19.5308552,-99.0412979,Hogar,A2:31:DB:A0:CC:C4,4,-71,WPA2_PSK
2026-03-18 01:04:52,19.5308552,-99.0412979,,A2:31:DB:A0:CC:C6,4,-72,WPA2_PSK
2026-03-18 01:04:52,19.5308552,-99.0412979,,A4:BD:C4:84:54:26,9,-72,WPA2_PSK
2026-03-18 01:04:52,19.5308552,-99.0412979,,A2:31:DB:A0:CC:C7,4,-73,OPEN
2026-03-18 01:04:52,19.5308552,-99.0412979,Totalplay-2.4G-2d18,64:9D:F3:17:2D:18,6,-73,WPA2_PSK
2026-03-18 01:04:52,19.5308552,-99.0412979,Totalplay-1BAA,3C:A3:7E:7F:5D:20,8,-75,WPA2_PSK
2026-03-18 01:04:52,19.5308552,-99.0412979,Tenda_1826F0,50:0F:F5:18:26:F1,5,-77,WPA_WPA2_PSK
2026-03-18 01:04:52,19.5308552,-99.0412979,,AC:8D:34:BF:4F:0E,5,-77,WPA2_PSK
2026-03-18 01:04:52,19.5308552,-99.0412979,IZZI-FE1B,18:9C:27:40:54:D5,6,-77,WPA2_PSK
2026-03-18 01:04:52,19.5308552,-99.0412979,Club_Totalplay_WiFi,EC:E7:A2:67:E1:49,1,-78,OPEN
2026-03-18 01:04:52,19.5308552,-99.0412979,,8A:69:3D:8B:03:92,4,-78,WPA2_PSK
2026-03-18 01:04:52,19.5308552,-99.0412979,Totalplay-E2A1,AC:8D:34:BF:4F:0C,5,-78,WPA2_PSK
2026-03-18 01:04:52,19.5308552,-99.0412979,Totalplay-36B5,8A:69:3D:8B:03:90,4,-79,WPA2_PSK
2026-03-18 01:04:52,19.5308552,-99.0412979,,1A:9C:27:2F:75:52,11,-79,UNKNOWN
2026-03-18 01:04:52,19.5308552,-99.0412979,Totalplay-2.4G-e148,EC:E7:A2:67:E1:48,1,-80,WPA2_PSK
2026-03-18 01:04:52,19.5308552,-99.0412979,INFINITUM90EE_2.4,94:FE:9D:C8:71:99,1,-80,WPA2_PSK
2026-03-18 01:04:52,19.5308552,-99.0412979,Mega-2.4G-CDB1,78:DD:33:61:B6:CC,2,-80,WPA2_PSK
2026-03-18 01:04:52,19.5308552,-99.0412979,,AC:8D:34:BF:4F:0F,5,-81,OPEN
2026-03-18 01:04:52,19.5308552,-99.0412979,Club_Totalplay_WiFi,B2:A4:F0:05:30:37,4,-82,OPEN
2026-03-18 01:04:52,19.5308552,-99.0412979,,72:54:25:23:7A:49,6,-82,UNKNOWN
2026-03-18 01:04:52,19.5308552,-99.0412979,IZZI-29F4,40:0F:C1:5D:29:F8,11,-83,WPA2_PSK
2026-03-18 01:04:52,19.5308552,-99.0412979,Nettowifi1WLAN,F4:1D:6B:2F:2A:88,2,-85,WPA2_PSK
2026-03-18 01:04:52,19.5308552,-99.0412979,ZTE Blade L9,6A:CC:48:23:CF:47,10,-85,WPA2_WPA3_PSK
2026-03-18 01:04:52,19.5308552,-99.0412979,,8A:69:3D:8B:03:93,4,-86,OPEN
2026-03-18 01:05:08,19.5308552,-99.0412979,TOTALPLAY_ECBA0B,34:6B:46:EC:BA:0B,11,-47,WPA2_PSK
2026-03-18 01:05:08,19.5308552,-99.0412979,IZZI-29A4,94:04:E3:EF:29:A8,1,-59,WPA2_PSK
2026-03-18 01:05:08,19.5308552,-99.0412979,Mega_2.4G_D834,F4:E8:4F:FF:D8:34,3,-62,WPA2_PSK
2026-03-18 01:05:08,19.5308552,-99.0412979,Ariadnazashyd_2.4G,BC:47:32:02:FF:88,6,-64,WPA_WPA2_PSK
2026-03-18 01:05:08,19.5308552,-99.0412979,Home,18:A6:F7:BF:71:72,7,-64,WPA_WPA2_PSK
2026-03-18 01:05:08,19.5308552,-99.0412979,Club_Totalplay_WiFi,BC:47:32:02:FF:89,6,-65,OPEN
2026-03-18 01:05:08,19.5308552,-99.0412979,Mega_2.4G_8B54,48:96:D9:26:8B:54,11,-65,WPA_WPA2_PSK
2026-03-18 01:05:08,19.5308552,-99.0412979,TOTALPLAY_E14025,3C:17:10:E1:40:25,11,-66,WPA2_PSK
2026-03-18 01:05:08,19.5308552,-99.0412979,Totalplay-1BAA,3C:A3:7E:7F:5D:20,8,-68,WPA2_PSK
2026-03-18 01:05:08,19.5308552,-99.0412979,,A2:31:DB:A0:CC:C6,4,-69,WPA2_PSK
2026-03-18 01:05:08,19.5308552,-99.0412979,ARRIS-FEF2,90:C7:92:49:FE:F0,1,-70,WPA_WPA2_PSK
2026-03-18 01:05:08,19.5308552,-99.0412979,Club_Totalplay_WiFi,3C:A3:7E:7F:5D:23,8,-70,OPEN
2026-03-18 01:05:08,19.5308552,-99.0412979,,3C:A3:7E:7F:5D:22,8,-70,WPA2_PSK
2026-03-18 01:05:08,19.5308552,-99.0412979,Totalplay-14A5,A4:BD:C4:84:54:24,9,-71,WPA2_PSK
2026-03-18 01:05:08,19.5308552,-99.0412979,,A4:BD:C4:84:54:26,9,-71,WPA2_PSK
2026-03-18 01:05:08,19.5308552,-99.0412979,,A2:31:DB:A0:CC:C7,4,-72,OPEN
2026-03-18 01:05:08,19.5308552,-99.0412979,Hogar,A2:31:DB:A0:CC:C4,4,-72,WPA2_PSK
2026-03-18 01:05:08,19.5308552,-99.0412979,Totalplay-2.4G-2d18,64:9D:F3:17:2D:18,6,-73,WPA2_PSK
2026-03-18 01:05:08,19.5308552,-99.0412979,Nettowifi1WLAN,F4:1D:6B:2F:2A:88,2,-75,WPA2_PSK
2026-03-18 01:05:08,19.5308552,-99.0412979,Club_Totalplay_WiFi,EC:E7:A2:67:E1:49,1,-76,OPEN
2026-03-18 01:05:08,19.5308552,-99.0412979,IZZI-D087,70:54:25:73:7A:49,6,-76,WPA2_PSK
2026-03-18 01:05:08,19.5308552,-99.0412979,Totalplay-E2A1,AC:8D:34:BF:4F:0C,5,-77,WPA2_PSK
2026-03-18 01:05:08,19.5308552,-99.0412979,Totalplay-2.4G-e148,EC:E7:A2:67:E1:48,1,-78,WPA2_PSK
2026-03-18 01:05:08,19.5308552,-99.0412979,Tenda_1826F0,50:0F:F5:18:26:F1,5,-78,WPA_WPA2_PSK
2026-03-18 01:05:08,19.5308552,-99.0412979,,AC:8D:34:BF:4F:0F,5,-78,OPEN
2026-03-18 01:05:08,19.5308552,-99.0412979,,AC:8D:34:BF:4F:0E,5,-78,WPA2_PSK
2026-03-18 01:05:08,19.5308552,-99.0412979,,1A:9C:27:2F:75:52,11,-78,UNKNOWN
2026-03-18 01:05:08,19.5308552,-99.0412979,IZZI-6D3E,18:9C:27:3F:75:52,11,-79,WPA2_PSK
2026-03-18 01:05:08,19.5308552,-99.0412979,Totalplay-36B5,8A:69:3D:8B:03:90,4,-80,WPA2_PSK
2026-03-18 01:05:08,19.5308552,-99.0412979,,8A:69:3D:8B:03:92,4,-80,WPA2_PSK
2026-03-18 01:05:08,19.5308552,-99.0412979,,72:54:25:23:7A:49,6,-80,UNKNOWN
2026-03-18 01:05:08,19.5308552,-99.0412979,Club_Totalplay_WiFi,D4:01:68:A8:5D:69,1,-81,OPEN
2026-03-18 01:05:08,19.5308552,-99.0412979,,8A:69:3D:8B:03:93,4,-83,OPEN
2026-03-18 01:05:08,19.5308552,-99.0412979,Club_Totalplay_WiFi,0A:FA:28:16:C3:57,10,-87,OPEN
2026-03-18 01:05:24,19.5308552,-99.0412979,TOTALPLAY_ECBA0B,34:6B:46:EC:BA:0B,11,-48,WPA2_PSK
2026-03-18 01:05:24,19.5308552,-99.0412979,IZZI-29A4,94:04:E3:EF:29:A8,1,-60,WPA2_PSK
2026-03-18 01:05:24,19.5308552,-99.0412979,Home,18:A6:F7:BF:71:72,7,-61,WPA_WPA2_PSK
2026-03-18 01:05:24,19.5308552,-99.0412979,Mega_2.4G_D834,F4:E8:4F:FF:D8:34,3,-64,WPA2_PSK
2026-03-18 01:05:24,19.5308552,-99.0412979,Club_Totalplay_WiFi,BC:47:32:02:FF:89,6,-65,OPEN
2026-03-18 01:05:24,19.5308552,-99.0412979,Mega_2.4G_8B54,48:96:D9:26:8B:54,11,-65,WPA_WPA2_PSK
2026-03-18 01:05:24,19.5308552,-99.0412979,Ariadnazashyd_2.4G,BC:47:32:02:FF:88,6,-66,WPA_WPA2_PSK
2026-03-18 01:05:24,19.5308552,-99.0412979,TOTALPLAY_E14025,3C:17:10:E1:40:25,11,-66,WPA2_PSK
2026-03-18 01:05:24,19.5308552,-99.0412979,ARRIS-FEF2,90:C7:92:49:FE:F0,1,-69,WPA_WPA2_PSK
2026-03-18 01:05:24,19.5308552,-99.0412979,Hogar,A2:31:DB:A0:CC:C4,4,-70,WPA2_PSK
2026-03-18 01:05:24,19.5308552,-99.0412979,,A2:31:DB:A0:CC:C6,4,-70,WPA2_PSK
2026-03-18 01:05:24,19.5308552,-99.0412979,Totalplay-2.4G-2d18,64:9D:F3:17:2D:18,6,-71,WPA2_PSK
2026-03-18 01:05:24,19.5308552,-99.0412979,Totalplay-14A5,A4:BD:C4:84:54:24,9,-72,WPA2_PSK
2026-03-18 01:05:24,19.5308552,-99.0412979,,72:54:25:23:7A:49,6,-75,UNKNOWN
2026-03-18 01:05:24,19.5308552,-99.0412979,INFINITUM90EE_2.4,94:FE:9D:C8:71:99,1,-76,WPA2_PSK
2026-03-18 01:05:24,19.5308552,-99.0412979,Nettowifi1WLAN,F4:1D:6B:2F:2A:88,2,-76,WPA2_PSK
2026-03-18 01:05:24,19.5308552,-99.0412979,TOTALPLAY_858582_2.4G,B0:5B:99:85:85:85,1,-77,WPA2_PSK
2026-03-18 01:05:24,19.5308552,-99.0412979,Club_Totalplay_WiFi,EC:E7:A2:67:E1:49,1,-77,OPEN
2026-03-18 01:05:24,19.5308552,-99.0412979,Totalplay-2.4G-e148,EC:E7:A2:67:E1:48,1,-78,WPA2_PSK
2026-03-18 01:05:24,19.5308552,-99.0412979,IZZI-6D3E,18:9C:27:3F:75:52,11,-78,WPA2_PSK
2026-03-18 01:05:24,19.5308552,-99.0412979,IZZI-FE1B,18:9C:27:40:54:D5,6,-79,WPA2_PSK
2026-03-18 01:05:24,19.5308552,-99.0412979,,1A:9C:27:2F:75:52,11,-79,UNKNOWN
2026-03-18 01:05:24,19.5308552,-99.0412979,,E0:61:4A:F3:12:44,1,-80,OPEN
2026-03-18 01:05:24,19.5308552,-99.0412979,INTERSHIP 2.4,D4:01:68:A8:5D:68,1,-82,WPA2_PSK
2026-03-18 01:05:24,19.5308552,-99.0412979,IZZI-29F4,40:0F:C1:5D:29:F8,11,-85,WPA2_PSK
2026-03-18 01:05:40,19.5308552,-99.0412979,TOTALPLAY_ECBA0B,34:6B:46:EC:BA:0B,11,-48,WPA2_PSK
2026-03-18 01:05:40,19.5308552,-99.0412979,IZZI-29A4,94:04:E3:EF:29:A8,1,-58,WPA2_PSK
2026-03-18 01:05:40,19.5308552,-99.0412979,Mega_2.4G_D834,F4:E8:4F:FF:D8:34,3,-61,WPA2_PSK
2026-03-18 01:05:40,19.5308552,-99.0412979,Club_Totalplay_WiFi,BC:47:32:02:FF:89,6,-64,OPEN
2026-03-18 01:05:40,19.5308552,-99.0412979,Home,18:A6:F7:BF:71:72,7,-64,WPA_WPA2_PSK
2026-03-18 01:05:40,19.5308552,-99.0412979,Totalplay-14A5,A4:BD:C4:84:54:24,9,-65,WPA2_PSK
2026-03-18 01:05:40,19.5308552,-99.0412979,Mega_2.4G_8B54,48:96:D9:26:8B:54,11,-65,WPA_WPA2_PSK
2026-03-18 01:05:40,19.5308552,-99.0412979,Hogar,A2:31:DB:A0:CC:C4,4,-66,WPA2_PSK
2026-03-18 01:05:40,19.5308552,-99.0412979,,A2:31:DB:A0:CC:C6,4,-66,WPA2_PSK
2026-03-18 01:05:40,19.5308552,-99.0412979,,A2:31:DB:A0:CC:C7,4,-66,OPEN
2026-03-18 01:05:40,19.5308552,-99.0412979,Ariadnazashyd_2.4G,BC:47:32:02:FF:88,6,-67,WPA_WPA2_PSK
2026-03-18 01:05:40,19.5308552,-99.0412979,TOTALPLAY_E14025,3C:17:10:E1:40:25,11,-67,WPA2_PSK
2026-03-18 01:05:40,19.5308552,-99.0412979,Totalplay-1BAA,3C:A3:7E:7F:5D:20,8,-68,WPA2_PSK
2026-03-18 01:05:40,19.5308552,-99.0412979,Club_Totalplay_WiFi,3C:A3:7E:7F:5D:23,8,-71,OPEN
2026-03-18 01:05:40,19.5308552,-99.0412979,,A4:BD:C4:84:54:26,9,-71,WPA2_PSK
2026-03-18 01:05:40,19.5308552,-99.0412979,Totalplay-2.4G-2d18,64:9D:F3:17:2D:18,6,-72,WPA2_PSK
2026-03-18 01:05:40,19.5308552,-99.0412979,Nettowifi1WLAN,F4:1D:6B:2F:2A:88,2,-76,WPA2_PSK
2026-03-18 01:05:40,19.5308552,-99.0412979,TOTALPLAY_858582_2.4G,B0:5B:99:85:85:85,1,-77,WPA2_PSK
2026-03-18 01:05:40,19.5308552,-99.0412979,,8A:69:3D:8B:03:92,4,-78,WPA2_PSK
2026-03-18 01:05:40,19.5308552,-99.0412979,Mega-2.4G-0CB1,EC:7C:2C:57:CC:3C,10,-78,WPA2_PSK
2026-03-18 01:05:40,19.5308552,-99.0412979,INFINITUM90EE_2.4,94:FE:9D:C8:71:99,1,-79,WPA2_PSK
2026-03-18 01:05:40,19.5308552,-99.0412979,Mega-2.4G-CDB1,78:DD:33:61:B6:CC,2,-79,WPA2_PSK
2026-03-18 01:05:40,19.5308552,-99.0412979,IZZI-6D3E,18:9C:27:3F:75:52,11,-79,WPA2_PSK
2026-03-18 01:05:40,19.5308552,-99.0412979,,1A:9C:27:2F:75:52,11,-79,UNKNOWN
2026-03-18 01:05:40,19.5308552,-99.0412979,IZZI-D087,70:54:25:73:7A:49,6,-81,WPA2_PSK
2026-03-18 01:05:40,19.5308552,-99.0412979,,72:54:25:23:7A:49,6,-81,UNKNOWN
2026-03-18 01:05:40,19.5308552,-99.0412979,,4C:F5:5B:8D:7D:B6,9,-83,WPA2_PSK
2026-03-18 01:05:40,19.5308552,-99.0412979,IZZI-FE1B,18:9C:27:40:54:D5,6,-85,WPA2_PSK
2026-03-18 01:05:56,19.5308552,-99.0412979,TOTALPLAY_ECBA0B,34:6B:46:EC:BA:0B,11,-48,WPA2_PSK
2026-03-18 01:05:56,19.5308552,-99.0412979,IZZI-29A4,94:04:E3:EF:29:A8,1,-58,WPA2_PSK
2026-03-18 01:05:56,19.5308552,-99.0412979,Mega_2.4G_D834,F4:E8:4F:FF:D8:34,3,-59,WPA2_PSK
2026-03-18 01:05:56,19.5308552,-99.0412979,Home,18:A6:F7:BF:71:72,7,-60,WPA_WPA2_PSK
2026-03-18 01:05:56,19.5308552,-99.0412979,,A2:31:DB:A0:CC:C6,4,-65,WPA2_PSK
2026-03-18 01:05:56,19.5308552,-99.0412979,Mega_2.4G_8B54,48:96:D9:26:8B:54,11,-65,WPA_WPA2_PSK
2026-03-18 01:05:56,19.5308552,-99.0412979,Hogar,A2:31:DB:A0:CC:C4,4,-66,WPA2_PSK
2026-03-18 01:05:56,19.5308552,-99.0412979,,A2:31:DB:A0:CC:C7,4,-66,OPEN
2026-03-18 01:05:56,19.5308552,-99.0412979,Ariadnazashyd_2.4G,BC:47:32:02:FF:88,6,-66,WPA_WPA2_PSK
2026-03-18 01:05:56,19.5308552,-99.0412979,,3C:A3:7E:7F:5D:22,8,-66,WPA2_PSK
2026-03-18 01:05:56,19.5308552,-99.0412979,ARRIS-FEF2,90:C7:92:49:FE:F0,1,-67,WPA_WPA2_PSK
2026-03-18 01:05:56,19.5308552,-99.0412979,Club_Totalplay_WiFi,BC:47:32:02:FF:89,6,-67,OPEN
2026-03-18 01:05:56,19.5308552,-99.0412979,TOTALPLAY_E14025,3C:17:10:E1:40:25,11,-67,WPA2_PSK
2026-03-18 01:05:56,19.5308552,-99.0412979,Totalplay-1BAA,3C:A3:7E:7F:5D:20,8,-69,WPA2_PSK
2026-03-18 01:05:56,19.5308552,-99.0412979,Club_Totalplay_WiFi,3C:A3:7E:7F:5D:23,8,-69,OPEN
2026-03-18 01:05:56,19.5308552,-99.0412979,Totalplay-2.4G-2d18,64:9D:F3:17:2D:18,6,-71,WPA2_PSK
2026-03-18 01:05:56,19.5308552,-99.0412979,Totalplay-14A5,A4:BD:C4:84:54:24,9,-71,WPA2_PSK
2026-03-18 01:05:56,19.5308552,-99.0412979,IZZI-6D3E,18:9C:27:3F:75:52,11,-76,WPA2_PSK
2026-03-18 01:05:56,19.5308552,-99.0412979,Totalplay-36B5,8A:69:3D:8B:03:90,4,-77,WPA2_PSK
2026-03-18 01:05:56,19.5308552,-99.0412979,Totalplay-2.4G-e148,EC:E7:A2:67:E1:48,1,-78,WPA2_PSK
2026-03-18 01:05:56,19.5308552,-99.0412979,Tenda_1826F0,50:0F:F5:18:26:F1,5,-78,WPA_WPA2_PSK
2026-03-18 01:05:56,19.5308552,-99.0412979,Club_Totalplay_WiFi,EC:E7:A2:67:E1:49,1,-79,OPEN
2026-03-18 01:05:56,19.5308552,-99.0412979,Mega-2.4G-CDB1,78:DD:33:61:B6:CC,2,-79,WPA2_PSK
2026-03-18 01:05:56,19.5308552,-99.0412979,,8A:69:3D:8B:03:92,4,-79,WPA2_PSK
2026-03-18 01:05:56,19.5308552,-99.0412979,Totalplay-E2A1,AC:8D:34:BF:4F:0C,5,-79,WPA2_PSK
2026-03-18 01:05:56,19.5308552,-99.0412979,,AC:8D:34:BF:4F:0F,5,-80,OPEN
2026-03-18 01:05:56,19.5308552,-99.0412979,,1A:9C:27:2F:75:52,11,-80,UNKNOWN
2026-03-18 01:05:56,19.5308552,-99.0412979,IZZI-D087,70:54:25:73:7A:49,6,-81,WPA2_PSK
2026-03-18 01:05:56,19.5308552,-99.0412979,,8A:69:3D:8B:03:93,4,-83,OPEN
