Timestamp,Lat,Long,SSID,BSSID,Canal,Señal,Seguridad
,0.0000000,0.0000000,Verizon-RC400L-42,58:32:77:25:92:42,1,-35,WPA2_PSK
,0.0000000,0.0000000,Home,18:A6:F7:BF:71:72,7,-56,WPA_WPA2_PSK
,0.0000000,0.0000000,TOTALPLAY_ECBA0B,34:6B:46:EC:BA:0B,11,-61,WPA2_PSK
,0.0000000,0.0000000,INFINITUMA5B1,A0:31:DB:68:D3:68,1,-70,WPA2_PSK
,0.0000000,0.0000000,Hogar,A2:31:DB:A0:CC:C4,4,-70,WPA2_PSK
,0.0000000,0.0000000,TOTALPLAY_E14025,3C:17:10:E1:40:25,11,-70,WPA2_PSK
,0.0000000,0.0000000,TOTALPLAY_ECAD72,34:6B:46:EC:AD:72,1,-72,WPA2_PSK
,0.0000000,0.0000000,,A2:31:DB:A0:CC:C7,4,-72,OPEN
,0.0000000,0.0000000,Club_Totalplay_WiFi,3C:A3:7E:7F:5D:23,8,-72,OPEN
,0.0000000,0.0000000,,8A:69:3D:8B:03:93,1,-74,OPEN
,0.0000000,0.0000000,,A2:31:DB:A0:CC:C6,4,-75,WPA2_PSK
,0.0000000,0.0000000,Totalplay-1BAA,3C:A3:7E:7F:5D:20,8,-77,WPA2_PSK
,0.0000000,0.0000000,Totalplay-36B5,8A:69:3D:8B:03:90,1,-78,WPA2_PSK
,0.0000000,0.0000000,,3C:A3:7E:7F:5D:22,8,-79,WPA2_PSK
,0.0000000,0.0000000,Club_Totalplay_WiFi,BC:47:32:02:FF:89,6,-80,OPEN
,0.0000000,0.0000000,Ariadnazashyd_2.4G,BC:47:32:02:FF:88,6,-81,WPA_WPA2_PSK
,0.0000000,0.0000000,,72:54:25:23:7A:49,11,-84,UNKNOWN
,0.0000000,0.0000000,IZZI-D087,70:54:25:73:7A:49,11,-85,WPA2_PSK
,0.0000000,0.0000000,,66:57:25:67:52:27,8,-87,WPA2_PSK
,0.0000000,0.0000000,Verizon-RC400L-42,58:32:77:25:92:42,1,-33,WPA2_PSK
,0.0000000,0.0000000,TOTALPLAY_ECBA0B,34:6B:46:EC:BA:0B,11,-50,WPA2_PSK
,0.0000000,0.0000000,,A2:31:DB:A0:CC:C6,4,-62,WPA2_PSK
,0.0000000,0.0000000,Hogar,A2:31:DB:A0:CC:C4,4,-65,WPA2_PSK
,0.0000000,0.0000000,Home,18:A6:F7:BF:71:72,7,-65,WPA_WPA2_PSK
,0.0000000,0.0000000,,A2:31:DB:A0:CC:C7,4,-67,OPEN
,0.0000000,0.0000000,IZZI-29A4,94:04:E3:EF:29:A8,1,-68,WPA2_PSK
,0.0000000,0.0000000,TOTALPLAY_ECAD72,34:6B:46:EC:AD:72,1,-71,WPA2_PSK
,0.0000000,0.0000000,INFINITUMA5B1,A0:31:DB:68:D3:68,1,-74,WPA2_PSK
,0.0000000,0.0000000,TOTALPLAY_E14025,3C:17:10:E1:40:25,11,-74,WPA2_PSK
,0.0000000,0.0000000,Totalplay-36B5,8A:69:3D:8B:03:90,1,-77,WPA2_PSK
,0.0000000,0.0000000,,8A:69:3D:8B:03:92,1,-77,WPA2_PSK
,0.0000000,0.0000000,Totalplay-1BAA,3C:A3:7E:7F:5D:20,8,-78,WPA2_PSK
,0.0000000,0.0000000,,8A:69:3D:8B:03:93,1,-79,OPEN
,0.0000000,0.0000000,Club_Totalplay_WiFi,3C:A3:7E:7F:5D:23,8,-80,OPEN
,0.0000000,0.0000000,,3C:A3:7E:7F:5D:22,8,-80,WPA2_PSK
,0.0000000,0.0000000,Mega_2.4G_D834,F4:E8:4F:FF:D8:34,3,-83,WPA2_PSK
,0.0000000,0.0000000,Mega_2.4G_8B54,48:96:D9:26:8B:54,4,-83,WPA_WPA2_PSK
,0.0000000,0.0000000,Club_Totalplay_WiFi,BC:47:32:02:FF:89,6,-83,OPEN
,0.0000000,0.0000000,Total-4EB6_EXT,1C:3B:F3:83:7C:06,2,-90,WPA2_PSK
,0.0000000,0.0000000,IZZI-083E,70:4F:B8:F8:E4:1D,1,-92,WPA2_PSK
,0.0000000,0.0000000,MODEM Ruben Cuarto ,D8:32:14:D4:FE:81,5,-93,WPA_WPA2_PSK
2026-03-19 21:10:27,19.5308514,-99.0413055,Verizon-RC400L-42,58:32:77:25:92:42,1,-33,WPA2_PSK
2026-03-19 21:10:27,19.5308514,-99.0413055,Hogar,A2:31:DB:A0:CC:C4,4,-60,WPA2_PSK
2026-03-19 21:10:27,19.5308514,-99.0413055,,A2:31:DB:A0:CC:C7,4,-61,OPEN
2026-03-19 21:10:27,19.5308514,-99.0413055,TOTALPLAY_ECAD72,34:6B:46:EC:AD:72,1,-63,WPA2_PSK
2026-03-19 21:10:27,19.5308514,-99.0413055,Home,18:A6:F7:BF:71:72,7,-63,WPA_WPA2_PSK
2026-03-19 21:10:27,19.5308514,-99.0413055,,A2:31:DB:A0:CC:C6,4,-65,WPA2_PSK
2026-03-19 21:10:27,19.5308514,-99.0413055,Totalplay-36B5,8A:69:3D:8B:03:90,1,-69,WPA2_PSK
2026-03-19 21:10:27,19.5308514,-99.0413055,,8A:69:3D:8B:03:92,1,-69,WPA2_PSK
2026-03-19 21:10:27,19.5308514,-99.0413055,,8A:69:3D:8B:03:93,1,-71,OPEN
2026-03-19 21:10:27,19.5308514,-99.0413055,TOTALPLAY_E14025,3C:17:10:E1:40:25,11,-74,WPA2_PSK
2026-03-19 21:10:27,19.5308514,-99.0413055,IZZI-29A4,94:04:E3:EF:29:A8,1,-79,WPA2_PSK
2026-03-19 21:10:27,19.5308514,-99.0413055,Mega_2.4G_D834,F4:E8:4F:FF:D8:34,3,-83,WPA2_PSK
2026-03-19 21:10:27,19.5308514,-99.0413055,INFINITUMA5B1,A0:31:DB:68:D3:68,1,-84,WPA2_PSK
2026-03-19 21:10:27,19.5308514,-99.0413055,Ariadnazashyd_2.4G,BC:47:32:02:FF:88,6,-84,WPA_WPA2_PSK
2026-03-19 21:10:27,19.5308514,-99.0413055,Total-4EB6_EXT,1C:3B:F3:83:7C:06,2,-87,WPA2_PSK
2026-03-19 21:10:27,19.5308514,-99.0413055,Mega_2.4G_8B54,48:96:D9:26:8B:54,4,-88,WPA_WPA2_PSK
2026-03-19 21:10:43,19.5308743,-99.0413361,Verizon-RC400L-42,58:32:77:25:92:42,1,-44,WPA2_PSK
2026-03-19 21:10:43,19.5308743,-99.0413361,TOTALPLAY_ECAD72,34:6B:46:EC:AD:72,1,-60,WPA2_PSK
2026-03-19 21:10:43,19.5308743,-99.0413361,Hogar,A2:31:DB:A0:CC:C4,4,-60,WPA2_PSK
2026-03-19 21:10:43,19.5308743,-99.0413361,,A2:31:DB:A0:CC:C6,4,-60,WPA2_PSK
2026-03-19 21:10:43,19.5308743,-99.0413361,,A2:31:DB:A0:CC:C7,4,-60,OPEN
2026-03-19 21:10:43,19.5308743,-99.0413361,Home,18:A6:F7:BF:71:72,7,-62,WPA_WPA2_PSK
2026-03-19 21:10:43,19.5308743,-99.0413361,IZZI-29A4,94:04:E3:EF:29:A8,1,-70,WPA2_PSK
2026-03-19 21:10:43,19.5308743,-99.0413361,Mega_2.4G_D834,F4:E8:4F:FF:D8:34,3,-71,WPA2_PSK
2026-03-19 21:10:43,19.5308743,-99.0413361,Mega_2.4G_8B54,48:96:D9:26:8B:54,4,-73,WPA_WPA2_PSK
2026-03-19 21:10:43,19.5308743,-99.0413361,Totalplay-36B5,8A:69:3D:8B:03:90,1,-75,WPA2_PSK
2026-03-19 21:10:43,19.5308743,-99.0413361,,8A:69:3D:8B:03:93,1,-76,OPEN
2026-03-19 21:10:43,19.5308743,-99.0413361,MODEM Ruben Cuarto ,D8:32:14:D4:FE:81,5,-89,WPA_WPA2_PSK
2026-03-19 21:10:43,19.5308743,-99.0413361,Total-4EB6_EXT,1C:3B:F3:83:7C:06,2,-91,WPA2_PSK
2026-03-19 21:10:59,19.5308743,-99.0413437,Verizon-RC400L-42,58:32:77:25:92:42,1,-33,WPA2_PSK
2026-03-19 21:10:59,19.5308743,-99.0413437,Hogar,A2:31:DB:A0:CC:C4,4,-60,WPA2_PSK
2026-03-19 21:10:59,19.5308743,-99.0413437,TOTALPLAY_ECAD72,34:6B:46:EC:AD:72,1,-62,WPA2_PSK
2026-03-19 21:10:59,19.5308743,-99.0413437,Home,18:A6:F7:BF:71:72,7,-64,WPA_WPA2_PSK
2026-03-19 21:10:59,19.5308743,-99.0413437,Mega_2.4G_D834,F4:E8:4F:FF:D8:34,3,-67,WPA2_PSK
2026-03-19 21:10:59,19.5308743,-99.0413437,IZZI-29A4,94:04:E3:EF:29:A8,1,-69,WPA2_PSK
2026-03-19 21:10:59,19.5308743,-99.0413437,,8A:69:3D:8B:03:93,1,-72,OPEN
2026-03-19 21:10:59,19.5308743,-99.0413437,,8A:69:3D:8B:03:92,1,-72,WPA2_PSK
2026-03-19 21:10:59,19.5308743,-99.0413437,Totalplay-36B5,8A:69:3D:8B:03:90,1,-73,WPA2_PSK
2026-03-19 21:10:59,19.5308743,-99.0413437,Mega_2.4G_8B54,48:96:D9:26:8B:54,4,-74,WPA_WPA2_PSK
2026-03-19 21:10:59,19.5308743,-99.0413437,TOTALPLAY_E14025,3C:17:10:E1:40:25,11,-76,WPA2_PSK
2026-03-19 21:10:59,19.5308743,-99.0413437,TOTALPLAY_ECBA0B,34:6B:46:EC:BA:0B,11,-80,WPA2_PSK
2026-03-19 21:10:59,19.5308743,-99.0413437,IZZI-083E,70:4F:B8:F8:E4:1D,1,-90,WPA2_PSK
2026-03-19 21:10:59,19.5308743,-99.0413437,INFINITUMA5B1,A0:31:DB:68:D3:68,1,-92,WPA2_PSK
2026-03-19 21:10:59,19.5308743,-99.0413437,,72:4F:B8:A8:E4:1D,1,-92,UNKNOWN
2026-03-19 21:11:15,19.5308762,-99.0413742,Verizon-RC400L-42,58:32:77:25:92:42,1,-38,WPA2_PSK
2026-03-19 21:11:15,19.5308762,-99.0413742,,A2:31:DB:A0:CC:C7,4,-57,OPEN
2026-03-19 21:11:15,19.5308762,-99.0413742,Hogar,A2:31:DB:A0:CC:C4,4,-58,WPA2_PSK
2026-03-19 21:11:15,19.5308762,-99.0413742,,A2:31:DB:A0:CC:C6,4,-58,WPA2_PSK
2026-03-19 21:11:15,19.5308762,-99.0413742,,8A:69:3D:8B:03:93,1,-78,OPEN
2026-03-19 21:11:15,19.5308762,-99.0413742,Totalplay-E2A1,AC:8D:34:BF:4F:0C,7,-88,WPA2_PSK
2026-03-19 21:11:15,19.5308762,-99.0413742,INFINITUMA5B1,A0:31:DB:68:D3:68,1,-89,WPA2_PSK
2026-03-19 21:11:15,19.5308762,-99.0413742,Total-4EB6_EXT,1C:3B:F3:83:7C:06,2,-95,WPA2_PSK
2026-03-19 21:11:31,19.5308533,-99.0414352,Verizon-RC400L-42,58:32:77:25:92:42,1,-35,WPA2_PSK
2026-03-19 21:11:31,19.5308533,-99.0414352,,A2:31:DB:A0:CC:C7,4,-55,OPEN
2026-03-19 21:11:31,19.5308533,-99.0414352,Hogar,A2:31:DB:A0:CC:C4,4,-55,WPA2_PSK
2026-03-19 21:11:31,19.5308533,-99.0414352,TOTALPLAY_ECAD72,34:6B:46:EC:AD:72,1,-67,WPA2_PSK
2026-03-19 21:11:31,19.5308533,-99.0414352,IZZI-29A4,94:04:E3:EF:29:A8,1,-69,WPA2_PSK
2026-03-19 21:11:31,19.5308533,-99.0414352,Mega_2.4G_8B54,48:96:D9:26:8B:54,4,-72,WPA_WPA2_PSK
2026-03-19 21:11:31,19.5308533,-99.0414352,Totalplay-36B5,8A:69:3D:8B:03:90,1,-74,WPA2_PSK
2026-03-19 21:11:47,19.5308495,-99.0414429,Verizon-RC400L-42,58:32:77:25:92:42,1,-33,WPA2_PSK
2026-03-19 21:11:47,19.5308495,-99.0414429,,A2:31:DB:A0:CC:C6,4,-55,WPA2_PSK
2026-03-19 21:11:47,19.5308495,-99.0414429,Hogar,A2:31:DB:A0:CC:C4,4,-57,WPA2_PSK
2026-03-19 21:11:47,19.5308495,-99.0414429,,A2:31:DB:A0:CC:C7,4,-58,OPEN
2026-03-19 21:11:47,19.5308495,-99.0414429,TOTALPLAY_ECAD72,34:6B:46:EC:AD:72,1,-66,WPA2_PSK
2026-03-19 21:11:47,19.5308495,-99.0414429,Home,18:A6:F7:BF:71:72,7,-68,WPA_WPA2_PSK
2026-03-19 21:11:47,19.5308495,-99.0414429,IZZI-29A4,94:04:E3:EF:29:A8,1,-71,WPA2_PSK
2026-03-19 21:11:47,19.5308495,-99.0414429,Totalplay-36B5,8A:69:3D:8B:03:90,1,-73,WPA2_PSK
2026-03-19 21:11:47,19.5308495,-99.0414429,TOTALPLAY_E14025,3C:17:10:E1:40:25,11,-73,WPA2_PSK
2026-03-19 21:11:47,19.5308495,-99.0414429,,A4:BD:C4:84:54:26,9,-89,WPA2_PSK
2026-03-19 21:12:03,19.5308495,-99.0414429,Verizon-RC400L-42,58:32:77:25:92:42,1,-43,WPA2_PSK
2026-03-19 21:12:03,19.5308495,-99.0414429,Hogar,A2:31:DB:A0:CC:C4,4,-56,WPA2_PSK
2026-03-19 21:12:03,19.5308495,-99.0414429,,A2:31:DB:A0:CC:C7,4,-57,OPEN
2026-03-19 21:12:03,19.5308495,-99.0414429,,A2:31:DB:A0:CC:C6,4,-58,WPA2_PSK
2026-03-19 21:12:03,19.5308495,-99.0414429,Home,18:A6:F7:BF:71:72,7,-67,WPA_WPA2_PSK
2026-03-19 21:12:03,19.5308495,-99.0414429,TOTALPLAY_ECBA0B,34:6B:46:EC:BA:0B,11,-67,WPA2_PSK
2026-03-19 21:12:03,19.5308495,-99.0414429,Club_Totalplay_WiFi,3C:A3:7E:7F:5D:23,8,-92,OPEN
2026-03-19 21:12:19,19.5308495,-99.0414429,Verizon-RC400L-42,58:32:77:25:92:42,1,-37,WPA2_PSK
2026-03-19 21:12:19,19.5308495,-99.0414429,Hogar,A2:31:DB:A0:CC:C4,4,-59,WPA2_PSK
2026-03-19 21:12:19,19.5308495,-99.0414429,,A2:31:DB:A0:CC:C7,4,-60,OPEN
2026-03-19 21:12:19,19.5308495,-99.0414429,,A2:31:DB:A0:CC:C6,4,-60,WPA2_PSK
2026-03-19 21:12:19,19.5308495,-99.0414429,TOTALPLAY_ECBA0B,34:6B:46:EC:BA:0B,11,-67,WPA2_PSK
2026-03-19 21:12:19,19.5308495,-99.0414429,Home,18:A6:F7:BF:71:72,7,-68,WPA_WPA2_PSK
2026-03-19 21:12:19,19.5308495,-99.0414429,TOTALPLAY_ECAD72,34:6B:46:EC:AD:72,1,-69,WPA2_PSK
2026-03-19 21:12:19,19.5308495,-99.0414429,Mega_2.4G_D834,F4:E8:4F:FF:D8:34,3,-70,WPA2_PSK
2026-03-19 21:12:35,19.5308495,-99.0414429,Verizon-RC400L-42,58:32:77:25:92:42,1,-37,WPA2_PSK
2026-03-19 21:12:35,19.5308495,-99.0414429,,A2:31:DB:A0:CC:C7,4,-54,OPEN
2026-03-19 21:12:35,19.5308495,-99.0414429,Hogar,A2:31:DB:A0:CC:C4,4,-56,WPA2_PSK
2026-03-19 21:12:35,19.5308495,-99.0414429,,A2:31:DB:A0:CC:C6,4,-57,WPA2_PSK
2026-03-19 21:12:35,19.5308495,-99.0414429,Home,18:A6:F7:BF:71:72,7,-67,WPA_WPA2_PSK
2026-03-19 21:12:35,19.5308495,-99.0414429,TOTALPLAY_ECAD72,34:6B:46:EC:AD:72,1,-68,WPA2_PSK
2026-03-19 21:12:35,19.5308495,-99.0414429,TOTALPLAY_ECBA0B,34:6B:46:EC:BA:0B,11,-69,WPA2_PSK
2026-03-19 21:12:35,19.5308495,-99.0414429,,8A:69:3D:8B:03:93,1,-82,OPEN
2026-03-19 21:12:51,19.5308495,-99.0414429,Verizon-RC400L-42,58:32:77:25:92:42,1,-40,WPA2_PSK
2026-03-19 21:12:51,19.5308495,-99.0414429,Hogar,A2:31:DB:A0:CC:C4,4,-56,WPA2_PSK
2026-03-19 21:12:51,19.5308495,-99.0414429,,A2:31:DB:A0:CC:C6,4,-56,WPA2_PSK
2026-03-19 21:12:51,19.5308495,-99.0414429,,A2:31:DB:A0:CC:C7,4,-57,OPEN
2026-03-19 21:12:51,19.5308495,-99.0414429,Home,18:A6:F7:BF:71:72,7,-61,WPA_WPA2_PSK
2026-03-19 21:12:51,19.5308495,-99.0414429,TOTALPLAY_ECAD72,34:6B:46:EC:AD:72,1,-66,WPA2_PSK
2026-03-19 21:12:51,19.5308495,-99.0414429,TOTALPLAY_ECBA0B,34:6B:46:EC:BA:0B,11,-69,WPA2_PSK
2026-03-19 21:13:07,19.5308514,-99.0414429,Verizon-RC400L-42,58:32:77:25:92:42,1,-40,WPA2_PSK
2026-03-19 21:13:07,19.5308514,-99.0414429,Hogar,A2:31:DB:A0:CC:C4,4,-57,WPA2_PSK
2026-03-19 21:13:07,19.5308514,-99.0414429,,A2:31:DB:A0:CC:C6,4,-57,WPA2_PSK
2026-03-19 21:13:07,19.5308514,-99.0414429,,A2:31:DB:A0:CC:C7,4,-57,OPEN
2026-03-19 21:13:07,19.5308514,-99.0414429,TOTALPLAY_ECBA0B,34:6B:46:EC:BA:0B,11,-65,WPA2_PSK
2026-03-19 21:13:07,19.5308514,-99.0414429,TOTALPLAY_ECAD72,34:6B:46:EC:AD:72,1,-67,WPA2_PSK
2026-03-19 21:13:07,19.5308514,-99.0414429,Mega_2.4G_D834,F4:E8:4F:FF:D8:34,3,-73,WPA2_PSK
2026-03-19 21:13:07,19.5308514,-99.0414429,Club_Totalplay_WiFi,3C:A3:7E:7F:5D:23,8,-88,OPEN
2026-03-19 21:13:07,19.5308514,-99.0414429,Total-4EB6_EXT,1C:3B:F3:83:7C:06,2,-93,WPA2_PSK
2026-03-19 21:13:23,19.5308514,-99.0414429,Verizon-RC400L-42,58:32:77:25:92:42,1,-17,WPA2_PSK
2026-03-19 21:13:23,19.5308514,-99.0414429,Hogar,A2:31:DB:A0:CC:C4,4,-47,WPA2_PSK
2026-03-19 21:13:23,19.5308514,-99.0414429,,A2:31:DB:A0:CC:C7,4,-47,OPEN
2026-03-19 21:13:23,19.5308514,-99.0414429,,A2:31:DB:A0:CC:C6,4,-47,WPA2_PSK
2026-03-19 21:13:23,19.5308514,-99.0414429,IZZI-29A4,94:04:E3:EF:29:A8,1,-54,WPA2_PSK
2026-03-19 21:13:23,19.5308514,-99.0414429,Mega_2.4G_8B54,48:96:D9:26:8B:54,4,-63,WPA_WPA2_PSK
2026-03-19 21:13:23,19.5308514,-99.0414429,TOTALPLAY_ECAD72,34:6B:46:EC:AD:72,1,-67,WPA2_PSK
2026-03-19 21:13:23,19.5308514,-99.0414429,,AC:8D:34:BF:4F:0F,7,-73,OPEN
2026-03-19 21:13:23,19.5308514,-99.0414429,ARRIS-FEF2,90:C7:92:49:FE:F0,11,-78,WPA_WPA2_PSK
2026-03-19 21:13:23,19.5308514,-99.0414429,TOTALPLAY_ECBA0B,34:6B:46:EC:BA:0B,11,-80,WPA2_PSK
2026-03-19 21:13:23,19.5308514,-99.0414429,TOTALPLAY_E14025,3C:17:10:E1:40:25,11,-82,WPA2_PSK
2026-03-19 21:13:23,19.5308514,-99.0414429,TP-Link_Guest_176C,72:C3:2A:1C:17:6E,10,-86,OPEN
2026-03-19 21:13:39,19.5308285,-99.0413971,Verizon-RC400L-42,58:32:77:25:92:42,1,-34,WPA2_PSK
2026-03-19 21:13:39,19.5308285,-99.0413971,,A2:31:DB:A0:CC:C6,4,-50,WPA2_PSK
2026-03-19 21:13:39,19.5308285,-99.0413971,Hogar,A2:31:DB:A0:CC:C4,4,-50,WPA2_PSK
2026-03-19 21:13:39,19.5308285,-99.0413971,,A2:31:DB:A0:CC:C7,4,-50,OPEN
2026-03-19 21:13:39,19.5308285,-99.0413971,Ariadnazashyd_2.4G,BC:47:32:02:FF:88,6,-59,WPA_WPA2_PSK
2026-03-19 21:13:39,19.5308285,-99.0413971,IZZI-29A4,94:04:E3:EF:29:A8,1,-64,WPA2_PSK
2026-03-19 21:13:39,19.5308285,-99.0413971,ARRIS-FEF2,90:C7:92:49:FE:F0,11,-65,WPA_WPA2_PSK
2026-03-19 21:13:39,19.5308285,-99.0413971,,86:C8:A0:F3:9A:51,1,-91,WPA2_PSK
2026-03-19 21:13:55,19.5308266,-99.0413742,Verizon-RC400L-42,58:32:77:25:92:42,1,-39,WPA2_PSK
2026-03-19 21:13:55,19.5308266,-99.0413742,,A2:31:DB:A0:CC:C7,4,-55,OPEN
2026-03-19 21:13:55,19.5308266,-99.0413742,Hogar,A2:31:DB:A0:CC:C4,4,-55,WPA2_PSK
2026-03-19 21:13:55,19.5308266,-99.0413742,,A2:31:DB:A0:CC:C6,4,-56,WPA2_PSK
2026-03-19 21:13:55,19.5308266,-99.0413742,IZZI-29A4,94:04:E3:EF:29:A8,1,-58,WPA2_PSK
2026-03-19 21:13:55,19.5308266,-99.0413742,Club_Totalplay_WiFi,BC:47:32:02:FF:89,6,-58,OPEN
2026-03-19 21:13:55,19.5308266,-99.0413742,Ariadnazashyd_2.4G,BC:47:32:02:FF:88,6,-59,WPA_WPA2_PSK
2026-03-19 21:13:55,19.5308266,-99.0413742,Mega_2.4G_8B54,48:96:D9:26:8B:54,4,-62,WPA_WPA2_PSK
2026-03-19 21:13:55,19.5308266,-99.0413742,ARRIS-FEF2,90:C7:92:49:FE:F0,11,-65,WPA_WPA2_PSK
2026-03-19 21:13:55,19.5308266,-99.0413742,,4C:F5:5B:8D:7D:B6,9,-79,WPA2_PSK
2026-03-19 21:13:55,19.5308266,-99.0413742,Home,18:A6:F7:BF:71:72,7,-83,WPA_WPA2_PSK
2026-03-19 21:14:11,19.5308189,-99.0413513,Verizon-RC400L-42,58:32:77:25:92:42,1,-29,WPA2_PSK
2026-03-19 21:14:11,19.5308189,-99.0413513,,A2:31:DB:A0:CC:C6,4,-54,WPA2_PSK
2026-03-19 21:14:11,19.5308189,-99.0413513,IZZI-29A4,94:04:E3:EF:29:A8,1,-57,WPA2_PSK
2026-03-19 21:14:11,19.5308189,-99.0413513,Club_Totalplay_WiFi,3C:A3:7E:7F:5D:23,8,-70,OPEN
2026-03-19 21:14:26,19.5307941,-99.0413589,Verizon-RC400L-42,58:32:77:25:92:42,1,-35,WPA2_PSK
2026-03-19 21:14:26,19.5307941,-99.0413589,IZZI-29A4,94:04:E3:EF:29:A8,1,-47,WPA2_PSK
2026-03-19 21:14:26,19.5307941,-99.0413589,Hogar,A2:31:DB:A0:CC:C4,4,-57,WPA2_PSK
2026-03-19 21:14:26,19.5307941,-99.0413589,,A2:31:DB:A0:CC:C7,4,-57,OPEN
2026-03-19 21:14:26,19.5307941,-99.0413589,IZZI-D087,70:54:25:73:7A:49,11,-72,WPA2_PSK
2026-03-19 21:14:26,19.5307941,-99.0413589,IZZI-083E,70:4F:B8:F8:E4:1D,1,-81,WPA2_PSK
2026-03-19 21:14:42,19.5308056,-99.0413437,Verizon-RC400L-42,58:32:77:25:92:42,1,-33,WPA2_PSK
2026-03-19 21:14:42,19.5308056,-99.0413437,IZZI-29A4,94:04:E3:EF:29:A8,1,-45,WPA2_PSK
2026-03-19 21:14:42,19.5308056,-99.0413437,,A2:31:DB:A0:CC:C7,4,-54,OPEN
2026-03-19 21:14:42,19.5308056,-99.0413437,,A2:31:DB:A0:CC:C6,4,-54,WPA2_PSK
2026-03-19 21:14:42,19.5308056,-99.0413437,Hogar,A2:31:DB:A0:CC:C4,4,-56,WPA2_PSK
2026-03-19 21:14:42,19.5308056,-99.0413437,Ariadnazashyd_2.4G,BC:47:32:02:FF:88,6,-61,WPA_WPA2_PSK
2026-03-19 21:14:42,19.5308056,-99.0413437,Club_Totalplay_WiFi,BC:47:32:02:FF:89,6,-61,OPEN
2026-03-19 21:14:42,19.5308056,-99.0413437,ARRIS-FEF2,90:C7:92:49:FE:F0,11,-72,WPA_WPA2_PSK
2026-03-19 21:14:42,19.5308056,-99.0413437,,8A:69:3D:8B:03:93,1,-74,OPEN
2026-03-19 21:14:42,19.5308056,-99.0413437,IZZI-6D3E,18:9C:27:3F:75:52,11,-78,WPA2_PSK
2026-03-19 21:14:42,19.5308056,-99.0413437,IZZI-39D7,24:E4:CE:CE:39:DC,11,-82,WPA2_PSK
2026-03-19 21:14:42,19.5308056,-99.0413437,Club_Totalplay_WiFi,3C:A3:7E:7F:5D:23,8,-83,OPEN
2026-03-19 21:14:42,19.5308056,-99.0413437,INFINITUMA5B1,A0:31:DB:68:D3:68,1,-85,WPA2_PSK
2026-03-19 21:14:42,19.5308056,-99.0413437,Totalplay-436A_2.4G,B8:F0:B9:DE:FC:15,6,-88,WPA2_WPA3_PSK
2026-03-19 21:14:58,19.5308323,-99.0413208,Verizon-RC400L-42,58:32:77:25:92:42,1,-37,WPA2_PSK
2026-03-19 21:14:58,19.5308323,-99.0413208,IZZI-29A4,94:04:E3:EF:29:A8,1,-52,WPA2_PSK
2026-03-19 21:14:58,19.5308323,-99.0413208,,A2:31:DB:A0:CC:C6,4,-61,WPA2_PSK
2026-03-19 21:14:58,19.5308323,-99.0413208,Hogar,A2:31:DB:A0:CC:C4,4,-61,WPA2_PSK
2026-03-19 21:14:58,19.5308323,-99.0413208,Mega_2.4G_D834,F4:E8:4F:FF:D8:34,3,-66,WPA2_PSK
2026-03-19 21:14:58,19.5308323,-99.0413208,,72:4F:B8:A8:E4:1D,1,-72,UNKNOWN
2026-03-19 21:14:58,19.5308323,-99.0413208,Mega_2.4G_8B54,48:96:D9:26:8B:54,4,-73,WPA_WPA2_PSK
2026-03-19 21:14:58,19.5308323,-99.0413208,,A4:BD:C4:84:54:26,9,-77,WPA2_PSK
2026-03-19 21:14:58,19.5308323,-99.0413208,IZZI-D087,70:54:25:73:7A:49,11,-80,WPA2_PSK
2026-03-19 21:14:58,19.5308323,-99.0413208,Totalplay-36B5,8A:69:3D:8B:03:90,1,-83,WPA2_PSK
2026-03-19 21:15:14,19.5308323,-99.0413208,Verizon-RC400L-42,58:32:77:25:92:42,1,-35,WPA2_PSK
2026-03-19 21:15:14,19.5308323,-99.0413208,IZZI-29A4,94:04:E3:EF:29:A8,1,-56,WPA2_PSK
2026-03-19 21:15:14,19.5308323,-99.0413208,,A2:31:DB:A0:CC:C6,4,-58,WPA2_PSK
2026-03-19 21:15:14,19.5308323,-99.0413208,,A2:31:DB:A0:CC:C7,4,-60,OPEN
2026-03-19 21:15:14,19.5308323,-99.0413208,Hogar,A2:31:DB:A0:CC:C4,4,-60,WPA2_PSK
2026-03-19 21:15:14,19.5308323,-99.0413208,Totalplay-E2A1,AC:8D:34:BF:4F:0C,7,-69,WPA2_PSK
2026-03-19 21:15:14,19.5308323,-99.0413208,,72:4F:B8:A8:E4:1D,1,-71,UNKNOWN
2026-03-19 21:15:14,19.5308323,-99.0413208,,72:54:25:23:7A:49,11,-72,UNKNOWN
2026-03-19 21:15:14,19.5308323,-99.0413208,Totalplay-14A5,A4:BD:C4:84:54:24,9,-73,WPA2_PSK
2026-03-19 21:15:14,19.5308323,-99.0413208,,A4:BD:C4:84:54:26,9,-76,WPA2_PSK
2026-03-19 21:15:14,19.5308323,-99.0413208,TOTALPLAY_ECBA0B,34:6B:46:EC:BA:0B,11,-77,WPA2_PSK
2026-03-19 21:15:14,19.5308323,-99.0413208,,4C:F5:5B:8D:7D:B6,9,-83,WPA2_PSK
2026-03-19 21:15:14,19.5308323,-99.0413208,TP-Link_Guest_176C,72:C3:2A:1C:17:6E,10,-83,OPEN
2026-03-19 21:15:14,19.5308323,-99.0413208,,72:C3:2A:1C:17:6D,10,-84,WPA2_PSK
2026-03-19 21:15:30,19.5308323,-99.0413208,Verizon-RC400L-42,58:32:77:25:92:42,1,-34,WPA2_PSK
2026-03-19 21:15:30,19.5308323,-99.0413208,IZZI-29A4,94:04:E3:EF:29:A8,1,-56,WPA2_PSK
2026-03-19 21:15:30,19.5308323,-99.0413208,Hogar,A2:31:DB:A0:CC:C4,4,-63,WPA2_PSK
2026-03-19 21:15:30,19.5308323,-99.0413208,,A2:31:DB:A0:CC:C7,4,-63,OPEN
2026-03-19 21:15:30,19.5308323,-99.0413208,,A2:31:DB:A0:CC:C6,4,-63,WPA2_PSK
2026-03-19 21:15:30,19.5308323,-99.0413208,Club_Totalplay_WiFi,BC:47:32:02:FF:89,6,-69,OPEN
2026-03-19 21:15:30,19.5308323,-99.0413208,IZZI-083E,70:4F:B8:F8:E4:1D,1,-70,WPA2_PSK
2026-03-19 21:15:30,19.5308323,-99.0413208,,72:54:25:23:7A:49,11,-73,UNKNOWN
2026-03-19 21:15:30,19.5308323,-99.0413208,Totalplay-1BAA,3C:A3:7E:7F:5D:20,8,-74,WPA2_PSK
2026-03-19 21:15:30,19.5308323,-99.0413208,Club_Totalplay_WiFi,3C:A3:7E:7F:5D:23,8,-75,OPEN
2026-03-19 21:15:30,19.5308323,-99.0413208,,8A:69:3D:8B:03:93,1,-84,OPEN
2026-03-19 21:15:30,19.5308323,-99.0413208,INFINITUMA5B1,A0:31:DB:68:D3:68,1,-85,WPA2_PSK
2026-03-19 21:15:46,19.5308323,-99.0413208,Verizon-RC400L-42,58:32:77:25:92:42,1,-32,WPA2_PSK
2026-03-19 21:15:46,19.5308323,-99.0413208,Hogar,A2:31:DB:A0:CC:C4,4,-50,WPA2_PSK
2026-03-19 21:15:46,19.5308323,-99.0413208,,A2:31:DB:A0:CC:C6,4,-53,WPA2_PSK
2026-03-19 21:15:46,19.5308323,-99.0413208,IZZI-29A4,94:04:E3:EF:29:A8,1,-54,WPA2_PSK
2026-03-19 21:15:46,19.5308323,-99.0413208,Ariadnazashyd_2.4G,BC:47:32:02:FF:88,6,-61,WPA_WPA2_PSK
2026-03-19 21:15:46,19.5308323,-99.0413208,Mega_2.4G_D834,F4:E8:4F:FF:D8:34,3,-66,WPA2_PSK
2026-03-19 21:15:46,19.5308323,-99.0413208,Mega_2.4G_8B54,48:96:D9:26:8B:54,4,-70,WPA_WPA2_PSK
2026-03-19 21:15:46,19.5308323,-99.0413208,,72:54:25:23:7A:49,11,-75,UNKNOWN
2026-03-19 21:15:46,19.5308323,-99.0413208,,1A:9C:27:2F:75:52,11,-79,UNKNOWN
2026-03-19 21:16:02,19.5308266,-99.0413208,Verizon-RC400L-42,58:32:77:25:92:42,1,-37,WPA2_PSK
2026-03-19 21:16:02,19.5308266,-99.0413208,IZZI-29A4,94:04:E3:EF:29:A8,1,-46,WPA2_PSK
2026-03-19 21:16:02,19.5308266,-99.0413208,Hogar,A2:31:DB:A0:CC:C4,4,-52,WPA2_PSK
2026-03-19 21:16:02,19.5308266,-99.0413208,,A2:31:DB:A0:CC:C7,4,-55,OPEN
2026-03-19 21:16:02,19.5308266,-99.0413208,,A2:31:DB:A0:CC:C6,4,-57,WPA2_PSK
2026-03-19 21:16:02,19.5308266,-99.0413208,Club_Totalplay_WiFi,BC:47:32:02:FF:89,6,-65,OPEN
2026-03-19 21:16:02,19.5308266,-99.0413208,Mega_2.4G_8B54,48:96:D9:26:8B:54,4,-74,WPA_WPA2_PSK
2026-03-19 21:16:02,19.5308266,-99.0413208,IZZI-6D3E,18:9C:27:3F:75:52,11,-77,WPA2_PSK
2026-03-19 21:16:02,19.5308266,-99.0413208,,1A:9C:27:2F:75:52,11,-79,UNKNOWN
2026-03-19 21:16:02,19.5308266,-99.0413208,Totalplay-2.4G-1240,E0:61:4A:F3:12:41,1,-83,WPA_WPA2_PSK
2026-03-19 21:16:02,19.5308266,-99.0413208,IZZI-39D7,24:E4:CE:CE:39:DC,11,-85,WPA2_PSK
2026-03-19 21:16:02,19.5308266,-99.0413208,,EC:A1:D1:92:80:1E,3,-91,WPA2_PSK
2026-03-19 21:16:18,19.5306225,-99.0414124,Verizon-RC400L-42,58:32:77:25:92:42,1,-34,WPA2_PSK
2026-03-19 21:16:18,19.5306225,-99.0414124,MODEM Ruben Cuarto ,D8:32:14:D4:FE:81,5,-47,WPA_WPA2_PSK
2026-03-19 21:16:18,19.5306225,-99.0414124,,1A:9C:27:2F:75:52,11,-55,UNKNOWN
2026-03-19 21:16:18,19.5306225,-99.0414124,IZZI-6D3E,18:9C:27:3F:75:52,11,-62,WPA2_PSK
2026-03-19 21:16:18,19.5306225,-99.0414124,TP-Link_176C,E4:C3:2A:1C:17:6B,10,-69,WPA2_PSK
2026-03-19 21:16:18,19.5306225,-99.0414124,TP-Link_Guest_176C,72:C3:2A:1C:17:6E,10,-70,OPEN
2026-03-19 21:16:18,19.5306225,-99.0414124,,E0:61:4A:F3:12:44,1,-76,OPEN
2026-03-19 21:16:18,19.5306225,-99.0414124,Club_Totalplay_WiFi,3C:A3:7E:7F:5D:23,8,-80,OPEN
2026-03-19 21:16:34,19.5304489,-99.0414810,Verizon-RC400L-42,58:32:77:25:92:42,1,-32,WPA2_PSK
2026-03-19 21:16:34,19.5304489,-99.0414810,Club_Totalplay_WiFi,52:42:89:3C:A3:52,6,-57,OPEN
2026-03-19 21:16:34,19.5304489,-99.0414810,,1A:9C:27:2F:75:52,11,-58,UNKNOWN
2026-03-19 21:16:34,19.5304489,-99.0414810,Totalplay-0C18,50:42:89:0C:A3:52,6,-59,WPA2_PSK
2026-03-19 21:16:34,19.5304489,-99.0414810,TP-Link_176C,E4:C3:2A:1C:17:6B,10,-64,WPA2_PSK
2026-03-19 21:16:34,19.5304489,-99.0414810,IZZI-6D3E,18:9C:27:3F:75:52,11,-65,WPA2_PSK
2026-03-19 21:16:34,19.5304489,-99.0414810,TP-Link_Guest_176C,72:C3:2A:1C:17:6E,10,-66,OPEN
2026-03-19 21:16:34,19.5304489,-99.0414810,Mega_2.4G_6F9A,48:96:D9:75:6F:9A,5,-69,WPA_WPA2_PSK
2026-03-19 21:16:34,19.5304489,-99.0414810,Club_Totalplay_WiFi,BC:47:32:12:EE:E9,6,-71,OPEN
2026-03-19 21:16:34,19.5304489,-99.0414810,Club_Totalplay_WiFi,EC:A1:D1:92:80:1F,3,-73,OPEN
2026-03-19 21:16:34,19.5304489,-99.0414810,,9E:C8:FC:2E:C7:D7,6,-73,UNKNOWN
2026-03-19 21:16:34,19.5304489,-99.0414810,,D6:E2:2F:80:D0:FA,3,-80,WPA2_PSK
2026-03-19 21:16:34,19.5304489,-99.0414810,Club_Totalplay_WiFi,90:3F:EA:D1:8C:99,11,-87,OPEN
2026-03-19 21:16:50,19.5305710,-99.0418015,Verizon-RC400L-42,58:32:77:25:92:42,1,-30,WPA2_PSK
2026-03-19 21:16:50,19.5305710,-99.0418015,Mega_2.4G_6F9A,48:96:D9:75:6F:9A,5,-57,WPA_WPA2_PSK
2026-03-19 21:16:50,19.5305710,-99.0418015,Mega_2.4G_302A,48:96:D9:7C:30:2A,9,-57,WPA_WPA2_PSK
2026-03-19 21:16:50,19.5305710,-99.0418015,INFINITUM3FEA,00:5F:67:6B:8B:E4,1,-60,WPA2_PSK
2026-03-19 21:16:50,19.5305710,-99.0418015,IZZI-5FDD,9C:C8:FC:3E:C7:D7,6,-66,WPA2_PSK
2026-03-19 21:16:50,19.5305710,-99.0418015,,72:4F:B8:24:22:63,6,-75,UNKNOWN
2026-03-19 21:16:50,19.5305710,-99.0418015,Club_Totalplay_WiFi,52:42:89:3C:A3:52,6,-77,OPEN
2026-03-19 21:16:50,19.5305710,-99.0418015,,8E:49:62:B4:62:D5,10,-80,WPA2_PSK
2026-03-19 21:17:06,19.5307331,-99.0422058,Verizon-RC400L-42,58:32:77:25:92:42,1,-29,WPA2_PSK
2026-03-19 21:17:06,19.5307331,-99.0422058,Club_Totalplay_WiFi,EC:E7:A2:68:78:51,1,-47,OPEN
2026-03-19 21:17:06,19.5307331,-99.0422058,Totalplay-2.4G-7850,EC:E7:A2:68:78:50,1,-48,WPA_WPA2_PSK
2026-03-19 21:17:06,19.5307331,-99.0422058,Mega_2.4G_6F9A,48:96:D9:75:6F:9A,5,-51,WPA_WPA2_PSK
2026-03-19 21:17:06,19.5307331,-99.0422058,MARDOM15,F4:9E:EF:02:D3:C9,6,-60,WPA2_PSK
2026-03-19 21:17:06,19.5307331,-99.0422058,,DE:A6:33:2B:BD:69,11,-64,UNKNOWN
2026-03-19 21:17:06,19.5307331,-99.0422058,INFINITUM65C4,64:DB:F7:FD:55:99,11,-70,WPA2_PSK
2026-03-19 21:17:06,19.5307331,-99.0422058,,66:DB:F7:CD:55:99,11,-70,WPA2_PSK
2026-03-19 21:17:06,19.5307331,-99.0422058,,8E:49:62:B4:62:D5,10,-71,WPA2_PSK
2026-03-19 21:17:06,19.5307331,-99.0422058,,96:8F:CF:2F:C0:75,11,-71,UNKNOWN
2026-03-19 21:17:06,19.5307331,-99.0422058,IZZI-F2DC,94:8F:CF:1F:C0:75,11,-72,WPA2_PSK
2026-03-19 21:17:06,19.5307331,-99.0422058,TOTALPLAY_F16870,D4:F8:29:F1:68:70,6,-76,WPA2_PSK
2026-03-19 21:17:22,19.5309067,-99.0426712,Verizon-RC400L-42,58:32:77:25:92:42,1,-34,WPA2_PSK
2026-03-19 21:17:22,19.5309067,-99.0426712,INFINITUM15A4_2.4,E4:83:26:B9:A7:B4,3,-60,WPA2_PSK
2026-03-19 21:17:22,19.5309067,-99.0426712,,6C:14:6E:10:F8:8E,7,-68,WPA2_PSK
2026-03-19 21:17:22,19.5309067,-99.0426712,INFINITUM5B8F_2.4-plus,E0:E1:A9:E7:D4:E3,1,-70,WPA2_PSK
2026-03-19 21:17:22,19.5309067,-99.0426712,Totalplay-C69B,00:2E:C7:24:B8:A4,1,-84,WPA_WPA2_PSK
2026-03-19 21:17:38,19.5310135,-99.0429916,Verizon-RC400L-42,58:32:77:25:92:42,1,-32,WPA2_PSK
2026-03-19 21:17:38,19.5310135,-99.0429916,INFINITUM62BA,C8:4C:78:25:EC:F4,11,-54,WPA2_PSK
2026-03-19 21:17:38,19.5310135,-99.0429916,INFINITUM05B3,88:C2:27:D1:B2:80,11,-58,WPA2_PSK
2026-03-19 21:17:38,19.5310135,-99.0429916,Club_Totalplay_WiFi,10:08:1D:BC:C4:21,1,-67,OPEN
2026-03-19 21:17:38,19.5310135,-99.0429916,Mega_2.4G_706C,48:96:D9:75:70:6C,4,-67,WPA_WPA2_PSK
2026-03-19 21:17:38,19.5310135,-99.0429916,Z1200_57F0,CC:29:BD:0E:57:F0,9,-67,WPA2_PSK
2026-03-19 21:17:38,19.5310135,-99.0429916,Totalplay-2.4G-c420,10:08:1D:BC:C4:20,1,-69,WPA2_PSK
2026-03-19 21:17:38,19.5310135,-99.0429916,,C2:F9:B0:19:15:06,5,-70,WPA2_PSK
2026-03-19 21:17:38,19.5310135,-99.0429916,Club_Totalplay_WiFi,C2:F9:B0:19:15:07,5,-73,OPEN
2026-03-19 21:17:38,19.5310135,-99.0429916,Btos romm.v,,FA:8F:CA:8B:8B:E7,6,-82,OPEN
2026-03-19 21:17:38,19.5310135,-99.0429916,Tenda_7F7870,B4:0F:3B:7F:78:70,8,-86,WPA_WPA2_PSK
2026-03-19 21:17:38,19.5310135,-99.0429916,IPC365_AP-406A8EEB77B8,7A:22:88:94:FF:99,10,-88,OPEN
2026-03-19 21:17:54,19.5311203,-99.0433655,Verizon-RC400L-42,58:32:77:25:92:42,1,-31,WPA2_PSK
2026-03-19 21:17:54,19.5311203,-99.0433655,IZZI-4448,8C:61:A3:A6:25:5D,11,-54,WPA2_PSK
2026-03-19 21:17:54,19.5311203,-99.0433655,IZZI-78C9,24:E4:CE:CE:78:CE,11,-55,WPA2_PSK
2026-03-19 21:17:54,19.5311203,-99.0433655,,8E:61:A3:A6:25:5D,11,-57,UNKNOWN
2026-03-19 21:17:54,19.5311203,-99.0433655,LAYLA,C4:EB:FF:31:2D:44,1,-61,WPA2_PSK
2026-03-19 21:17:54,19.5311203,-99.0433655,Megacable_2.4G_ADA0,5C:A4:F4:9B:AD:A0,8,-63,WPA_WPA2_PSK
2026-03-19 21:17:54,19.5311203,-99.0433655,Totalplay-2.4G-4ea8,64:9D:F3:43:4E:A8,1,-65,WPA2_PSK
2026-03-19 21:17:54,19.5311203,-99.0433655,IZZI-3C5A,8C:61:A3:A6:19:52,11,-72,WPA_WPA2_PSK
2026-03-19 21:17:54,19.5311203,-99.0433655,Totalplay-2.4G-58a8,10:08:1D:B0:58:A8,6,-74,WPA2_PSK
2026-03-19 21:17:54,19.5311203,-99.0433655,IPC365_AP-406A8EEB77B8,7A:22:88:94:FF:99,10,-75,OPEN
2026-03-19 21:17:54,19.5311203,-99.0433655,Mega_2.4G_706C,48:96:D9:75:70:6C,4,-76,WPA_WPA2_PSK
2026-03-19 21:17:54,19.5311203,-99.0433655,INFINITUM62BA,C8:4C:78:25:EC:F4,11,-86,WPA2_PSK
2026-03-19 21:18:10,19.5308037,-99.0435104,Verizon-RC400L-42,58:32:77:25:92:42,1,-38,WPA2_PSK
2026-03-19 21:18:10,19.5308037,-99.0435104,IZZI-3C5A,8C:61:A3:A6:19:52,11,-52,WPA_WPA2_PSK
2026-03-19 21:18:10,19.5308037,-99.0435104,,8E:61:A3:A6:19:52,11,-53,UNKNOWN
2026-03-19 21:18:10,19.5308037,-99.0435104,INFINITUME762,C4:EB:FF:31:2D:B6,1,-57,WPA2_PSK
2026-03-19 21:18:10,19.5308037,-99.0435104,Club_Totalplay_WiFi,30:E9:8E:E2:40:03,5,-58,OPEN
2026-03-19 21:18:10,19.5308037,-99.0435104,,30:E9:8E:E2:40:02,5,-58,WPA2_PSK
2026-03-19 21:18:10,19.5308037,-99.0435104,Mega_2.4G_6DCC,48:96:D9:75:6D:CC,7,-62,WPA_WPA2_PSK
2026-03-19 21:18:10,19.5308037,-99.0435104,Totalplay-70A1,30:E9:8E:E2:40:00,5,-63,WPA2_PSK
2026-03-19 21:18:10,19.5308037,-99.0435104,IZZI-6039,28:F5:D1:AB:DB:55,11,-67,WPA2_PSK
2026-03-19 21:18:10,19.5308037,-99.0435104,Totalplay-2.4G-3928,10:08:1D:21:39:28,1,-68,WPA2_PSK
2026-03-19 21:18:10,19.5308037,-99.0435104,Megacable_2.4G_ADA0,5C:A4:F4:9B:AD:A0,8,-75,WPA_WPA2_PSK
2026-03-19 21:18:10,19.5308037,-99.0435104,Totalplay-4DAA,6C:14:6E:B7:44:3C,9,-76,WPA2_PSK
2026-03-19 21:18:10,19.5308037,-99.0435104,Club_Totalplay_WiFi,6C:14:6E:B7:44:3F,9,-76,OPEN
2026-03-19 21:18:10,19.5308037,-99.0435104,IZZI-78C9,24:E4:CE:CE:78:CE,11,-76,WPA2_PSK
2026-03-19 21:18:26,19.5305233,-99.0436249,Verizon-RC400L-42,58:32:77:25:92:42,1,-43,WPA2_PSK
2026-03-19 21:18:26,19.5305233,-99.0436249,Totalplay-2.4G-3928,10:08:1D:21:39:28,1,-44,WPA2_PSK
2026-03-19 21:18:26,19.5305233,-99.0436249,Club_Totalplay_WiFi,10:08:1D:21:39:29,1,-47,OPEN
2026-03-19 21:18:26,19.5305233,-99.0436249,INFINITUME746,C4:EB:FF:31:2D:0E,1,-49,WPA2_PSK
2026-03-19 21:18:26,19.5305233,-99.0436249,Club_Totalplay_WiFi,6C:14:6E:B7:44:3F,9,-62,OPEN
2026-03-19 21:18:26,19.5305233,-99.0436249,Mega_2.4G_6DCC,48:96:D9:75:6D:CC,7,-64,WPA_WPA2_PSK
2026-03-19 21:18:26,19.5305233,-99.0436249,Totalplay-76B6,BA:9F:CC:31:4E:B4,11,-64,WPA2_PSK
2026-03-19 21:18:26,19.5305233,-99.0436249,Club_Totalplay_WiFi,BA:9F:CC:31:4E:B7,11,-65,OPEN
2026-03-19 21:18:26,19.5305233,-99.0436249,Totalplay-4DAA,6C:14:6E:B7:44:3C,9,-69,WPA2_PSK
2026-03-19 21:18:26,19.5305233,-99.0436249,INFINITUMB8FF,C4:EB:FF:30:17:64,11,-74,WPA2_PSK
2026-03-19 21:18:26,19.5305233,-99.0436249,,BC:76:C5:3C:BC:CE,4,-78,WPA2_PSK
2026-03-19 21:18:26,19.5305233,-99.0436249,Club_Totalplay_WiFi,34:A2:A2:1A:9B:23,7,-78,OPEN
2026-03-19 21:18:26,19.5305233,-99.0436249,Zero-802,D8:3A:DD:39:FD:E8,1,-79,OPEN
2026-03-19 21:18:26,19.5305233,-99.0436249,Club_Totalplay_WiFi,30:E9:8E:E2:40:03,5,-80,OPEN
2026-03-19 21:18:26,19.5305233,-99.0436249,IZZI-6517,28:F5:D1:62:20:80,11,-81,WPA2_PSK
2026-03-19 21:18:42,19.5302296,-99.0437546,Verizon-RC400L-42,58:32:77:25:92:42,1,-41,WPA2_PSK
2026-03-19 21:18:42,19.5302296,-99.0437546,,6C:14:6E:B7:44:3E,9,-45,WPA2_PSK
2026-03-19 21:18:42,19.5302296,-99.0437546,,A4:16:E7:33:B8:8A,5,-54,WPA2_PSK
2026-03-19 21:18:42,19.5302296,-99.0437546,Totalplay-4DAA,6C:14:6E:B7:44:3C,9,-60,WPA2_PSK
2026-03-19 21:18:42,19.5302296,-99.0437546,Totalplay_48A4_2.4G,A4:16:E7:33:B8:88,5,-61,WPA_WPA2_PSK
2026-03-19 21:18:42,19.5302296,-99.0437546,IZZI-FD4C,10:A7:93:52:FD:50,1,-62,WPA2_PSK
2026-03-19 21:18:42,19.5302296,-99.0437546,Club_Totalplay_WiFi,6C:14:6E:B7:44:3F,9,-62,OPEN
2026-03-19 21:18:42,19.5302296,-99.0437546,IZZI-DE59,24:E4:CE:3A:DE:5E,1,-70,WPA2_PSK
2026-03-19 21:18:42,19.5302296,-99.0437546,Club_Totalplay_WiFi,10:08:1D:21:39:29,1,-71,OPEN
2026-03-19 21:18:42,19.5302296,-99.0437546,INFINITUME746,C4:EB:FF:31:2D:0E,1,-71,WPA2_PSK
2026-03-19 21:18:42,19.5302296,-99.0437546,,E0:61:4A:DE:36:E4,11,-71,OPEN
2026-03-19 21:18:42,19.5302296,-99.0437546,IZZI-47E0,50:95:51:A8:0D:9A,1,-74,WPA2_PSK
2026-03-19 21:18:42,19.5302296,-99.0437546,,88:40:33:ED:31:A2,3,-75,WPA2_PSK
2026-03-19 21:18:42,19.5302296,-99.0437546,IPC365_AP-406A8EEB77B8,7A:22:88:94:FF:99,10,-79,OPEN
2026-03-19 21:18:42,19.5302296,-99.0437546,Zero-802,D8:3A:DD:39:FD:E8,1,-81,OPEN
2026-03-19 21:18:42,19.5302296,-99.0437546,INFINITUM0AE1,C8:4C:78:05:63:A8,6,-83,WPA2_PSK
2026-03-19 21:18:42,19.5302296,-99.0437546,IZZI-5CE4,40:0F:C1:22:5C:E8,1,-88,WPA2_PSK
2026-03-19 21:18:58,19.5301571,-99.0439758,Verizon-RC400L-42,58:32:77:25:92:42,1,-30,WPA2_PSK
2026-03-19 21:18:58,19.5301571,-99.0439758,Totalplay-2.4G-36E0,E0:61:4A:DE:36:E1,11,-58,WPA_WPA2_PSK
2026-03-19 21:18:58,19.5301571,-99.0439758,,E0:61:4A:DE:36:E4,11,-60,OPEN
2026-03-19 21:18:58,19.5301571,-99.0439758,IZZI-FD4C,10:A7:93:52:FD:50,1,-63,WPA2_PSK
2026-03-19 21:18:58,19.5301571,-99.0439758,IZZI-47E0,50:95:51:A8:0D:9A,1,-65,WPA2_PSK
2026-03-19 21:18:58,19.5301571,-99.0439758,,6C:14:6E:B7:44:3E,9,-66,WPA2_PSK
2026-03-19 21:18:58,19.5301571,-99.0439758,IZZI-DE59,24:E4:CE:3A:DE:5E,1,-70,WPA2_PSK
2026-03-19 21:18:58,19.5301571,-99.0439758,Anit@rueda_2.4G,C2:F9:B0:AD:76:94,10,-70,WPA_WPA2_PSK
2026-03-19 21:18:58,19.5301571,-99.0439758,Club_Totalplay_WiFi,C2:F9:B0:AD:76:97,10,-71,OPEN
2026-03-19 21:18:58,19.5301571,-99.0439758,Club_Totalplay_WiFi,3C:A3:7E:70:C7:9F,8,-77,OPEN
2026-03-19 21:18:58,19.5301571,-99.0439758,INFINITUMECB5,B4:3A:E2:5D:2A:44,1,-78,WPA2_PSK
2026-03-19 21:18:58,19.5301571,-99.0439758,Zero-802,D8:3A:DD:39:FD:E8,1,-79,OPEN
2026-03-19 21:18:58,19.5301571,-99.0439758,DIRECT-9d-HP M111 LaserJet,AA:B1:3B:B9:7B:9D,6,-79,WPA2_PSK
2026-03-19 21:19:13,19.5303707,-99.0444946,Verizon-RC400L-42,58:32:77:25:92:42,1,-31,WPA2_PSK
2026-03-19 21:19:13,19.5303707,-99.0444946,,A4:16:E7:5A:80:82,8,-49,WPA2_PSK
2026-03-19 21:19:13,19.5303707,-99.0444946,,EE:A9:40:29:3A:D2,6,-58,UNKNOWN
2026-03-19 21:19:13,19.5303707,-99.0444946,IZZI-7AB7,EC:A9:40:69:3A:D2,6,-63,WPA2_PSK
2026-03-19 21:19:13,19.5303707,-99.0444946,Totalplay_2.4Gnormal,A4:16:E7:5A:80:80,8,-63,WPA_WPA2_PSK
2026-03-19 21:19:13,19.5303707,-99.0444946,Totalplay-41AA,3C:A3:7E:70:C7:9C,8,-64,WPA2_PSK
2026-03-19 21:19:13,19.5303707,-99.0444946,Club_Totalplay_WiFi,3C:A3:7E:70:C7:9F,8,-66,OPEN
2026-03-19 21:19:13,19.5303707,-99.0444946,TOTALPLAY_DE36D8,8C:FD:DE:DE:36:D8,11,-66,WPA2_PSK
2026-03-19 21:19:13,19.5303707,-99.0444946,Club_Totalplay_WiFi,3C:A3:7E:9A:E7:7B,3,-68,OPEN
2026-03-19 21:19:13,19.5303707,-99.0444946,,3C:A3:7E:9A:E7:7A,3,-71,WPA2_PSK
2026-03-19 21:19:13,19.5303707,-99.0444946,DIRECT-roku-GYN-674B72,DA:12:55:99:36:29,10,-73,WPA2_PSK
2026-03-19 21:19:13,19.5303707,-99.0444946,,E0:61:4A:DE:36:E4,11,-80,OPEN
2026-03-19 21:19:29,19.5306282,-99.0451965,Verizon-RC400L-42,58:32:77:25:92:42,1,-30,WPA2_PSK
2026-03-19 21:19:29,19.5306282,-99.0451965,Club_Totalplay_WiFi,BC:47:32:76:B0:B9,11,-55,OPEN
2026-03-19 21:19:29,19.5306282,-99.0451965,Error404_2.4G,E8:13:6E:01:CD:A8,4,-57,WPA_WPA2_PSK
2026-03-19 21:19:29,19.5306282,-99.0451965,Club_Totalplay_WiFi,E8:13:6E:01:CD:AB,4,-57,OPEN
2026-03-19 21:19:29,19.5306282,-99.0451965,Totalplay-2.4G-b0b8,BC:47:32:76:B0:B8,11,-57,WPA2_PSK
2026-03-19 21:19:29,19.5306282,-99.0451965,IZZI-6FBF,A4:98:13:85:1F:E9,1,-60,WPA2_PSK
2026-03-19 21:19:29,19.5306282,-99.0451965,ROI SAN AGUSTIN,30:16:9D:23:AC:A0,2,-63,WPA2_PSK
2026-03-19 21:19:29,19.5306282,-99.0451965,,22:8C:86:9B:B2:6B,9,-64,OPEN
2026-03-19 21:19:29,19.5306282,-99.0451965,JETI01,6A:00:E3:F2:4B:53,11,-64,WPA2_PSK
2026-03-19 21:19:29,19.5306282,-99.0451965,Totalplay-ACB4,22:8C:86:9B:B2:68,9,-65,WPA2_PSK
2026-03-19 21:19:29,19.5306282,-99.0451965,Mega_2.4G_C7D2,48:96:D9:81:C7:D2,1,-66,WPA_WPA2_PSK
2026-03-19 21:19:29,19.5306282,-99.0451965,W60_686725c5964,68:67:25:C5:96:05,1,-69,WPA_WPA2_PSK
2026-03-19 21:19:29,19.5306282,-99.0451965,,E8:13:6E:01:CD:AA,4,-69,WPA2_PSK
2026-03-19 21:19:29,19.5306282,-99.0451965,RHX-8W2n#DB3047,82:3C:0A:DB:30:47,8,-72,OPEN
2026-03-19 21:19:29,19.5306282,-99.0451965,Mega_2.4G_AFA0,84:3C:99:04:AF:A0,10,-72,WPA2_PSK
2026-03-19 21:19:29,19.5306282,-99.0451965,Mega_2.4G_6FB6,48:96:D9:25:6F:B6,11,-72,WPA_WPA2_PSK
2026-03-19 21:19:29,19.5306282,-99.0451965,INFINITUMAC1E,B0:D1:D6:1D:F0:F9,1,-73,WPA2_PSK
2026-03-19 21:19:29,19.5306282,-99.0451965,Club_Totalplay_WiFi,DA:0A:60:5C:69:47,1,-76,OPEN
2026-03-19 21:19:29,19.5306282,-99.0451965,,68:E2:09:15:F6:02,2,-76,WPA2_PSK
2026-03-19 21:19:29,19.5306282,-99.0451965,RHX8-Q1C#E50B6A,00:50:C2:E5:0B:6A,1,-78,OPEN
2026-03-19 21:19:29,19.5306282,-99.0451965,TOTALPLAY_2BE28A,28:9E:FC:2B:E2:8A,11,-78,WPA2_PSK
2026-03-19 21:19:29,19.5306282,-99.0451965,,8A:C2:27:AC:EE:D6,11,-85,WPA2_PSK
2026-03-19 21:19:29,19.5306282,-99.0451965,Totalplay-2.4G-B570,6C:49:A6:E6:B5:71,11,-89,WPA_WPA2_PSK
2026-03-19 21:19:45,19.5307999,-99.0456238,Verizon-RC400L-42,58:32:77:25:92:42,1,-38,WPA2_PSK
2026-03-19 21:19:45,19.5307999,-99.0456238,Mega_2.4G_D7A2,48:96:D9:25:D7:A2,11,-57,WPA_WPA2_PSK
2026-03-19 21:19:45,19.5307999,-99.0456238,Totalplay-06AE,56:F6:E2:AD:0D:7C,6,-61,WPA2_PSK
2026-03-19 21:19:45,19.5307999,-99.0456238,Club_Totalplay_WiFi,56:F6:E2:AD:0D:7F,6,-61,OPEN
2026-03-19 21:19:45,19.5307999,-99.0456238,Totalplay-9C9B,E8:D7:65:74:3F:60,9,-65,WPA_WPA2_PSK
2026-03-19 21:19:45,19.5307999,-99.0456238,,6C:49:A6:E6:B5:74,11,-65,OPEN
2026-03-19 21:19:45,19.5307999,-99.0456238,,56:F6:E2:AD:0D:7E,6,-66,WPA2_PSK
2026-03-19 21:19:45,19.5307999,-99.0456238,Totalplay-2.4G-7b58,10:08:1D:23:7B:58,6,-70,WPA2_PSK
2026-03-19 21:19:45,19.5307999,-99.0456238,Megacable_2.4G_B258,5C:A4:F4:9B:B2:58,10,-70,WPA_WPA2_PSK
2026-03-19 21:19:45,19.5307999,-99.0456238,ARRIS-85D2,D4:05:98:5D:85:D0,6,-71,WPA_WPA2_PSK
2026-03-19 21:19:45,19.5307999,-99.0456238,W60_686725c5964,68:67:25:C5:96:05,1,-73,WPA_WPA2_PSK
2026-03-19 21:19:45,19.5307999,-99.0456238,17 pro max,E2:94:67:F2:E4:FF,6,-73,WPA2_PSK
2026-03-19 21:19:45,19.5307999,-99.0456238,Club_Totalplay_WiFi,DA:0A:60:5C:69:47,1,-74,OPEN
2026-03-19 21:19:45,19.5307999,-99.0456238,Club_Totalplay_WiFi,18:CF:24:68:B5:3F,9,-79,OPEN
2026-03-19 21:19:45,19.5307999,-99.0456238,RHX-8W2n#DB3047,82:3C:0A:DB:30:47,8,-80,OPEN
2026-03-19 21:19:45,19.5307999,-99.0456238,,0A:FA:28:06:DB:AA,11,-80,WPA2_PSK
2026-03-19 21:19:45,19.5307999,-99.0456238,EZC-3rdParty,70:4C:A5:C1:35:09,1,-82,WPA2_PSK
2026-03-19 21:19:45,19.5307999,-99.0456238,FDSA,70:4C:A5:C1:35:0B,1,-82,WPA2_PSK
2026-03-19 21:19:45,19.5307999,-99.0456238,Totalplay-479F,18:CF:24:68:B5:3C,9,-82,WPA2_PSK
2026-03-19 21:19:45,19.5307999,-99.0456238,INFINITUM4059,DC:8D:B7:CA:43:E0,11,-83,WPA2_PSK
2026-03-19 21:19:45,19.5307999,-99.0456238,,B2:D1:D6:4D:F0:F9,1,-84,WPA2_PSK
2026-03-19 21:20:01,19.5310268,-99.0462723,Verizon-RC400L-42,58:32:77:25:92:42,1,-35,WPA2_PSK
2026-03-19 21:20:01,19.5310268,-99.0462723,DIRECT-roku-UGT-DB3DC2,1E:14:16:6E:E6:E1,1,-50,WPA2_PSK
2026-03-19 21:20:01,19.5310268,-99.0462723,EZC-3rdParty,70:4C:A5:C1:35:09,1,-50,WPA2_PSK
2026-03-19 21:20:01,19.5310268,-99.0462723,FDSA,70:4C:A5:C1:35:0B,1,-50,WPA2_PSK
2026-03-19 21:20:01,19.5310268,-99.0462723,ASDF2,70:4C:A5:C1:35:08,1,-51,UNKNOWN
2026-03-19 21:20:01,19.5310268,-99.0462723,TEST,70:4C:A5:C1:35:0C,1,-54,WPA2_PSK
2026-03-19 21:20:01,19.5310268,-99.0462723,EZC-Guest,70:4C:A5:C1:35:0A,1,-55,OPEN
2026-03-19 21:20:01,19.5310268,-99.0462723,DHub-0b1f,86:F3:EB:11:A3:84,6,-63,WPA2_PSK
2026-03-19 21:20:01,19.5310268,-99.0462723,INFINITUMDC9C_2.4,9C:71:3A:61:84:88,4,-69,WPA2_PSK
2026-03-19 21:20:01,19.5310268,-99.0462723,Club_Totalplay_WiFi,24:91:BB:B7:A3:1F,7,-69,OPEN
2026-03-19 21:20:01,19.5310268,-99.0462723,,94:B2:71:61:90:F6,9,-72,WPA2_PSK
2026-03-19 21:20:01,19.5310268,-99.0462723,TOTALPLAY_02DED5,A4:08:F5:02:DE:D5,11,-72,WPA2_PSK
2026-03-19 21:20:01,19.5310268,-99.0462723,Totalplay-BDA8,24:91:BB:B7:A3:1C,7,-73,WPA2_PSK
2026-03-19 21:20:01,19.5310268,-99.0462723,EZC-Guest,48:3A:02:A2:55:42,11,-73,OPEN
2026-03-19 21:20:01,19.5310268,-99.0462723,ASDF2,48:3A:02:A2:55:40,11,-74,UNKNOWN
2026-03-19 21:20:01,19.5310268,-99.0462723,TP-Link_1530,14:EB:B6:B4:15:30,10,-75,WPA2_PSK
2026-03-19 21:20:01,19.5310268,-99.0462723,Mega-2.4G-AFB2,AE:5E:14:DA:88:60,7,-76,WPA2_WPA3_PSK
2026-03-19 21:20:01,19.5310268,-99.0462723,Club_Totalplay_WiFi,94:B2:71:61:90:F7,9,-78,OPEN
2026-03-19 21:20:01,19.5310268,-99.0462723,IZZI-BAB9,DC:73:06:1A:AC:79,11,-80,WPA2_PSK
2026-03-19 21:20:17,19.5311871,-99.0466919,Verizon-RC400L-42,58:32:77:25:92:42,1,-36,WPA2_PSK
2026-03-19 21:20:17,19.5311871,-99.0466919,Totalplay-7819,50:42:89:09:2B:58,5,-57,WPA2_PSK
2026-03-19 21:20:17,19.5311871,-99.0466919,Totalplay-2.4G-c010,10:08:1D:BC:C0:10,1,-63,WPA2_PSK
2026-03-19 21:20:17,19.5311871,-99.0466919,Club_Totalplay_WiFi,10:08:1D:BC:C0:11,1,-66,OPEN
2026-03-19 21:20:17,19.5311871,-99.0466919,Club_Totalplay_WiFi,52:42:89:39:2B:58,5,-67,OPEN
2026-03-19 21:20:17,19.5311871,-99.0466919,INFINITUM34AF,98:F0:83:47:57:B8,6,-68,WPA2_PSK
2026-03-19 21:20:17,19.5311871,-99.0466919,ToñoJ,5C:D9:98:1F:76:5E,11,-69,WEP
2026-03-19 21:20:17,19.5311871,-99.0466919,TOTALPLAY_85DC26,98:1E:19:85:DC:26,11,-69,WPA2_PSK
2026-03-19 21:20:17,19.5311871,-99.0466919,Totalplay-2.4G-4160,64:9D:F3:01:41:60,1,-72,WPA2_PSK
2026-03-19 21:20:17,19.5311871,-99.0466919,TP-Link_1530,14:EB:B6:B4:15:30,10,-73,WPA2_PSK
2026-03-19 21:20:17,19.5311871,-99.0466919,TOTALPLAY_9CC0EF,48:29:52:9C:C0:EF,11,-75,WPA_WPA2_PSK
2026-03-19 21:20:17,19.5311871,-99.0466919,JesKar,E4:F7:5B:2F:6C:9D,11,-75,WPA2_PSK
2026-03-19 21:20:17,19.5311871,-99.0466919,EZC-Guest,70:4C:A5:C1:35:0A,1,-76,OPEN
2026-03-19 21:20:17,19.5311871,-99.0466919,Club_Totalplay_WiFi,C2:A9:38:F2:E6:D3,3,-76,OPEN
2026-03-19 21:20:17,19.5311871,-99.0466919,Mega-2.4G-53B1,12:32:1D:4E:05:B4,11,-76,WPA2_WPA3_PSK
2026-03-19 21:20:17,19.5311871,-99.0466919,IZZI-34AD,50:A5:DC:EB:6F:B8,11,-76,WPA2_PSK
2026-03-19 21:20:17,19.5311871,-99.0466919,Totalplay-B8A3,4C:F5:5B:8E:AF:80,3,-77,WPA2_PSK
2026-03-19 21:20:17,19.5311871,-99.0466919,,4C:F5:5B:8E:AF:82,3,-77,WPA2_PSK
2026-03-19 21:20:17,19.5311871,-99.0466919,Totalplay-80B5,C2:A9:38:F2:E6:D0,3,-78,WPA2_PSK
2026-03-19 21:20:17,19.5311871,-99.0466919,Mega_2.4G_7A5B,D4:61:95:BB:7A:5B,4,-79,WPA_WPA2_PSK
2026-03-19 21:20:17,19.5311871,-99.0466919,Mega-2.4G-EEB1,EC:7C:2C:56:62:34,7,-79,WPA2_PSK
2026-03-19 21:20:17,19.5311871,-99.0466919,Totalplay-FEF1,50:42:89:0C:54:68,9,-79,WPA2_PSK
2026-03-19 21:20:17,19.5311871,-99.0466919,Totalplay-2.4G-5FB0,98:C9:BE:87:5F:B4,9,-80,WPA2_PSK
2026-03-19 21:20:17,19.5311871,-99.0466919,FDSA,70:4C:A5:C1:35:0B,1,-81,WPA2_PSK
2026-03-19 21:20:17,19.5311871,-99.0466919,,2A:53:4E:0C:32:76,4,-81,WPA2_PSK
2026-03-19 21:20:17,19.5311871,-99.0466919,INFINITUMDC9C_2.4,9C:71:3A:61:84:88,4,-81,WPA2_PSK
2026-03-19 21:20:17,19.5311871,-99.0466919,Totalplay-BDA8,24:91:BB:B7:A3:1C,7,-81,WPA2_PSK
2026-03-19 21:20:17,19.5311871,-99.0466919,,C2:A9:38:F2:E6:D2,3,-82,WPA2_PSK
2026-03-19 21:20:17,19.5311871,-99.0466919,Telcel_B320_C02A,62:37:95:2A:C0:74,3,-82,WPA2_PSK
2026-03-19 21:20:17,19.5311871,-99.0466919,Caradeperro,84:A0:6E:00:8E:E1,11,-83,WPA_PSK
2026-03-19 21:20:17,19.5311871,-99.0466919,Mega-2.4G-92B2,AE:5E:14:DC:CB:3C,11,-85,WPA2_WPA3_PSK
2026-03-19 21:20:17,19.5311871,-99.0466919,Club_Totalplay_WiFi,94:00:B0:08:28:2B,4,-87,OPEN
2026-03-19 21:20:17,19.5311871,-99.0466919,UNSC-Infinity_Wi-Fi5,A4:3B:0E:F5:26:65,6,-88,WPA2_PSK
2026-03-19 21:20:17,19.5311871,-99.0466919,totalplay101210_2.4Gnormal,18:3D:5E:55:AE:D4,8,-88,WPA2_PSK
2026-03-19 21:20:17,19.5311871,-99.0466919,Megacable_2.4G_DCE8,D8:4A:2B:37:DC:E8,4,-89,WPA_WPA2_PSK
2026-03-19 21:20:17,19.5311871,-99.0466919,,E8:13:6E:01:CD:AA,4,-89,WPA2_PSK
2026-03-19 21:20:33,19.5316029,-99.0477219,Verizon-RC400L-42,58:32:77:25:92:42,1,-31,WPA2_PSK
2026-03-19 21:20:33,19.5316029,-99.0477219,Mega-2.4G-E9B2,AE:5E:14:E1:64:A8,10,-62,WPA2_WPA3_PSK
2026-03-19 21:20:33,19.5316029,-99.0477219,INFINITUM689C_2.4,9C:71:3A:61:6B:D4,4,-63,WPA2_PSK
2026-03-19 21:20:33,19.5316029,-99.0477219,,62:D2:48:A9:C1:47,6,-72,UNKNOWN
2026-03-19 21:20:33,19.5316029,-99.0477219,Totalplay-2.4G-4df8,6C:D8:19:5A:4D:F8,1,-73,WPA2_PSK
2026-03-19 21:20:33,19.5316029,-99.0477219,Totalplay-F69E,FC:BC:D1:5F:71:F8,10,-75,WPA_WPA2_PSK
2026-03-19 21:20:33,19.5316029,-99.0477219,Club_Totalplay_WiFi,6C:D8:19:5A:4D:F9,1,-77,OPEN
2026-03-19 21:20:33,19.5316029,-99.0477219,IZZI-260E,F8:2D:C0:1A:D2:C5,6,-77,WPA2_PSK
2026-03-19 21:20:33,19.5316029,-99.0477219,Redmi Note 11 Pro 5G,1A:6B:56:18:62:3B,11,-77,WPA2_PSK
2026-03-19 21:20:33,19.5316029,-99.0477219,INFINITUM639E_2.4,7C:C3:85:5D:36:28,1,-78,WPA2_PSK
2026-03-19 21:20:33,19.5316029,-99.0477219,Totalplay-2.4G-9220,D4:01:68:A7:92:20,1,-78,WPA2_PSK
2026-03-19 21:20:33,19.5316029,-99.0477219,INFINITUMEDB5,6C:67:EF:9C:58:7C,6,-78,WPA2_PSK
2026-03-19 21:20:33,19.5316029,-99.0477219,IZZI-BF21,60:D2:48:A9:C1:47,6,-78,WPA2_PSK
2026-03-19 21:20:33,19.5316029,-99.0477219,Totalplay-2.4G-8632,98:C9:BE:F8:86:36,9,-79,WPA2_PSK
2026-03-19 21:20:33,19.5316029,-99.0477219,IZZI-B68A-5G,64:23:15:A2:7A:1C,11,-79,WPA2_PSK
2026-03-19 21:20:33,19.5316029,-99.0477219,CFE Internet,B8:5F:B0:66:37:40,6,-81,OPEN
2026-03-19 21:20:33,19.5316029,-99.0477219,INFINITUM5EAC,50:4E:DC:E0:50:E4,1,-82,WPA2_PSK
2026-03-19 21:20:33,19.5316029,-99.0477219,Tenda_16C558,C8:3A:35:16:C5:58,11,-85,WPA_WPA2_PSK
2026-03-19 21:20:33,19.5316029,-99.0477219,NVRa486dbcf0656,A4:86:DB:CF:06:56,1,-88,WPA2_PSK
2026-03-19 21:20:33,19.5316029,-99.0477219,Club_Totalplay_WiFi,6C:14:6E:5D:FC:8B,1,-88,OPEN
2026-03-19 21:20:33,19.5316029,-99.0477219,blueteleBCD8,98:A9:42:02:BC:D8,4,-88,WPA2_PSK
2026-03-19 21:20:33,19.5316029,-99.0477219,,2E:A7:9E:31:73:7E,3,-89,WPA2_PSK
2026-03-19 21:20:33,19.5316029,-99.0477219,,2A:F8:D6:B2:7D:61,5,-89,OPEN
2026-03-19 21:20:33,19.5316029,-99.0477219,WiFi-Repeater,00:E0:20:70:15:EB,10,-90,OPEN
2026-03-19 21:20:33,19.5316029,-99.0477219,CSE-wf2,0E:62:8B:53:2D:62,6,-92,WPA2_PSK
2026-03-19 21:20:33,19.5316029,-99.0477219,CSE-wf1,5C:62:8B:53:2D:62,6,-94,WPA2_PSK
2026-03-19 21:20:49,19.5316811,-99.0479736,Verizon-RC400L-42,58:32:77:25:92:42,1,-30,WPA2_PSK
2026-03-19 21:20:49,19.5316811,-99.0479736,Mega-2.4G-E9B2,AE:5E:14:E1:64:A8,10,-56,WPA2_WPA3_PSK
2026-03-19 21:20:49,19.5316811,-99.0479736,Club_Totalplay_WiFi,6C:D8:19:5A:4D:F9,1,-73,OPEN
2026-03-19 21:20:49,19.5316811,-99.0479736,INFINITUM689C_2.4,9C:71:3A:61:6B:D4,4,-74,WPA2_PSK
2026-03-19 21:20:49,19.5316811,-99.0479736,Totalplay-2.4G-4df8,6C:D8:19:5A:4D:F8,1,-75,WPA2_PSK
2026-03-19 21:20:49,19.5316811,-99.0479736,Totalplay-F69E,FC:BC:D1:5F:71:F8,10,-77,WPA_WPA2_PSK
2026-03-19 21:20:49,19.5316811,-99.0479736,DDPAI_N1Dual_C5D3,7C:88:99:0D:C5:D3,6,-79,WPA_WPA2_PSK
2026-03-19 21:20:49,19.5316811,-99.0479736,IZZI-260E,F8:2D:C0:1A:D2:C5,6,-79,WPA2_PSK
2026-03-19 21:20:49,19.5316811,-99.0479736,Totalplay-2.4G-8632,98:C9:BE:F8:86:36,9,-79,WPA2_PSK
2026-03-19 21:20:49,19.5316811,-99.0479736,Redmi Note 11 Pro 5G,1A:6B:56:18:62:3B,11,-79,WPA2_PSK
2026-03-19 21:20:49,19.5316811,-99.0479736,CFE Internet,B8:5F:B0:66:37:40,6,-80,OPEN
2026-03-19 21:20:49,19.5316811,-99.0479736,INFINITUMEDB5,6C:67:EF:9C:58:7C,6,-83,WPA2_PSK
2026-03-19 21:20:49,19.5316811,-99.0479736,Mega-2.4G-04B1,BC:1E:85:D5:B9:D4,5,-88,WPA2_PSK
2026-03-19 21:20:49,19.5316811,-99.0479736,INFINITUM5DFF,E0:3D:A6:EC:2C:01,6,-88,WPA2_PSK
2026-03-19 21:20:49,19.5316811,-99.0479736,Mega-2.4G-BAB1,EC:7C:2C:59:09:C8,9,-89,WPA2_PSK
2026-03-19 21:20:49,19.5316811,-99.0479736,CSE-wf1,5C:62:8B:53:2D:62,6,-94,WPA2_PSK
2026-03-19 21:21:05,19.5318127,-99.0482025,Verizon-RC400L-42,58:32:77:25:92:42,1,-36,WPA2_PSK
2026-03-19 21:21:05,19.5318127,-99.0482025,Dash-8484,7C:0C:F6:3C:CF:82,1,-61,WPA2_PSK
2026-03-19 21:21:05,19.5318127,-99.0482025,DDPAI_N1Dual_C5D3,7C:88:99:0D:C5:D3,6,-66,WPA_WPA2_PSK
2026-03-19 21:21:05,19.5318127,-99.0482025,CFE Internet,B8:5F:B0:66:37:40,6,-67,OPEN
2026-03-19 21:21:05,19.5318127,-99.0482025,...#2,C2:79:58:7F:B4:4D,11,-68,WPA2_PSK
2026-03-19 21:21:05,19.5318127,-99.0482025,W00_3054645466,F0:B9:52:0B:BA:29,11,-76,WPA_WPA2_PSK
2026-03-19 21:21:05,19.5318127,-99.0482025,Club_Totalplay_WiFi,F4:A4:D6:C7:E2:35,3,-77,OPEN
2026-03-19 21:21:05,19.5318127,-99.0482025,Totalplay-F69E,FC:BC:D1:5F:71:F8,10,-77,WPA_WPA2_PSK
2026-03-19 21:21:05,19.5318127,-99.0482025,Mega-2.4G-ABB1,78:DD:33:68:B6:70,3,-78,WPA2_PSK
2026-03-19 21:21:05,19.5318127,-99.0482025,Club_Totalplay_WiFi,C2:94:AD:BA:8A:64,11,-78,OPEN
2026-03-19 21:21:05,19.5318127,-99.0482025,Club_Totalplay_WiFi,94:B2:71:44:33:0B,1,-79,OPEN
2026-03-19 21:21:05,19.5318127,-99.0482025,Totalplay-2.4G-4df8,6C:D8:19:5A:4D:F8,1,-79,WPA2_PSK
2026-03-19 21:21:05,19.5318127,-99.0482025,,F4:A4:D6:C7:E2:37,3,-79,WPA2_PSK
2026-03-19 21:21:05,19.5318127,-99.0482025,Mega-2.4G-BAB1,EC:7C:2C:59:09:C8,9,-80,WPA2_PSK
2026-03-19 21:21:05,19.5318127,-99.0482025,Salon R1,C2:94:AD:AA:8A:64,11,-80,WPA2_PSK
2026-03-19 21:21:05,19.5318127,-99.0482025,NVRa486dbcf0656,A4:86:DB:CF:06:56,1,-81,WPA2_PSK
2026-03-19 21:21:05,19.5318127,-99.0482025,CSE-wf1,5C:62:8B:53:2D:62,6,-81,WPA2_PSK
2026-03-19 21:21:05,19.5318127,-99.0482025,Mega-2.4G-E9B2,AE:5E:14:E1:64:A8,10,-81,WPA2_WPA3_PSK
2026-03-19 21:21:05,19.5318127,-99.0482025,IZZI-260E,F8:2D:C0:1A:D2:C5,6,-82,WPA2_PSK
2026-03-19 21:21:05,19.5318127,-99.0482025,Totalplay-7CA5,F4:A4:D6:C7:E2:34,3,-83,WPA2_PSK
2026-03-19 21:21:05,19.5318127,-99.0482025,Salon#principal_2.4G,C0:94:AD:BA:8A:64,11,-83,WPA_WPA2_PSK
2026-03-19 21:21:05,19.5318127,-99.0482025,CASA SALAS ,94:B2:71:31:0B:1C,11,-83,WPA2_PSK
2026-03-19 21:21:05,19.5318127,-99.0482025,Mega-2.4G-43B2,AE:5E:14:DC:50:28,11,-84,WPA2_WPA3_PSK
2026-03-19 21:21:05,19.5318127,-99.0482025,INFINITUM5DFF,E0:3D:A6:EC:2C:01,6,-85,WPA2_PSK
2026-03-19 21:21:05,19.5318127,-99.0482025,INFINITUMEDB5,6C:67:EF:9C:58:7C,6,-86,WPA2_PSK
2026-03-19 21:21:05,19.5318127,-99.0482025,,E2:3D:A6:CC:2C:01,6,-86,WPA2_PSK
2026-03-19 21:21:05,19.5318127,-99.0482025,IZZI-B68A-5G,64:23:15:A2:7A:1C,11,-87,WPA2_PSK
2026-03-19 21:21:05,19.5318127,-99.0482025,INFINITUM3AB1,3C:93:F4:BC:85:1C,6,-88,WPA2_PSK
2026-03-19 21:21:05,19.5318127,-99.0482025,TOTALPLAY_Cuarto,48:D2:4F:BD:94:BB,11,-88,WPA2_PSK
2026-03-19 21:21:21,19.5309238,-99.0490952,Verizon-RC400L-42,58:32:77:25:92:42,1,-34,WPA2_PSK
2026-03-19 21:21:21,19.5309238,-99.0490952,Totalplay-2.4G-4c58,10:08:1D:D5:4C:58,1,-58,WPA2_PSK
2026-03-19 21:21:21,19.5309238,-99.0490952,TPL8870,40:3F:8C:AC:88:70,9,-66,WPA2_PSK
2026-03-19 21:21:21,19.5309238,-99.0490952,Totalplay-2.4G-7fb0,10:08:1D:DF:7F:B0,6,-68,WPA2_PSK
2026-03-19 21:21:21,19.5309238,-99.0490952,Totalplay-E4A6_2.4Gnormal,28:68:D2:03:BD:70,5,-69,WPA2_PSK
2026-03-19 21:21:21,19.5309238,-99.0490952,Club_Totalplay_WiFi,28:68:D2:03:BD:73,5,-69,OPEN
2026-03-19 21:21:21,19.5309238,-99.0490952,,28:68:D2:03:BD:72,5,-69,WPA2_PSK
2026-03-19 21:21:21,19.5309238,-99.0490952,HIDROSX115,8E:15:44:3C:5E:70,11,-69,WPA_PSK
2026-03-19 21:21:21,19.5309238,-99.0490952,Mega_2.4G_50D7,D4:61:95:BD:50:D7,3,-70,WPA_WPA2_PSK
2026-03-19 21:21:21,19.5309238,-99.0490952,Club_Totalplay_WiFi,D4:01:68:A7:EE:21,6,-70,OPEN
2026-03-19 21:21:21,19.5309238,-99.0490952,HD115T,82:15:44:3C:5E:70,11,-70,WPA2_PSK
2026-03-19 21:21:21,19.5309238,-99.0490952,Totalplay-2.4G-ee20,D4:01:68:A7:EE:20,6,-71,WPA2_PSK
2026-03-19 21:21:21,19.5309238,-99.0490952,INFINITUM987C,A8:54:A2:13:88:88,1,-73,WPA2_PSK
2026-03-19 21:21:21,19.5309238,-99.0490952,Totalplay-2.4G-E1B0,28:F8:D6:B2:E1:B1,7,-73,WPA_WPA2_PSK
2026-03-19 21:21:21,19.5309238,-99.0490952,INFINITUM3999,C4:EB:FF:4E:81:28,1,-74,WPA2_PSK
2026-03-19 21:21:21,19.5309238,-99.0490952,CFE Internet,B0:EC:DD:B7:9D:40,1,-74,OPEN
2026-03-19 21:21:21,19.5309238,-99.0490952,Mega-2.4G-ABB1,78:DD:33:68:B6:70,3,-74,WPA2_PSK
2026-03-19 21:21:21,19.5309238,-99.0490952,,2A:F8:D6:B2:E1:B1,7,-74,OPEN
2026-03-19 21:21:21,19.5309238,-99.0490952,Club_Totalplay_WiFi,6C:D8:19:F4:57:C9,6,-75,OPEN
2026-03-19 21:21:21,19.5309238,-99.0490952,myChevrolet3673,FA:25:FE:99:CD:AC,1,-76,WPA2_PSK
2026-03-19 21:21:21,19.5309238,-99.0490952,INFINITUMAAC7_2.4,04:71:53:A7:BA:7B,6,-77,WPA2_PSK
2026-03-19 21:21:21,19.5309238,-99.0490952,INFINITUME0B6,B8:9F:CC:75:BE:C4,6,-78,WPA2_PSK
2026-03-19 21:21:21,19.5309238,-99.0490952,TOTALPLAY_729F3A,7C:16:89:72:9F:3A,11,-78,WPA_WPA2_PSK
2026-03-19 21:21:21,19.5309238,-99.0490952,IZZI-FE54,B8:5E:71:6C:FE:58,11,-78,WPA2_PSK
2026-03-19 21:21:21,19.5309238,-99.0490952,,A4:16:E7:2C:AD:3E,11,-78,WPA2_PSK
2026-03-19 21:21:21,19.5309238,-99.0490952,Totalplay-B2B3,54:69:90:FB:F4:BC,1,-79,WPA2_PSK
2026-03-19 21:21:21,19.5309238,-99.0490952,,DA:0A:60:E9:01:32,11,-79,WPA2_PSK
2026-03-19 21:21:21,19.5309238,-99.0490952,,8A:69:3D:8C:3B:4A,6,-80,WPA2_PSK
2026-03-19 21:21:21,19.5309238,-99.0490952,,DA:0A:60:E9:01:33,11,-81,OPEN
2026-03-19 21:21:21,19.5309238,-99.0490952,Totalplay-C7AA,3C:A3:7E:8E:57:F4,3,-83,WPA2_PSK
2026-03-19 21:21:21,19.5309238,-99.0490952,Club_Totalplay_WiFi,A4:16:E7:5B:BE:43,9,-84,OPEN
2026-03-19 21:21:21,19.5309238,-99.0490952,,CE:35:40:C3:4E:30,1,-85,WPA2_PSK
2026-03-19 21:21:21,19.5309238,-99.0490952,,2A:F8:D6:B2:7D:61,5,-86,OPEN
2026-03-19 21:21:21,19.5309238,-99.0490952,Goyo1204_2.4Gnormal,90:16:BA:2D:F9:D0,5,-87,WPA2_PSK
2026-03-19 21:21:21,19.5309238,-99.0490952,Totalplay-2.4G-0ca8,10:08:1D:C4:0C:A8,1,-90,WPA2_PSK
2026-03-19 21:21:21,19.5309238,-99.0490952,,54:69:90:FB:F4:BE,1,-91,WPA2_PSK
2026-03-19 21:21:37,19.5296917,-99.0502319,Verizon-RC400L-42,58:32:77:25:92:42,1,-32,WPA2_PSK
2026-03-19 21:21:37,19.5296917,-99.0502319,IZZI-AB2D,88:71:B1:07:F4:C1,6,-63,WPA2_PSK
2026-03-19 21:21:37,19.5296917,-99.0502319,Club_Totalplay_WiFi,1C:43:63:5C:41:AB,9,-65,OPEN
2026-03-19 21:21:37,19.5296917,-99.0502319,HUAWEI-2.4G-UVTB,38:20:28:79:B3:08,3,-67,WPA2_PSK
2026-03-19 21:21:37,19.5296917,-99.0502319,INFINITUM8D81,44:A3:C7:D7:87:4A,11,-68,WPA2_PSK
2026-03-19 21:21:37,19.5296917,-99.0502319,INFINITUM7894,3C:BD:69:61:FA:09,1,-69,WPA2_PSK
2026-03-19 21:21:37,19.5296917,-99.0502319,,8C:68:3A:E5:83:92,3,-69,WPA2_PSK
2026-03-19 21:21:37,19.5296917,-99.0502319,Totalplay-49A3,1C:43:63:5C:41:A8,9,-69,WPA2_PSK
2026-03-19 21:21:37,19.5296917,-99.0502319,Club_Totalplay_WiFi,38:20:28:79:B3:0B,3,-72,OPEN
2026-03-19 21:21:37,19.5296917,-99.0502319,CFE Internet,B0:EC:DD:B7:9D:40,1,-73,OPEN
2026-03-19 21:21:37,19.5296917,-99.0502319,Totalplay-88A3,8C:68:3A:E5:83:90,3,-74,WPA2_PSK
2026-03-19 21:21:37,19.5296917,-99.0502319,Totalplay-2.4G-53d0,64:9D:F3:58:53:D0,6,-74,WPA2_PSK
2026-03-19 21:21:37,19.5296917,-99.0502319,SAMANO_CLIENTES,C0:C9:E3:4D:03:BD,2,-76,WPA_WPA2_PSK
2026-03-19 21:21:37,19.5296917,-99.0502319,Wireless_N_6610,80:3F:5D:AE:66:12,3,-76,WPA2_PSK
2026-03-19 21:21:37,19.5296917,-99.0502319,,38:20:28:79:B3:0A,3,-76,WPA2_PSK
2026-03-19 21:21:37,19.5296917,-99.0502319,IZZI-AB2D,B0:4E:26:CD:ED:D5,6,-76,WPA_WPA2_PSK
2026-03-19 21:21:37,19.5296917,-99.0502319,APSamano,EC:A1:D1:90:DB:04,11,-77,WPA2_PSK
2026-03-19 21:21:37,19.5296917,-99.0502319,DanielaHP_2.4Gnormal,E8:6D:E9:87:9A:2C,11,-78,WPA_WPA2_PSK
2026-03-19 21:21:37,19.5296917,-99.0502319,,EC:A1:D1:90:DB:06,11,-78,WPA2_PSK
2026-03-19 21:21:37,19.5296917,-99.0502319,INFINITUM3446,44:A3:C7:E6:38:4C,6,-79,WPA2_PSK
2026-03-19 21:21:37,19.5296917,-99.0502319,,74:E9:BF:00:6D:9A,5,-80,WPA2_PSK
2026-03-19 21:21:37,19.5296917,-99.0502319,Club_Totalplay_WiFi,74:E9:BF:00:6D:9B,5,-80,OPEN
2026-03-19 21:21:37,19.5296917,-99.0502319,INFINITUM50B7,56:B7:BD:4B:70:51,5,-81,WPA2_PSK
2026-03-19 21:21:37,19.5296917,-99.0502319,Totalplay-2.4G-7fb0,10:08:1D:DF:7F:B0,6,-81,WPA2_PSK
2026-03-19 21:21:37,19.5296917,-99.0502319,Club_Totalplay_WiFi,E8:6D:E9:87:9A:2F,11,-81,OPEN
2026-03-19 21:21:37,19.5296917,-99.0502319,IZZI-8C7C,F8:D2:AC:0C:8C:80,11,-81,WPA2_PSK
2026-03-19 21:21:37,19.5296917,-99.0502319,Iori-Cor_2.4G,74:E9:BF:00:6D:98,5,-82,WPA_WPA2_PSK
2026-03-19 21:21:37,19.5296917,-99.0502319,Mega-2.4G-23B2,E8:F9:D4:E0:FC:0C,1,-83,WPA2_PSK
2026-03-19 21:21:37,19.5296917,-99.0502319,Totalplay_95_2.4G,10:08:1D:C3:58:C0,1,-83,WPA_WPA2_PSK
2026-03-19 21:21:37,19.5296917,-99.0502319,Club_Totalplay_WiFi,68:E2:09:80:3C:B7,7,-83,OPEN
2026-03-19 21:21:37,19.5296917,-99.0502319,Totalplay-3FA3,6C:16:32:13:23:F8,5,-84,WPA2_PSK
2026-03-19 21:21:37,19.5296917,-99.0502319,,A2:31:DB:A1:19:26,8,-84,WPA2_PSK
2026-03-19 21:21:37,19.5296917,-99.0502319,Club_Totalplay_WiFi,64:5E:10:37:54:BB,3,-85,OPEN
2026-03-19 21:21:37,19.5296917,-99.0502319,Club_Totalplay_WiFi,6C:E8:74:60:B9:C7,6,-85,OPEN
2026-03-19 21:21:37,19.5296917,-99.0502319,,6C:16:32:13:23:FA,5,-87,WPA2_PSK
2026-03-19 21:21:53,19.5284462,-99.0513763,Verizon-RC400L-42,58:32:77:25:92:42,1,-30,WPA2_PSK
2026-03-19 21:21:53,19.5284462,-99.0513763,CFE Internet,C4:69:F0:AA:BF:20,6,-59,OPEN
2026-03-19 21:21:53,19.5284462,-99.0513763,,10:08:1D:BD:03:70,1,-66,WPA2_PSK
2026-03-19 21:21:53,19.5284462,-99.0513763,Mega_2.4G_E4E0,48:96:D9:80:E4:E0,10,-67,WPA_WPA2_PSK
2026-03-19 21:21:53,19.5284462,-99.0513763,IZZI-2704,48:BD:CE:27:27:08,11,-67,WPA2_PSK
2026-03-19 21:21:53,19.5284462,-99.0513763,Totalplay-8DB6,BA:9F:CC:07:80:DC,1,-69,WPA2_PSK
2026-03-19 21:21:53,19.5284462,-99.0513763,WIFIBRG001300931ae1IPC247,4E:37:DE:9E:D7:21,11,-69,WPA2_PSK
2026-03-19 21:21:53,19.5284462,-99.0513763,,BA:9F:CC:07:80:DF,1,-71,OPEN
2026-03-19 21:21:53,19.5284462,-99.0513763,IZZI-F730,38:AD:2B:85:F7:38,1,-71,WPA_WPA2_PSK
2026-03-19 21:21:53,19.5284462,-99.0513763,Club_Totalplay_WiFi,10:08:1D:BD:03:71,1,-72,OPEN
2026-03-19 21:21:53,19.5284462,-99.0513763,Club_Totalplay_WiFi,A4:6D:A4:FE:39:17,8,-72,OPEN
2026-03-19 21:21:53,19.5284462,-99.0513763,Mega_2.4G_9C3E,48:96:D9:7A:9C:3E,7,-73,WPA_WPA2_PSK
2026-03-19 21:21:53,19.5284462,-99.0513763,,04:95:E6:2A:B4:04,4,-76,WPA2_PSK
2026-03-19 21:21:53,19.5284462,-99.0513763,INFINITUM1F50_2.4,70:F8:2B:38:28:00,5,-76,WPA2_PSK
2026-03-19 21:21:53,19.5284462,-99.0513763,PERLA JAZMIN's Galaxy A53 5G,16:C8:29:36:BC:85,6,-78,WPA2_PSK
2026-03-19 21:21:53,19.5284462,-99.0513763,Mega-2.4G-59B1,0C:84:08:1F:4E:74,4,-79,WPA2_PSK
2026-03-19 21:21:53,19.5284462,-99.0513763,INFINITUMA78A,B0:D1:D6:1D:A7:B9,6,-79,WPA2_PSK
2026-03-19 21:21:53,19.5284462,-99.0513763,Club_Totalplay_WiFi,6C:D8:19:5C:05:A9,6,-80,OPEN
2026-03-19 21:21:53,19.5284462,-99.0513763,,24:91:BB:99:A4:B2,9,-80,WPA2_PSK
2026-03-19 21:21:53,19.5284462,-99.0513763,DIRECT-vJ-EPSON-L5290 Series,3A:1A:52:F0:73:B9,6,-81,WPA2_PSK
2026-03-19 21:21:53,19.5284462,-99.0513763,IZZI-21DF,8C:61:A3:A4:2A:B0,6,-82,WPA2_PSK
2026-03-19 21:21:53,19.5284462,-99.0513763,Telerin,C0:C9:E3:AB:87:27,3,-87,WPA2_PSK
2026-03-19 21:22:09,19.5281868,-99.0527954,Verizon-RC400L-42,58:32:77:25:92:42,1,-30,WPA2_PSK
2026-03-19 21:22:09,19.5281868,-99.0527954,GoGas,BC:A9:93:A2:4F:02,1,-62,WPA2_PSK
2026-03-19 21:22:09,19.5281868,-99.0527954,Club_Totalplay_WiFi,26:A6:5E:35:3B:80,9,-63,OPEN
2026-03-19 21:22:09,19.5281868,-99.0527954,APRaguves,BC:A9:93:A2:4F:01,1,-64,WPA2_PSK
2026-03-19 21:22:09,19.5281868,-99.0527954,Totalplay-3782,24:A6:5E:05:3B:80,9,-64,WPA2_PSK
2026-03-19 21:22:09,19.5281868,-99.0527954,,DE:07:B6:32:AD:7A,7,-66,WPA2_PSK
2026-03-19 21:22:09,19.5281868,-99.0527954,DECO JOSUÉ ,D8:07:B6:32:A5:86,7,-67,WPA_WPA2_PSK
2026-03-19 21:22:09,19.5281868,-99.0527954,,DE:07:B6:32:A5:86,7,-67,WPA2_PSK
2026-03-19 21:22:09,19.5281868,-99.0527954,DECO JOSUÉ ,D8:07:B6:32:AD:7A,7,-68,WPA_WPA2_PSK
2026-03-19 21:22:09,19.5281868,-99.0527954,Gaseraecatepec_2.4G_Normal,E0:CC:7A:AE:74:DC,3,-69,WPA2_PSK
2026-03-19 21:22:09,19.5281868,-99.0527954,Mega-2.4G-3AB1,EC:7C:2C:4B:B5:50,4,-71,WPA2_PSK
2026-03-19 21:22:09,19.5281868,-99.0527954,IZZI-FB8D,18:9C:27:3E:D4:B5,1,-72,WPA2_PSK
2026-03-19 21:22:09,19.5281868,-99.0527954,INFINITUM09AE,90:F9:B7:70:6D:68,6,-72,WPA2_PSK
2026-03-19 21:22:09,19.5281868,-99.0527954,DECO JOSUÉ ,D8:07:B6:32:A3:9A,7,-72,WPA_WPA2_PSK
2026-03-19 21:22:09,19.5281868,-99.0527954,,DE:07:B6:32:A3:9A,7,-72,WPA2_PSK
2026-03-19 21:22:09,19.5281868,-99.0527954,,1A:9C:27:2E:D4:B5,1,-73,UNKNOWN
2026-03-19 21:22:09,19.5281868,-99.0527954,Club_Totalplay_WiFi,E0:CC:7A:AE:74:DF,3,-73,OPEN
2026-03-19 21:22:09,19.5281868,-99.0527954,IZZI-0D54,00:CB:7A:24:0D:58,11,-73,WPA2_PSK
2026-03-19 21:22:09,19.5281868,-99.0527954,TiendaR1_2.4Gnormal,A4:6D:A4:FE:39:14,8,-75,WPA_WPA2_PSK
2026-03-19 21:22:09,19.5281868,-99.0527954,Totalplay-2.4G-57a0,64:9D:F3:04:57:A0,11,-75,WPA2_PSK
2026-03-19 21:22:09,19.5281868,-99.0527954,Club_Totalplay_WiFi,64:9D:F3:04:57:A1,11,-75,OPEN
2026-03-19 21:22:09,19.5281868,-99.0527954,Totalplay-179C,B8:F0:B9:DD:F5:41,3,-76,WPA2_PSK
2026-03-19 21:22:09,19.5281868,-99.0527954,Telcel-B306,A0:57:E3:CC:B3:06,5,-76,WPA_WPA2_PSK
2026-03-19 21:22:09,19.5281868,-99.0527954,Totalplay-39B5,C2:A9:38:F2:94:08,10,-78,WPA2_PSK
2026-03-19 21:22:09,19.5281868,-99.0527954,INFINITUM5874,A8:54:A2:43:1B:38,1,-80,WPA2_PSK
2026-03-19 21:22:09,19.5281868,-99.0527954,,A4:6D:A4:FE:39:16,8,-80,WPA2_PSK
2026-03-19 21:22:09,19.5281868,-99.0527954,,0A:2F:E9:EB:C2:C2,1,-82,WPA2_PSK
2026-03-19 21:22:09,19.5281868,-99.0527954,,48:22:54:43:B3:72,7,-82,WPA_WPA2_PSK
2026-03-19 21:22:09,19.5281868,-99.0527954,IZZI-4C5E,2C:95:69:BE:02:CA,1,-83,WPA2_PSK
2026-03-19 21:22:09,19.5281868,-99.0527954,APRaguves,B4:A2:5C:5A:9A:71,1,-84,WPA2_PSK
2026-03-19 21:22:09,19.5281868,-99.0527954,Club_Totalplay_WiFi,A4:6D:A4:FE:39:17,8,-85,OPEN
2026-03-19 21:22:09,19.5281868,-99.0527954,Club_Totalplay_WiFi,0A:2F:E9:EB:C2:C3,1,-86,OPEN
2026-03-19 21:22:09,19.5281868,-99.0527954,GoGas,B4:A2:5C:5A:9A:72,1,-86,WPA2_PSK
2026-03-19 21:22:09,19.5281868,-99.0527954,IZZI-AC6C,EC:A8:1F:E0:AC:70,11,-86,WPA2_PSK
2026-03-19 21:22:09,19.5281868,-99.0527954,Totalplay-2.4G-5d80,10:08:1D:BC:5D:80,1,-88,WPA2_PSK
2026-03-19 21:22:09,19.5281868,-99.0527954,Totalplay-2.4G-5708,64:9D:F3:04:57:08,1,-90,WPA2_PSK
2026-03-19 21:22:25,19.5283394,-99.0534973,Mega-2.4G-3AB1,EC:7C:2C:4B:B5:50,4,-64,WPA2_PSK
2026-03-19 21:22:25,19.5283394,-99.0534973,IZZI-F9E4,40:0F:C1:21:F9:E8,6,-65,WPA2_PSK
2026-03-19 21:22:25,19.5283394,-99.0534973,GoGas,BC:A9:93:A2:4F:02,1,-66,WPA2_PSK
2026-03-19 21:22:25,19.5283394,-99.0534973,Gaseraecatepec_2.4G_Normal,E0:CC:7A:AE:74:DC,3,-71,WPA2_PSK
2026-03-19 21:22:25,19.5283394,-99.0534973,Megcable_2.4G_BAB8,D4:B7:09:CD:BA:B8,6,-71,WPA_WPA2_PSK
2026-03-19 21:22:25,19.5283394,-99.0534973,,E0:CC:7A:AE:74:DE,3,-72,WPA2_PSK
2026-03-19 21:22:25,19.5283394,-99.0534973,Redmi Note 9 Pro,EE:C6:B8:1C:FC:EC,10,-73,WPA2_PSK
2026-03-19 21:22:25,19.5283394,-99.0534973,Club_Totalplay_WiFi,E0:CC:7A:AE:74:DF,3,-75,OPEN
2026-03-19 21:22:25,19.5283394,-99.0534973,IZZI-B4C4,48:BD:CE:BB:B4:C8,11,-76,WPA2_PSK
2026-03-19 21:22:25,19.5283394,-99.0534973,Mega-2.4G-A6B1,78:DD:33:32:09:14,11,-77,WPA2_PSK
2026-03-19 21:22:25,19.5283394,-99.0534973,Totalplay-179C,B8:F0:B9:DD:F5:41,3,-78,WPA2_PSK
2026-03-19 21:22:25,19.5283394,-99.0534973,GoGas,B4:A2:5C:5A:9A:72,1,-81,WPA2_PSK
2026-03-19 21:22:25,19.5283394,-99.0534973,Club_Totalplay_WiFi,BA:F0:B9:3D:F5:41,3,-81,OPEN
2026-03-19 21:22:25,19.5283394,-99.0534973,,8A:71:B1:AF:63:53,11,-82,UNKNOWN
2026-03-19 21:22:25,19.5283394,-99.0534973,Club_Totalplay_WiFi,64:9D:F3:04:57:09,1,-83,OPEN
2026-03-19 21:22:25,19.5283394,-99.0534973,IZZI-22AD,24:E4:CE:01:22:B2,1,-84,WPA2_PSK
2026-03-19 21:22:25,19.5283394,-99.0534973,IZZI-DA88,D4:AB:82:38:8A:0F,6,-84,WPA2_PSK
2026-03-19 21:22:25,19.5283394,-99.0534973,Mega-2.4G-F8B2,AE:5E:14:E0:89:3C,2,-85,WPA2_WPA3_PSK
2026-03-19 21:22:25,19.5283394,-99.0534973,TUYO_CORPORATION,88:71:B1:8F:63:53,11,-85,WPA2_PSK
2026-03-19 21:22:25,19.5283394,-99.0534973,DIRECT-roku-JEC-95A89A,D6:97:58:AD:09:C7,11,-87,WPA2_PSK
2026-03-19 21:22:25,19.5283394,-99.0534973,Mega-2.4G-D2B1,A2:31:DB:83:19:7C,1,-88,WPA2_WPA3_PSK
2026-03-19 21:22:25,19.5283394,-99.0534973,IZZI-AE1C,5C:A4:F4:08:AE:1C,8,-92,WPA2_PSK
2026-03-19 21:22:25,19.5283394,-99.0534973,Club_Totalplay_WiFi,C2:F9:B0:AC:C0:DF,10,-92,OPEN
2026-03-19 21:22:41,19.5286217,-99.0546646,CARPIMART,9C:53:22:B9:F6:FC,6,-50,WPA_WPA2_PSK
2026-03-19 21:22:41,19.5286217,-99.0546646,CARPIMART_INVITADO,A2:53:22:B9:F6:FC,6,-52,OPEN
2026-03-19 21:22:41,19.5286217,-99.0546646,Liahona,E6:CB:BC:31:0D:8F,6,-66,WPA2_PSK
2026-03-19 21:22:41,19.5286217,-99.0546646,Lehi,E0:CB:BC:31:0D:8F,6,-67,WPA2_PSK
2026-03-19 21:22:41,19.5286217,-99.0546646,IOTConnect,EA:CB:BC:31:0D:8F,6,-67,WPA2_PSK
2026-03-19 21:22:41,19.5286217,-99.0546646,,DE:CB:BC:31:0D:8F,6,-72,WPA2_PSK
2026-03-19 21:22:41,19.5286217,-99.0546646,CARPIMART R3,3C:8C:F8:F3:BB:44,1,-73,WPA_WPA2_PSK
2026-03-19 21:22:41,19.5286217,-99.0546646,DAP-02A3DAEPCG1CFA6,A8:31:62:83:7D:5A,11,-73,WPA2_PSK
2026-03-19 21:22:41,19.5286217,-99.0546646,IZZI-C383,DC:92:72:11:C3:88,6,-78,WPA2_PSK
2026-03-19 21:22:41,19.5286217,-99.0546646,,DE:92:72:11:C4:8A,6,-78,UNKNOWN
2026-03-19 21:22:41,19.5286217,-99.0546646,DIRECT-91-HP 1000 Neverstop,02:68:EB:F2:16:91,6,-79,WPA2_PSK
2026-03-19 21:22:41,19.5286217,-99.0546646,Totalplay-179C,B8:F0:B9:DD:F5:41,3,-80,WPA2_PSK
2026-03-19 21:22:41,19.5286217,-99.0546646,INFINITUMB3D3_2.4,D4:3D:F3:2F:9D:A1,11,-80,WPA2_PSK
2026-03-19 21:22:41,19.5286217,-99.0546646,Mega_2.4G_26FF,D4:61:95:C2:26:FF,11,-82,WPA_WPA2_PSK
2026-03-19 21:22:41,19.5286217,-99.0546646,IZZI-8FDB,B0:92:4A:41:8F:E0,11,-82,WPA2_PSK
2026-03-19 21:22:41,19.5286217,-99.0546646,Totalplay-709B,50:6F:77:D8:DC:38,9,-83,WPA_WPA2_PSK
2026-03-19 21:22:41,19.5286217,-99.0546646,,B2:92:4A:41:90:E2,11,-83,UNKNOWN
2026-03-19 21:22:41,19.5286217,-99.0546646,INFINITUM5C58,78:3E:A1:E1:7F:59,1,-85,WPA2_PSK
2026-03-19 21:22:41,19.5286217,-99.0546646,,7A:3E:A1:C1:7F:59,1,-85,WPA2_PSK
2026-03-19 21:22:41,19.5286217,-99.0546646,INFINITUM3AB6,AC:51:AB:EB:9C:98,1,-86,WPA2_PSK
2026-03-19 21:22:41,19.5286217,-99.0546646,INFINITUMBHV9_2.4,A4:BD:C4:00:B8:1C,11,-86,WPA2_PSK
2026-03-19 21:22:41,19.5286217,-99.0546646,DIRECT-92-EPSON-A4E1E7,3A:9D:92:A4:61:E7,1,-88,WPA2_PSK
2026-03-19 21:22:41,19.5286217,-99.0546646,Club_Totalplay_WiFi,BC:47:32:59:2E:71,1,-90,OPEN
2026-03-19 21:22:41,19.5286217,-99.0546646,CFE Internet,C4:69:F0:AA:BF:20,6,-90,OPEN
2026-03-19 21:22:41,19.5286217,-99.0546646,Totalplay-72A5,90:16:BA:D9:4E:0C,2,-91,WPA2_PSK
2026-03-19 21:22:41,19.5286217,-99.0546646,ARRIS-FED2,00:AC:E0:F5:FE:D0,1,-92,WPA_WPA2_PSK
2026-03-19 21:22:57,19.5288563,-99.0555801,INFINITUM3970,A8:E8:1E:DB:D8:50,7,-61,WPA2_PSK
2026-03-19 21:22:57,19.5288563,-99.0555801,INFINITUM3459,A8:E8:1E:DB:86:E0,7,-61,WPA2_PSK
2026-03-19 21:22:57,19.5288563,-99.0555801,TRESGUERRAS_WF,F4:E2:C6:D8:4E:9C,11,-61,WPA2_PSK
2026-03-19 21:22:57,19.5288563,-99.0555801,,FA:E2:C6:D8:4E:9C,11,-63,WPA2_PSK
2026-03-19 21:22:57,19.5288563,-99.0555801,TRESGUERRAS_WF,F4:E2:C6:D8:23:20,11,-67,WPA2_PSK
2026-03-19 21:22:57,19.5288563,-99.0555801,,FA:E2:C6:D8:23:20,11,-68,WPA2_PSK
2026-03-19 21:22:57,19.5288563,-99.0555801,,72:4F:B8:A1:C1:72,6,-73,UNKNOWN
2026-03-19 21:22:57,19.5288563,-99.0555801,,CC:64:A6:4F:69:FE,8,-78,WPA2_PSK
2026-03-19 21:22:57,19.5288563,-99.0555801,IZZI-E014,28:F5:D1:AF:5E:E0,6,-81,WPA2_PSK
2026-03-19 21:22:57,19.5288563,-99.0555801,cctv2.4,D8:44:89:08:36:B2,6,-81,WPA_WPA2_PSK
2026-03-19 21:23:13,19.5291080,-99.0566254,CFE Internet,CC:20:8C:2D:FC:70,1,-48,OPEN
2026-03-19 21:23:13,19.5291080,-99.0566254,INFINITUMB015,A8:E8:1E:74:FF:50,6,-52,WPA2_PSK
2026-03-19 21:23:13,19.5291080,-99.0566254,cctv2.4,D8:44:89:08:36:B2,6,-63,WPA_WPA2_PSK
2026-03-19 21:23:13,19.5291080,-99.0566254,E1320_1450,CC:29:BD:0F:14:50,4,-65,WPA2_PSK
2026-03-19 21:23:13,19.5291080,-99.0566254,R1_telmex,A8:E8:1E:75:28:70,2,-67,WPA2_PSK
2026-03-19 21:23:13,19.5291080,-99.0566254,INFINITUM25DC,50:4E:DC:F2:94:AC,5,-68,WPA2_PSK
2026-03-19 21:23:13,19.5291080,-99.0566254,INFINITUM38C6,A8:E8:1E:DB:CD:B0,11,-68,WPA2_PSK
2026-03-19 21:23:13,19.5291080,-99.0566254,INFINITUM39AC,A8:E8:1E:DB:DC:10,1,-69,WPA2_PSK
2026-03-19 21:23:13,19.5291080,-99.0566254,70mai_Pro Plus+_92af,44:27:F3:6B:92:AF,1,-70,WPA_WPA2_PSK
2026-03-19 21:23:13,19.5291080,-99.0566254,INFINITUM001F,50:4E:DC:F3:D7:C4,8,-71,WPA2_PSK
2026-03-19 21:23:13,19.5291080,-99.0566254,ATT_Internet_En_Casa_BCBC,A4:93:3F:E8:BC:BC,9,-71,WPA2_PSK
2026-03-19 21:23:13,19.5291080,-99.0566254,Totalplay-799E,FC:BC:D1:DE:83:AC,11,-71,WPA2_PSK
2026-03-19 21:23:13,19.5291080,-99.0566254,MV55894831_OK_total,00:E0:20:0A:AB:B0,4,-72,WPA_WPA2_PSK
2026-03-19 21:23:13,19.5291080,-99.0566254,Totalplay-DCAB,E8:6D:E9:85:29:5C,8,-73,WPA2_PSK
2026-03-19 21:23:13,19.5291080,-99.0566254,Totalplay-23A6_2.4Gnormal,C4:A4:02:5B:EB:B4,8,-74,WPA2_PSK
2026-03-19 21:23:13,19.5291080,-99.0566254,Club_Totalplay_WiFi,FC:BC:D1:DE:83:AF,11,-74,OPEN
2026-03-19 21:23:13,19.5291080,-99.0566254,IoT,54:EC:2F:70:D9:78,11,-74,WPA2_PSK
2026-03-19 21:23:13,19.5291080,-99.0566254,,54:EC:2F:30:D9:78,11,-75,WPA2_PSK
2026-03-19 21:23:13,19.5291080,-99.0566254,Totalplay-2.4G-8F70,98:C9:BE:52:8F:74,10,-76,WPA2_PSK
2026-03-19 21:23:13,19.5291080,-99.0566254,INFINITUMCF67,A8:E8:1E:F3:DF:50,1,-77,WPA2_PSK
2026-03-19 21:23:13,19.5291080,-99.0566254,,80:03:84:1B:A4:38,4,-77,WPA2_PSK
2026-03-19 21:23:13,19.5291080,-99.0566254,HUAWEI-FY10BA,CC:FF:90:62:8F:00,1,-78,WPA2_PSK
2026-03-19 21:23:13,19.5291080,-99.0566254,IZZI-9F4B,70:4F:B8:91:C1:72,6,-79,WPA2_PSK
2026-03-19 21:23:13,19.5291080,-99.0566254,Club_Totalplay_WiFi,C4:A4:02:5B:EB:B7,8,-79,OPEN
2026-03-19 21:23:13,19.5291080,-99.0566254,,C4:A4:02:5B:EB:B6,8,-79,WPA2_PSK
2026-03-19 21:23:13,19.5291080,-99.0566254,IZZI-C14E,5C:FA:25:98:C1:53,1,-81,WPA2_PSK
2026-03-19 21:23:13,19.5291080,-99.0566254,Totalplay-389A,F4:4C:7F:59:65:BC,9,-81,WPA_WPA2_PSK
2026-03-19 21:23:13,19.5291080,-99.0566254,Totalplay-ED6E,F8:79:28:8A:79:06,6,-82,WPA2_PSK
2026-03-19 21:23:13,19.5291080,-99.0566254,DIRECT-D2-EPSON-340D82,66:C6:D2:34:8D:82,1,-83,WPA2_PSK
2026-03-19 21:23:13,19.5291080,-99.0566254,Totalplay-2.4G-2e70,BC:47:32:59:2E:70,1,-83,WPA2_PSK
2026-03-19 21:23:13,19.5291080,-99.0566254,Totalplay-23A6_2.4_repetidor,80:3F:5D:69:4F:43,8,-85,WPA_WPA2_PSK
2026-03-19 21:23:13,19.5291080,-99.0566254,Mega-2.4G-0EB1,EC:7C:2C:4B:B2:64,9,-88,WPA2_PSK
2026-03-19 21:23:13,19.5291080,-99.0566254,,E8:13:6E:54:40:4E,4,-89,WPA2_PSK
2026-03-19 21:23:29,19.5294952,-99.0582123,Totalplay-2.4G-ce50,10:08:1D:C6:CE:50,11,-71,WPA2_PSK
2026-03-19 21:23:29,19.5294952,-99.0582123,INFINITUM395A,A8:E8:1E:DB:D6:F0,6,-72,WPA2_PSK
2026-03-19 21:23:29,19.5294952,-99.0582123,IZZI-A2BC,48:BD:CE:B7:A2:C0,11,-76,WPA2_PSK
2026-03-19 21:23:29,19.5294952,-99.0582123,IZZI-6399,78:6A:1F:56:A2:B4,1,-78,WPA2_PSK
2026-03-19 21:23:29,19.5294952,-99.0582123,,D4:46:49:43:AD:52,9,-78,WPA2_PSK
2026-03-19 21:23:29,19.5294952,-99.0582123,,7A:6A:1F:26:A2:B4,1,-80,UNKNOWN
2026-03-19 21:23:29,19.5294952,-99.0582123,IZZI OFICINA 2 ,D0:60:8C:2D:85:76,1,-83,WPA2_PSK
2026-03-19 21:23:29,19.5294952,-99.0582123,Totalplay-F9A5,D4:46:49:43:AD:50,9,-83,WPA2_PSK
2026-03-19 21:23:29,19.5294952,-99.0582123,MV55894831_OK_total,00:E0:20:0A:AB:B0,4,-89,WPA_WPA2_PSK
2026-03-19 21:23:29,19.5294952,-99.0582123,DIRECT-274C2E15,FA:D0:27:4C:AE:15,11,-90,WPA2_PSK
2026-03-19 21:23:29,19.5294952,-99.0582123,70mai_Pro Plus+_92af,44:27:F3:6B:92:AF,1,-91,WPA_WPA2_PSK
2026-03-19 21:23:29,19.5294952,-99.0582123,Mega-2.4G-18B1,0C:84:08:28:A2:9C,3,-91,WPA2_PSK
2026-03-19 21:23:45,19.5296707,-99.0589218,,2E:58:4F:27:AD:FB,6,-74,UNKNOWN
2026-03-19 21:23:45,19.5296707,-99.0589218,Mega-2.4G-18B1,0C:84:08:28:A2:9C,3,-77,WPA2_PSK
2026-03-19 21:23:45,19.5296707,-99.0589218,IZZI-D65E,2C:58:4F:77:AD:FB,6,-77,WPA2_PSK
2026-03-19 21:23:45,19.5296707,-99.0589218,,7A:6A:1F:26:A2:B4,1,-79,UNKNOWN
2026-03-19 21:23:45,19.5296707,-99.0589218,IZZI-A2BC,48:BD:CE:B7:A2:C0,11,-79,WPA2_PSK
2026-03-19 21:23:45,19.5296707,-99.0589218,IZZI-C012.,78:6A:1F:42:64:16,6,-80,WPA2_PSK
2026-03-19 21:23:45,19.5296707,-99.0589218,,7A:6A:1F:22:64:16,6,-80,UNKNOWN
2026-03-19 21:23:45,19.5296707,-99.0589218,Totalplay-2.4G-ce50,10:08:1D:C6:CE:50,11,-81,WPA2_PSK
2026-03-19 21:23:45,19.5296707,-99.0589218,IZZI-6399,78:6A:1F:56:A2:B4,1,-82,WPA2_PSK
2026-03-19 21:23:45,19.5296707,-99.0589218,moto g52_1246,96:55:AD:88:AB:DA,7,-83,WPA2_PSK
2026-03-19 21:23:45,19.5296707,-99.0589218,Totalplay-F9A5,D4:46:49:43:AD:50,9,-83,WPA2_PSK
2026-03-19 21:23:45,19.5296707,-99.0589218,Club_Totalplay_WiFi,D4:46:49:43:AD:53,9,-85,OPEN
2026-03-19 21:23:45,19.5296707,-99.0589218,,D4:46:49:43:AD:52,9,-86,WPA2_PSK
2026-03-19 21:23:45,19.5296707,-99.0589218,IZZI OFICINA 2 ,D0:60:8C:2D:85:76,1,-87,WPA2_PSK
2026-03-19 21:23:45,19.5296707,-99.0589218,Totalplay-2.4G-e4b0,10:08:1D:A3:E4:B0,1,-92,WPA_WPA2_PSK
2026-03-19 21:24:01,19.5299377,-99.0599442,INFINITUM008A_2.4,10:50:72:AB:BF:2A,6,-83,WPA2_PSK
2026-03-19 21:24:01,19.5299377,-99.0599442,BVias1,28:11:EC:24:34:80,9,-84,WPA2_PSK
2026-03-19 21:24:01,19.5299377,-99.0599442,Mega-2.4G-18B1,0C:84:08:28:A2:9C,3,-88,WPA2_PSK
2026-03-19 21:24:01,19.5299377,-99.0599442,CEDIS VIAS,30:16:9D:A7:4B:77,8,-88,WPA2_PSK
2026-03-19 21:24:01,19.5299377,-99.0599442,Megacable_2.4G_7C54,5C:A4:F4:99:7C:54,1,-89,WPA_WPA2_PSK
2026-03-19 21:24:01,19.5299377,-99.0599442,Mega_2.4G_01A6,48:96:D9:77:01:A6,3,-89,WPA_WPA2_PSK
2026-03-19 21:24:01,19.5299377,-99.0599442,,32:16:9D:A5:4B:77,8,-89,WPA2_PSK
2026-03-19 21:24:17,19.5301571,-99.0607834,Mega_2.4G_01A6,48:96:D9:77:01:A6,3,-77,WPA_WPA2_PSK
2026-03-19 21:24:17,19.5301571,-99.0607834,BVias1,28:11:EC:24:34:80,9,-81,WPA2_PSK
2026-03-19 21:24:17,19.5301571,-99.0607834,Totalplay-2.4G-3a10,10:08:1D:B0:3A:10,1,-84,WPA2_PSK
2026-03-19 21:24:17,19.5301571,-99.0607834,INFINITUMC55F,78:3E:A1:F8:0F:C9,6,-87,WPA2_PSK
2026-03-19 21:24:17,19.5301571,-99.0607834,INFINITUM3BA4_2.4,F4:A4:D6:64:F3:FC,1,-88,WPA2_PSK
2026-03-19 21:24:17,19.5301571,-99.0607834,,20:5E:0D:27:BA:14,1,-88,OPEN
2026-03-19 21:24:17,19.5301571,-99.0607834,IZZI-7BB8,98:39:10:69:7B:BD,11,-88,WPA2_PSK
2026-03-19 21:24:17,19.5301571,-99.0607834,Mega-2.4G-B6B2,AE:5E:14:DA:9C:A4,1,-92,WPA2_WPA3_PSK
2026-03-19 21:24:33,19.5302944,-99.0613632,moto g24_7422,82:01:4A:22:BA:F5,1,-80,WPA2_WPA3_PSK
2026-03-19 21:24:33,19.5302944,-99.0613632,INFINITUM4258,58:76:AC:12:C4:84,1,-82,WPA2_PSK
2026-03-19 21:24:33,19.5302944,-99.0613632,HUAWEI-,E8:1E:92:A5:FA:58,1,-88,WPA2_PSK
2026-03-19 21:24:49,19.5303879,-99.0617294,DIRECT-2C-BRAVIA,32:F7:72:7E:24:DA,1,-69,WPA2_PSK
2026-03-19 21:24:49,19.5303879,-99.0617294,IZZI-7BB8,98:39:10:69:7B:BD,11,-77,WPA2_PSK
2026-03-19 21:24:49,19.5303879,-99.0617294,INFINITUM15D6,F4:E8:4F:09:AA:BE,11,-78,WPA2_PSK
2026-03-19 21:24:49,19.5303879,-99.0617294,Club_Totalplay_WiFi,6C:14:6E:36:F7:37,6,-79,OPEN
2026-03-19 21:24:49,19.5303879,-99.0617294,DIRECT-7B-HP Smart Tank 530,2A:C5:C8:69:C7:7B,11,-86,WPA2_PSK
2026-03-19 21:24:49,19.5303879,-99.0617294,DIRECT-CmM2070 Series,32:CD:A7:A0:1F:F8,1,-87,WPA2_PSK
2026-03-19 21:25:05,19.5304375,-99.0620041,Totalplay-2.4G-0440,64:9D:F3:0A:04:40,6,-59,WPA2_PSK
2026-03-19 21:25:05,19.5304375,-99.0620041,Club_Totalplay_WiFi,64:9D:F3:0A:04:41,6,-59,OPEN
2026-03-19 21:25:05,19.5304375,-99.0620041,IZZI-7BB8,98:39:10:69:7B:BD,11,-62,WPA2_PSK
2026-03-19 21:25:05,19.5304375,-99.0620041,Mega-2.4G-B6B2,AE:5E:14:DA:9C:A4,1,-63,WPA2_WPA3_PSK
2026-03-19 21:25:05,19.5304375,-99.0620041,INFINITUM15D6,F4:E8:4F:09:AA:BE,11,-65,WPA2_PSK
2026-03-19 21:25:05,19.5304375,-99.0620041,HUAWEI-,E8:1E:92:A5:FA:58,1,-68,WPA2_PSK
2026-03-19 21:25:05,19.5304375,-99.0620041,Mega-2.4G-E9B1,12:32:1D:4D:11:90,8,-68,WPA2_WPA3_PSK
2026-03-19 21:25:05,19.5304375,-99.0620041,Mega_2.4G_01A6,48:96:D9:77:01:A6,3,-72,WPA_WPA2_PSK
2026-03-19 21:25:05,19.5304375,-99.0620041,IZZI-F66B,24:E4:CE:39:F6:70,6,-73,WPA2_PSK
2026-03-19 21:25:05,19.5304375,-99.0620041,,E2:55:A8:16:50:30,1,-75,WPA2_PSK
2026-03-19 21:25:05,19.5304375,-99.0620041,,F2:55:A8:16:50:30,1,-75,UNKNOWN
2026-03-19 21:25:05,19.5304375,-99.0620041,,C2:55:A8:16:50:30,1,-75,UNKNOWN
2026-03-19 21:25:05,19.5304375,-99.0620041,DIRECT-2C-BRAVIA,32:F7:72:7E:24:DA,1,-76,WPA2_PSK
2026-03-19 21:25:05,19.5304375,-99.0620041,,FA:55:A8:16:50:30,1,-76,UNKNOWN
2026-03-19 21:25:05,19.5304375,-99.0620041,DIRECT-7B-HP Smart Tank 530,2A:C5:C8:69:C7:7B,11,-77,WPA2_PSK
2026-03-19 21:25:05,19.5304375,-99.0620041,,DA:55:A8:16:50:30,1,-79,WPA2_PSK
2026-03-19 21:25:21,19.5305786,-99.0625916,Mega_2.4G_BBCE,48:96:D9:24:BB:CE,11,-52,WPA_WPA2_PSK
2026-03-19 21:25:21,19.5305786,-99.0625916,,DE:A6:33:AD:8C:C3,1,-56,UNKNOWN
2026-03-19 21:25:21,19.5305786,-99.0625916,Mega_2.4G_01A6,48:96:D9:77:01:A6,3,-60,WPA_WPA2_PSK
2026-03-19 21:25:21,19.5305786,-99.0625916,IZZI-0470,DC:A6:33:DD:8C:C3,1,-64,WPA2_PSK
2026-03-19 21:25:21,19.5305786,-99.0625916,Buscado...._2.4G,68:E2:09:15:5F:B8,4,-69,WPA_WPA2_PSK
2026-03-19 21:25:21,19.5305786,-99.0625916,Megacable_2.4G_9E50,7C:7D:21:BD:F3:EE,8,-70,WPA_WPA2_PSK
2026-03-19 21:25:21,19.5305786,-99.0625916,Megacable_2.4G_9E50,5C:A4:F4:9A:9E:50,8,-71,WPA_WPA2_PSK
2026-03-19 21:25:21,19.5305786,-99.0625916,Club_Totalplay_WiFi,68:E2:09:15:5F:BB,4,-73,OPEN
2026-03-19 21:25:21,19.5305786,-99.0625916,,68:E2:09:15:5F:BA,4,-75,WPA2_PSK
2026-03-19 21:25:21,19.5305786,-99.0625916,,F2:55:A8:16:50:30,1,-77,UNKNOWN
2026-03-19 21:25:21,19.5305786,-99.0625916,,C2:55:A8:16:50:30,1,-77,UNKNOWN
2026-03-19 21:25:21,19.5305786,-99.0625916,,E4:55:A8:16:50:30,1,-78,UNKNOWN
2026-03-19 21:25:21,19.5305786,-99.0625916,,FA:55:A8:16:50:30,1,-78,UNKNOWN
2026-03-19 21:25:21,19.5305786,-99.0625916,INFINITUM724A_2.4,10:50:72:7F:FA:60,11,-85,WPA2_PSK
2026-03-19 21:25:37,19.5307655,-99.0634155,TOTALPLAY_F1D988_2.4G,F0:4D:D4:F1:D9:8D,1,-75,WPA2_PSK
2026-03-19 21:25:37,19.5307655,-99.0634155,Repro2.4,2C:DD:95:CB:20:35,1,-76,WPA2_PSK
2026-03-19 21:25:37,19.5307655,-99.0634155,Totalplay-2.4G-7880,EC:E7:A2:76:78:80,6,-81,WPA2_PSK
2026-03-19 21:25:37,19.5307655,-99.0634155,Mega_2.4G_BBCE,48:96:D9:24:BB:CE,11,-88,WPA_WPA2_PSK
2026-03-19 21:25:37,19.5307655,-99.0634155,,32:23:64:CC:07:89,11,-89,WPA2_PSK
2026-03-19 21:25:53,19.5310726,-99.0649033,STAPGMX,72:85:C4:98:8D:7E,1,-64,WPA2_PSK
2026-03-19 21:25:53,19.5310726,-99.0649033,INVITADOS,72:85:C4:88:8D:7E,1,-67,WPA_WPA2_PSK
2026-03-19 21:25:53,19.5310726,-99.0649033,SERVICIOS,72:85:C4:B8:8D:7E,1,-68,WPA2_PSK
2026-03-19 21:25:53,19.5310726,-99.0649033,FlamaGas,F6:9F:C2:F4:98:B5,11,-69,WPA2_PSK
2026-03-19 21:25:53,19.5310726,-99.0649033,FlamaTi,30:D1:7E:98:DF:64,3,-71,WPA_WPA2_PSK
2026-03-19 21:25:53,19.5310726,-99.0649033,FlamaGas-Invitados,FA:9F:C2:F4:98:B5,11,-73,WPA2_PSK
2026-03-19 21:25:53,19.5310726,-99.0649033,,F0:9F:C2:F4:98:B5,11,-75,WPA2_PSK
2026-03-19 21:25:53,19.5310726,-99.0649033,,7E:AC:B9:B7:F7:37,11,-82,WPA2_PSK
2026-03-19 21:25:53,19.5310726,-99.0649033,FlamaGas,F4:92:BF:CA:65:9C,6,-88,WPA2_PSK
2026-03-19 21:26:09,19.5314407,-99.0663452,Sunami Xalos,6C:4C:BC:53:AD:66,6,-66,WPA2_WPA3_PSK
2026-03-19 21:26:09,19.5314407,-99.0663452,Mega-2.4G-98B1,6E:71:D2:06:57:DC,11,-67,WPA2_WPA3_PSK
2026-03-19 21:26:25,19.5315819,-99.0669403,Sunami Xalos,6C:4C:BC:53:AD:66,6,-64,WPA2_WPA3_PSK
2026-03-19 21:26:25,19.5315819,-99.0669403,Sunami Xalos,C0:C9:E3:BF:DC:54,1,-84,WPA2_PSK
2026-03-19 21:26:41,19.5317268,-99.0675354,CAR CENTER,F8:AA:3F:04:09:24,11,-69,WPA2_PSK
2026-03-19 21:26:41,19.5317268,-99.0675354,INFINITUMFA34,DC:8D:B7:B5:E1:90,2,-73,WPA2_PSK
2026-03-19 21:26:41,19.5317268,-99.0675354,Onix Mario,2A:03:EB:CD:64:FB,1,-79,WPA2_PSK
2026-03-19 21:26:41,19.5317268,-99.0675354,WIFI-CORP,74:78:A6:CA:94:A8,11,-80,WPA2_PSK
2026-03-19 21:26:41,19.5317268,-99.0675354,WIFI-DIR,74:78:A6:CA:94:A9,11,-80,WPA2_PSK
2026-03-19 21:26:41,19.5317268,-99.0675354,WIFI-VISITAS,74:78:A6:CA:94:AA,11,-81,WPA2_PSK
2026-03-19 21:26:41,19.5317268,-99.0675354,WIFI-DIR,74:78:A6:CA:DA:29,11,-84,WPA2_PSK
2026-03-19 21:26:41,19.5317268,-99.0675354,WIFI-CORP,74:78:A6:CA:DA:28,11,-85,WPA2_PSK
2026-03-19 21:26:41,19.5317268,-99.0675354,WIFI-VISITAS,74:78:A6:CA:DA:2A,11,-86,WPA2_PSK
2026-03-19 21:26:41,19.5317268,-99.0675354,WIFI-DIR,74:78:A6:CA:F6:89,11,-88,WPA2_PSK
2026-03-19 21:26:41,19.5317268,-99.0675354,WIFI-VISITAS,74:78:A6:CA:F6:8A,11,-88,WPA2_PSK
2026-03-19 21:26:57,19.5320091,-99.0687027,Sticker Diesel,7C:F1:7E:B0:1F:A1,6,-65,WPA_WPA2_PSK
2026-03-19 21:26:57,19.5320091,-99.0687027,Sticker Magna,7C:F1:7E:9B:B4:A5,1,-66,WPA_WPA2_PSK
2026-03-19 21:26:57,19.5320091,-99.0687027,,06:EC:DA:8A:3C:15,11,-66,WPA2_PSK
2026-03-19 21:26:57,19.5320091,-99.0687027,TP-LINK_AP_4438,98:DE:D0:D0:44:38,9,-68,WPA2_PSK
2026-03-19 21:26:57,19.5320091,-99.0687027,,0E:EC:DA:8A:3C:15,11,-68,WPA2_PSK
2026-03-19 21:26:57,19.5320091,-99.0687027,BBS GTU Ecatepec,FC:EC:DA:8A:3C:15,11,-69,WPA2_PSK
2026-03-19 21:26:57,19.5320091,-99.0687027,Induccion_26,0A:EC:DA:8A:3C:15,11,-69,WPA2_PSK
2026-03-19 21:26:57,19.5320091,-99.0687027,BBS GTU Ecatepec,F4:92:BF:84:22:B4,1,-72,WPA2_PSK
2026-03-19 21:26:57,19.5320091,-99.0687027,,02:EC:DA:8A:3C:15,11,-74,WPA2_PSK
2026-03-19 21:26:57,19.5320091,-99.0687027,,F6:92:BF:C4:22:B4,1,-75,WPA2_PSK
2026-03-19 21:26:57,19.5320091,-99.0687027,Red Diamante,E0:CB:BC:97:4C:6A,1,-76,UNKNOWN
2026-03-19 21:26:57,19.5320091,-99.0687027,DIRECT-3C-EPSON-199D4E,A6:D7:3C:19:1D:4E,11,-84,WPA2_PSK
2026-03-19 21:26:57,19.5320091,-99.0687027,REGIONALES,98:DA:C4:39:9F:2D,13,-85,WPA_WPA2_PSK
2026-03-19 21:27:13,19.5321846,-99.0694199,Wifi_Banorte,CC:88:C7:F1:F1:E0,11,-74,OPEN
2026-03-19 21:27:13,19.5321846,-99.0694199,Totalplay-EDAE,C2:E1:BE:9C:15:38,9,-76,WPA2_PSK
2026-03-19 21:27:13,19.5321846,-99.0694199,FamiliaHdzLuz,E8:48:B8:29:9E:AE,2,-77,WPA2_PSK
2026-03-19 21:27:13,19.5321846,-99.0694199,Club_Totalplay_WiFi,C2:E1:BE:9C:15:3B,9,-77,OPEN
2026-03-19 21:27:13,19.5321846,-99.0694199,INFINITUMB928_EXT,5C:E9:31:62:DB:68,11,-77,WPA2_PSK
2026-03-19 21:27:13,19.5321846,-99.0694199,Induccion_26,82:AC:B9:B4:E3:9A,6,-79,WPA2_PSK
2026-03-19 21:27:13,19.5321846,-99.0694199,INFINITUM1A52_2.4,50:4E:DC:93:28:E8,6,-80,WPA2_PSK
2026-03-19 21:27:13,19.5321846,-99.0694199,TP-LINK_AP_4438,98:DE:D0:D0:44:38,9,-81,WPA2_PSK
2026-03-19 21:27:13,19.5321846,-99.0694199,FamiliaHdzLuz,E8:48:B8:29:CA:9E,2,-84,WPA2_PSK
2026-03-19 21:27:13,19.5321846,-99.0694199,Sticker Magna,7C:F1:7E:9B:B4:A5,1,-85,WPA_WPA2_PSK
2026-03-19 21:27:29,19.5321789,-99.0694199,INFINITUMB928,E0:A1:CE:9B:D3:F4,11,-72,WPA2_PSK
2026-03-19 21:27:29,19.5321789,-99.0694199,,EE:48:B8:29:9E:AE,2,-73,WPA2_PSK
2026-03-19 21:27:29,19.5321789,-99.0694199,,86:AC:B9:B4:E3:9A,6,-74,WPA2_PSK
2026-03-19 21:27:29,19.5321789,-99.0694199,,7A:AC:B9:B4:E3:9A,6,-74,WPA2_PSK
2026-03-19 21:27:29,19.5321789,-99.0694199,,B2:D1:D6:4F:B6:19,11,-75,WPA2_PSK
2026-03-19 21:27:29,19.5321789,-99.0694199,,CC:88:C7:F1:F1:E1,11,-75,WPA2_PSK
2026-03-19 21:27:29,19.5321789,-99.0694199,E_wifi,CC:88:C7:F1:F1:E2,11,-75,WPA2_PSK
2026-03-19 21:27:29,19.5321789,-99.0694199,Wifi_Banorte,CC:88:C7:F1:F1:E0,11,-76,OPEN
2026-03-19 21:27:29,19.5321789,-99.0694199,INFINITUMC870,B0:D1:D6:1F:B6:19,11,-78,WPA2_PSK
2026-03-19 21:27:29,19.5321789,-99.0694199,RHX8-Q2C#31F99A,00:50:C2:31:F9:9A,11,-83,OPEN
2026-03-19 21:27:29,19.5321789,-99.0694199,INFINITUMA025,B0:D1:D6:1D:31:69,1,-84,WPA2_PSK
2026-03-19 21:27:29,19.5321789,-99.0694199,,06:EC:DA:8A:3C:15,11,-85,WPA2_PSK
2026-03-19 21:27:29,19.5321789,-99.0694199,INFINITUM243F_2,00:5F:67:6A:77:37,11,-85,OPEN
2026-03-19 21:27:45,19.5321789,-99.0694199,INFINITUMB928,E0:A1:CE:9B:D3:F4,11,-69,WPA2_PSK
2026-03-19 21:27:45,19.5321789,-99.0694199,INFINITUMEDB5,B0:A4:F0:32:DF:3C,1,-76,WPA2_PSK
2026-03-19 21:27:45,19.5321789,-99.0694199,Wifi_Banorte,CC:88:C7:F1:F1:E0,11,-76,OPEN
2026-03-19 21:27:45,19.5321789,-99.0694199,E_wifi,CC:88:C7:F1:F1:E2,11,-79,WPA2_PSK
2026-03-19 21:27:45,19.5321789,-99.0694199,FamiliaHdzLuz,E8:48:B8:29:9E:AE,2,-80,WPA2_PSK
2026-03-19 21:27:45,19.5321789,-99.0694199,,B2:D1:D6:4F:B6:19,11,-81,WPA2_PSK
2026-03-19 21:27:45,19.5321789,-99.0694199,IZZI-3E87,98:39:10:AC:3E:8C,1,-82,WPA2_PSK
2026-03-19 21:27:45,19.5321789,-99.0694199,AP00016028,E8:5C:5F:E3:70:05,1,-83,WPA_WPA2_PSK
2026-03-19 21:27:45,19.5321789,-99.0694199,INFINITUMC870,B0:D1:D6:1F:B6:19,11,-85,WPA2_PSK
2026-03-19 21:28:01,19.5321789,-99.0694351,INFINITUMA025,50:0F:F5:1A:EF:11,1,-67,WPA_WPA2_PSK
2026-03-19 21:28:01,19.5321789,-99.0694351,INFINITUMB928,E0:A1:CE:9B:D3:F4,11,-67,WPA2_PSK
2026-03-19 21:28:01,19.5321789,-99.0694351,INFINITUMA025,50:0F:F5:1A:EF:09,11,-69,WPA_WPA2_PSK
2026-03-19 21:28:01,19.5321789,-99.0694351,Club_Totalplay_WiFi,C2:E1:BE:9C:15:3B,9,-73,OPEN
2026-03-19 21:28:01,19.5321789,-99.0694351,AT0184_AccessPoint,98:D8:63:BF:45:64,1,-75,WPA2_PSK
2026-03-19 21:28:01,19.5321789,-99.0694351,Induccion_26,82:AC:B9:B4:E3:9A,6,-82,WPA2_PSK
2026-03-19 21:28:01,19.5321789,-99.0694351,INFINITUM04B0,C8:84:CF:79:4C:48,6,-86,WPA2_PSK
2026-03-19 21:28:17,19.5319004,-99.0706024,,EE:48:B8:29:CA:9E,2,-58,WPA2_PSK
2026-03-19 21:28:17,19.5319004,-99.0706024,FamiliaHdzLuz,E8:48:B8:29:9D:CE,2,-60,WPA2_PSK
2026-03-19 21:28:17,19.5319004,-99.0706024,FamiliaHdzLuz,E8:48:B8:29:9E:AE,2,-62,WPA2_PSK
2026-03-19 21:28:17,19.5319004,-99.0706024,,EE:48:B8:29:9D:CE,2,-62,WPA2_PSK
2026-03-19 21:28:17,19.5319004,-99.0706024,INFINITUM04B0,C8:84:CF:79:4C:48,6,-62,WPA2_PSK
2026-03-19 21:28:17,19.5319004,-99.0706024,FamiliaHdzLuz,E8:48:B8:29:CA:9E,2,-63,WPA2_PSK
2026-03-19 21:28:17,19.5319004,-99.0706024,Club_Totalplay_WiFi,64:9D:F3:11:2B:E1,1,-65,OPEN
2026-03-19 21:28:17,19.5319004,-99.0706024,Omni_lite80DE10,34:21:09:80:DE:19,6,-65,WPA_WPA2_PSK
2026-03-19 21:28:17,19.5319004,-99.0706024,Totalplay-2.4G-2be0,64:9D:F3:11:2B:E0,1,-66,WPA2_PSK
2026-03-19 21:28:17,19.5319004,-99.0706024,INFINITUM0FA4_2.4,F4:A4:D6:65:BD:10,10,-67,WPA2_PSK
2026-03-19 21:28:17,19.5319004,-99.0706024,Totalplay-1FB4,DA:0A:60:5B:F4:50,11,-67,WPA2_PSK
2026-03-19 21:28:17,19.5319004,-99.0706024,Totalplay-1AB4,DA:0A:60:5C:62:1C,8,-68,WPA2_PSK
2026-03-19 21:28:17,19.5319004,-99.0706024,INFINITUM6692,50:02:38:3C:4E:49,6,-69,WPA2_PSK
2026-03-19 21:28:17,19.5319004,-99.0706024,INFINITUM243F_2,00:5F:67:6A:77:37,11,-71,OPEN
2026-03-19 21:28:17,19.5319004,-99.0706024,INFINITUM243F_3,00:5F:67:6A:77:38,11,-72,OPEN
2026-03-19 21:28:17,19.5319004,-99.0706024,,78:45:58:7A:60:B8,11,-72,WPA2_PSK
2026-03-19 21:28:17,19.5319004,-99.0706024,WiGas POS,82:45:58:7A:60:B8,11,-72,WPA2_PSK
2026-03-19 21:28:17,19.5319004,-99.0706024,Club_Totalplay_WiFi,DA:0A:60:5C:62:1F,8,-73,OPEN
2026-03-19 21:28:33,19.5311680,-99.0725174,Totalplay-8DAF,C6:5E:5C:B9:EB:50,11,-62,WPA2_PSK
2026-03-19 21:28:33,19.5311680,-99.0725174,Totalplay-EAB1,6E:71:D2:A1:54:00,7,-65,WPA2_PSK
2026-03-19 21:28:33,19.5311680,-99.0725174,Club_Totalplay_WiFi,6E:71:D2:A1:54:03,7,-65,OPEN
2026-03-19 21:28:33,19.5311680,-99.0725174,,6E:71:D2:A1:54:02,7,-67,WPA2_PSK
2026-03-19 21:28:33,19.5311680,-99.0725174,Club_Totalplay_WiFi,C6:5E:5C:B9:EB:53,11,-70,OPEN
2026-03-19 21:28:33,19.5311680,-99.0725174,,C6:5E:5C:B9:EB:52,11,-70,WPA2_PSK
2026-03-19 21:28:33,19.5311680,-99.0725174,Mega-2.4G-BEB1,0C:84:08:27:48:A4,11,-73,WPA2_PSK
2026-03-19 21:28:33,19.5311680,-99.0725174,DIRECT-CzPhaser 3020,9E:93:4E:CC:CA:70,11,-73,WPA2_PSK
2026-03-19 21:28:33,19.5311680,-99.0725174,,AE:AE:19:D4:92:95,4,-75,WPA2_PSK
2026-03-19 21:28:33,19.5311680,-99.0725174,INFINITUM7BB1,A8:D4:E0:16:FD:08,6,-75,WPA2_PSK
2026-03-19 21:28:33,19.5311680,-99.0725174,INFINITUM8304_2.4,EC:3E:B3:74:B1:D1,1,-79,WPA2_PSK
2026-03-19 21:28:33,19.5311680,-99.0725174,INFINITUM6E9F,E0:3D:A6:D7:D5:09,6,-79,WPA2_PSK
2026-03-19 21:28:33,19.5311680,-99.0725174,Club_Totalplay_WiFi,EC:A1:D1:E5:3F:79,7,-88,OPEN
2026-03-19 21:28:49,19.5303154,-99.0744019,INFINITUM0449_2.4,64:EE:B7:72:C9:D0,9,-53,WPA2_PSK
2026-03-19 21:28:49,19.5303154,-99.0744019,INFINITUM5483_2.4,00:72:63:95:66:58,9,-54,WPA2_PSK
2026-03-19 21:28:49,19.5303154,-99.0744019,INFINITUM1061_2.4,64:EE:B7:72:DC:F0,11,-58,WPA2_PSK
2026-03-19 21:28:49,19.5303154,-99.0744019,INFINITUM5807,DC:8D:B7:0E:C5:E0,1,-63,WPA2_PSK
2026-03-19 21:28:49,19.5303154,-99.0744019,INFINITUMDCB1,A0:31:DB:60:46:10,11,-63,WPA2_PSK
2026-03-19 21:28:49,19.5303154,-99.0744019,SETUP,00:80:92:CD:5A:FF,11,-74,OPEN
2026-03-19 21:28:49,19.5303154,-99.0744019,Club_Totalplay_WiFi,72:C7:F2:93:AA:DB,3,-78,OPEN
2026-03-19 21:28:49,19.5303154,-99.0744019,INFINITUM27B5,10:24:07:07:51:1C,6,-78,WPA2_PSK
2026-03-19 21:28:49,19.5303154,-99.0744019,INFINITUM23B0,60:53:75:22:CC:38,6,-78,WPA2_PSK
2026-03-19 21:28:49,19.5303154,-99.0744019,Totalplay-1AD7,D0:59:19:49:87:82,4,-83,WPA2_PSK
2026-03-19 21:28:49,19.5303154,-99.0744019,,E2:3D:A6:CD:DE:21,6,-83,WPA2_PSK
2026-03-19 21:28:49,19.5303154,-99.0744019,,7E:45:58:71:EF:C7,6,-84,WPA2_PSK
2026-03-19 21:28:49,19.5303154,-99.0744019,DIRECT-52-HP Smart Tank 510,16:CB:19:A1:BA:52,6,-86,WPA2_PSK
2026-03-19 21:28:49,19.5303154,-99.0744019,HP-Print-26-LaserJet 1102,9C:2A:70:59:07:26,3,-91,OPEN
2026-03-19 21:29:05,19.5294781,-99.0760803,,E2:21:F9:CB:1F:F4,1,-59,WPA2_PSK
2026-03-19 21:29:05,19.5294781,-99.0760803,,D2:21:F9:CB:1F:F4,1,-61,WPA2_PSK
2026-03-19 21:29:05,19.5294781,-99.0760803,WIFI941,F2:21:F9:CB:1F:F4,1,-62,WPA2_PSK
2026-03-19 21:29:05,19.5294781,-99.0760803,INFINITUM532E,C4:EB:FF:4F:1A:A6,11,-67,WPA2_PSK
2026-03-19 21:29:05,19.5294781,-99.0760803,,20:DF:73:81:4C:FC,6,-74,WPA2_PSK
2026-03-19 21:29:05,19.5294781,-99.0760803,INFINITUM602C,14:CA:56:8B:D3:B1,6,-75,WPA2_PSK
2026-03-19 21:29:05,19.5294781,-99.0760803,INFINITUM4DB6,B8:9F:CC:74:83:00,6,-75,WPA2_PSK
2026-03-19 21:29:05,19.5294781,-99.0760803,DIRECT-92A32D62,3A:9D:92:A3:AD:62,11,-85,WPA2_PSK
2026-03-19 21:29:05,19.5294781,-99.0760803,HP-Print-6C-LaserJet 1102,70:18:8B:C9:01:6C,11,-91,OPEN
2026-03-19 21:29:21,19.5297775,-99.0766220,MakaBurguer's,C2:A9:38:F2:B3:A4,7,-64,WPA2_PSK
2026-03-19 21:29:21,19.5297775,-99.0766220,Club_Totalplay_WiFi,C2:A9:38:F2:B3:A7,7,-64,OPEN
2026-03-19 21:29:21,19.5297775,-99.0766220,,C2:A9:38:F2:B3:A6,7,-64,WPA2_PSK
2026-03-19 21:29:21,19.5297775,-99.0766220,OPPO Reno11 5G EB50,8E:F2:87:C4:AE:7C,11,-72,WPA2_PSK
2026-03-19 21:29:21,19.5297775,-99.0766220,Sala Exhibición 1,BC:9F:E4:5A:24:22,1,-74,WPA2_WPA3_PSK
2026-03-19 21:29:21,19.5297775,-99.0766220,INFINITUM9C7A,D8:9A:0D:49:B3:4C,6,-74,WPA2_PSK
2026-03-19 21:29:37,19.5299454,-99.0767441,Dirección ,BC:9F:E4:5A:24:24,1,-67,WPA2_WPA3_PSK
2026-03-19 21:29:37,19.5299454,-99.0767441,Sala Exhibición 1,BC:9F:E4:5A:24:22,1,-67,WPA2_WPA3_PSK
2026-03-19 21:29:37,19.5299454,-99.0767441,HUAWEI-2.4G-PQ5k,38:20:28:B0:8C:88,4,-68,WPA2_PSK
2026-03-19 21:29:37,19.5299454,-99.0767441,,38:20:28:B0:8C:8A,4,-68,WPA2_PSK
2026-03-19 21:29:37,19.5299454,-99.0767441,INFINITUM132E_2.4,0C:73:29:18:4D:C0,10,-69,WPA2_PSK
2026-03-19 21:29:37,19.5299454,-99.0767441,ST-00D20692CA,9C:12:21:69:3B:79,6,-73,OPEN
2026-03-19 21:29:37,19.5299454,-99.0767441,INFINITUM19B1,A0:31:DB:6A:EA:1C,1,-75,WPA2_PSK
2026-03-19 21:29:37,19.5299454,-99.0767441,DIRECT-D6-HP Smart Tank 580-590,00:04:EA:1A:34:69,6,-76,WPA2_PSK
2026-03-19 21:29:37,19.5299454,-99.0767441,INFINITUM63B1,6C:71:D2:59:27:F4,1,-79,WPA2_PSK
2026-03-19 21:29:37,19.5299454,-99.0767441,,D8:A4:91:97:1B:D9,1,-79,WPA2_PSK
2026-03-19 21:29:37,19.5299454,-99.0767441,ACVSUC,D8:A4:91:97:1B:D4,1,-80,WPA2_PSK
2026-03-19 21:29:37,19.5299454,-99.0767441,,E2:55:A8:16:4D:FF,1,-80,WPA2_PSK
2026-03-19 21:29:37,19.5299454,-99.0767441,,F2:55:A8:16:4D:FF,1,-80,UNKNOWN
2026-03-19 21:29:37,19.5299454,-99.0767441,,FA:55:A8:16:4D:FF,1,-80,UNKNOWN
2026-03-19 21:29:37,19.5299454,-99.0767441,CFE Internet,C0:E3:FB:8A:62:90,1,-81,OPEN
2026-03-19 21:29:37,19.5299454,-99.0767441,DIRECT-e1-HP M15 LaserJet,9E:7B:EF:82:E9:E1,6,-82,WPA2_PSK
2026-03-19 21:29:37,19.5299454,-99.0767441,INFINITUM68B1,A0:31:DB:6C:10:5C,11,-83,WPA2_PSK
2026-03-19 21:29:37,19.5299454,-99.0767441,Sala Exhibición 1,BC:9F:E4:61:7E:A2,6,-86,WPA2_WPA3_PSK
2026-03-19 21:29:37,19.5299454,-99.0767441,OPPO A58 B724,FA:00:54:D8:6A:74,11,-90,WPA2_WPA3_PSK
2026-03-19 21:29:53,19.5297050,-99.0777206,INFINITUM20FA,50:4E:DC:D6:5B:14,4,-74,WPA2_PSK
2026-03-19 21:29:53,19.5297050,-99.0777206,,AC:4F:65:B4:B4:D4,4,-77,OPEN
2026-03-19 21:29:53,19.5297050,-99.0777206,HHATXMX,94:F3:92:85:9E:51,11,-78,WPA2_PSK
2026-03-19 21:29:53,19.5297050,-99.0777206,Totalplay-74A4,A4:16:E7:E2:ED:68,2,-80,WPA2_PSK
2026-03-19 21:29:53,19.5297050,-99.0777206,Estudio.v,,FA:8F:CA:75:B0:5F,6,-81,OPEN
2026-03-19 21:29:53,19.5297050,-99.0777206,Ecatepec_Reg,80:80:2C:35:34:52,11,-82,WPA2_PSK
2026-03-19 21:29:53,19.5297050,-99.0777206,HHATXMX,80:80:2C:35:34:53,11,-82,WPA2_PSK
2026-03-19 21:29:53,19.5297050,-99.0777206,SETUP,E8:6F:38:5C:31:DF,11,-86,OPEN
2026-03-19 21:30:08,19.5287876,-99.0793839,myChevrolet _2950,CE:22:26:5A:57:E0,1,-73,WPA2_PSK
2026-03-19 21:30:08,19.5287876,-99.0793839,INFINITUMDB80,14:CA:56:6B:72:47,11,-74,WPA2_PSK
2026-03-19 21:30:08,19.5287876,-99.0793839,infinitum movil,00:18:0A:7B:67:EF,11,-75,OPEN
2026-03-19 21:30:08,19.5287876,-99.0793839,DIRECT-roku-LW2-D78D04,36:C5:DD:5E:4D:00,11,-77,WPA2_PSK
2026-03-19 21:30:08,19.5287876,-99.0793839,,EA:55:A8:16:50:33,1,-78,WPA2_PSK
2026-03-19 21:30:08,19.5287876,-99.0793839,,DA:55:A8:16:50:33,1,-78,WPA2_PSK
2026-03-19 21:30:08,19.5287876,-99.0793839,,DA:55:A8:92:39:91,1,-79,WPA2_PSK
2026-03-19 21:30:08,19.5287876,-99.0793839,[DOMINOS],E4:55:A8:92:39:91,1,-80,OPEN
2026-03-19 21:30:08,19.5287876,-99.0793839,INFINITUM401E,C8:4C:78:06:A3:16,11,-82,WPA2_PSK
2026-03-19 21:30:24,19.5277576,-99.0812531,OPPO Reno11 5G EB50,8E:F2:87:C4:AE:7C,11,-49,WPA2_PSK
2026-03-19 21:30:24,19.5277576,-99.0812531,Club_Totalplay_WiFi,10:08:1D:B0:38:51,1,-57,OPEN
2026-03-19 21:30:24,19.5277576,-99.0812531,hw_manage_0e80,A4:17:8B:E9:0E:8B,1,-58,OPEN
2026-03-19 21:30:24,19.5277576,-99.0812531,Totalplay-2.4G-3850,10:08:1D:B0:38:50,1,-58,WPA2_PSK
2026-03-19 21:30:24,19.5277576,-99.0812531,Megacable_2.4G_BA1F,FC:40:09:D3:BA:1F,5,-62,WPA_WPA2_PSK
2026-03-19 21:30:24,19.5277576,-99.0812531,Totalplay-2.4G-5640,10:08:1D:21:56:40,1,-65,WPA2_PSK
2026-03-19 21:30:24,19.5277576,-99.0812531,Club_Totalplay_WiFi,10:08:1D:21:56:41,1,-66,OPEN
2026-03-19 21:30:24,19.5277576,-99.0812531,Sala de estar.b,,FA:8F:CA:80:E2:BE,6,-78,OPEN
2026-03-19 21:30:24,19.5277576,-99.0812531,Oficinas,90:16:BA:46:11:F4,11,-85,WPA_WPA2_PSK
2026-03-19 21:30:40,19.5268040,-99.0829773,OPPO Reno11 5G EB50,8E:F2:87:C4:AE:7C,11,-59,WPA2_PSK
2026-03-19 21:30:40,19.5268040,-99.0829773,INFINITUM24B1,3C:93:F4:BE:CA:C4,11,-71,WPA2_PSK
2026-03-19 21:30:40,19.5268040,-99.0829773,,E0:CC:7A:07:2B:22,11,-75,WPA2_PSK
2026-03-19 21:30:40,19.5268040,-99.0829773,DIRECT-6E-HP Smart Tank 750,FA:ED:FC:A4:54:6E,2,-78,WPA2_PSK
2026-03-19 21:30:40,19.5268040,-99.0829773,,38:20:28:79:FA:4A,9,-78,WPA2_PSK
2026-03-19 21:30:40,19.5268040,-99.0829773,SMARTGMS,AC:84:C6:AC:2D:5D,6,-81,WPA2_PSK
2026-03-19 21:30:40,19.5268040,-99.0829773,INFINITUM17F5,E0:3D:A6:D2:6A:69,6,-82,WPA2_PSK
2026-03-19 21:30:40,19.5268040,-99.0829773,Club_Totalplay_WiFi,22:F1:7C:E3:34:F3,6,-82,OPEN
2026-03-19 21:30:40,19.5268040,-99.0829773,Gomasa_Work,5A:AF:97:2F:BC:B0,6,-87,WPA2_PSK
2026-03-19 21:30:56,19.5263729,-99.0837860,,38:20:28:79:FA:4A,9,-60,WPA2_PSK
2026-03-19 21:30:56,19.5263729,-99.0837860,SMARTGMS,AC:84:C6:AC:2D:5D,6,-67,WPA2_PSK
2026-03-19 21:30:56,19.5263729,-99.0837860,HUAWEI-2.4G-HRwp,38:20:28:79:FA:48,9,-67,WPA2_PSK
2026-03-19 21:30:56,19.5263729,-99.0837860,INTELLINET,80:1F:02:6C:C3:00,11,-68,WPA2_PSK
2026-03-19 21:30:56,19.5263729,-99.0837860,Club_Totalplay_WiFi,88:66:9F:9E:50:09,1,-73,OPEN
2026-03-19 21:30:56,19.5263729,-99.0837860,Checklist,5E:AF:97:2F:BC:B0,6,-77,WPA2_PSK
2026-03-19 21:30:56,19.5263729,-99.0837860,Gomasa_Work,5A:AF:97:2F:BC:B0,6,-78,WPA2_PSK
2026-03-19 21:30:56,19.5263729,-99.0837860,INFINITUMC957F0,A4:B1:E9:C9:57:F0,6,-78,WPA_WPA2_PSK
2026-03-19 21:31:12,19.5262852,-99.0839310,SMARTGMS,AC:84:C6:AC:2D:5D,6,-61,WPA2_PSK
2026-03-19 21:31:12,19.5262852,-99.0839310,,20:5E:0D:24:76:E4,10,-70,OPEN
2026-03-19 21:31:12,19.5262852,-99.0839310,Gomasa_Work,5A:AF:97:2F:BC:B0,6,-73,WPA2_PSK
2026-03-19 21:31:12,19.5262852,-99.0839310,Gomasa_Guest,54:AF:97:2F:BC:B0,6,-76,WPA_WPA2_PSK
2026-03-19 21:31:12,19.5262852,-99.0839310,INFINITUM0DA7,D0:B6:6F:B5:53:94,11,-76,WPA2_PSK
2026-03-19 21:31:12,19.5262852,-99.0839310,Checklist,5E:AF:97:2F:BC:B0,6,-77,WPA2_PSK
2026-03-19 21:31:12,19.5262852,-99.0839310,,38:20:28:79:FA:4A,9,-77,WPA2_PSK
2026-03-19 21:31:12,19.5262852,-99.0839310,INFINITUMC957F0,A4:B1:E9:C9:57:F0,6,-81,WPA_WPA2_PSK
2026-03-19 21:31:28,19.5256157,-99.0851288,,C4:A4:02:5A:6C:1A,4,-61,WPA2_PSK
2026-03-19 21:31:28,19.5256157,-99.0851288,TOTALPLAY_CAMACHO_2.4G,C4:A4:02:5A:6C:18,4,-63,WPA_WPA2_PSK
2026-03-19 21:31:28,19.5256157,-99.0851288,INFINITUM8CAF,A8:50:81:94:2E:20,1,-72,WPA2_PSK
2026-03-19 21:31:28,19.5256157,-99.0851288,WF1_e869087c7f2,E8:06:90:87:C7:F3,1,-73,WPA_WPA2_PSK
2026-03-19 21:31:28,19.5256157,-99.0851288,Samsung Fridge_E50AJTRA002W,BC:10:2F:88:6D:11,1,-74,WPA2_PSK
2026-03-19 21:31:28,19.5256157,-99.0851288,,C4:A4:02:59:F7:6E,2,-75,WPA2_PSK
2026-03-19 21:31:28,19.5256157,-99.0851288,SMARTGMS,AC:84:C6:AC:2D:5D,6,-77,WPA2_PSK
2026-03-19 21:31:28,19.5256157,-99.0851288,DIRECT-9a-HP M111 LaserJet,26:FB:E3:B5:7C:9A,9,-79,WPA2_PSK
2026-03-19 21:31:28,19.5256157,-99.0851288,IZZI-50AC,28:77:77:35:50:AC,3,-88,WPA2_PSK
2026-03-19 21:31:44,19.5253544,-99.0869522,WIFIBRG001300523f0aIPC088,2E:D8:DE:33:C8:3D,11,-87,WPA2_PSK
2026-03-19 21:32:00,19.5241394,-99.0890274,VETEALAVERGA,30:CC:21:F6:40:7E,5,-66,WPA2_PSK
2026-03-19 21:32:00,19.5241394,-99.0890274,Club_Totalplay_WiFi,10:08:1D:BC:BB:F9,1,-80,OPEN
2026-03-19 21:32:00,19.5241394,-99.0890274,,BE:D7:D4:D3:18:0E,11,-80,WPA2_PSK
2026-03-19 21:32:16,19.5222549,-99.0911713,luis Zepeda ,C2:A6:0C:71:69:CC,1,-55,WPA2_PSK
2026-03-19 21:32:16,19.5222549,-99.0911713,HIDROSX065,06:18:0A:03:61:E2,11,-83,WPA_PSK
2026-03-19 21:32:32,19.5208836,-99.0935669,INFINITUM8EA3_2.4,4C:F5:5B:50:EB:C4,6,-76,WPA2_PSK
2026-03-19 21:32:32,19.5208836,-99.0935669,luis Zepeda ,C2:A6:0C:71:69:CC,1,-79,WPA2_PSK
2026-03-19 21:32:32,19.5208836,-99.0935669,ST-00D2015865,4C:31:2D:71:18:B7,6,-79,OPEN
2026-03-19 21:32:32,19.5208836,-99.0935669,Megacable_2.4G_8E25,B0:8B:92:45:8E:25,11,-80,WPA_WPA2_PSK
2026-03-19 21:32:32,19.5208836,-99.0935669,myChevrolet 1291,5A:E4:03:DB:12:91,7,-84,WPA2_PSK
2026-03-19 21:32:32,19.5208836,-99.0935669,INFINITUM6033,56:B7:BD:C3:5A:25,10,-86,WPA2_PSK
2026-03-19 21:32:32,19.5208836,-99.0935669,INFINITUM4308,0C:73:29:83:3B:54,1,-88,WPA2_PSK
2026-03-19 21:32:32,19.5208836,-99.0935669,ubnt,FC:EC:DA:62:30:73,11,-89,OPEN
2026-03-19 21:32:32,19.5208836,-99.0935669,IZZI-C1E5,20:08:89:52:C1:E5,7,-92,WPA2_PSK
2026-03-19 21:32:32,19.5208836,-99.0935669,HD065T,0A:18:0A:03:61:E2,11,-93,WPA2_PSK
2026-03-19 21:32:48,19.5205956,-99.0963516,INFINITUME5B6,9C:BF:CD:50:DC:5C,1,-73,WPA2_PSK
2026-03-19 21:32:48,19.5205956,-99.0963516,AT335,20:97:27:3C:E9:9C,9,-76,WPA2_PSK
2026-03-19 21:32:48,19.5205956,-99.0963516,IZZI-1D88,5C:A4:F4:06:1D:88,5,-78,WPA2_PSK
2026-03-19 21:32:48,19.5205956,-99.0963516,INFINITUM9DAF,C4:5E:5C:E3:A6:3C,11,-79,WPA2_PSK
2026-03-19 21:32:48,19.5205956,-99.0963516,IZZI-5D08,D8:E8:44:C4:5D:08,5,-80,WPA2_PSK
2026-03-19 21:32:48,19.5205956,-99.0963516,ENDUMETALES-DIRECCION,14:CC:20:AE:06:48,6,-81,WPA_WPA2_PSK
2026-03-19 21:32:48,19.5205956,-99.0963516,Mega-2.4G-E2AF,A2:70:B7:E0:42:E8,9,-81,WPA2_WPA3_PSK
2026-03-19 21:32:48,19.5205956,-99.0963516,INFINITUM91AF,C4:5E:5C:E3:B6:70,11,-81,WPA2_PSK
2026-03-19 21:32:48,19.5205956,-99.0963516,IZZI-36E4,C0:B1:01:E0:36:E4,4,-82,WPA2_PSK
2026-03-19 21:32:48,19.5205956,-99.0963516,IZZI-C500,E4:60:4D:0D:C5:00,5,-82,WPA2_PSK
2026-03-19 21:32:48,19.5205956,-99.0963516,IZZI-1494,5C:A4:F4:F3:14:94,8,-82,WPA2_PSK
2026-03-19 21:32:48,19.5205956,-99.0963516,INFINITUM3849_2.4_G500Powen,60:32:B1:33:10:CF,11,-84,WPA_WPA2_PSK
2026-03-19 21:32:48,19.5205956,-99.0963516,INFINITUM6301,00:5F:67:6C:EA:CA,11,-84,WPA2_PSK
2026-03-19 21:32:48,19.5205956,-99.0963516,,DC:33:3D:16:7F:95,11,-84,WPA2_PSK
2026-03-19 21:32:48,19.5205956,-99.0963516,IZZI-36E6,28:77:77:3C:36:E6,8,-85,WPA2_PSK
2026-03-19 21:32:48,19.5205956,-99.0963516,Totalplay-2.4G-4AE0,E0:61:4A:DE:4A:E1,10,-85,WPA_WPA2_PSK
2026-03-19 21:32:48,19.5205956,-99.0963516,HUAWEI-FireFly,DC:33:3D:16:7F:90,11,-85,WPA2_PSK
2026-03-19 21:32:48,19.5205956,-99.0963516,INFINITUM9CB5,B0:A4:F0:5B:36:08,11,-87,WPA2_PSK
2026-03-19 21:33:04,19.5192986,-99.0981140,TRAKER,CE:22:26:63:CA:76,1,-76,WPA2_PSK
2026-03-19 21:33:04,19.5192986,-99.0981140,Club_Totalplay_WiFi,DA:0A:60:E9:3D:BF,1,-81,OPEN
2026-03-19 21:33:04,19.5192986,-99.0981140,myChevrolet 1291,5A:E4:03:DB:12:91,7,-81,WPA2_PSK
2026-03-19 21:33:04,19.5192986,-99.0981140,InstaladoraDASA_5G,50:4E:DC:80:31:D8,1,-83,WPA2_PSK
2026-03-19 21:33:04,19.5192986,-99.0981140,secsa,E8:48:B8:1E:BC:7C,6,-84,WPA_WPA2_PSK
2026-03-19 21:33:04,19.5192986,-99.0981140,IZZI-5F26,30:CC:21:F6:5F:26,6,-87,WPA2_PSK
2026-03-19 21:33:04,19.5192986,-99.0981140,IZZI-EA76,5C:A4:F4:CE:EA:76,7,-87,WPA2_PSK
2026-03-19 21:33:04,19.5192986,-99.0981140,POCO F7,5E:EE:F8:AC:50:4C,11,-90,WPA2_PSK
2026-03-19 21:33:20,19.5171356,-99.0998077,Mexicable-Wifi,BC:A9:93:3A:E9:71,11,-68,WPA2_PSK
2026-03-19 21:33:20,19.5171356,-99.0998077,Leitner-Pruebas,BC:A9:93:3A:E9:70,11,-69,WPA2_PSK
2026-03-19 21:33:20,19.5171356,-99.0998077,IZZI-266F,D0:F9:9B:5D:26:6F,8,-77,WPA2_PSK
2026-03-19 21:33:20,19.5171356,-99.0998077,Hotel las vegas,40:0E:F3:B7:BC:8F,6,-78,WPA2_PSK
2026-03-19 21:33:20,19.5171356,-99.0998077,-5G,20:08:89:53:4B:DF,5,-79,WPA2_PSK
2026-03-19 21:33:20,19.5171356,-99.0998077,IZZI-1494,5C:A4:F4:F3:14:94,8,-79,WPA2_PSK
2026-03-19 21:33:20,19.5171356,-99.0998077,,F8:79:28:65:04:E4,10,-79,WPA2_WPA3_PSK
2026-03-19 21:33:20,19.5171356,-99.0998077,IZZI-24D3,B0:92:4A:42:24:D8,1,-80,WPA2_PSK
2026-03-19 21:33:20,19.5171356,-99.0998077,Club_Totalplay_WiFi,86:93:B2:3D:37:3D,6,-80,OPEN
2026-03-19 21:33:20,19.5171356,-99.0998077,IZZI-5674,30:CC:21:F0:56:74,9,-80,WPA2_PSK
2026-03-19 21:33:20,19.5171356,-99.0998077,INFINITUM4E9F,F4:E8:4F:0A:FF:74,11,-80,WPA2_PSK
2026-03-19 21:33:20,19.5171356,-99.0998077,,B2:92:4A:42:25:DA,1,-81,UNKNOWN
2026-03-19 21:33:20,19.5171356,-99.0998077,V12996,68:72:51:76:26:19,1,-81,WPA2_PSK
2026-03-19 21:33:20,19.5171356,-99.0998077,IZZI-76DC,98:00:6A:51:76:DC,5,-81,WPA2_PSK
2026-03-19 21:33:20,19.5171356,-99.0998077,INFINITUM4EA2,F4:E8:4F:0A:FF:86,11,-81,WPA2_PSK
2026-03-19 21:33:36,19.5150776,-99.1012650,IZZI-A6F8,30:CC:21:F4:A6:F8,3,-69,WPA2_PSK
2026-03-19 21:33:36,19.5150776,-99.1012650,La casa de los abuelos,D8:32:14:13:84:62,7,-76,WPA2_PSK
2026-03-19 21:33:36,19.5150776,-99.1012650,IZZI-1494,5C:A4:F4:F3:14:94,8,-77,WPA2_PSK
2026-03-19 21:33:36,19.5150776,-99.1012650,Totalplay-2.4G-86c8,10:08:1D:C2:86:C8,1,-78,WPA2_PSK
2026-03-19 21:33:36,19.5150776,-99.1012650,Club_Totalplay_WiFi,10:08:1D:C2:86:C9,1,-78,OPEN
2026-03-19 21:33:36,19.5150776,-99.1012650,CHAVEZ1,2C:0B:AB:89:71:10,7,-78,WPA2_PSK
2026-03-19 21:33:36,19.5150776,-99.1012650,,D8:32:14:13:84:60,7,-78,WPA2_PSK
2026-03-19 21:33:36,19.5150776,-99.1012650,Totalplay-2.4G-5220,6C:49:A6:DC:52:21,1,-80,WPA_WPA2_PSK
2026-03-19 21:33:36,19.5150776,-99.1012650,IZZI-5F26,30:CC:21:F6:5F:26,6,-80,WPA2_PSK
2026-03-19 21:33:36,19.5150776,-99.1012650,INFINITUM22AE,A0:70:B7:01:6E:30,11,-80,WPA2_PSK
2026-03-19 21:33:36,19.5150776,-99.1012650,Totalplay-2.4G-0CD0,6C:49:A6:F7:0C:D1,11,-81,WPA_WPA2_PSK
2026-03-19 21:33:36,19.5150776,-99.1012650,Totalplay-38B4_EXT,04:95:E6:37:25:06,1,-82,WPA2_PSK
2026-03-19 21:33:36,19.5150776,-99.1012650,IZZI-4F9A,D4:B7:09:F7:4F:9A,8,-82,WPA2_PSK
2026-03-19 21:33:36,19.5150776,-99.1012650,,8A:D8:1B:0C:66:16,9,-82,WPA2_PSK
2026-03-19 21:33:36,19.5150776,-99.1012650,Mega_2.4G_15D3,D4:61:95:C6:15:D3,9,-83,WPA_WPA2_PSK
2026-03-19 21:33:36,19.5150776,-99.1012650,HUAWEI-FireFly,DC:33:3D:16:7F:90,11,-85,WPA2_PSK
2026-03-19 21:33:52,19.5125389,-99.1027832,Terminales,50:0F:F5:9D:C4:34,4,-61,WPA2_PSK
2026-03-19 21:33:52,19.5125389,-99.1027832,ARCO45PANTALLA0140002740,0C:8C:24:DB:A2:3A,6,-75,WPA_WPA2_PSK
2026-03-19 21:33:52,19.5125389,-99.1027832,Totalplay-B755,68:9E:29:4F:8D:0A,6,-78,WPA2_PSK
2026-03-19 21:33:52,19.5125389,-99.1027832,,AC:4F:65:97:3C:14,2,-79,OPEN
2026-03-19 21:33:52,19.5125389,-99.1027832,Totalplay-2.4G-6e28,64:9D:F3:11:6E:28,6,-79,WPA2_PSK
2026-03-19 21:33:52,19.5125389,-99.1027832,,FA:F5:32:24:49:31,1,-80,UNKNOWN
2026-03-19 21:33:52,19.5125389,-99.1027832,INFINITUM1CAC,E0:0C:E5:6F:5A:A0,1,-80,WPA2_PSK
2026-03-19 21:33:52,19.5125389,-99.1027832,Totalplay-2.4G-CA40,AC:4F:65:96:CA:41,2,-80,WPA_WPA2_PSK
2026-03-19 21:33:52,19.5125389,-99.1027832,Club_Totalplay_WiFi,30:FB:B8:DF:D7:A7,7,-80,OPEN
2026-03-19 21:33:52,19.5125389,-99.1027832,Leitner-Pruebas,BC:A9:93:3A:C9:F0,6,-81,WPA2_PSK
2026-03-19 21:33:52,19.5125389,-99.1027832,Totalplay-2.4G-0CD0,6C:49:A6:F7:0C:D1,11,-81,WPA_WPA2_PSK
2026-03-19 21:33:52,19.5125389,-99.1027832,,30:68:93:FE:43:36,8,-82,WPA_WPA2_PSK
2026-03-19 21:33:52,19.5125389,-99.1027832,Totalplay-48B5,B2:A4:F0:4A:D4:E0,11,-82,WPA2_PSK
2026-03-19 21:33:52,19.5125389,-99.1027832,Club_Totalplay_WiFi,C2:94:AD:B9:68:00,11,-82,OPEN
2026-03-19 21:33:52,19.5125389,-99.1027832,,06:75:F9:CC:CB:0D,3,-83,WPA2_PSK
2026-03-19 21:33:52,19.5125389,-99.1027832,Megacable_2.4G_1108,34:24:3E:22:11:08,7,-83,WPA_WPA2_PSK
2026-03-19 21:33:52,19.5125389,-99.1027832,A16 de Miguel Ángel,4A:18:00:7D:98:78,8,-83,WPA2_PSK
2026-03-19 21:33:52,19.5125389,-99.1027832,Megacable_2.4G_3FB3,14:09:B4:D5:3F:B3,10,-83,WPA_WPA2_PSK
2026-03-19 21:33:52,19.5125389,-99.1027832,IZZI-2DCC,10:A7:93:D7:2D:D0,1,-84,WPA2_PSK
2026-03-19 21:33:52,19.5125389,-99.1027832,,30:FB:B8:DF:D7:A6,7,-84,WPA2_PSK
2026-03-19 21:33:52,19.5125389,-99.1027832,,B2:A4:F0:4A:D4:E2,11,-84,WPA2_PSK
2026-03-19 21:33:52,19.5125389,-99.1027832,,B2:92:4A:42:25:DA,1,-85,UNKNOWN
2026-03-19 21:33:52,19.5125389,-99.1027832,,72:4F:B8:20:11:57,6,-85,UNKNOWN
2026-03-19 21:33:52,19.5125389,-99.1027832,SETUP,00:80:92:C9:97:1C,11,-85,OPEN
2026-03-19 21:33:52,19.5125389,-99.1027832,AndroidAP_1992,02:08:22:4E:93:FB,13,-85,WPA2_PSK
2026-03-19 21:33:52,19.5125389,-99.1027832,Megacable_2.4G_9178,8C:86:DD:BD:DF:D5,9,-86,WPA2_PSK
2026-03-19 21:34:08,19.5107727,-99.1049423,,52:02:38:C9:51:89,1,-68,WPA2_PSK
2026-03-19 21:34:08,19.5107727,-99.1049423,Megacable-5180,50:02:38:D9:51:89,1,-70,WPA2_PSK
2026-03-19 21:34:08,19.5107727,-99.1049423,INFINITUM16A4_2.4,28:11:EC:C9:FF:0C,1,-73,WPA2_PSK
2026-03-19 21:34:08,19.5107727,-99.1049423,IZZI-31C4,D8:E8:44:C4:31:C4,4,-73,WPA2_PSK
2026-03-19 21:34:08,19.5107727,-99.1049423,TENDA3P04122021,E8:65:D4:5F:46:C1,6,-74,WPA_WPA2_PSK
2026-03-19 21:34:08,19.5107727,-99.1049423,IZZI-BE08,C0:B1:01:DF:BE:08,8,-75,WPA2_PSK
2026-03-19 21:34:08,19.5107727,-99.1049423,Tavomichelin1990,5C:A4:F4:03:F3:D8,8,-76,WPA2_PSK
2026-03-19 21:34:08,19.5107727,-99.1049423,IZZI-8288,74:26:FF:FB:82:88,7,-77,WPA2_PSK
2026-03-19 21:34:08,19.5107727,-99.1049423,Megacable_2.4G_0D95,E8:6E:44:53:0D:95,8,-78,WPA_WPA2_PSK
2026-03-19 21:34:08,19.5107727,-99.1049423,Mega_2.4G_A992,9C:63:5B:7E:A9:92,9,-78,WPA2_PSK
2026-03-19 21:34:08,19.5107727,-99.1049423,INFINITUM057F_2.4_Wi-Fi5,D8:A4:91:FB:DC:55,6,-79,WPA2_PSK
2026-03-19 21:34:08,19.5107727,-99.1049423,Mega_2.4G_3EE1,84:3C:99:B8:3E:E1,8,-80,WPA_WPA2_PSK
2026-03-19 21:34:08,19.5107727,-99.1049423,Club_Totalplay_WiFi,A4:BD:C4:12:37:FF,8,-80,OPEN
2026-03-19 21:34:08,19.5107727,-99.1049423,INFINITUM00AE_2.4,80:3F:5D:A1:7A:E3,1,-81,WPA2_PSK
2026-03-19 21:34:08,19.5107727,-99.1049423,Megacable_2.4G_F63A,34:24:3E:22:F6:3A,2,-81,WPA_WPA2_PSK
2026-03-19 21:34:08,19.5107727,-99.1049423,OmarPA_Guest,9E:A2:F4:4B:33:AE,4,-81,WPA2_PSK
2026-03-19 21:34:08,19.5107727,-99.1049423,IZZI-24D3,B0:92:4A:42:24:D8,1,-82,WPA2_PSK
2026-03-19 21:34:08,19.5107727,-99.1049423,,B2:92:4A:42:25:DA,1,-82,UNKNOWN
2026-03-19 21:34:08,19.5107727,-99.1049423,Club_Totalplay_WiFi,6E:67:EF:55:6A:53,8,-82,OPEN
2026-03-19 21:34:08,19.5107727,-99.1049423,IZZI-3277,48:96:D9:ED:32:77,10,-82,WPA2_PSK
2026-03-19 21:34:08,19.5107727,-99.1049423,TP-LINK_AP_B718,28:EE:52:B7:B7:18,3,-83,WPA2_PSK
2026-03-19 21:34:08,19.5107727,-99.1049423,INFINITUM36B6,DC:8D:B7:C9:A9:B0,3,-83,WPA2_PSK
2026-03-19 21:34:08,19.5107727,-99.1049423,DIRECT-roku-5MC-28A00F,EA:01:C7:A7:40:DB,9,-83,WPA2_PSK
2026-03-19 21:34:08,19.5107727,-99.1049423,Mega_2.4G_61D2,F8:79:28:65:61:D2,11,-84,WPA2_PSK
2026-03-19 21:34:08,19.5107727,-99.1049423,Megacable_2.4G_F770,34:36:54:99:F7:70,11,-84,WPA_WPA2_PSK
2026-03-19 21:34:08,19.5107727,-99.1049423,,FA:F5:32:24:49:31,1,-86,UNKNOWN
2026-03-19 21:34:08,19.5107727,-99.1049423,IZZI-2B71,24:E4:CE:99:2B:76,1,-87,WPA2_PSK
2026-03-19 21:34:08,19.5107727,-99.1049423,MYCAR9389,94:09:C9:BC:4E:0C,13,-88,WPA2_PSK
2026-03-19 21:34:08,19.5107727,-99.1049423,NVRa486dbcf7975,A4:86:DB:CF:79:75,14,-94,WPA2_PSK
2026-03-19 21:34:24,19.5091801,-99.1069870,,80:8D:B7:AC:50:62,11,-66,WPA2_PSK
2026-03-19 21:34:24,19.5091801,-99.1069870,IZZI-FFCB,DC:92:72:24:FF:D0,1,-67,WPA2_PSK
2026-03-19 21:34:24,19.5091801,-99.1069870,OBARAT,02:31:E3:79:E9:94,6,-67,WPA2_PSK
2026-03-19 21:34:24,19.5091801,-99.1069870,,DE:92:72:24:00:D2,1,-68,UNKNOWN
2026-03-19 21:34:24,19.5091801,-99.1069870,CDMX-Internet para Todos,80:8D:B7:AC:50:63,11,-68,OPEN
2026-03-19 21:34:24,19.5091801,-99.1069870,OPPO Find X8 Pro A7EA,7E:A6:1F:99:A5:5B,1,-71,WPA2_WPA3_PSK
2026-03-19 21:34:24,19.5091801,-99.1069870,Megacable_2.4G_49D8,34:24:3E:22:49:D8,9,-76,WPA_WPA2_PSK
2026-03-19 21:34:24,19.5091801,-99.1069870,Mega_2.4G_BD20,58:D3:12:94:BD:20,8,-77,WPA_WPA2_PSK
2026-03-19 21:34:24,19.5091801,-99.1069870,Totalplay-f268,10:08:1D:29:F2:68,1,-79,WPA2_PSK
2026-03-19 21:34:24,19.5091801,-99.1069870,Megacable_2.4G_BACA,34:24:3E:22:BA:CA,2,-79,WPA_WPA2_PSK
2026-03-19 21:34:24,19.5091801,-99.1069870,IZZI-EB60,5C:A4:F4:02:EB:60,10,-79,WPA2_PSK
2026-03-19 21:34:24,19.5091801,-99.1069870,,B0:CC:FE:2D:34:B1,11,-79,WPA2_PSK
2026-03-19 21:34:24,19.5091801,-99.1069870,OmarPA_Guest,9E:A2:F4:4B:33:AE,4,-80,WPA2_PSK
2026-03-19 21:34:24,19.5091801,-99.1069870,Mega_2.4G_D512,64:6E:60:B5:D5:12,7,-80,WPA2_PSK
2026-03-19 21:34:24,19.5091801,-99.1069870,,9C:A2:F4:7B:33:AE,4,-81,WPA2_PSK
2026-03-19 21:34:24,19.5091801,-99.1069870,HUAWEI-YzK8,48:BD:4A:E8:5A:7C,9,-81,WPA2_PSK
2026-03-19 21:34:24,19.5091801,-99.1069870,,56:9F:06:4F:FE:59,1,-82,WPA2_PSK
2026-03-19 21:34:24,19.5091801,-99.1069870,Mega_2.4G_61A4,48:96:D9:82:61:A4,9,-83,WPA_WPA2_PSK
2026-03-19 21:34:24,19.5091801,-99.1069870,IZZI-428E,DC:92:72:0E:42:93,11,-83,WPA2_PSK
2026-03-19 21:34:24,19.5091801,-99.1069870,IZZI-0C97,DC:92:72:25:0C:9C,11,-83,WPA2_PSK
2026-03-19 21:34:24,19.5091801,-99.1069870,INFINITUMC18D,E8:43:68:33:2C:84,11,-83,WPA2_PSK
2026-03-19 21:34:24,19.5091801,-99.1069870,TENDA3P04122021,E8:65:D4:5F:46:C9,1,-84,WPA_WPA2_PSK
2026-03-19 21:34:24,19.5091801,-99.1069870,IZZI-327A,24:E4:CE:C3:32:7F,1,-84,WPA2_PSK
2026-03-19 21:34:24,19.5091801,-99.1069870,Megacable_2.4G_0E82,C0:B1:01:C3:0E:82,5,-84,WPA_WPA2_PSK
2026-03-19 21:34:24,19.5091801,-99.1069870,IZZI-EA77,48:96:D9:EC:EA:77,3,-85,WPA2_PSK
2026-03-19 21:34:24,19.5091801,-99.1069870,Totalplay-2.4G-D2B0,AC:4F:65:8D:D2:B1,2,-89,WPA_WPA2_PSK
2026-03-19 21:34:40,19.5068741,-99.1085510,Megacable_2.4G_BACA,34:24:3E:22:BA:CA,2,-88,WPA_WPA2_PSK
2026-03-19 21:34:40,19.5068741,-99.1085510,,DE:92:72:25:0D:9E,11,-94,UNKNOWN
2026-03-19 21:34:56,19.5053921,-99.1111450,AndroidAP_7082,02:08:22:A2:94:FB,1,-84,WPA2_PSK
2026-03-19 21:34:56,19.5053921,-99.1111450,HT_AP0,54:D0:B4:2B:3F:92,1,-84,OPEN
2026-03-19 21:34:56,19.5053921,-99.1111450,,56:9F:06:CF:4E:69,1,-85,WPA2_PSK
2026-03-19 21:34:56,19.5053921,-99.1111450,IZZI-CCF1,24:E4:CE:B3:CC:F6,11,-87,WPA2_PSK
2026-03-19 21:34:56,19.5053921,-99.1111450,Casa Blanca,04:95:E6:6E:29:02,3,-89,WPA2_PSK
2026-03-19 21:34:56,19.5053921,-99.1111450,VanCityModem,FC:DB:21:50:2A:44,6,-89,WPA2_PSK
2026-03-19 21:34:56,19.5053921,-99.1111450,Megacable_2.4G_A3DA,D8:4A:2B:2B:A3:DA,9,-91,WPA_WPA2_PSK
2026-03-19 21:34:56,19.5053921,-99.1111450,DAP-7301CAKPSFCBBE3,1C:4D:89:0E:C5:64,9,-92,WPA2_PSK
2026-03-19 21:35:12,19.5041771,-99.1135101,VanCityModem,FC:DB:21:50:2A:44,6,-78,WPA2_PSK
2026-03-19 21:35:12,19.5041771,-99.1135101,DAP-7301CAKPSF15DEA,1C:4D:89:0E:C5:83,9,-83,WPA2_PSK
2026-03-19 21:35:12,19.5041771,-99.1135101,IZZI-128D,F8:F5:32:A0:22:B7,11,-83,WPA2_PSK
2026-03-19 21:35:12,19.5041771,-99.1135101,IZZI-855F,18:9C:27:71:AE:D1,1,-84,WPA2_PSK
2026-03-19 21:35:12,19.5041771,-99.1135101,Mega_2.4G_400C,48:96:D9:7B:40:0C,3,-84,WPA_WPA2_PSK
2026-03-19 21:35:12,19.5041771,-99.1135101,DAP-A1379AEPSF8F4F9,A8:31:62:80:0C:64,9,-84,WPA2_PSK
2026-03-19 21:35:12,19.5041771,-99.1135101,DAP-7301CAKPSFCBBE3,1C:4D:89:0E:C5:64,9,-85,WPA2_PSK
2026-03-19 21:35:12,19.5041771,-99.1135101,VDR浙A74154,98:03:CF:94:7A:8D,1,-87,OPEN
2026-03-19 21:35:12,19.5041771,-99.1135101,Personal Net,48:EE:0C:42:F9:3E,11,-87,WPA_WPA2_PSK
2026-03-19 21:35:12,19.5041771,-99.1135101,INFINITUM54A2_2.4,30:FD:65:D0:63:38,8,-89,WPA2_PSK
2026-03-19 21:35:28,19.5030708,-99.1156998,ZTE Blade A52 pao,86:2B:4B:00:59:A4,10,-66,WPA2_WPA3_PSK
2026-03-19 21:35:28,19.5030708,-99.1156998,UIN_Blended_Dual,00:1A:DD:37:D7:02,6,-81,WPA2_PSK
2026-03-19 21:35:28,19.5030708,-99.1156998,IZZI-001E,EC:A9:40:87:8E:21,1,-83,WPA2_PSK
2026-03-19 21:35:28,19.5030708,-99.1156998,VanCityModem,FC:DB:21:50:2A:44,6,-86,WPA2_PSK
2026-03-19 21:35:28,19.5030708,-99.1156998,DAP-A1379AEPSF8F4F9,A8:31:62:80:0C:64,9,-86,WPA2_PSK
2026-03-19 21:35:28,19.5030708,-99.1156998,Universidad Insurgentes,00:1A:DD:37:EB:41,6,-89,WPA_WPA2_PSK
2026-03-19 21:35:28,19.5030708,-99.1156998,IZZI-281B,B0:92:4A:42:28:20,6,-89,WPA2_PSK
2026-03-19 21:35:28,19.5030708,-99.1156998,DAP-7301CAKPSF15DEA,1C:4D:89:0E:C5:83,9,-92,WPA2_PSK
2026-03-19 21:35:44,19.5022297,-99.1172638,CDMX-Internet para Todos,00:4E:35:04:64:63,6,-67,OPEN
2026-03-19 21:35:44,19.5022297,-99.1172638,862798052855885,C4:A8:28:40:E6:F5,1,-71,WPA2_PSK
2026-03-19 21:35:44,19.5022297,-99.1172638,UIN_Blended_Dual,00:1A:DD:37:D7:02,6,-72,WPA2_PSK
2026-03-19 21:35:44,19.5022297,-99.1172638,,00:4E:35:04:64:62,6,-72,WPA2_PSK
2026-03-19 21:35:44,19.5022297,-99.1172638,AP00000621,8E:1F:6B:18:9E:69,11,-72,WPA2_PSK
2026-03-19 21:35:44,19.5022297,-99.1172638,Totalplay-FCA4_2.4Gnormal,90:17:3F:63:61:8C,2,-73,WPA2_PSK
2026-03-19 21:35:44,19.5022297,-99.1172638,Access Q6,C0:5B:12:2C:3C:CB,5,-73,WPA2_PSK
2026-03-19 21:35:44,19.5022297,-99.1172638,Universidad Insurgentes,00:1A:DD:37:D7:01,6,-74,WPA_WPA2_PSK
2026-03-19 21:35:44,19.5022297,-99.1172638,TOTALPLAY_EB52E6,44:D4:53:EB:52:E6,11,-74,WPA_WPA2_PSK
2026-03-19 21:35:44,19.5022297,-99.1172638,CFE-Internet para Todos-CDMX,74:E9:BF:F8:8A:20,6,-78,OPEN
2026-03-19 21:35:44,19.5022297,-99.1172638,INFINITUMF6B2,48:12:8F:7D:9D:74,1,-80,WPA2_PSK
2026-03-19 21:35:44,19.5022297,-99.1172638,Redmi Note 14 Pro,3E:9F:31:75:45:6D,9,-82,WPA2_PSK
2026-03-19 21:35:44,19.5022297,-99.1172638,INFINITUM3FBE,18:4A:6F:63:82:70,10,-83,WPA2_PSK
2026-03-19 21:35:44,19.5022297,-99.1172638,KINGKONG X,12:77:B4:88:19:5E,13,-83,WPA2_WPA3_PSK
2026-03-19 21:35:44,19.5022297,-99.1172638,INFINITUMF8B5,EC:55:1C:69:98:34,11,-86,WPA2_PSK
2026-03-19 21:35:44,19.5022297,-99.1172638,RMB,60:22:32:FC:BE:95,1,-90,WPA2_PSK
2026-03-19 21:36:00,19.5019855,-99.1183929,MC4522,34:0A:9A:22:21:DB,7,-72,WPA_WPA2_PSK
2026-03-19 21:36:00,19.5019855,-99.1183929,INFINITUM4678,DC:8D:B7:6A:A5:D0,5,-74,WPA2_PSK
2026-03-19 21:36:00,19.5019855,-99.1183929,DIRECT-B9-HP M404dw LJ,16:CB:19:96:8A:B9,6,-74,WPA2_PSK
2026-03-19 21:36:00,19.5019855,-99.1183929,Wifi-DuoPharma,98:DA:C4:69:4A:95,5,-75,WPA_WPA2_PSK
2026-03-19 21:36:00,19.5019855,-99.1183929,Ateli,20:DF:73:2E:EA:D4,8,-76,WPA2_PSK
2026-03-19 21:36:00,19.5019855,-99.1183929,Club_Totalplay_WiFi,6C:D8:19:E2:C5:E1,1,-78,OPEN
2026-03-19 21:36:00,19.5019855,-99.1183929,IZZI-4F84,10:A7:93:D3:4F:88,1,-78,WPA2_PSK
2026-03-19 21:36:00,19.5019855,-99.1183929,INFINITUM37B5,EC:55:1C:39:02:28,6,-78,WPA2_PSK
2026-03-19 21:36:00,19.5019855,-99.1183929,FUNNYPETs5,9C:BF:CD:4F:3E:98,11,-78,WPA2_PSK
2026-03-19 21:36:00,19.5019855,-99.1183929,Totalplay-1EB5,BA:5D:C3:0E:67:C4,11,-80,WPA2_PSK
2026-03-19 21:36:00,19.5019855,-99.1183929,,BA:5D:C3:0E:67:C6,11,-81,WPA2_PSK
2026-03-19 21:36:00,19.5019855,-99.1183929,Club_Totalplay_WiFi,BA:5D:C3:0E:67:C7,11,-81,OPEN
2026-03-19 21:36:00,19.5019855,-99.1183929,Totalplay-2.4G-c5e0,6C:D8:19:E2:C5:E0,1,-83,WPA2_PSK
2026-03-19 21:36:00,19.5019855,-99.1183929,DIRECT-9A-HP DeskJet 2600 series,C8:D9:D2:4A:35:9B,6,-83,WPA2_PSK
2026-03-19 21:36:00,19.5019855,-99.1183929,IZZI-3498,94:8F:CF:87:95:9B,6,-83,WPA2_PSK
2026-03-19 21:36:00,19.5019855,-99.1183929,,96:8F:CF:A7:95:9B,6,-83,UNKNOWN
2026-03-19 21:36:00,19.5019855,-99.1183929,,28:DE:E5:8B:22:82,7,-85,WPA2_PSK
2026-03-19 21:36:00,19.5019855,-99.1183929,IZZI-5E64,F8:D2:AC:0D:5E:68,11,-85,WPA2_PSK
2026-03-19 21:36:00,19.5019855,-99.1183929,,2A:6F:B9:C9:41:E9,1,-87,WPA2_PSK
2026-03-19 21:36:00,19.5019855,-99.1183929,Parzival,E4:38:83:EC:C9:E2,11,-87,WPA2_PSK
2026-03-19 21:36:00,19.5019855,-99.1183929,,7C:F1:7E:23:82:EE,5,-88,WPA2_PSK
2026-03-19 21:36:16,19.5022488,-99.1198502,CDMX-Internet para Todos,1C:61:B4:2D:D8:9A,11,-64,OPEN
2026-03-19 21:36:16,19.5022488,-99.1198502,IZZI-003C,B8:5E:71:80:00:40,1,-67,WPA2_PSK
2026-03-19 21:36:16,19.5022488,-99.1198502,CDMX-Internet para Todos,90:4C:81:CA:62:C3,1,-67,OPEN
2026-03-19 21:36:16,19.5022488,-99.1198502,Totalplay-27A2,6C:EB:B6:BC:10:48,3,-67,WPA2_PSK
2026-03-19 21:36:16,19.5022488,-99.1198502,Club_Totalplay_WiFi,6C:EB:B6:BC:10:4B,3,-68,OPEN
2026-03-19 21:36:16,19.5022488,-99.1198502,Club_Totalplay_WiFi,BA:DD:71:B2:D3:D6,5,-68,OPEN
2026-03-19 21:36:16,19.5022488,-99.1198502,,90:4C:81:CA:62:C2,1,-69,WPA2_PSK
2026-03-19 21:36:16,19.5022488,-99.1198502,Totalplay-2.4G-c5e0,6C:D8:19:E2:C5:E0,1,-69,WPA2_PSK
2026-03-19 21:36:16,19.5022488,-99.1198502,IZZI-4F84,10:A7:93:D3:4F:88,1,-70,WPA2_PSK
2026-03-19 21:36:16,19.5022488,-99.1198502,Totalplay-1EB5,BA:5D:C3:0E:67:C4,11,-70,WPA2_PSK
2026-03-19 21:36:16,19.5022488,-99.1198502,,BA:5D:C3:0E:67:C6,11,-70,WPA2_PSK
2026-03-19 21:36:16,19.5022488,-99.1198502,Club_Totalplay_WiFi,BA:5D:C3:0E:67:C7,11,-70,OPEN
2026-03-19 21:36:16,19.5022488,-99.1198502,Club_Totalplay_WiFi,6C:D8:19:E2:C5:E1,1,-71,OPEN
2026-03-19 21:36:16,19.5022488,-99.1198502,IZZI-16C4,10:A7:93:BD:16:C8,11,-72,WPA2_PSK
2026-03-19 21:36:16,19.5022488,-99.1198502,IZZI-5E64,F8:D2:AC:0D:5E:68,11,-72,WPA2_PSK
2026-03-19 21:36:16,19.5022488,-99.1198502,,96:8F:CF:A7:95:9B,6,-73,UNKNOWN
2026-03-19 21:36:16,19.5022488,-99.1198502,,3A:60:F9:FA:CA:0A,11,-73,WPA2_PSK
2026-03-19 21:36:16,19.5022488,-99.1198502,,7C:F1:7E:23:C0:E6,5,-74,WPA2_PSK
2026-03-19 21:36:16,19.5022488,-99.1198502,IZZI-94BE,DC:92:72:0F:94:C3,11,-74,WPA2_PSK
2026-03-19 21:36:16,19.5022488,-99.1198502,,7C:F1:7E:23:82:EE,5,-75,WPA2_PSK
2026-03-19 21:36:16,19.5022488,-99.1198502,Club_Totalplay_WiFi,68:E2:09:08:81:8F,8,-75,OPEN
2026-03-19 21:36:16,19.5022488,-99.1198502,,68:E2:09:08:81:8E,8,-75,WPA2_PSK
2026-03-19 21:36:16,19.5022488,-99.1198502,Mega_2.4G_A976,48:96:D9:22:A9:76,4,-76,WPA_WPA2_PSK
2026-03-19 21:36:16,19.5022488,-99.1198502,,CA:52:61:A5:C2:62,6,-76,UNKNOWN
2026-03-19 21:36:16,19.5022488,-99.1198502,,FA:F5:32:21:A0:B8,1,-77,UNKNOWN
2026-03-19 21:36:16,19.5022488,-99.1198502,INFINITUM139C_2.4,10:27:F5:DB:E6:8B,3,-77,WPA2_PSK
2026-03-19 21:36:16,19.5022488,-99.1198502,MHTP5G301_2.4Gnormal,6C:EB:B6:28:95:EC,1,-79,WPA2_PSK
2026-03-19 21:36:16,19.5022488,-99.1198502,,E6:38:83:9C:CD:36,6,-80,WPA2_PSK
2026-03-19 21:36:16,19.5022488,-99.1198502,IZZI-2DE2,88:71:B1:07:1C:5A,6,-81,WPA2_PSK
2026-03-19 21:36:16,19.5022488,-99.1198502,,C4:A4:02:47:8E:26,2,-82,WPA2_PSK
2026-03-19 21:36:16,19.5022488,-99.1198502,,A4:6D:A4:32:2D:BE,8,-82,WPA_WPA2_PSK
2026-03-19 21:36:32,19.5023861,-99.1204453,CDMX-Internet para Todos,90:4C:81:CA:62:C3,1,-59,OPEN
2026-03-19 21:36:32,19.5023861,-99.1204453,,90:4C:81:CA:62:C2,1,-60,WPA2_PSK
2026-03-19 21:36:32,19.5023861,-99.1204453,IZZI-4BC5,CC:75:E2:3A:FC:06,6,-66,WPA2_PSK
2026-03-19 21:36:32,19.5023861,-99.1204453,,EE:A9:40:A6:5A:EE,1,-67,UNKNOWN
2026-03-19 21:36:32,19.5023861,-99.1204453,INFINITUMA2B6,7C:13:1D:80:DD:A4,6,-67,WPA2_PSK
2026-03-19 21:36:32,19.5023861,-99.1204453,IZZI-1ABA,24:E4:CE:3E:1A:BF,6,-69,WPA2_PSK
2026-03-19 21:36:32,19.5023861,-99.1204453,CFE-Internet para Todos-CDMX,C4:FB:AA:71:6A:20,11,-69,OPEN
2026-03-19 21:36:32,19.5023861,-99.1204453,Club_Totalplay_WiFi,6C:EB:B6:BC:10:4B,3,-71,OPEN
2026-03-19 21:36:32,19.5023861,-99.1204453,,7C:F1:7E:23:C0:E6,5,-71,WPA2_PSK
2026-03-19 21:36:32,19.5023861,-99.1204453,IZZI-4AAD,EC:A9:40:86:5A:EE,1,-72,WPA2_PSK
2026-03-19 21:36:32,19.5023861,-99.1204453,Xiaomi_F8AA,50:88:11:C2:E9:FF,6,-72,WPA2_PSK
2026-03-19 21:36:32,19.5023861,-99.1204453,Chics302_2.4Gnormal,A4:6D:A4:32:2D:BC,8,-73,WPA_WPA2_PSK
2026-03-19 21:36:32,19.5023861,-99.1204453,,A4:6D:A4:32:2D:BE,8,-73,WPA_WPA2_PSK
2026-03-19 21:36:32,19.5023861,-99.1204453,,28:68:D2:25:B3:73,9,-73,OPEN
2026-03-19 21:36:32,19.5023861,-99.1204453,Totalplay-1BA6,28:68:D2:25:B3:70,9,-74,WPA2_PSK
2026-03-19 21:36:32,19.5023861,-99.1204453,,6C:EB:B6:BC:10:4A,3,-75,WPA2_PSK
2026-03-19 21:36:32,19.5023861,-99.1204453,Totalplay-2.4G-5CE0,9C:A7:D8:05:5C:E1,2,-76,WPA_WPA2_PSK
2026-03-19 21:36:32,19.5023861,-99.1204453,,28:68:D2:25:B3:72,9,-77,WPA2_PSK
2026-03-19 21:36:32,19.5023861,-99.1204453,,6A:81:E0:7C:AF:6E,4,-79,WPA2_PSK
2026-03-19 21:36:32,19.5023861,-99.1204453,,06:FA:C4:2F:17:C7,9,-80,WPA2_PSK
2026-03-19 21:36:32,19.5023861,-99.1204453,VarOli,CC:2D:21:AC:69:4E,3,-81,WPA2_PSK
2026-03-19 21:36:32,19.5023861,-99.1204453,JPU,E4:FA:C4:2E:EA:EF,3,-81,WPA2_PSK
2026-03-19 21:36:32,19.5023861,-99.1204453,TP-Link_Guest_17C8,E6:FA:C4:2F:17:C7,9,-81,WPA2_PSK
2026-03-19 21:36:48,19.5024147,-99.1207428,Totalplay-8691,C0:94:AD:AD:CA:F0,9,-59,WPA2_PSK
2026-03-19 21:36:48,19.5024147,-99.1207428,Club_Totalplay_WiFi,C2:94:AD:BD:CA:F0,9,-60,OPEN
2026-03-19 21:36:48,19.5024147,-99.1207428,IZZI-D40C,F8:D2:AC:0A:D4:10,1,-61,WPA2_PSK
2026-03-19 21:36:48,19.5024147,-99.1207428,CFE-Internet para Todos-CDMX,C4:FB:AA:71:6A:20,11,-61,OPEN
2026-03-19 21:36:48,19.5024147,-99.1207428,TOTALPLAY_67CA7E_2.4G,34:53:D2:67:CA:71,1,-64,WPA2_PSK
2026-03-19 21:36:48,19.5024147,-99.1207428,,DE:92:72:14:07:A7,1,-64,UNKNOWN
2026-03-19 21:36:48,19.5024147,-99.1207428,WiFi Popeye,8C:86:DD:D1:04:BA,7,-64,WPA2_WPA3_PSK
2026-03-19 21:36:48,19.5024147,-99.1207428,,92:86:DD:D1:04:BA,7,-64,WPA2_PSK
2026-03-19 21:36:48,19.5024147,-99.1207428,INFINITUM14F9,A8:E8:1E:2F:FD:E8,1,-66,WPA2_PSK
2026-03-19 21:36:48,19.5024147,-99.1207428,,9C:A7:D8:05:5C:E4,2,-67,OPEN
2026-03-19 21:36:48,19.5024147,-99.1207428,,7C:F1:7E:23:82:EE,5,-67,WPA2_PSK
2026-03-19 21:36:48,19.5024147,-99.1207428,Deco Recamara,7E:F1:7E:23:82:EE,5,-68,WPA2_PSK
2026-03-19 21:36:48,19.5024147,-99.1207428,JPU,E4:FA:C4:2E:EA:EF,3,-69,WPA2_PSK
2026-03-19 21:36:48,19.5024147,-99.1207428,,06:FA:C4:2E:EA:EF,3,-69,WPA2_PSK
2026-03-19 21:36:48,19.5024147,-99.1207428,,68:E2:09:09:D6:F2,5,-70,WPA2_PSK
2026-03-19 21:36:48,19.5024147,-99.1207428,FordFES-WiFi,3E:A3:08:BF:39:10,6,-70,WPA2_PSK
2026-03-19 21:36:48,19.5024147,-99.1207428,Totalplay-2.4G-5ED0,AC:4F:65:AA:5E:D1,1,-71,WPA_WPA2_PSK
2026-03-19 21:36:48,19.5024147,-99.1207428,Deco Recamara,7E:F1:7E:23:C0:E6,5,-72,WPA2_PSK
2026-03-19 21:36:48,19.5024147,-99.1207428,TOTALPLAY_2BF178,6C:BA:B8:2B:F1:78,6,-72,WPA2_PSK
2026-03-19 21:36:48,19.5024147,-99.1207428,IZZI-3C8E,DC:92:72:13:3C:93,1,-73,WPA2_PSK
2026-03-19 21:36:48,19.5024147,-99.1207428,MISAC48,9C:71:3A:34:BF:3C,7,-73,WPA_WPA2_PSK
2026-03-19 21:36:48,19.5024147,-99.1207428,,1E:75:0C:16:88:6E,3,-74,WPA2_PSK
2026-03-19 21:36:48,19.5024147,-99.1207428,DIRECT-50-HP M236 LaserJet,3E:0A:F3:E2:BF:50,6,-74,WPA2_PSK
2026-03-19 21:36:48,19.5024147,-99.1207428,IZZI-A45D_EXT,98:25:4A:91:32:86,1,-76,WPA2_PSK
2026-03-19 21:36:48,19.5024147,-99.1207428,FAMVELJIM,D8:07:B6:09:6E:02,5,-76,WPA2_PSK
2026-03-19 21:36:48,19.5024147,-99.1207428,,DE:07:B6:09:6E:02,5,-76,WPA2_PSK
2026-03-19 21:36:48,19.5024147,-99.1207428,,00:4E:35:02:76:E3,11,-76,WPA2_PSK
2026-03-19 21:36:48,19.5024147,-99.1207428,Totalplay-67A5,C4:A4:02:86:00:D8,5,-77,WPA2_PSK
2026-03-19 21:36:48,19.5024147,-99.1207428,,7C:F1:7E:23:C0:E6,5,-77,WPA2_PSK
2026-03-19 21:36:48,19.5024147,-99.1207428,IZZI-2C3D,24:E4:CE:DC:2C:42,6,-78,WPA2_PSK
2026-03-19 21:36:48,19.5024147,-99.1207428,WifiPlus_Guest,76:5A:B0:3B:46:7D,5,-79,WPA2_PSK
2026-03-19 21:36:48,19.5024147,-99.1207428,Club_Totalplay_WiFi,10:08:1D:B0:BB:59,1,-80,OPEN
2026-03-19 21:36:48,19.5024147,-99.1207428,,CC:2D:21:AC:69:4C,3,-80,WPA2_PSK
2026-03-19 21:36:48,19.5024147,-99.1207428,,90:17:3F:40:64:16,9,-80,WPA2_PSK
