timestamp,source,ssid,bssid,channel,frequency,rssi,security,latitude,longitude
2026-09-20T10:00:00Z,marauder,LAB-BASEMENT,02:0A:00:00:00:13,6,2437,-38,WPA2,1.2566938,-9.8548260
2026-09-20T10:00:07Z,kismet,LAB-NET-12,02:0A:00:00:00:20,1,2412,-85,WPA3,1.2348661,-9.8771004
2026-09-20T10:00:14Z,generic,LAB-MESH-B,02:0A:00:00:00:08,11,2462,-62,OPEN,1.2344337,-9.8763894
2026-09-20T10:00:21Z,marauder,<hidden>,02:0A:00:00:00:14,6,2437,-30,WPA3,1.2353519,-9.8768546
2026-09-20T10:00:28Z,minino,LAB-NET-21,02:0A:00:00:00:29,36,5180,-90,OPEN,1.2450088,-9.8658483
2026-09-20T10:00:35Z,generic,LAB-NET-25,02:0A:00:00:00:2D,6,2437,-86,WPA3,1.2453449,-9.8658617
2026-09-20T10:00:42Z,minino,LAB-MESH-A,02:0A:00:00:00:3C,11,2462,-63,OPEN,1.2350338,-9.8763995
2026-09-20T10:00:49Z,kismet,LAB-CORRIDOR,02:0A:00:00:00:0F,1,2412,-52,WPA2,1.2574425,-9.8537984
2026-09-20T10:00:56Z,kismet,LAB-NET-17,02:0A:00:00:00:25,44,5220,-58,OPEN,1.2234066,-9.8879678
2026-09-20T10:01:03Z,kismet,LAB-NET-09,02:0A:00:00:00:1D,11,2462,-89,WPA2,1.2449427,-9.8655409
2026-09-20T10:01:10Z,kismet,<hidden>,02:0A:00:00:00:2C,1,2412,-54,OPEN,1.2346881,-9.8758219
2026-09-20T10:01:17Z,generic,LAB-NET-11,02:0A:00:00:00:1F,1,2412,-50,UNKNOWN,1.2566966,-9.8546759
2026-09-20T10:01:24Z,kismet,LAB-MESH-B,02:0A:00:00:00:06,1,2412,-64,OPEN,1.2233101,-9.8879406
2026-09-20T10:01:31Z,kismet,LAB-BASEMENT,02:0A:00:00:00:13,1,2412,-74,WPA2,1.2566297,-9.8539042
2026-09-20T10:01:38Z,generic,LAB-NET-30,02:0A:00:00:00:32,1,2412,-64,WPA2,1.2234801,-9.8868733
2026-09-20T10:01:45Z,minino,LAB-NET-14,02:0A:00:00:00:22,1,2412,-73,UNKNOWN,1.2238670,-9.8874536
2026-09-20T10:01:52Z,minino,LAB-MESH-A,02:0A:00:00:00:3C,11,2462,-45,OPEN,1.2351772,-9.8765677
2026-09-20T10:01:59Z,generic,LAB-NET-16,02:0A:00:00:00:24,1,2412,-30,WPA2,0.0,0.0
2026-09-20T10:02:06Z,generic,LAB-DELTA,02:0A:00:00:00:36,11,2462,-37,WEP,1.2241489,-9.8879873
2026-09-20T10:02:13Z,minino,LAB-NET-11,02:0A:00:00:00:1F,1,2412,-35,UNKNOWN,1.2568710,-9.8545073
2026-09-20T10:02:20Z,marauder,LAB-NET-30,02:0A:00:00:00:32,1,2412,-72,WPA2,1.2233206,-9.8869595
2026-09-20T10:02:27Z,generic,LAB-DELTA,02:0A:00:00:00:36,11,2462,-68,WEP,1.2242549,-9.8876709
2026-09-20T10:02:34Z,generic,LAB-NET-29,02:0A:00:00:00:31,6,2437,-76,WPA2,1.2565038,-9.8548192
2026-09-20T10:02:41Z,generic,LAB-NET-07,02:0A:00:00:00:1B,36,5180,-66,WPA3,0.0,0.0
2026-09-20T10:02:48Z,kismet,LAB-ALPHA,02:0A:00:00:00:33,11,2462,-35,WPA3,1.2575583,-9.8543285
2026-09-20T10:02:55Z,generic,<hidden>,02:0A:00:00:00:37,11,2462,-35,WPA2,1.2568305,-9.8543899
2026-09-20T10:03:02Z,generic,LAB-OFFICE,02:0A:00:00:00:0A,153,5765,-49,WPA2,1.2239071,-9.8880303
2026-09-20T10:03:09Z,generic,<hidden>,02:0A:00:00:00:16,40,5200,-35,WPA2,1.2240316,-9.8878463
2026-09-20T10:03:16Z,marauder,LAB-NET-20,02:0A:00:00:00:28,11,2462,-63,WPA3,1.2347777,-9.8758697
2026-09-20T10:03:23Z,kismet,LAB-NET-29,02:0A:00:00:00:31,1,2412,-68,WPA2,1.2348782,-9.8758977
2026-09-20T10:03:30Z,minino,LAB-OFFICE,02:0A:00:00:00:0A,153,5765,-85,WPA2,1.2233160,-9.8873634
2026-09-20T10:03:37Z,kismet,LAB-NET-05,02:0A:00:00:00:19,6,2437,-61,OPEN,1.2452642,-9.8647716
2026-09-20T10:03:44Z,kismet,LAB-MESH-A,02:0A:00:00:00:01,36,5180,-53,OPEN,1.2570732,-9.8548682
2026-09-20T10:03:51Z,generic,LAB-NET-08,02:0A:00:00:00:1C,6,2437,-84,WPA2,1.2344987,-9.8768598
2026-09-20T10:03:58Z,generic,LAB-NET-17,02:0A:00:00:00:25,44,5220,-73,UNKNOWN,1.2242450,-9.8879819
2026-09-20T10:04:05Z,kismet,LAB-NET-30,02:0A:00:00:00:32,1,2412,-41,WPA2,1.2227352,-9.8874840
2026-09-20T10:04:12Z,minino,LAB-NET-19,02:0A:00:00:00:27,149,5745,-50,WPA2,1.2563394,-9.8548168
2026-09-20T10:04:19Z,marauder,LAB-NET-21,02:0A:00:00:00:29,36,5180,-32,OPEN,1.2344731,-9.8764159
2026-09-20T10:04:26Z,kismet,LAB-NET-28,02:0A:00:00:00:30,6,2437,-57,OPEN,1.2340891,-9.8760848
2026-09-20T10:04:33Z,kismet,LAB-CORRIDOR,02:0A:00:00:00:12,153,5765,-43,OPEN,1.2230679,-9.8871348
2026-09-20T10:04:40Z,generic,LAB-BETA,02:0A:00:00:00:34,36,5180,-36,WPA2,1.2353084,-9.8771180
2026-09-20T10:04:47Z,kismet,LAB-NET-04,02:0A:00:00:00:18,6,2437,-53,OPEN,1.2343991,-9.8769201
2026-09-20T10:04:54Z,kismet,LAB-NET-21,02:0A:00:00:00:29,36,5180,-32,OPEN,1.2230308,-9.8884143
2026-09-20T10:05:01Z,generic,LAB-NET-22,02:0A:00:00:00:2A,11,2462,-83,WPA3,1.2239749,-9.8869993
2026-09-20T10:05:08Z,minino,LAB-MESH-A,02:0A:00:00:00:03,1,2412,-66,WPA2,1.2567772,-9.8549655
2026-09-20T10:05:15Z,minino,LAB-NET-23,02:0A:00:00:00:2B,36,5180,-34,WPA2,1.2571034,-9.8542567
2026-09-20T10:05:22Z,minino,LAB-MESH-B,02:0A:00:00:00:07,36,5180,-62,WPA2,1.2574915,-9.8546734
2026-09-20T10:05:29Z,kismet,LAB-ZONE-NORTH,02:0A:00:00:00:10,36,5180,-87,UNKNOWN,1.2339268,-9.8762461
2026-09-20T10:05:36Z,marauder,LAB-CORRIDOR,02:0A:00:00:00:0D,1,2412,-87,OPEN,1.2463973,-9.8649134
2026-09-20T10:05:43Z,minino,LAB-ZONE-NORTH,02:0A:00:00:00:10,36,5180,-53,UNKNOWN,1.2350270,-9.8770149
2026-09-20T10:05:50Z,minino,LAB-FOXTROT,02:0A:00:00:00:38,1,2412,-56,WPA2,1.2451150,-9.8647913
2026-09-20T10:05:57Z,minino,LAB-OFFICE,02:0A:00:00:00:0C,11,2462,-53,WPA,1.2351541,-9.8771323
2026-09-20T10:06:04Z,generic,LAB-OFFICE,02:0A:00:00:00:0C,1,2412,-62,WPA,1.2339706,-9.8766697
2026-09-20T10:06:11Z,kismet,<hidden>,02:0A:00:00:00:21,11,2462,-61,WPA2,1.2456021,-9.8658776
2026-09-20T10:06:18Z,generic,LAB-MESH-A,02:0A:00:00:00:02,36,5180,-45,WPA,1.2234231,-9.8878117
2026-09-20T10:06:25Z,kismet,LAB-MESH-B,02:0A:00:00:00:05,11,2462,-66,WPA3,1.2453943,-9.8659948
2026-09-20T10:06:32Z,marauder,LAB-NET-14,02:0A:00:00:00:22,1,2412,-36,UNKNOWN,1.2234656,-9.8877660
2026-09-20T10:06:39Z,minino,LAB-GUEST,02:0A:00:00:00:39,1,2412,-64,WPA2,1.2460322,-9.8658881
2026-09-20T10:06:46Z,kismet,LAB-NET-10,02:0A:00:00:00:1E,40,5200,-67,UNKNOWN,1.2238241,-9.8879542
2026-09-20T10:06:53Z,kismet,<hidden>,02:0A:00:00:00:2C,1,2412,-39,OPEN,1.2338752,-9.8760124
2026-09-20T10:07:00Z,generic,LAB-MESH-A,02:0A:00:00:00:04,6,2437,-35,WPA2,1.2346663,-9.8768158
2026-09-20T10:07:07Z,minino,LAB-MESH-A,02:0A:00:00:00:04,1,2412,-81,WPA2,1.2347285,-9.8767806
2026-09-20T10:07:14Z,minino,LAB-CORRIDOR,02:0A:00:00:00:0F,6,2437,-39,WPA2,1.2565492,-9.8542310
2026-09-20T10:07:21Z,marauder,LAB-NET-16,02:0A:00:00:00:24,36,5180,-52,WPA2,1.2350773,-9.8763615
2026-09-20T10:07:28Z,kismet,LAB-DELTA,02:0A:00:00:00:36,11,2462,-68,UNKNOWN,1.2227030,-9.8880171
2026-09-20T10:07:35Z,minino,LAB-NET-17,02:0A:00:00:00:25,11,2462,-66,OPEN,1.2571746,-9.8535661
2026-09-20T10:07:42Z,marauder,<hidden>,02:0A:00:00:00:16,40,5200,-34,WPA2,1.2231553,-9.8879353
2026-09-20T10:07:49Z,generic,LAB-OFFICE,02:0A:00:00:00:0B,1,2412,-59,WPA2,1.2560686,-9.8549905
2026-09-20T10:07:56Z,kismet,LAB-NET-07,02:0A:00:00:00:1B,36,5180,-47,WPA3,1.2571969,-9.8549389
2026-09-20T10:08:03Z,minino,LAB-NET-12,02:0A:00:00:00:20,6,2437,-41,WPA3,1.2232891,-9.8874954
2026-09-20T10:08:10Z,minino,LAB-ZONE-SOUTH,02:0A:00:00:00:11,11,2462,-66,WPA2,1.2450709,-9.8654363
2026-09-20T10:08:17Z,marauder,LAB-CORRIDOR,02:0A:00:00:00:0F,11,2462,-63,WPA,1.2573224,-9.8538311
2026-09-20T10:08:24Z,marauder,LAB-FOXTROT,02:0A:00:00:00:38,1,2412,-65,WPA2,1.2235741,-9.8873191
2026-09-20T10:08:31Z,generic,LAB-BETA,02:0A:00:00:00:34,36,5180,-36,WPA2,1.2345040,-9.8762398
2026-09-20T10:08:38Z,kismet,LAB-NET-08,02:0A:00:00:00:1C,6,2437,-76,WPA2,1.2346061,-9.8767100
2026-09-20T10:08:45Z,kismet,LAB-OFFICE,02:0A:00:00:00:0B,1,2412,-68,WPA2,1.2570022,-9.8542720
2026-09-20T10:08:52Z,minino,LAB-GAMMA,02:0A:00:00:00:35,1,2412,-52,WPA3,1.2451152,-9.8660676
2026-09-20T10:08:59Z,generic,LAB-NET-29,02:0A:00:00:00:31,6,2437,-47,WPA2,1.2350044,-9.8765526
2026-09-20T10:09:06Z,kismet,LAB-NET-17,02:0A:00:00:00:25,6,2437,-40,OPEN,1.2236602,-9.8882128
2026-09-20T10:09:13Z,kismet,LAB-MESH-A,02:0A:00:00:00:04,6,2437,-86,WPA2,1.2338865,-9.8766044
2026-09-20T10:09:20Z,marauder,<hidden>,02:0A:00:00:00:37,11,2462,-62,WPA2,1.2569395,-9.8545058
2026-09-20T10:09:27Z,kismet,LAB-NET-17,02:0A:00:00:00:25,1,2412,-45,OPEN,1.2456399,-9.8659907
2026-09-20T10:09:34Z,minino,LAB-NET-22,02:0A:00:00:00:2A,11,2462,-67,WPA3,1.2230531,-9.8877539
2026-09-20T10:09:41Z,kismet,LAB-BASEMENT,02:0A:00:00:00:13,11,2462,-86,WPA2,1.2572281,-9.8540348
2026-09-20T10:09:48Z,minino,LAB-NET-16,02:0A:00:00:00:24,36,5180,-69,WPA2,1.2342224,-9.8761852
2026-09-20T10:09:55Z,generic,LAB-NET-23,02:0A:00:00:00:2B,36,5180,-82,WPA2,1.2565487,-9.8535727
2026-09-20T10:10:02Z,marauder,LAB-MESH-B,02:0A:00:00:00:06,1,2412,-49,OPEN,1.2232594,-9.8871876
2026-09-20T10:10:09Z,generic,<hidden>,02:0A:00:00:00:21,11,2462,-78,WPA2,1.2454591,-9.8659437
2026-09-20T10:10:16Z,marauder,LAB-OFFICE,02:0A:00:00:00:09,1,2412,-48,UNKNOWN,1.2462300,-9.8660703
2026-09-20T10:10:23Z,minino,LAB-NET-30,02:0A:00:00:00:32,1,2412,-44,WPA2,1.2236123,-9.8882075
2026-09-20T10:10:30Z,generic,LAB-NET-07,02:0A:00:00:00:1B,36,5180,-76,WPA3,1.2571403,-9.8535697
2026-09-20T10:10:37Z,generic,<hidden>,02:0A:00:00:00:14,6,2437,-61,WPA3,1.2350228,-9.8758968
2026-09-20T10:10:44Z,minino,LAB-NET-30,02:0A:00:00:00:32,1,2412,-35,WPA2,1.2235006,-9.8869083
2026-09-20T10:10:51Z,marauder,LAB-NET-22,02:0A:00:00:00:2A,11,2462,-72,WPA3,1.2232506,-9.8869594
2026-09-20T10:10:58Z,minino,LAB-OFFICE,02:0A:00:00:00:0B,1,2412,-38,WPA2,1.2574375,-9.8548852
2026-09-20T10:11:05Z,generic,LAB-NET-03,02:0A:00:00:00:17,153,5765,-85,WPA3,1.2566528,-9.8544867
2026-09-20T10:11:12Z,minino,LAB-MESH-A,02:0A:00:00:00:02,36,5180,-82,UNKNOWN,1.2228152,-9.8873108
2026-09-20T10:11:19Z,marauder,LAB-NET-11,02:0A:00:00:00:1F,1,2412,-33,UNKNOWN,1.2562111,-9.8539921
2026-09-20T10:11:26Z,generic,LAB-ZONE-SOUTH,02:0A:00:00:00:11,11,2462,-83,WPA2,1.2451181,-9.8647277
2026-09-20T10:11:33Z,generic,LAB-ZONE-NORTH,02:0A:00:00:00:10,36,5180,-86,UNKNOWN,1.2338442,-9.8766715
2026-09-20T10:11:40Z,minino,LAB-IOT,02:0A:00:00:00:3A,1,2412,-72,WPA3,1.2235144,-9.8874432
2026-09-20T10:11:47Z,kismet,LAB-NET-20,02:0A:00:00:00:28,11,2462,-86,WPA3,1.2346809,-9.8770435
2026-09-20T10:11:54Z,generic,LAB-NET-15,02:0A:00:00:00:23,1,2412,-88,WPA2,1.2575703,-9.8542344
2026-09-20T10:12:01Z,marauder,LAB-NET-04,02:0A:00:00:00:18,40,5200,-41,OPEN,1.2337938,-9.8760816
2026-09-20T10:12:08Z,generic,LAB-NET-29,02:0A:00:00:00:31,6,2437,-46,WPA2,1.2232204,-9.8879126
2026-09-20T10:12:15Z,kismet,LAB-OFFICE,02:0A:00:00:00:0C,11,2462,-78,WPA2,1.2338688,-9.8761013
2026-09-20T10:12:22Z,generic,LAB-MESH-A,02:0A:00:00:00:03,1,2412,-74,WPA3,1.2564851,-9.8544838
2026-09-20T10:12:29Z,marauder,LAB-BASEMENT,02:0A:00:00:00:13,6,2437,-39,WPA2,1.2572383,-9.8537357
2026-09-20T10:12:36Z,minino,LAB-GUEST,02:0A:00:00:00:39,1,2412,-59,WPA2,1.2455825,-9.8647017
2026-09-20T10:12:43Z,marauder,LAB-NET-04,02:0A:00:00:00:18,40,5200,-63,OPEN,1.2345986,-9.8760614
2026-09-20T10:12:50Z,kismet,LAB-GAMMA,02:0A:00:00:00:35,1,2412,-71,WPA3,1.2453489,-9.8660679
2026-09-20T10:12:57Z,generic,LAB-NET-26,02:0A:00:00:00:2E,6,2437,-73,WPA3,1.2237603,-9.8878918
2026-09-20T10:13:04Z,minino,LAB-ALPHA,02:0A:00:00:00:33,1,2412,-30,UNKNOWN,1.2561091,-9.8541010
2026-09-20T10:13:11Z,kismet,<hidden>,02:0A:00:00:00:2C,1,2412,-67,OPEN,1.2338235,-9.8772356
2026-09-20T10:13:18Z,marauder,LAB-NET-17,02:0A:00:00:00:25,44,5220,-54,OPEN,1.2348543,-9.8758251
2026-09-20T10:13:25Z,minino,LAB-NET-04,02:0A:00:00:00:18,11,2462,-59,OPEN,1.2348071,-9.8769438
2026-09-20T10:13:32Z,kismet,LAB-LABORATORY,02:0A:00:00:00:3B,6,2437,-46,WEP,1.2564078,-9.8547045
2026-09-20T10:13:39Z,generic,LAB-NET-12,02:0A:00:00:00:20,1,2412,-85,WPA3,1.2462434,-9.8655088
2026-09-20T10:13:46Z,kismet,<hidden>,02:0A:00:00:00:37,11,2462,-33,WPA2,1.2570575,-9.8539857
2026-09-20T10:13:53Z,minino,LAB-OFFICE,02:0A:00:00:00:0B,1,2412,-83,WPA2,1.2574727,-9.8541007
2026-09-20T10:14:00Z,kismet,LAB-ALPHA,02:0A:00:00:00:33,1,2412,-61,WPA3,1.2572536,-9.8550789
2026-09-20T10:14:07Z,generic,LAB-NET-16,02:0A:00:00:00:24,36,5180,-57,WPA2,1.2351826,-9.8772380
2026-09-20T10:14:14Z,generic,LAB-NET-07,02:0A:00:00:00:1B,36,5180,-61,WPA3,1.2561070,-9.8535652
2026-09-20T10:14:21Z,minino,LAB-NET-03,02:0A:00:00:00:17,153,5765,-63,WPA3,1.2573155,-9.8542389
2026-09-20T10:14:28Z,minino,LAB-FOXTROT,02:0A:00:00:00:38,1,2412,-68,WPA2,1.2345968,-9.8768566
2026-09-20T10:14:35Z,kismet,LAB-NET-14,02:0A:00:00:00:22,1,2412,-82,UNKNOWN,1.2240102,-9.8880533
2026-09-20T10:14:42Z,minino,LAB-NET-20,02:0A:00:00:00:28,11,2462,-80,WPA3,1.2345719,-9.8770734
2026-09-20T10:14:49Z,marauder,LAB-NET-27,02:0A:00:00:00:2F,1,2412,-88,OPEN,1.2565292,-9.8536427
2026-09-20T10:14:56Z,marauder,LAB-NET-30,02:0A:00:00:00:32,1,2412,-59,WPA2,1.2236985,-9.8872272
2026-09-20T10:15:03Z,generic,LAB-NET-15,02:0A:00:00:00:23,1,2412,-71,WPA2,1.2575196,-9.8543483
2026-09-20T10:15:10Z,generic,LAB-NET-25,02:0A:00:00:00:2D,6,2437,-77,WPA3,0.0,0.0
2026-09-20T10:15:17Z,generic,LAB-OFFICE,02:0A:00:00:00:0A,153,5765,-82,WPA2,1.2238061,-9.8872796
2026-09-20T10:15:24Z,minino,<hidden>,02:0A:00:00:00:21,11,2462,-81,WPA2,1.2453895,-9.8654857
2026-09-20T10:15:31Z,minino,LAB-BASEMENT,02:0A:00:00:00:13,6,2437,-38,WPA2,1.2573717,-9.8544520
2026-09-20T10:15:38Z,kismet,LAB-NET-17,02:0A:00:00:00:25,44,5220,-59,WPA,1.2229116,-9.8868607
2026-09-20T10:15:45Z,generic,<hidden>,02:0A:00:00:00:21,6,2437,-52,WPA2,1.2452641,-9.8652987
2026-09-20T10:15:52Z,kismet,LAB-NET-22,02:0A:00:00:00:2A,1,2412,-44,WPA3,1.2231139,-9.8884412
2026-09-20T10:15:59Z,kismet,LAB-NET-06,02:0A:00:00:00:1A,153,5765,-86,WPA2,1.2232976,-9.8875418
2026-09-20T10:16:06Z,marauder,LAB-NET-09,02:0A:00:00:00:1D,11,2462,-82,WPA2,1.2453265,-9.8646496
2026-09-20T10:16:13Z,minino,LAB-NET-06,02:0A:00:00:00:1A,153,5765,-78,WPA2,1.2242356,-9.8875618
2026-09-20T10:16:20Z,generic,LAB-NET-06,02:0A:00:00:00:1A,153,5765,-57,WPA2,1.2227292,-9.8882350
2026-09-20T10:16:27Z,generic,LAB-NET-19,02:0A:00:00:00:27,149,5745,-51,WPA2,1.2562126,-9.8536308
2026-09-20T10:16:34Z,kismet,<hidden>,02:0A:00:00:00:14,6,2437,-60,WPA3,1.2345795,-9.8765277
2026-09-20T10:16:41Z,marauder,LAB-NET-04,02:0A:00:00:00:18,40,5200,-52,OPEN,1.2339432,-9.8766767
2026-09-20T10:16:48Z,generic,LAB-NET-22,02:0A:00:00:00:2A,11,2462,-80,WPA3,1.2238986,-9.8875301
2026-09-20T10:16:55Z,marauder,LAB-NET-27,02:0A:00:00:00:2F,6,2437,-54,OPEN,1.2573349,-9.8548846
2026-09-20T10:17:02Z,minino,LAB-MESH-B,02:0A:00:00:00:08,11,2462,-64,OPEN,1.2344735,-9.8766732
2026-09-20T10:17:09Z,minino,LAB-NET-20,02:0A:00:00:00:28,1,2412,-55,WPA3,1.2351643,-9.8761659
2026-09-20T10:17:16Z,kismet,LAB-NET-23,02:0A:00:00:00:2B,36,5180,-56,WPA2,1.2565919,-9.8535903
2026-09-20T10:17:23Z,generic,LAB-NET-30,02:0A:00:00:00:32,1,2412,-78,WPA2,1.2237459,-9.8871685
2026-09-20T10:17:30Z,kismet,LAB-CORRIDOR,02:0A:00:00:00:12,153,5765,-45,OPEN,1.2230165,-9.8868976
2026-09-20T10:17:37Z,kismet,LAB-NET-26,02:0A:00:00:00:2E,6,2437,-72,WPA3,1.2234244,-9.8875575
2026-09-20T10:17:44Z,minino,<hidden>,02:0A:00:00:00:2C,1,2412,-72,WPA,1.2352010,-9.8767119
2026-09-20T10:17:51Z,minino,LAB-MESH-B,02:0A:00:00:00:06,1,2412,-38,OPEN,1.2233645,-9.8880440
2026-09-20T10:17:58Z,minino,LAB-MESH-A,02:0A:00:00:00:3C,11,2462,-75,OPEN,1.2342024,-9.8771684
2026-09-20T10:18:05Z,generic,LAB-IOT,02:0A:00:00:00:3A,1,2412,-84,WPA3,1.2236774,-9.8883703
2026-09-20T10:18:12Z,generic,LAB-OFFICE,02:0A:00:00:00:09,1,2412,-60,UNKNOWN,1.2353325,-9.8770905
2026-09-20T10:18:19Z,minino,LAB-NET-29,02:0A:00:00:00:31,11,2462,-56,WPA2,1.2236901,-9.8870016
2026-09-20T10:18:26Z,minino,<hidden>,02:0A:00:00:00:37,11,2462,-31,WPA2,1.2574502,-9.8548409
2026-09-20T10:18:33Z,kismet,LAB-DELTA,02:0A:00:00:00:36,11,2462,-34,WPA2,1.2234493,-9.8869557
2026-09-20T10:18:40Z,generic,LAB-NET-19,02:0A:00:00:00:27,149,5745,-34,WPA2,1.2575618,-9.8546657
2026-09-20T10:18:47Z,generic,<hidden>,02:0A:00:00:00:37,11,2462,-49,WPA2,1.2564255,-9.8538269
2026-09-20T10:18:54Z,minino,LAB-OFFICE,02:0A:00:00:00:0C,11,2462,-79,WPA,0.0,0.0
2026-09-20T10:19:01Z,minino,LAB-NET-21,02:0A:00:00:00:29,36,5180,-82,OPEN,1.2568134,-9.8549822
2026-09-20T10:19:08Z,kismet,LAB-MESH-A,02:0A:00:00:00:3C,11,2462,-71,OPEN,1.2341851,-9.8769664
2026-09-20T10:19:15Z,generic,LAB-NET-17,02:0A:00:00:00:25,44,5220,-71,OPEN,1.2343431,-9.8769651
2026-09-20T10:19:22Z,marauder,<hidden>,02:0A:00:00:00:2C,1,2412,-50,OPEN,1.2352000,-9.8762175
2026-09-20T10:19:29Z,generic,LAB-BASEMENT,02:0A:00:00:00:13,6,2437,-43,WPA2,1.2563424,-9.8535892
2026-09-20T10:19:36Z,minino,LAB-NET-04,02:0A:00:00:00:18,40,5200,-42,OPEN,1.2346466,-9.8765899
2026-09-20T10:19:43Z,marauder,LAB-NET-29,02:0A:00:00:00:31,6,2437,-87,WPA2,1.2346129,-9.8767643
2026-09-20T10:19:50Z,generic,LAB-IOT,02:0A:00:00:00:3A,1,2412,-83,WPA3,1.2235730,-9.8882145
2026-09-20T10:19:57Z,generic,LAB-NET-26,02:0A:00:00:00:2E,6,2437,-82,WPA3,1.2228022,-9.8876377
2026-09-20T10:20:04Z,marauder,LAB-NET-10,02:0A:00:00:00:1E,40,5200,-65,UNKNOWN,1.2235508,-9.8873779
2026-09-20T10:20:11Z,marauder,LAB-MESH-A,02:0A:00:00:00:01,1,2412,-31,OPEN,1.2449514,-9.8656809
2026-09-20T10:20:18Z,generic,LAB-BASEMENT,02:0A:00:00:00:13,6,2437,-67,WPA2,1.2572194,-9.8538957
2026-09-20T10:20:25Z,minino,LAB-NET-05,02:0A:00:00:00:19,11,2462,-49,OPEN,1.2463463,-9.8656281
2026-09-20T10:20:32Z,minino,LAB-MESH-B,02:0A:00:00:00:08,11,2462,-37,WPA2,1.2346274,-9.8764971
2026-09-20T10:20:39Z,minino,<hidden>,02:0A:00:00:00:14,6,2437,-75,WPA3,1.2349184,-9.8766646
2026-09-20T10:20:46Z,generic,LAB-OFFICE,02:0A:00:00:00:0A,11,2462,-51,WPA2,1.2241566,-9.8872943
2026-09-20T10:20:53Z,generic,LAB-GUEST,02:0A:00:00:00:39,1,2412,-52,WPA2,1.2452640,-9.8661244
2026-09-20T10:21:00Z,marauder,LAB-FOXTROT,02:0A:00:00:00:38,1,2412,-82,WPA2,1.2338386,-9.8766409
2026-09-20T10:21:07Z,kismet,LAB-BASEMENT,02:0A:00:00:00:13,6,2437,-75,WPA2,1.2574552,-9.8541992
2026-09-20T10:21:14Z,minino,LAB-OFFICE,02:0A:00:00:00:0A,153,5765,-50,WPA2,1.2234907,-9.8877926
2026-09-20T10:21:21Z,kismet,LAB-NET-16,02:0A:00:00:00:24,36,5180,-46,WPA2,1.2353235,-9.8758367
2026-09-20T10:21:28Z,minino,LAB-OFFICE,02:0A:00:00:00:0A,153,5765,-71,WPA2,1.2229509,-9.8875936
2026-09-20T10:21:35Z,minino,LAB-OFFICE,02:0A:00:00:00:0A,153,5765,-66,WPA2,1.2241203,-9.8875545
2026-09-20T10:21:42Z,minino,LAB-CORRIDOR,02:0A:00:00:00:0E,1,2412,-87,OPEN,1.2227832,-9.8877346
2026-09-20T10:21:49Z,minino,<hidden>,02:0A:00:00:00:2C,1,2412,-60,OPEN,1.2338311,-9.8772267
2026-09-20T10:21:56Z,marauder,LAB-LABORATORY,02:0A:00:00:00:3B,6,2437,-43,WEP,1.2575202,-9.8550965
2026-09-20T10:22:03Z,minino,LAB-NET-11,02:0A:00:00:00:1F,1,2412,-55,UNKNOWN,1.2571020,-9.8539950
2026-09-20T10:22:10Z,generic,LAB-BASEMENT,02:0A:00:00:00:13,6,2437,-61,WPA2,1.2568428,-9.8545462
2026-09-20T10:22:17Z,generic,LAB-NET-27,02:0A:00:00:00:2F,6,2437,-88,OPEN,1.2573326,-9.8536581
2026-09-20T10:22:24Z,generic,LAB-CORRIDOR,02:0A:00:00:00:0F,11,2462,-72,WPA2,1.2560150,-9.8542357
2026-09-20T10:22:31Z,kismet,<hidden>,02:0A:00:00:00:16,40,5200,-74,WPA2,1.2235684,-9.8880611
2026-09-20T10:22:38Z,generic,LAB-NET-12,02:0A:00:00:00:20,11,2462,-79,WPA3,1.2571614,-9.8545575
2026-09-20T10:22:45Z,marauder,LAB-NET-15,02:0A:00:00:00:23,1,2412,-30,WPA2,1.2575206,-9.8542827
2026-09-20T10:22:52Z,minino,LAB-MESH-A,02:0A:00:00:00:04,1,2412,-90,WPA2,1.2344276,-9.8759951
2026-09-20T10:22:59Z,generic,LAB-NET-10,02:0A:00:00:00:1E,40,5200,-48,UNKNOWN,1.2236452,-9.8873875
2026-09-20T10:23:06Z,kismet,LAB-MESH-A,02:0A:00:00:00:01,36,5180,-89,OPEN,0.0,0.0
2026-09-20T10:23:13Z,minino,LAB-NET-25,02:0A:00:00:00:2D,1,2412,-75,WPA3,1.2461688,-9.8647765
2026-09-20T10:23:20Z,generic,LAB-NET-14,02:0A:00:00:00:22,6,2437,-54,UNKNOWN,1.2232238,-9.8871824
2026-09-20T10:23:27Z,marauder,LAB-NET-25,02:0A:00:00:00:2D,6,2437,-85,WPA3,1.2459734,-9.8648755
2026-09-20T10:23:34Z,generic,LAB-NET-05,02:0A:00:00:00:19,6,2437,-36,OPEN,1.2449687,-9.8662170
2026-09-20T10:23:41Z,marauder,LAB-ALPHA,02:0A:00:00:00:33,1,2412,-76,WPA3,1.2575527,-9.8535629
2026-09-20T10:23:48Z,marauder,LAB-FOXTROT,02:0A:00:00:00:38,1,2412,-79,WPA2,1.2574677,-9.8540259
2026-09-20T10:23:55Z,generic,LAB-NET-01,02:0A:00:00:00:15,6,2437,-31,UNKNOWN,,
2026-09-20T10:24:02Z,kismet,LAB-OFFICE,02:0A:00:00:00:0B,1,2412,-66,WPA2,1.2568957,-9.8537619
2026-09-20T10:24:09Z,marauder,LAB-OFFICE,02:0A:00:00:00:09,1,2412,-69,UNKNOWN,1.2353267,-9.8772573
2026-09-20T10:24:16Z,generic,LAB-NET-20,02:0A:00:00:00:28,6,2437,-59,WPA3,1.2344025,-9.8761055
2026-09-20T10:24:23Z,marauder,LAB-NET-16,02:0A:00:00:00:24,36,5180,-41,WPA2,1.2344588,-9.8762557
2026-09-20T10:24:30Z,minino,LAB-BETA,02:0A:00:00:00:34,36,5180,-43,WPA2,1.2338854,-9.8769144
2026-09-20T10:24:37Z,kismet,LAB-NET-04,02:0A:00:00:00:18,40,5200,-84,OPEN,1.2337761,-9.8768500
2026-09-20T10:24:44Z,kismet,LAB-OFFICE,02:0A:00:00:00:0C,1,2412,-55,WPA,1.2346590,-9.8765233
2026-09-20T10:24:51Z,marauder,LAB-NET-19,02:0A:00:00:00:27,149,5745,-44,WPA2,1.2573709,-9.8551013
2026-09-20T10:24:58Z,minino,LAB-IOT,02:0A:00:00:00:3A,1,2412,-82,WPA3,1.2230451,-9.8876205
2026-09-20T10:25:05Z,generic,LAB-CORRIDOR,02:0A:00:00:00:12,153,5765,-40,OPEN,1.2227579,-9.8877588
2026-09-20T10:25:12Z,generic,LAB-ZONE-SOUTH,02:0A:00:00:00:11,11,2462,-84,WPA2,1.2460323,-9.8654388
2026-09-20T10:25:19Z,kismet,LAB-MESH-A,02:0A:00:00:00:01,36,5180,-63,OPEN,1.2569813,-9.8538345
2026-09-20T10:25:26Z,minino,LAB-FOXTROT,02:0A:00:00:00:38,1,2412,-65,WPA2,1.2458440,-9.8651196
2026-09-20T10:25:33Z,kismet,LAB-BASEMENT,02:0A:00:00:00:13,6,2437,-66,WPA2,1.2570016,-9.8535726
2026-09-20T10:25:40Z,minino,LAB-ALPHA,02:0A:00:00:00:33,1,2412,-47,WPA3,1.2561712,-9.8542188
2026-09-20T10:25:47Z,kismet,LAB-MESH-A,02:0A:00:00:00:02,36,5180,-37,WPA,1.2233953,-9.8873209
2026-09-20T10:25:54Z,minino,LAB-GAMMA,02:0A:00:00:00:35,6,2437,-74,WPA3,1.2461510,-9.8651553
2026-09-20T10:26:01Z,generic,LAB-NET-26,02:0A:00:00:00:2E,6,2437,-56,WPA3,1.2232599,-9.8877358
2026-09-20T10:26:08Z,marauder,LAB-LABORATORY,02:0A:00:00:00:3B,6,2437,-84,WEP,1.2566583,-9.8550622
2026-09-20T10:26:15Z,generic,LAB-NET-23,02:0A:00:00:00:2B,36,5180,-42,WPA2,1.2562551,-9.8541407
2026-09-20T10:26:22Z,minino,LAB-ALPHA,02:0A:00:00:00:33,1,2412,-62,WPA3,1.2560059,-9.8547070
2026-09-20T10:26:29Z,marauder,LAB-NET-10,02:0A:00:00:00:1E,40,5200,-60,UNKNOWN,1.2235984,-9.8876536
2026-09-20T10:26:36Z,kismet,LAB-NET-07,02:0A:00:00:00:1B,36,5180,-71,WPA3,1.2561264,-9.8537909
2026-09-20T10:26:43Z,generic,LAB-ALPHA,02:0A:00:00:00:33,1,2412,-70,WPA3,1.2567617,-9.8543591
2026-09-20T10:26:50Z,minino,LAB-MESH-A,02:0A:00:00:00:03,1,2412,-31,WPA2,1.2561731,-9.8537623
2026-09-20T10:26:57Z,generic,LAB-ZONE-NORTH,02:0A:00:00:00:10,36,5180,-76,UNKNOWN,1.2346509,-9.8768136
2026-09-20T10:27:04Z,minino,LAB-NET-21,02:0A:00:00:00:29,36,5180,-62,OPEN,1.2459306,-9.8655992
2026-09-20T10:27:11Z,marauder,LAB-NET-05,02:0A:00:00:00:19,6,2437,-54,OPEN,,
2026-09-20T10:27:18Z,generic,LAB-FOXTROT,02:0A:00:00:00:38,1,2412,-57,WPA2,1.2451942,-9.8660498
2026-09-20T10:27:25Z,generic,LAB-NET-01,02:0A:00:00:00:15,6,2437,-51,UNKNOWN,1.2458570,-9.8652929
2026-09-20T10:27:32Z,kismet,<hidden>,02:0A:00:00:00:2C,1,2412,-83,OPEN,1.2342437,-9.8763600
2026-09-20T10:27:39Z,minino,LAB-MESH-B,02:0A:00:00:00:08,11,2462,-54,OPEN,1.2348773,-9.8765259
2026-09-20T10:27:46Z,minino,LAB-OFFICE,02:0A:00:00:00:0C,11,2462,-55,WPA,1.2346276,-9.8758725
2026-09-20T10:27:53Z,marauder,LAB-BASEMENT,02:0A:00:00:00:13,6,2437,-59,WPA2,1.2564923,-9.8543994
2026-09-20T10:28:00Z,generic,LAB-GAMMA,02:0A:00:00:00:35,1,2412,-64,WPA3,1.2457774,-9.8651872
2026-09-20T10:28:07Z,kismet,LAB-NET-09,02:0A:00:00:00:1D,11,2462,-88,WPA2,1.2450112,-9.8661827
2026-09-20T10:28:14Z,generic,LAB-NET-15,02:0A:00:00:00:23,1,2412,-55,WPA2,1.2572382,-9.8542160
2026-09-20T10:28:21Z,marauder,LAB-NET-17,02:0A:00:00:00:25,44,5220,-42,OPEN,1.2346368,-9.8757578
2026-09-20T10:28:28Z,minino,LAB-NET-15,02:0A:00:00:00:23,1,2412,-71,WPA2,1.2566692,-9.8539434
2026-09-20T10:28:35Z,marauder,LAB-MESH-A,02:0A:00:00:00:03,1,2412,-41,WPA2,1.2565467,-9.8538142
2026-09-20T10:28:42Z,generic,LAB-CORRIDOR,02:0A:00:00:00:0E,1,2412,-80,OPEN,1.2235974,-9.8878933
2026-09-20T10:28:49Z,kismet,LAB-ALPHA,02:0A:00:00:00:33,1,2412,-52,WPA3,1.2563201,-9.8550260
2026-09-20T10:28:56Z,marauder,LAB-NET-01,02:0A:00:00:00:15,6,2437,-82,UNKNOWN,1.2453471,-9.8653157
2026-09-20T10:29:03Z,minino,LAB-ALPHA,02:0A:00:00:00:33,1,2412,-75,WPA3,1.2560839,-9.8546773
2026-09-20T10:29:10Z,kismet,LAB-NET-01,02:0A:00:00:00:15,6,2437,-50,UNKNOWN,1.2460973,-9.8651501
2026-09-20T10:29:17Z,kismet,LAB-NET-09,02:0A:00:00:00:1D,11,2462,-46,WPA2,1.2461503,-9.8650019
2026-09-20T10:29:24Z,marauder,LAB-NET-04,02:0A:00:00:00:18,40,5200,-44,OPEN,1.2345487,-9.8764121
2026-09-20T10:29:31Z,minino,LAB-NET-21,02:0A:00:00:00:29,36,5180,-59,OPEN,1.2239298,-9.8878180
2026-09-20T10:29:38Z,kismet,LAB-DELTA,02:0A:00:00:00:36,11,2462,-33,WEP,1.2235324,-9.8882453
2026-09-20T10:29:45Z,generic,LAB-MESH-A,02:0A:00:00:00:04,1,2412,-61,WPA,0.0,0.0
2026-09-20T10:29:52Z,kismet,LAB-CORRIDOR,02:0A:00:00:00:0D,6,2437,-85,OPEN,1.2463340,-9.8648207
2026-09-20T10:29:59Z,kismet,LAB-ZONE-SOUTH,02:0A:00:00:00:11,11,2462,-44,WPA2,1.2459421,-9.8651938
2026-09-20T10:30:06Z,marauder,LAB-CORRIDOR,02:0A:00:00:00:0F,11,2462,-82,WPA2,1.2561349,-9.8549687
2026-09-20T10:30:13Z,generic,LAB-NET-14,02:0A:00:00:00:22,1,2412,-46,UNKNOWN,1.2226716,-9.8873413
2026-09-20T10:30:20Z,kismet,LAB-MESH-B,02:0A:00:00:00:05,6,2437,-82,WPA3,1.2450218,-9.8649426
2026-09-20T10:30:27Z,marauder,LAB-GAMMA,02:0A:00:00:00:35,11,2462,-51,WPA3,1.2450919,-9.8646434
2026-09-20T10:30:34Z,generic,LAB-NET-09,02:0A:00:00:00:1D,11,2462,-35,WPA2,1.2452198,-9.8650349
2026-09-20T10:30:41Z,generic,LAB-IOT,02:0A:00:00:00:3A,1,2412,-70,WPA3,1.2238606,-9.8875110
2026-09-20T10:30:48Z,kismet,LAB-ZONE-NORTH,02:0A:00:00:00:10,36,5180,-41,UNKNOWN,1.2339026,-9.8764578
2026-09-20T10:30:55Z,minino,LAB-MESH-A,02:0A:00:00:00:02,36,5180,-43,WPA,1.2237101,-9.8879717
2026-09-20T10:31:02Z,marauder,LAB-NET-22,02:0A:00:00:00:2A,11,2462,-75,WPA3,,
2026-09-20T10:31:09Z,kismet,LAB-NET-19,02:0A:00:00:00:27,149,5745,-82,WPA2,1.2574110,-9.8551017
2026-09-20T10:31:16Z,marauder,LAB-DELTA,02:0A:00:00:00:36,11,2462,-89,WEP,1.2232414,-9.8873616
2026-09-20T10:31:23Z,kismet,LAB-MESH-A,02:0A:00:00:00:01,36,5180,-50,OPEN,1.2241328,-9.8869364
2026-09-20T10:31:30Z,minino,LAB-NET-30,02:0A:00:00:00:32,1,2412,-73,WPA2,1.2237796,-9.8883224
2026-09-20T10:31:37Z,generic,LAB-MESH-B,02:0A:00:00:00:06,1,2412,-53,OPEN,1.2229818,-9.8871614
2026-09-20T10:31:44Z,minino,LAB-DELTA,02:0A:00:00:00:36,11,2462,-87,WEP,1.2236857,-9.8879580
2026-09-20T10:31:51Z,minino,LAB-MESH-A,02:0A:00:00:00:3C,11,2462,-83,WPA2,1.2344932,-9.8763691
2026-09-20T10:31:58Z,kismet,LAB-MESH-A,02:0A:00:00:00:01,36,5180,-80,OPEN,1.2454336,-9.8654045
2026-09-20T10:32:05Z,marauder,LAB-NET-28,02:0A:00:00:00:30,6,2437,-69,OPEN,1.2341978,-9.8759249
2026-09-20T10:32:12Z,generic,LAB-CORRIDOR,02:0A:00:00:00:12,153,5765,-61,OPEN,1.2230774,-9.8868942
2026-09-20T10:32:19Z,marauder,LAB-MESH-A,02:0A:00:00:00:04,1,2412,-33,WPA2,1.2346748,-9.8767549
2026-09-20T10:32:26Z,marauder,LAB-NET-27,02:0A:00:00:00:2F,6,2437,-75,WPA2,1.2571742,-9.8551169
2026-09-20T10:32:33Z,generic,LAB-LABORATORY,02:0A:00:00:00:3B,6,2437,-76,WEP,1.2574789,-9.8537490
2026-09-20T10:32:40Z,marauder,LAB-NET-07,02:0A:00:00:00:1B,36,5180,-58,WPA3,1.2565009,-9.8537994
2026-09-20T10:32:47Z,marauder,LAB-MESH-A,02:0A:00:00:00:04,1,2412,-34,WPA2,1.2350547,-9.8757729
2026-09-20T10:32:54Z,kismet,LAB-BASEMENT,02:0A:00:00:00:13,6,2437,-78,WPA2,1.2564861,-9.8549828
2026-09-20T10:33:01Z,generic,LAB-ALPHA,02:0A:00:00:00:33,1,2412,-41,WPA3,1.2569853,-9.8543787
2026-09-20T10:33:08Z,marauder,LAB-NET-27,02:0A:00:00:00:2F,6,2437,-76,OPEN,1.2572058,-9.8547288
2026-09-20T10:33:15Z,kismet,LAB-NET-21,02:0A:00:00:00:29,36,5180,-84,OPEN,1.2337701,-9.8762915
2026-09-20T10:33:22Z,marauder,LAB-ZONE-NORTH,02:0A:00:00:00:10,6,2437,-88,UNKNOWN,1.2353057,-9.8757871
2026-09-20T10:33:29Z,marauder,LAB-IOT,02:0A:00:00:00:3A,1,2412,-53,WPA3,1.2233176,-9.8870214
2026-09-20T10:33:36Z,minino,LAB-OFFICE,02:0A:00:00:00:09,1,2412,-72,UNKNOWN,1.2568975,-9.8544250
2026-09-20T10:33:43Z,generic,LAB-NET-01,02:0A:00:00:00:15,6,2437,-73,UNKNOWN,1.2455076,-9.8649011
2026-09-20T10:33:50Z,generic,LAB-CORRIDOR,02:0A:00:00:00:0D,6,2437,-70,OPEN,1.2461111,-9.8660577
2026-09-20T10:33:57Z,marauder,LAB-NET-15,02:0A:00:00:00:23,1,2412,-85,WPA2,1.2572215,-9.8543979
2026-09-20T10:34:04Z,kismet,<hidden>,02:0A:00:00:00:2C,1,2412,-81,OPEN,1.2348953,-9.8763779
2026-09-20T10:34:11Z,minino,LAB-ZONE-NORTH,02:0A:00:00:00:10,36,5180,-89,UNKNOWN,1.2344018,-9.8772649
2026-09-20T10:34:18Z,minino,<hidden>,02:0A:00:00:00:37,11,2462,-83,UNKNOWN,1.2571859,-9.8547212
2026-09-20T10:34:25Z,marauder,LAB-CORRIDOR,02:0A:00:00:00:0F,11,2462,-53,WPA2,1.2573069,-9.8545254
2026-09-20T10:34:32Z,generic,LAB-LABORATORY,02:0A:00:00:00:3B,6,2437,-39,WEP,1.2560239,-9.8550178
2026-09-20T10:34:39Z,marauder,LAB-IOT,02:0A:00:00:00:3A,1,2412,-80,WPA3,1.2239509,-9.8882583
2026-09-20T10:34:46Z,minino,LAB-NET-08,02:0A:00:00:00:1C,6,2437,-68,WPA2,1.2343998,-9.8772960
2026-09-20T10:34:53Z,minino,LAB-OFFICE,02:0A:00:00:00:0C,11,2462,-49,WPA,1.2344814,-9.8771054
2026-09-20T10:35:00Z,generic,LAB-NET-07,02:0A:00:00:00:1B,36,5180,-78,WPA3,1.2567554,-9.8549806
2026-09-20T10:35:07Z,generic,LAB-BETA,02:0A:00:00:00:34,36,5180,-40,WPA2,1.2347770,-9.8760597
2026-09-20T10:35:14Z,generic,LAB-NET-11,02:0A:00:00:00:1F,1,2412,-73,UNKNOWN,1.2567645,-9.8536607
2026-09-20T10:35:21Z,generic,LAB-NET-01,02:0A:00:00:00:15,6,2437,-57,UNKNOWN,1.2449258,-9.8649350
2026-09-20T10:35:28Z,kismet,LAB-NET-18,02:0A:00:00:00:26,6,2437,-56,WPA2,1.2242151,-9.8882941
2026-09-20T10:35:35Z,generic,LAB-LABORATORY,02:0A:00:00:00:3B,6,2437,-68,WEP,1.2572115,-9.8536045
2026-09-20T10:35:42Z,kismet,<hidden>,02:0A:00:00:00:37,11,2462,-32,WPA2,1.2563675,-9.8546122
2026-09-20T10:35:49Z,minino,LAB-NET-26,02:0A:00:00:00:2E,6,2437,-37,WPA3,1.2241728,-9.8875525
2026-09-20T10:35:56Z,minino,LAB-GUEST,02:0A:00:00:00:39,1,2412,-52,WPA2,1.2457463,-9.8659512
2026-09-20T10:36:03Z,kismet,LAB-NET-14,02:0A:00:00:00:22,1,2412,-45,UNKNOWN,1.2231875,-9.8874717
2026-09-20T10:36:10Z,minino,LAB-BETA,02:0A:00:00:00:34,36,5180,-41,WPA2,1.2342855,-9.8773081
2026-09-20T10:36:17Z,generic,LAB-NET-14,02:0A:00:00:00:22,1,2412,-53,UNKNOWN,1.2241936,-9.8878566
2026-09-20T10:36:24Z,generic,<hidden>,02:0A:00:00:00:14,6,2437,-49,WPA3,1.2353292,-9.8761714
2026-09-20T10:36:31Z,minino,LAB-NET-26,02:0A:00:00:00:2E,6,2437,-48,WPA3,1.2237664,-9.8869681
2026-09-20T10:36:38Z,marauder,LAB-OFFICE,02:0A:00:00:00:0C,11,2462,-30,WPA,1.2349422,-9.8768720
2026-09-20T10:36:45Z,kismet,LAB-NET-17,02:0A:00:00:00:25,44,5220,-32,OPEN,1.2572223,-9.8542130
2026-09-20T10:36:52Z,marauder,LAB-NET-20,02:0A:00:00:00:28,11,2462,-75,WPA3,1.2346727,-9.8758445
2026-09-20T10:36:59Z,kismet,LAB-NET-01,02:0A:00:00:00:15,6,2437,-62,WPA2,1.2462954,-9.8660901
2026-09-20T10:37:06Z,generic,LAB-NET-25,02:0A:00:00:00:2D,6,2437,-44,WPA3,1.2452896,-9.8660592
2026-09-20T10:37:13Z,marauder,LAB-OFFICE,02:0A:00:00:00:0B,1,2412,-37,WPA2,1.2567779,-9.8545151
2026-09-20T10:37:20Z,kismet,LAB-FOXTROT,02:0A:00:00:00:38,1,2412,-74,WPA2,1.2449968,-9.8648789
2026-09-20T10:37:27Z,kismet,LAB-MESH-B,02:0A:00:00:00:05,1,2412,-52,WPA3,1.2462996,-9.8659747
2026-09-20T10:37:34Z,generic,LAB-IOT,02:0A:00:00:00:3A,1,2412,-80,WPA3,1.2227063,-9.8869464
2026-09-20T10:37:41Z,kismet,<hidden>,02:0A:00:00:00:16,40,5200,-48,WPA2,1.2229607,-9.8873388
2026-09-20T10:37:48Z,marauder,LAB-ZONE-NORTH,02:0A:00:00:00:10,36,5180,-67,WPA2,1.2343964,-9.8764637
2026-09-20T10:37:55Z,kismet,LAB-GAMMA,02:0A:00:00:00:35,1,2412,-85,WPA3,1.2458392,-9.8659126
2026-09-20T10:38:02Z,marauder,LAB-MESH-B,02:0A:00:00:00:08,11,2462,-49,OPEN,1.2344037,-9.8765606
2026-09-20T10:38:09Z,generic,LAB-OFFICE,02:0A:00:00:00:0C,6,2437,-74,WPA,1.2343781,-9.8770447
2026-09-20T10:38:16Z,kismet,LAB-CORRIDOR,02:0A:00:00:00:12,11,2462,-39,OPEN,1.2228985,-9.8873399
2026-09-20T10:38:23Z,generic,LAB-NET-29,02:0A:00:00:00:31,6,2437,-54,WPA2,1.2462242,-9.8649227
2026-09-20T10:38:30Z,minino,LAB-NET-11,02:0A:00:00:00:1F,11,2462,-83,UNKNOWN,1.2566207,-9.8537547
2026-09-20T10:38:37Z,minino,LAB-NET-09,02:0A:00:00:00:1D,11,2462,-88,WPA2,1.2464539,-9.8646766
2026-09-20T10:38:44Z,kismet,<hidden>,02:0A:00:00:00:2C,1,2412,-70,OPEN,1.2353634,-9.8763396
2026-09-20T10:38:51Z,kismet,LAB-LABORATORY,02:0A:00:00:00:3B,6,2437,-57,WEP,1.2561282,-9.8542308
2026-09-20T10:38:58Z,generic,LAB-FOXTROT,02:0A:00:00:00:38,1,2412,-81,WPA2,1.2347647,-9.8765071
2026-09-20T10:39:05Z,kismet,LAB-NET-18,02:0A:00:00:00:26,1,2412,-35,WPA2,1.2242004,-9.8882940
2026-09-20T10:39:12Z,generic,LAB-NET-03,02:0A:00:00:00:17,153,5765,-88,WPA3,1.2564116,-9.8540733
2026-09-20T10:39:19Z,minino,LAB-NET-06,02:0A:00:00:00:1A,6,2437,-87,WPA2,1.2236305,-9.8873444
2026-09-20T10:39:26Z,kismet,LAB-LABORATORY,02:0A:00:00:00:3B,6,2437,-73,WEP,1.2565849,-9.8545804
2026-09-20T10:39:33Z,generic,<hidden>,02:0A:00:00:00:37,11,2462,-41,WPA2,1.2561461,-9.8537308
2026-09-20T10:39:40Z,generic,LAB-CORRIDOR,02:0A:00:00:00:12,153,5765,-43,OPEN,1.2236247,-9.8883114
2026-09-20T10:39:47Z,kismet,LAB-NET-14,02:0A:00:00:00:22,1,2412,-45,UNKNOWN,1.2239703,-9.8876299
2026-09-20T10:39:54Z,generic,LAB-OFFICE,02:0A:00:00:00:09,1,2412,-87,UNKNOWN,1.2351681,-9.8770220
2026-09-20T10:40:01Z,marauder,LAB-NET-26,02:0A:00:00:00:2E,6,2437,-47,WPA2,1.2232461,-9.8877116
2026-09-20T10:40:08Z,kismet,LAB-NET-19,02:0A:00:00:00:27,149,5745,-80,WPA2,1.2575258,-9.8543617
2026-09-20T10:40:15Z,minino,LAB-ZONE-SOUTH,02:0A:00:00:00:11,11,2462,-36,WPA2,1.2459811,-9.8657760
2026-09-20T10:40:22Z,generic,LAB-CORRIDOR,02:0A:00:00:00:0E,1,2412,-58,OPEN,1.2236925,-9.8873700
2026-09-20T10:40:29Z,marauder,LAB-NET-30,02:0A:00:00:00:32,1,2412,-76,WPA2,1.2234153,-9.8882426
2026-09-20T10:40:36Z,generic,LAB-BETA,02:0A:00:00:00:34,36,5180,-36,WPA2,1.2349082,-9.8762082
2026-09-20T10:40:43Z,marauder,LAB-ZONE-SOUTH,02:0A:00:00:00:11,11,2462,-90,WPA2,1.2453623,-9.8653991
2026-09-20T10:40:50Z,kismet,LAB-NET-23,02:0A:00:00:00:2B,36,5180,-71,WPA2,1.2573320,-9.8542227
2026-09-20T10:40:57Z,kismet,LAB-NET-11,02:0A:00:00:00:1F,1,2412,-49,UNKNOWN,1.2575704,-9.8540960
2026-09-20T10:41:04Z,marauder,LAB-IOT,02:0A:00:00:00:3A,1,2412,-39,WPA3,1.2229581,-9.8876266
2026-09-20T10:41:11Z,generic,LAB-BETA,02:0A:00:00:00:34,36,5180,-72,WPA2,1.2348246,-9.8762540
2026-09-20T10:41:18Z,minino,LAB-NET-07,02:0A:00:00:00:1B,36,5180,-69,WPA3,1.2571678,-9.8541882
2026-09-20T10:41:25Z,kismet,LAB-CORRIDOR,02:0A:00:00:00:0F,11,2462,-58,WPA2,1.2570103,-9.8543598
2026-09-20T10:41:32Z,kismet,LAB-OFFICE,02:0A:00:00:00:0B,1,2412,-44,WPA2,1.2573914,-9.8548312
2026-09-20T10:41:39Z,minino,LAB-NET-29,02:0A:00:00:00:31,6,2437,-43,WPA2,1.2463182,-9.8651850
2026-09-20T10:41:46Z,marauder,LAB-NET-07,02:0A:00:00:00:1B,36,5180,-60,WPA3,1.2565191,-9.8547041
2026-09-20T10:41:53Z,kismet,LAB-NET-21,02:0A:00:00:00:29,36,5180,-64,OPEN,1.2340791,-9.8771515
2026-09-20T10:42:00Z,generic,<hidden>,02:0A:00:00:00:37,11,2462,-81,WPA2,1.2575768,-9.8545727
2026-09-20T10:42:07Z,kismet,LAB-NET-26,02:0A:00:00:00:2E,6,2437,-50,WPA3,1.2227860,-9.8879221
2026-09-20T10:42:14Z,generic,LAB-NET-09,02:0A:00:00:00:1D,11,2462,-40,WPA2,1.2460968,-9.8659623
2026-09-20T10:42:21Z,generic,LAB-MESH-B,02:0A:00:00:00:06,1,2412,-66,WPA3,1.2233506,-9.8877672
2026-09-20T10:42:28Z,minino,LAB-NET-27,02:0A:00:00:00:2F,6,2437,-89,OPEN,1.2560115,-9.8546055
2026-09-20T10:42:35Z,kismet,LAB-NET-21,02:0A:00:00:00:29,11,2462,-80,OPEN,1.2462821,-9.8657328
2026-09-20T10:42:42Z,kismet,LAB-MESH-A,02:0A:00:00:00:03,1,2412,-63,WPA2,1.2564543,-9.8539565
2026-09-20T10:42:49Z,generic,LAB-OFFICE,02:0A:00:00:00:09,1,2412,-89,UNKNOWN,1.2234410,-9.8872541
2026-09-20T10:42:56Z,marauder,LAB-NET-27,02:0A:00:00:00:2F,6,2437,-67,OPEN,1.2563269,-9.8550859
2026-09-20T10:43:03Z,marauder,LAB-ALPHA,02:0A:00:00:00:33,1,2412,-52,WPA3,0.0,0.0
2026-09-20T10:43:10Z,generic,LAB-NET-23,02:0A:00:00:00:2B,6,2437,-83,WPA2,1.2573268,-9.8550438
2026-09-20T10:43:17Z,marauder,LAB-NET-11,02:0A:00:00:00:1F,6,2437,-48,UNKNOWN,1.2563178,-9.8540238
2026-09-20T10:43:24Z,marauder,LAB-NET-20,02:0A:00:00:00:28,11,2462,-72,WPA3,1.2339873,-9.8760142
2026-09-20T10:43:31Z,minino,LAB-MESH-B,02:0A:00:00:00:07,36,5180,-68,WPA2,1.2563086,-9.8547002
2026-09-20T10:43:38Z,generic,LAB-BASEMENT,02:0A:00:00:00:13,6,2437,-69,WPA2,1.2568660,-9.8536644
2026-09-20T10:43:45Z,marauder,LAB-MESH-A,02:0A:00:00:00:01,1,2412,-44,OPEN,1.2351042,-9.8762728
2026-09-20T10:43:52Z,generic,LAB-IOT,02:0A:00:00:00:3A,1,2412,-87,WPA3,1.2230266,-9.8868724
2026-09-20T10:43:59Z,generic,LAB-OFFICE,02:0A:00:00:00:0C,11,2462,-43,WPA,1.2351314,-9.8767669
2026-09-20T10:44:06Z,minino,<hidden>,02:0A:00:00:00:37,11,2462,-69,WPA2,1.2560624,-9.8537578
2026-09-20T10:44:13Z,kismet,LAB-NET-09,02:0A:00:00:00:1D,11,2462,-79,WPA2,1.2453082,-9.8650592
2026-09-20T10:44:20Z,generic,LAB-NET-06,02:0A:00:00:00:1A,153,5765,-49,WPA2,1.2230916,-9.8878372
2026-09-20T10:44:27Z,minino,LAB-OFFICE,02:0A:00:00:00:0B,1,2412,-84,WPA2,1.2571029,-9.8550272
2026-09-20T10:44:34Z,kismet,LAB-NET-18,02:0A:00:00:00:26,6,2437,-51,OPEN,1.2235670,-9.8877532
2026-09-20T10:44:41Z,generic,LAB-DELTA,02:0A:00:00:00:36,11,2462,-62,WPA2,1.2240835,-9.8876814
2026-09-20T10:44:48Z,kismet,LAB-NET-01,02:0A:00:00:00:15,6,2437,-57,UNKNOWN,,
2026-09-20T10:44:55Z,generic,LAB-NET-25,02:0A:00:00:00:2D,6,2437,-81,WPA3,1.2455715,-9.8650695
2026-09-20T10:45:02Z,generic,LAB-NET-16,02:0A:00:00:00:24,36,5180,-36,WPA2,1.2347485,-9.8773246
2026-09-20T10:45:09Z,marauder,LAB-OFFICE,02:0A:00:00:00:0B,1,2412,-58,WPA2,1.2567756,-9.8547356
2026-09-20T10:45:16Z,generic,LAB-NET-22,02:0A:00:00:00:2A,11,2462,-85,WPA3,1.2239641,-9.8883282
2026-09-20T10:45:23Z,generic,LAB-NET-09,02:0A:00:00:00:1D,6,2437,-88,WPA2,1.2464480,-9.8650397
2026-09-20T10:45:30Z,minino,LAB-MESH-A,02:0A:00:00:00:01,36,5180,-49,OPEN,1.2353089,-9.8763231
2026-09-20T10:45:37Z,generic,<hidden>,02:0A:00:00:00:16,40,5200,-45,WPA2,1.2227435,-9.8880976
2026-09-20T10:45:44Z,kismet,LAB-NET-26,02:0A:00:00:00:2E,6,2437,-55,WPA3,1.2228126,-9.8874000
2026-09-20T10:45:51Z,generic,LAB-NET-25,02:0A:00:00:00:2D,6,2437,-84,WPA3,1.2463139,-9.8654442
2026-09-20T10:45:58Z,minino,LAB-CORRIDOR,02:0A:00:00:00:0D,6,2437,-45,OPEN,1.2463672,-9.8656035
2026-09-20T10:46:05Z,generic,LAB-NET-29,02:0A:00:00:00:31,6,2437,-48,WPA2,1.2570022,-9.8540456
2026-09-20T10:46:12Z,generic,<hidden>,02:0A:00:00:00:21,6,2437,-31,WPA2,1.2456770,-9.8653835
2026-09-20T10:46:19Z,marauder,LAB-LABORATORY,02:0A:00:00:00:3B,6,2437,-66,WEP,1.2570959,-9.8548432
2026-09-20T10:46:26Z,minino,LAB-NET-19,02:0A:00:00:00:27,149,5745,-73,WPA2,1.2567956,-9.8545055
2026-09-20T10:46:33Z,kismet,<hidden>,02:0A:00:00:00:16,40,5200,-37,WPA2,1.2233813,-9.8882409
2026-09-20T10:46:40Z,kismet,LAB-FOXTROT,02:0A:00:00:00:38,1,2412,-47,WPA2,1.2241535,-9.8874422
2026-09-20T10:46:47Z,kismet,<hidden>,02:0A:00:00:00:2C,1,2412,-45,OPEN,1.2349044,-9.8757829
2026-09-20T10:46:54Z,kismet,LAB-NET-03,02:0A:00:00:00:17,153,5765,-34,WPA3,1.2569215,-9.8536127
2026-09-20T10:47:01Z,marauder,LAB-BETA,02:0A:00:00:00:34,1,2412,-48,WPA2,,
2026-09-20T10:47:08Z,marauder,LAB-CORRIDOR,02:0A:00:00:00:12,153,5765,-46,OPEN,1.2229142,-9.8879957
2026-09-20T10:47:15Z,minino,LAB-CORRIDOR,02:0A:00:00:00:0E,11,2462,-43,OPEN,1.2227084,-9.8871519
2026-09-20T10:47:22Z,marauder,LAB-NET-05,02:0A:00:00:00:19,6,2437,-31,OPEN,1.2461338,-9.8649540
2026-09-20T10:47:29Z,marauder,LAB-NET-07,02:0A:00:00:00:1B,36,5180,-43,WPA3,1.2575503,-9.8546208
2026-09-20T10:47:36Z,kismet,LAB-NET-20,02:0A:00:00:00:28,11,2462,-42,WPA3,1.2351445,-9.8766343
2026-09-20T10:47:43Z,minino,LAB-NET-28,02:0A:00:00:00:30,6,2437,-47,OPEN,1.2350096,-9.8758003
2026-09-20T10:47:50Z,kismet,LAB-OFFICE,02:0A:00:00:00:0C,11,2462,-82,WPA,1.2339588,-9.8772782
2026-09-20T10:47:57Z,minino,<hidden>,02:0A:00:00:00:37,11,2462,-31,WPA2,1.2565179,-9.8539855
2026-09-20T10:48:04Z,kismet,LAB-MESH-A,02:0A:00:00:00:04,1,2412,-86,WPA2,1.2347684,-9.8759942
2026-09-20T10:48:11Z,minino,LAB-NET-01,02:0A:00:00:00:15,6,2437,-64,UNKNOWN,1.2464101,-9.8653991
2026-09-20T10:48:18Z,kismet,LAB-NET-06,02:0A:00:00:00:1A,153,5765,-72,WPA2,1.2230106,-9.8881129
2026-09-20T10:48:25Z,kismet,LAB-NET-29,02:0A:00:00:00:31,11,2462,-62,WPA2,1.2573069,-9.8535512
2026-09-20T10:48:32Z,kismet,LAB-NET-22,02:0A:00:00:00:2A,11,2462,-66,WPA3,1.2236505,-9.8869201
2026-09-20T10:48:39Z,kismet,LAB-MESH-B,02:0A:00:00:00:08,11,2462,-58,OPEN,1.2346322,-9.8768907
2026-09-20T10:48:46Z,marauder,LAB-NET-09,02:0A:00:00:00:1D,11,2462,-30,WPA2,1.2453532,-9.8651897
2026-09-20T10:48:53Z,minino,LAB-NET-30,02:0A:00:00:00:32,1,2412,-35,WPA2,1.2226684,-9.8883495
2026-09-20T10:49:00Z,generic,LAB-DELTA,02:0A:00:00:00:36,11,2462,-49,WEP,1.2235171,-9.8873299
2026-09-20T10:49:07Z,marauder,LAB-MESH-B,02:0A:00:00:00:05,11,2462,-86,WPA3,1.2451249,-9.8654973
2026-09-20T10:49:14Z,generic,LAB-ALPHA,02:0A:00:00:00:33,1,2412,-66,WPA3,1.2561017,-9.8538064
2026-09-20T10:49:21Z,marauder,LAB-NET-06,02:0A:00:00:00:1A,153,5765,-42,WPA2,1.2226837,-9.8873770
2026-09-20T10:49:28Z,kismet,LAB-MESH-A,02:0A:00:00:00:03,11,2462,-52,WPA2,1.2561051,-9.8536361
2026-09-20T10:49:35Z,minino,LAB-NET-29,02:0A:00:00:00:31,6,2437,-82,WPA2,1.2573044,-9.8550717
2026-09-20T10:49:42Z,kismet,LAB-ALPHA,02:0A:00:00:00:33,11,2462,-30,UNKNOWN,1.2568622,-9.8535848
2026-09-20T10:49:49Z,marauder,LAB-OFFICE,02:0A:00:00:00:0A,153,5765,-71,WPA2,1.2226647,-9.8874997
2026-09-20T10:49:56Z,minino,LAB-NET-28,02:0A:00:00:00:30,6,2437,-80,OPEN,1.2343180,-9.8766830
2026-09-20T10:50:03Z,marauder,LAB-NET-20,02:0A:00:00:00:28,11,2462,-36,WPA3,1.2340787,-9.8770530
2026-09-20T10:50:10Z,minino,LAB-NET-16,02:0A:00:00:00:24,1,2412,-44,WPA2,1.2346473,-9.8768782
2026-09-20T10:50:17Z,marauder,<hidden>,02:0A:00:00:00:16,40,5200,-33,WPA2,1.2237308,-9.8880790
2026-09-20T10:50:24Z,kismet,LAB-NET-12,02:0A:00:00:00:20,1,2412,-39,WPA3,1.2570441,-9.8540115
2026-09-20T10:50:31Z,generic,LAB-NET-08,02:0A:00:00:00:1C,6,2437,-73,WPA2,1.2342689,-9.8760861
2026-09-20T10:50:38Z,marauder,LAB-OFFICE,02:0A:00:00:00:09,1,2412,-79,UNKNOWN,1.2233973,-9.8878803
2026-09-20T10:50:45Z,kismet,LAB-MESH-B,02:0A:00:00:00:06,1,2412,-44,OPEN,1.2240306,-9.8882303
2026-09-20T10:50:52Z,generic,LAB-MESH-B,02:0A:00:00:00:05,11,2462,-41,WPA3,1.2463063,-9.8648728
2026-09-20T10:50:59Z,generic,LAB-LABORATORY,02:0A:00:00:00:3B,6,2437,-49,WEP,0.0,0.0
2026-09-20T10:51:06Z,minino,LAB-NET-04,02:0A:00:00:00:18,40,5200,-61,OPEN,1.2351941,-9.8763998
2026-09-20T10:51:13Z,minino,LAB-MESH-B,02:0A:00:00:00:06,1,2412,-42,OPEN,1.2234602,-9.8873940
2026-09-20T10:51:20Z,minino,LAB-NET-09,02:0A:00:00:00:1D,11,2462,-43,WPA2,1.2457851,-9.8653268
2026-09-20T10:51:27Z,kismet,LAB-NET-03,02:0A:00:00:00:17,153,5765,-67,WPA3,0.0,0.0
2026-09-20T10:51:34Z,generic,LAB-NET-23,02:0A:00:00:00:2B,36,5180,-34,WEP,1.2574414,-9.8545430
2026-09-20T10:51:41Z,kismet,LAB-NET-01,02:0A:00:00:00:15,6,2437,-53,UNKNOWN,1.2464284,-9.8652184
2026-09-20T10:51:48Z,marauder,LAB-OFFICE,02:0A:00:00:00:0C,11,2462,-57,WPA,1.2343734,-9.8764029
2026-09-20T10:51:55Z,generic,LAB-LABORATORY,02:0A:00:00:00:3B,6,2437,-34,WEP,1.2566383,-9.8538134
2026-09-20T10:52:02Z,kismet,<hidden>,02:0A:00:00:00:21,11,2462,-77,WPA2,1.2455827,-9.8658641
2026-09-20T10:52:09Z,kismet,LAB-OFFICE,02:0A:00:00:00:0B,1,2412,-44,WPA2,1.2571367,-9.8549317
2026-09-20T10:52:16Z,marauder,<hidden>,02:0A:00:00:00:2C,1,2412,-75,WPA3,1.2341049,-9.8770852
2026-09-20T10:52:23Z,kismet,LAB-OFFICE,02:0A:00:00:00:0B,1,2412,-31,WPA2,1.2568092,-9.8536957
2026-09-20T10:52:30Z,kismet,LAB-NET-06,02:0A:00:00:00:1A,153,5765,-30,WPA2,1.2235585,-9.8884245
2026-09-20T10:52:37Z,generic,LAB-NET-09,02:0A:00:00:00:1D,11,2462,-52,WPA2,1.2456332,-9.8654614
2026-09-20T10:52:44Z,kismet,LAB-NET-18,02:0A:00:00:00:26,6,2437,-31,WPA2,1.2229477,-9.8873989
2026-09-20T10:52:51Z,generic,LAB-NET-18,02:0A:00:00:00:26,11,2462,-38,WPA2,1.2232618,-9.8882428
2026-09-20T10:52:58Z,marauder,LAB-MESH-B,02:0A:00:00:00:07,36,5180,-85,WPA2,1.2458625,-9.8661696
2026-09-20T10:53:05Z,kismet,LAB-OFFICE,02:0A:00:00:00:09,1,2412,-35,WPA3,1.2350076,-9.8763044
2026-09-20T10:53:12Z,marauder,LAB-CORRIDOR,02:0A:00:00:00:0F,11,2462,-63,WPA2,1.2567604,-9.8538911
2026-09-20T10:53:19Z,generic,LAB-NET-11,02:0A:00:00:00:1F,1,2412,-74,UNKNOWN,1.2574451,-9.8549869
2026-09-20T10:53:26Z,generic,LAB-NET-26,02:0A:00:00:00:2E,6,2437,-49,WPA3,1.2226681,-9.8876182
2026-09-20T10:53:33Z,kismet,LAB-BETA,02:0A:00:00:00:34,36,5180,-74,WPA2,1.2343474,-9.8770956
2026-09-20T10:53:40Z,minino,LAB-NET-08,02:0A:00:00:00:1C,6,2437,-64,WPA2,1.2347468,-9.8757563
2026-09-20T10:53:47Z,kismet,LAB-NET-16,02:0A:00:00:00:24,36,5180,-54,WPA2,1.2343601,-9.8764553
2026-09-20T10:53:54Z,generic,LAB-NET-26,02:0A:00:00:00:2E,1,2412,-40,WPA3,1.2228776,-9.8870722
2026-09-20T10:54:01Z,marauder,LAB-OFFICE,02:0A:00:00:00:0B,1,2412,-80,WPA2,1.2568023,-9.8538633
2026-09-20T10:54:08Z,marauder,LAB-NET-21,02:0A:00:00:00:29,36,5180,-86,OPEN,1.2350850,-9.8765885
2026-09-20T10:54:15Z,kismet,LAB-NET-04,02:0A:00:00:00:18,40,5200,-45,OPEN,1.2338282,-9.8767283
2026-09-20T10:54:22Z,minino,LAB-MESH-A,02:0A:00:00:00:04,1,2412,-36,WPA2,1.2350802,-9.8763187
2026-09-20T10:54:29Z,minino,LAB-BETA,02:0A:00:00:00:34,36,5180,-51,WPA2,1.2340794,-9.8760889
2026-09-20T10:54:36Z,generic,LAB-MESH-A,02:0A:00:00:00:03,6,2437,-68,WPA2,1.2570370,-9.8535600
2026-09-20T10:54:43Z,kismet,LAB-NET-06,02:0A:00:00:00:1A,1,2412,-44,WPA2,1.2234851,-9.8872752
2026-09-20T10:54:50Z,minino,LAB-LABORATORY,02:0A:00:00:00:3B,6,2437,-61,WEP,1.2565450,-9.8538162
2026-09-20T10:54:57Z,kismet,LAB-NET-17,02:0A:00:00:00:25,6,2437,-30,OPEN,1.2344192,-9.8771729
2026-09-20T10:55:04Z,generic,<hidden>,02:0A:00:00:00:21,11,2462,-66,WPA2,1.2462807,-9.8649311
2026-09-20T10:55:11Z,marauder,LAB-NET-30,02:0A:00:00:00:32,1,2412,-60,WPA2,1.2232002,-9.8872133
2026-09-20T10:55:18Z,kismet,LAB-MESH-B,02:0A:00:00:00:05,11,2462,-64,WPA3,1.2461407,-9.8658795
2026-09-20T10:55:25Z,generic,LAB-NET-14,02:0A:00:00:00:22,1,2412,-47,UNKNOWN,1.2237780,-9.8880329
2026-09-20T10:55:32Z,kismet,<hidden>,02:0A:00:00:00:16,40,5200,-79,WPA2,1.2241469,-9.8876918
2026-09-20T10:55:39Z,minino,<hidden>,02:0A:00:00:00:2C,1,2412,-35,OPEN,1.2340721,-9.8761638
2026-09-20T10:55:46Z,marauder,LAB-CORRIDOR,02:0A:00:00:00:0F,11,2462,-83,WPA2,1.2563885,-9.8541312
2026-09-20T10:55:53Z,marauder,<hidden>,02:0A:00:00:00:2C,1,2412,-36,OPEN,1.2345561,-9.8773326
2026-09-20T10:56:00Z,kismet,LAB-NET-20,02:0A:00:00:00:28,11,2462,-59,WPA3,1.2352048,-9.8759336
2026-09-20T10:56:07Z,generic,LAB-NET-29,02:0A:00:00:00:31,6,2437,-60,WPA2,1.2238570,-9.8882491
2026-09-20T10:56:14Z,marauder,LAB-MESH-A,02:0A:00:00:00:03,1,2412,-46,WPA2,1.2566189,-9.8540229
2026-09-20T10:56:21Z,kismet,LAB-NET-01,02:0A:00:00:00:15,6,2437,-67,UNKNOWN,1.2448978,-9.8658949
2026-09-20T10:56:28Z,kismet,LAB-ZONE-SOUTH,02:0A:00:00:00:11,11,2462,-67,WPA2,1.2452995,-9.8658010
2026-09-20T10:56:35Z,kismet,LAB-NET-08,02:0A:00:00:00:1C,6,2437,-62,WPA2,1.2348889,-9.8767475
2026-09-20T10:56:42Z,generic,LAB-OFFICE,02:0A:00:00:00:09,1,2412,-78,UNKNOWN,1.2460322,-9.8649456
2026-09-20T10:56:49Z,kismet,LAB-NET-28,02:0A:00:00:00:30,6,2437,-40,OPEN,1.2350569,-9.8770606
2026-09-20T10:56:56Z,marauder,LAB-ZONE-SOUTH,02:0A:00:00:00:11,11,2462,-77,WPA2,1.2457874,-9.8655947
2026-09-20T10:57:03Z,kismet,LAB-NET-11,02:0A:00:00:00:1F,1,2412,-55,UNKNOWN,1.2561431,-9.8539297
2026-09-20T10:57:10Z,minino,LAB-BETA,02:0A:00:00:00:34,36,5180,-54,WPA2,1.2337995,-9.8771492
2026-09-20T10:57:17Z,generic,LAB-NET-22,02:0A:00:00:00:2A,11,2462,-41,WPA3,1.2242237,-9.8879989
2026-09-20T10:57:24Z,minino,LAB-GUEST,02:0A:00:00:00:39,1,2412,-50,WPA2,1.2458608,-9.8654901
2026-09-20T10:57:31Z,marauder,<hidden>,02:0A:00:00:00:16,40,5200,-80,WPA2,1.2236364,-9.8878067
2026-09-20T10:57:38Z,kismet,LAB-NET-01,02:0A:00:00:00:15,6,2437,-34,UNKNOWN,1.2453451,-9.8658041
2026-09-20T10:57:45Z,marauder,LAB-FOXTROT,02:0A:00:00:00:38,1,2412,-82,WPA2,1.2234902,-9.8877338
2026-09-20T10:57:52Z,generic,LAB-NET-23,02:0A:00:00:00:2B,36,5180,-84,WPA2,1.2571792,-9.8539214
2026-09-20T10:57:59Z,marauder,LAB-MESH-A,02:0A:00:00:00:3C,11,2462,-84,OPEN,1.2346453,-9.8773010
2026-09-20T10:58:06Z,kismet,LAB-OFFICE,02:0A:00:00:00:0A,153,5765,-62,WPA2,1.2241472,-9.8878305
2026-09-20T10:58:13Z,kismet,LAB-OFFICE,02:0A:00:00:00:09,1,2412,-35,UNKNOWN,0.0,0.0
2026-09-20T10:58:20Z,generic,LAB-FOXTROT,02:0A:00:00:00:38,1,2412,-50,WPA2,1.2228729,-9.8869367
2026-09-20T10:58:27Z,kismet,LAB-GUEST,02:0A:00:00:00:39,1,2412,-60,WPA2,1.2457164,-9.8652089
2026-09-20T10:58:34Z,marauder,LAB-BETA,02:0A:00:00:00:34,36,5180,-90,WPA2,1.2342604,-9.8766837
2026-09-20T10:58:41Z,generic,LAB-NET-29,02:0A:00:00:00:31,6,2437,-71,WPA2,1.2456296,-9.8662188
2026-09-20T10:58:48Z,generic,LAB-BASEMENT,02:0A:00:00:00:13,6,2437,-65,WPA2,1.2572638,-9.8542439
2026-09-20T10:58:55Z,generic,LAB-NET-26,02:0A:00:00:00:2E,6,2437,-50,WPA3,1.2232803,-9.8878489
2026-09-20T10:59:02Z,marauder,LAB-NET-29,02:0A:00:00:00:31,6,2437,-79,WPA2,1.2238454,-9.8871602
2026-09-20T10:59:09Z,minino,LAB-MESH-B,02:0A:00:00:00:08,11,2462,-70,WPA2,1.2347562,-9.8769078
2026-09-20T10:59:16Z,minino,LAB-NET-15,02:0A:00:00:00:23,1,2412,-45,WPA2,,
2026-09-20T10:59:23Z,generic,LAB-MESH-A,02:0A:00:00:00:01,36,5180,-67,OPEN,1.2449025,-9.8658846
2026-09-20T10:59:30Z,minino,LAB-ALPHA,02:0A:00:00:00:33,1,2412,-87,WPA3,,
2026-09-20T10:59:37Z,generic,LAB-NET-06,02:0A:00:00:00:1A,153,5765,-37,WEP,1.2234089,-9.8881468
2026-09-20T10:59:44Z,marauder,LAB-NET-26,02:0A:00:00:00:2E,6,2437,-78,WPA3,1.2238907,-9.8877456
2026-09-20T10:59:51Z,kismet,LAB-NET-30,02:0A:00:00:00:32,1,2412,-31,WPA2,1.2237223,-9.8881208
2026-09-20T10:59:58Z,kismet,LAB-NET-21,02:0A:00:00:00:29,36,5180,-78,OPEN,1.2346471,-9.8771478
2026-09-20T11:00:05Z,kismet,LAB-MESH-A,02:0A:00:00:00:04,1,2412,-90,WPA2,1.2341163,-9.8771625
2026-09-20T11:00:12Z,generic,LAB-CORRIDOR,02:0A:00:00:00:12,153,5765,-46,OPEN,1.2232900,-9.8880654
2026-09-20T11:00:19Z,kismet,LAB-NET-04,02:0A:00:00:00:18,40,5200,-31,OPEN,1.2341658,-9.8765433
2026-09-20T11:00:26Z,minino,LAB-NET-29,02:0A:00:00:00:31,6,2437,-59,WPA2,1.2347991,-9.8762211
2026-09-20T11:00:33Z,minino,LAB-NET-16,02:0A:00:00:00:24,36,5180,-89,WPA2,1.2349785,-9.8760544
2026-09-20T11:00:40Z,kismet,LAB-NET-03,02:0A:00:00:00:17,153,5765,-56,WPA3,1.2563901,-9.8550578
2026-09-20T11:00:47Z,minino,LAB-CORRIDOR,02:0A:00:00:00:0D,6,2437,-86,OPEN,1.2457487,-9.8657142
2026-09-20T11:00:54Z,generic,LAB-NET-09,02:0A:00:00:00:1D,11,2462,-44,WPA2,1.2453003,-9.8656447
2026-09-20T11:01:01Z,marauder,LAB-MESH-A,02:0A:00:00:00:02,36,5180,-48,WPA,1.2232392,-9.8874620
2026-09-20T11:01:08Z,kismet,LAB-GAMMA,02:0A:00:00:00:35,1,2412,-70,WPA3,1.2457174,-9.8654360
2026-09-20T11:01:15Z,minino,LAB-NET-01,02:0A:00:00:00:15,6,2437,-79,UNKNOWN,1.2457160,-9.8661254
2026-09-20T11:01:22Z,generic,LAB-CORRIDOR,02:0A:00:00:00:0D,6,2437,-48,OPEN,1.2451855,-9.8661812
2026-09-20T11:01:29Z,marauder,LAB-NET-20,02:0A:00:00:00:28,11,2462,-90,WPA3,1.2341773,-9.8767570
2026-09-20T11:01:36Z,marauder,LAB-CORRIDOR,02:0A:00:00:00:0E,1,2412,-67,OPEN,1.2241421,-9.8871230
2026-09-20T11:01:43Z,kismet,LAB-GUEST,02:0A:00:00:00:39,1,2412,-57,WPA2,1.2454694,-9.8650986
2026-09-20T11:01:50Z,generic,<hidden>,02:0A:00:00:00:14,1,2412,-78,WPA3,1.2341132,-9.8765120
2026-09-20T11:01:57Z,generic,LAB-NET-23,02:0A:00:00:00:2B,36,5180,-43,WPA2,1.2569895,-9.8548348
2026-09-20T11:02:04Z,generic,LAB-NET-21,02:0A:00:00:00:29,1,2412,-58,OPEN,1.2237808,-9.8877710
2026-09-20T11:02:11Z,kismet,LAB-OFFICE,02:0A:00:00:00:0B,1,2412,-36,WPA2,1.2569489,-9.8536274
2026-09-20T11:02:18Z,generic,LAB-NET-29,02:0A:00:00:00:31,6,2437,-41,WPA2,1.2565065,-9.8547358
2026-09-20T11:02:25Z,marauder,LAB-NET-28,02:0A:00:00:00:30,6,2437,-72,OPEN,1.2353064,-9.8766272
2026-09-20T11:02:32Z,minino,LAB-NET-14,02:0A:00:00:00:22,1,2412,-36,UNKNOWN,1.2240812,-9.8884438
2026-09-20T11:02:39Z,minino,LAB-NET-30,02:0A:00:00:00:32,1,2412,-84,WPA2,1.2237603,-9.8880128
2026-09-20T11:02:46Z,marauder,LAB-OFFICE,02:0A:00:00:00:09,1,2412,-54,UNKNOWN,1.2235881,-9.8880815
2026-09-20T11:02:53Z,generic,LAB-LABORATORY,02:0A:00:00:00:3B,6,2437,-38,WEP,1.2561125,-9.8546015
2026-09-20T11:03:00Z,generic,LAB-NET-25,02:0A:00:00:00:2D,6,2437,-85,WPA3,1.2463311,-9.8652797
2026-09-20T11:03:07Z,marauder,LAB-LABORATORY,02:0A:00:00:00:3B,6,2437,-35,WEP,1.2565457,-9.8538136
2026-09-20T11:03:14Z,generic,LAB-NET-28,02:0A:00:00:00:30,6,2437,-87,OPEN,1.2347315,-9.8773249
2026-09-20T11:03:21Z,minino,LAB-MESH-A,02:0A:00:00:00:03,1,2412,-87,WPA2,1.2568929,-9.8545981
2026-09-20T11:03:28Z,kismet,LAB-NET-06,02:0A:00:00:00:1A,6,2437,-40,WPA2,1.2238612,-9.8875339
2026-09-20T11:03:35Z,marauder,LAB-OFFICE,02:0A:00:00:00:09,1,2412,-65,UNKNOWN,1.2235710,-9.8883754
2026-09-20T11:03:42Z,generic,LAB-NET-30,02:0A:00:00:00:32,1,2412,-49,WPA2,1.2238760,-9.8876848
2026-09-20T11:03:49Z,kismet,LAB-NET-16,02:0A:00:00:00:24,6,2437,-47,WPA2,1.2349449,-9.8769492
2026-09-20T11:03:56Z,kismet,LAB-MESH-B,02:0A:00:00:00:06,1,2412,-52,OPEN,1.2233184,-9.8878699
2026-09-20T11:04:03Z,generic,LAB-NET-30,02:0A:00:00:00:32,1,2412,-51,WPA2,1.2242369,-9.8874683
2026-09-20T11:04:10Z,marauder,LAB-MESH-A,02:0A:00:00:00:03,1,2412,-83,WPA2,1.2563626,-9.8540244
2026-09-20T11:04:17Z,marauder,LAB-ZONE-NORTH,02:0A:00:00:00:10,36,5180,-69,UNKNOWN,1.2352506,-9.8759532
2026-09-20T11:04:24Z,minino,LAB-MESH-B,02:0A:00:00:00:08,11,2462,-77,OPEN,1.2345217,-9.8768122
2026-09-20T11:04:31Z,marauder,LAB-NET-29,02:0A:00:00:00:31,6,2437,-66,WPA2,1.2236536,-9.8868666
2026-09-20T11:04:38Z,kismet,LAB-NET-23,02:0A:00:00:00:2B,36,5180,-87,WPA2,1.2563977,-9.8550248
2026-09-20T11:04:45Z,marauder,LAB-MESH-A,02:0A:00:00:00:01,36,5180,-89,OPEN,1.2342019,-9.8759799
2026-09-20T11:04:52Z,marauder,LAB-GUEST,02:0A:00:00:00:39,1,2412,-33,WPA2,1.2452488,-9.8656230
2026-09-20T11:04:59Z,marauder,LAB-FOXTROT,02:0A:00:00:00:38,1,2412,-88,WPA2,1.2345688,-9.8766104
2026-09-20T11:05:06Z,kismet,LAB-NET-14,02:0A:00:00:00:22,11,2462,-68,UNKNOWN,1.2234406,-9.8872633
2026-09-20T11:05:13Z,generic,LAB-ZONE-NORTH,02:0A:00:00:00:10,6,2437,-34,UNKNOWN,1.2353335,-9.8769018
2026-09-20T11:05:20Z,generic,LAB-MESH-A,02:0A:00:00:00:02,36,5180,-48,WPA,1.2241753,-9.8880934
2026-09-20T11:05:27Z,minino,LAB-NET-27,02:0A:00:00:00:2F,6,2437,-64,OPEN,1.2575260,-9.8541411
2026-09-20T11:05:34Z,minino,LAB-OFFICE,02:0A:00:00:00:0A,153,5765,-77,WPA2,1.2231565,-9.8874857
2026-09-20T11:05:41Z,minino,LAB-NET-18,02:0A:00:00:00:26,6,2437,-63,WPA2,1.2239369,-9.8870742
2026-09-20T11:05:48Z,marauder,LAB-NET-30,02:0A:00:00:00:32,1,2412,-79,WPA2,1.2241495,-9.8869869
2026-09-20T11:05:55Z,generic,LAB-GUEST,02:0A:00:00:00:39,1,2412,-71,WPA2,1.2449261,-9.8657222
2026-09-20T11:06:02Z,minino,LAB-MESH-A,02:0A:00:00:00:3C,11,2462,-84,OPEN,1.2347868,-9.8761619
2026-09-20T11:06:09Z,minino,LAB-MESH-A,02:0A:00:00:00:02,36,5180,-52,WPA,1.2236359,-9.8880273
2026-09-20T11:06:16Z,generic,<hidden>,02:0A:00:00:00:2C,1,2412,-82,OPEN,,
2026-09-20T11:06:23Z,generic,LAB-NET-19,02:0A:00:00:00:27,149,5745,-82,WPA2,1.2570283,-9.8548266
2026-09-20T11:06:30Z,generic,LAB-CORRIDOR,02:0A:00:00:00:0F,11,2462,-76,WPA2,,
2026-09-20T11:06:37Z,generic,LAB-CORRIDOR,02:0A:00:00:00:0D,6,2437,-46,OPEN,1.2449847,-9.8647487
2026-09-20T11:06:44Z,generic,LAB-NET-10,02:0A:00:00:00:1E,40,5200,-44,UNKNOWN,1.2233408,-9.8872124
2026-09-20T11:06:51Z,marauder,LAB-NET-20,02:0A:00:00:00:28,11,2462,-57,WPA3,1.2346829,-9.8764853
2026-09-20T11:06:58Z,generic,LAB-NET-10,02:0A:00:00:00:1E,40,5200,-43,WPA2,1.2227246,-9.8868610
2026-09-20T11:07:05Z,kismet,LAB-NET-29,02:0A:00:00:00:31,6,2437,-61,WPA2,1.2344711,-9.8759282
2026-09-20T11:07:12Z,generic,LAB-BASEMENT,02:0A:00:00:00:13,11,2462,-85,WPA2,1.2560763,-9.8542938
2026-09-20T11:07:19Z,generic,LAB-MESH-B,02:0A:00:00:00:08,11,2462,-64,OPEN,1.2347045,-9.8759123
2026-09-20T11:07:26Z,generic,LAB-MESH-A,02:0A:00:00:00:02,36,5180,-85,WPA,1.2236012,-9.8873141
2026-09-20T11:07:33Z,marauder,LAB-NET-25,02:0A:00:00:00:2D,6,2437,-83,WPA3,1.2460173,-9.8659697
2026-09-20T11:07:40Z,minino,LAB-NET-21,02:0A:00:00:00:29,36,5180,-66,OPEN,1.2237883,-9.8872913
2026-09-20T11:07:47Z,minino,LAB-MESH-A,02:0A:00:00:00:03,1,2412,-80,WPA2,1.2574486,-9.8542162
2026-09-20T11:07:54Z,generic,LAB-OFFICE,02:0A:00:00:00:0C,11,2462,-72,WPA,1.2338499,-9.8768503
2026-09-20T11:08:01Z,marauder,LAB-MESH-B,02:0A:00:00:00:08,11,2462,-61,OPEN,1.2353045,-9.8773375
2026-09-20T11:08:08Z,generic,LAB-NET-12,02:0A:00:00:00:20,1,2412,-64,WPA3,1.2345573,-9.8769962
2026-09-20T11:08:15Z,minino,LAB-NET-19,02:0A:00:00:00:27,149,5745,-87,WPA2,1.2563805,-9.8542453
2026-09-20T11:08:22Z,kismet,LAB-MESH-A,02:0A:00:00:00:04,1,2412,-69,WPA2,1.2338266,-9.8759771
2026-09-20T11:08:29Z,minino,LAB-MESH-A,02:0A:00:00:00:04,1,2412,-61,WPA2,1.2353578,-9.8770851
2026-09-20T11:08:36Z,generic,LAB-NET-04,02:0A:00:00:00:18,40,5200,-38,OPEN,1.2339168,-9.8768643
2026-09-20T11:08:43Z,kismet,LAB-NET-08,02:0A:00:00:00:1C,6,2437,-57,WPA2,1.2338717,-9.8765899
2026-09-20T11:08:50Z,marauder,LAB-CORRIDOR,02:0A:00:00:00:0E,1,2412,-60,OPEN,1.2236360,-9.8882794
2026-09-20T11:08:57Z,kismet,LAB-NET-19,02:0A:00:00:00:27,149,5745,-74,WPA2,1.2575670,-9.8546615
2026-09-20T11:09:04Z,generic,LAB-NET-20,02:0A:00:00:00:28,11,2462,-59,WPA3,1.2339753,-9.8764430
2026-09-20T11:09:11Z,generic,LAB-GUEST,02:0A:00:00:00:39,1,2412,-50,WPA2,1.2460126,-9.8646653
2026-09-20T11:09:18Z,kismet,LAB-NET-28,02:0A:00:00:00:30,6,2437,-68,OPEN,1.2350471,-9.8757448
2026-09-20T11:09:25Z,kismet,LAB-NET-21,02:0A:00:00:00:29,36,5180,-40,OPEN,,
2026-09-20T11:09:32Z,kismet,<hidden>,02:0A:00:00:00:14,6,2437,-65,WPA3,1.2342861,-9.8773334
2026-09-20T11:09:39Z,generic,LAB-NET-20,02:0A:00:00:00:28,11,2462,-32,WPA3,1.2350991,-9.8770328
2026-09-20T11:09:46Z,kismet,LAB-MESH-A,02:0A:00:00:00:03,1,2412,-61,WPA2,1.2567594,-9.8541175
2026-09-20T11:09:53Z,kismet,LAB-NET-07,02:0A:00:00:00:1B,36,5180,-55,WPA3,1.2560786,-9.8542873
2026-09-20T11:10:00Z,marauder,LAB-CORRIDOR,02:0A:00:00:00:0E,1,2412,-81,OPEN,1.2231875,-9.8869884
2026-09-20T11:10:07Z,generic,LAB-MESH-A,02:0A:00:00:00:02,36,5180,-79,WPA,1.2232571,-9.8875995
2026-09-20T11:10:14Z,generic,LAB-FOXTROT,02:0A:00:00:00:38,1,2412,-34,WPA2,1.2231599,-9.8884037
2026-09-20T11:10:21Z,kismet,LAB-NET-09,02:0A:00:00:00:1D,11,2462,-40,WPA2,1.2453631,-9.8653919
2026-09-20T11:10:28Z,minino,LAB-MESH-B,02:0A:00:00:00:06,1,2412,-69,OPEN,1.2226966,-9.8876820
2026-09-20T11:10:35Z,marauder,LAB-NET-27,02:0A:00:00:00:2F,6,2437,-38,OPEN,1.2564856,-9.8545973
2026-09-20T11:10:42Z,marauder,LAB-NET-14,02:0A:00:00:00:22,1,2412,-90,UNKNOWN,1.2228690,-9.8872950
2026-09-20T11:10:49Z,marauder,LAB-MESH-A,02:0A:00:00:00:03,1,2412,-84,WPA2,1.2569399,-9.8549817
2026-09-20T11:10:56Z,minino,LAB-NET-23,02:0A:00:00:00:2B,36,5180,-70,WPA2,1.2560250,-9.8539074
2026-09-20T11:11:03Z,minino,LAB-BASEMENT,02:0A:00:00:00:13,1,2412,-73,WPA2,1.2564996,-9.8544152
2026-09-20T11:11:10Z,kismet,LAB-NET-20,02:0A:00:00:00:28,11,2462,-81,WPA3,1.2339316,-9.8764752
2026-09-20T11:11:17Z,kismet,LAB-BETA,02:0A:00:00:00:34,36,5180,-56,WPA2,1.2341595,-9.8772292
2026-09-20T11:11:24Z,generic,LAB-OFFICE,02:0A:00:00:00:09,6,2437,-79,UNKNOWN,1.2348486,-9.8771737
2026-09-20T11:11:31Z,kismet,LAB-IOT,02:0A:00:00:00:3A,1,2412,-69,WPA3,1.2239946,-9.8873353
2026-09-20T11:11:38Z,generic,LAB-NET-26,02:0A:00:00:00:2E,6,2437,-54,WPA3,1.2239516,-9.8883286
2026-09-20T11:11:45Z,generic,LAB-GAMMA,02:0A:00:00:00:35,1,2412,-60,WPA3,1.2459967,-9.8660765
2026-09-20T11:11:52Z,minino,LAB-CORRIDOR,02:0A:00:00:00:0F,11,2462,-46,WPA2,1.2574221,-9.8547081
2026-09-20T11:11:59Z,marauder,<hidden>,02:0A:00:00:00:16,6,2437,-68,WPA2,1.2240685,-9.8877290
2026-09-20T11:12:06Z,generic,<hidden>,02:0A:00:00:00:37,1,2412,-38,WPA2,1.2572177,-9.8541539
2026-09-20T11:12:13Z,generic,LAB-MESH-B,02:0A:00:00:00:07,36,5180,-75,WPA2,1.2227702,-9.8879709
2026-09-20T11:12:20Z,generic,LAB-NET-16,02:0A:00:00:00:24,36,5180,-40,WPA2,1.2345396,-9.8772375
2026-09-20T11:12:27Z,generic,LAB-NET-17,02:0A:00:00:00:25,11,2462,-83,OPEN,1.2230345,-9.8873941
2026-09-20T11:12:34Z,generic,LAB-NET-10,02:0A:00:00:00:1E,40,5200,-86,UNKNOWN,1.2228129,-9.8877420
2026-09-20T11:12:41Z,marauder,<hidden>,02:0A:00:00:00:2C,1,2412,-85,OPEN,1.2350019,-9.8767369
2026-09-20T11:12:48Z,generic,LAB-OFFICE,02:0A:00:00:00:09,1,2412,-78,UNKNOWN,1.2348252,-9.8766184
2026-09-20T11:12:55Z,generic,LAB-GUEST,02:0A:00:00:00:39,1,2412,-45,WPA2,1.2457913,-9.8647710
2026-09-20T11:13:02Z,minino,LAB-NET-03,02:0A:00:00:00:17,153,5765,-36,WPA3,1.2569214,-9.8541426
2026-09-20T11:13:09Z,kismet,LAB-NET-04,02:0A:00:00:00:18,40,5200,-83,OPEN,1.2353164,-9.8773419
2026-09-20T11:13:16Z,generic,LAB-FOXTROT,02:0A:00:00:00:38,1,2412,-65,WPA2,1.2348914,-9.8767124
2026-09-20T11:13:23Z,kismet,LAB-NET-15,02:0A:00:00:00:23,1,2412,-37,WPA2,1.2562665,-9.8548985
2026-09-20T11:13:30Z,minino,LAB-BASEMENT,02:0A:00:00:00:13,1,2412,-44,WPA2,1.2570611,-9.8549062
2026-09-20T11:13:37Z,generic,LAB-NET-23,02:0A:00:00:00:2B,36,5180,-35,WPA2,1.2575733,-9.8549855
2026-09-20T11:13:44Z,generic,LAB-ALPHA,02:0A:00:00:00:33,1,2412,-55,WPA3,1.2574775,-9.8541238
2026-09-20T11:13:51Z,minino,LAB-NET-05,02:0A:00:00:00:19,6,2437,-45,OPEN,1.2451762,-9.8652648
2026-09-20T11:13:58Z,kismet,LAB-NET-07,02:0A:00:00:00:1B,6,2437,-83,WPA3,1.2569112,-9.8550675
2026-09-20T11:14:05Z,kismet,LAB-NET-25,02:0A:00:00:00:2D,6,2437,-61,WPA3,1.2460472,-9.8653898
2026-09-20T11:14:12Z,marauder,LAB-NET-14,02:0A:00:00:00:22,1,2412,-47,UNKNOWN,1.2227982,-9.8876984
2026-09-20T11:14:19Z,marauder,LAB-BETA,02:0A:00:00:00:34,36,5180,-60,WPA2,1.2347487,-9.8758975
2026-09-20T11:14:26Z,kismet,LAB-IOT,02:0A:00:00:00:3A,1,2412,-72,WPA3,1.2238308,-9.8877807
2026-09-20T11:14:33Z,marauder,LAB-NET-25,02:0A:00:00:00:2D,6,2437,-50,WPA3,1.2460780,-9.8650689
2026-09-20T11:14:40Z,marauder,LAB-OFFICE,02:0A:00:00:00:0B,1,2412,-72,WPA2,1.2570391,-9.8546542
2026-09-20T11:14:47Z,kismet,LAB-OFFICE,02:0A:00:00:00:09,1,2412,-90,UNKNOWN,1.2342124,-9.8771311
2026-09-20T11:14:54Z,minino,LAB-NET-19,02:0A:00:00:00:27,149,5745,-74,WPA2,1.2569358,-9.8548792
2026-09-20T11:15:01Z,marauder,LAB-ZONE-NORTH,02:0A:00:00:00:10,36,5180,-81,UNKNOWN,1.2350468,-9.8759640
2026-09-20T11:15:08Z,minino,LAB-GAMMA,02:0A:00:00:00:35,1,2412,-48,WPA3,1.2456724,-9.8646424
2026-09-20T11:15:15Z,marauder,LAB-NET-21,02:0A:00:00:00:29,36,5180,-87,OPEN,1.2460539,-9.8656800
2026-09-20T11:15:22Z,minino,LAB-NET-06,02:0A:00:00:00:1A,153,5765,-66,WPA2,1.2234187,-9.8869371
2026-09-20T11:15:29Z,generic,LAB-NET-05,02:0A:00:00:00:19,6,2437,-47,OPEN,1.2451111,-9.8648397
2026-09-20T11:15:36Z,generic,LAB-NET-14,02:0A:00:00:00:22,1,2412,-51,UNKNOWN,1.2227223,-9.8869860
2026-09-20T11:15:43Z,generic,<hidden>,02:0A:00:00:00:37,11,2462,-61,WPA2,1.2564215,-9.8538373
2026-09-20T11:15:50Z,minino,LAB-NET-28,02:0A:00:00:00:30,6,2437,-70,OPEN,1.2348428,-9.8761104
2026-09-20T11:15:57Z,marauder,<hidden>,02:0A:00:00:00:2C,1,2412,-47,OPEN,,
2026-09-20T11:16:04Z,marauder,LAB-CORRIDOR,02:0A:00:00:00:0F,11,2462,-30,WPA2,1.2563920,-9.8550665
2026-09-20T11:16:11Z,marauder,LAB-IOT,02:0A:00:00:00:3A,1,2412,-85,WPA3,1.2241775,-9.8874334
2026-09-20T11:16:18Z,marauder,LAB-OFFICE,02:0A:00:00:00:09,1,2412,-46,UNKNOWN,1.2574288,-9.8542153
2026-09-20T11:16:25Z,kismet,LAB-BASEMENT,02:0A:00:00:00:13,6,2437,-41,WPA2,1.2574869,-9.8540990
2026-09-20T11:16:32Z,kismet,LAB-IOT,02:0A:00:00:00:3A,1,2412,-41,WPA3,1.2238889,-9.8880426
2026-09-20T11:16:39Z,generic,LAB-NET-05,02:0A:00:00:00:19,6,2437,-86,OPEN,1.2449750,-9.8647031
2026-09-20T11:16:46Z,generic,LAB-MESH-A,02:0A:00:00:00:3C,11,2462,-77,OPEN,1.2343960,-9.8763104
2026-09-20T11:16:53Z,kismet,LAB-MESH-B,02:0A:00:00:00:07,36,5180,-41,WPA2,1.2561543,-9.8550043
2026-09-20T11:17:00Z,kismet,LAB-IOT,02:0A:00:00:00:3A,6,2437,-81,WPA3,1.2237013,-9.8884529
2026-09-20T11:17:07Z,generic,LAB-IOT,02:0A:00:00:00:3A,1,2412,-63,WPA3,1.2226626,-9.8873221
2026-09-20T11:17:14Z,generic,LAB-NET-27,02:0A:00:00:00:2F,11,2462,-83,OPEN,1.2572456,-9.8542568
2026-09-20T11:17:21Z,marauder,LAB-MESH-A,02:0A:00:00:00:3C,11,2462,-67,OPEN,1.2343013,-9.8768587
2026-09-20T11:17:28Z,minino,<hidden>,02:0A:00:00:00:16,40,5200,-55,WPA2,1.2233921,-9.8872279
2026-09-20T11:17:35Z,generic,LAB-CORRIDOR,02:0A:00:00:00:0D,6,2437,-85,OPEN,1.2455031,-9.8660613
2026-09-20T11:17:42Z,minino,LAB-NET-09,02:0A:00:00:00:1D,11,2462,-59,WPA2,1.2451028,-9.8659232
2026-09-20T11:17:49Z,generic,LAB-ALPHA,02:0A:00:00:00:33,1,2412,-89,WPA2,1.2564814,-9.8542667
2026-09-20T11:17:56Z,generic,LAB-ALPHA,02:0A:00:00:00:33,1,2412,-30,WPA3,1.2566378,-9.8547823
2026-09-20T11:18:03Z,generic,LAB-FOXTROT,02:0A:00:00:00:38,1,2412,-49,UNKNOWN,1.2452517,-9.8661168
2026-09-20T11:18:10Z,marauder,LAB-NET-20,02:0A:00:00:00:28,11,2462,-33,WPA3,,
2026-09-20T11:18:17Z,marauder,LAB-ALPHA,02:0A:00:00:00:33,1,2412,-59,WPA3,1.2569670,-9.8537844
2026-09-20T11:18:24Z,generic,LAB-NET-20,02:0A:00:00:00:28,11,2462,-70,WPA3,1.2350549,-9.8766613
2026-09-20T11:18:31Z,marauder,<hidden>,02:0A:00:00:00:2C,1,2412,-53,OPEN,1.2339875,-9.8760049
2026-09-20T11:18:38Z,minino,LAB-MESH-B,02:0A:00:00:00:05,11,2462,-62,WPA3,1.2451049,-9.8655679
2026-09-20T11:18:45Z,generic,LAB-NET-18,02:0A:00:00:00:26,6,2437,-41,WPA2,,
2026-09-20T11:18:52Z,kismet,LAB-GUEST,02:0A:00:00:00:39,11,2462,-64,WPA2,1.2448891,-9.8659450
2026-09-20T11:18:59Z,generic,LAB-ALPHA,02:0A:00:00:00:33,1,2412,-64,WPA3,1.2570968,-9.8547911
2026-09-20T11:19:06Z,marauder,LAB-OFFICE,02:0A:00:00:00:0C,11,2462,-50,WPA,1.2338280,-9.8770552
2026-09-20T11:19:13Z,marauder,<hidden>,02:0A:00:00:00:14,11,2462,-51,WPA3,1.2337751,-9.8769662
2026-09-20T11:19:20Z,minino,LAB-NET-29,02:0A:00:00:00:31,1,2412,-47,WPA2,1.2458812,-9.8658991
2026-09-20T11:19:27Z,kismet,LAB-LABORATORY,02:0A:00:00:00:3B,11,2462,-72,WEP,1.2562711,-9.8540488
2026-09-20T11:19:34Z,marauder,LAB-ZONE-SOUTH,02:0A:00:00:00:11,11,2462,-31,WPA2,1.2461671,-9.8650186
2026-09-20T11:19:41Z,generic,LAB-OFFICE,02:0A:00:00:00:0B,1,2412,-53,WPA2,1.2567651,-9.8549353
2026-09-20T11:19:48Z,kismet,LAB-NET-07,02:0A:00:00:00:1B,36,5180,-76,WPA3,1.2570720,-9.8545999
2026-09-20T11:19:55Z,generic,LAB-NET-28,02:0A:00:00:00:30,11,2462,-87,OPEN,1.2340877,-9.8759170
2026-09-20T11:20:02Z,generic,LAB-OFFICE,02:0A:00:00:00:0A,153,5765,-44,WPA2,1.2236318,-9.8881694
2026-09-20T11:20:09Z,marauder,LAB-NET-03,02:0A:00:00:00:17,153,5765,-73,WPA3,1.2563125,-9.8549175
2026-09-20T11:20:16Z,kismet,<hidden>,02:0A:00:00:00:37,11,2462,-52,WPA2,1.2566582,-9.8539045
2026-09-20T11:20:23Z,minino,LAB-ALPHA,02:0A:00:00:00:33,1,2412,-85,WPA3,1.2569674,-9.8548491
2026-09-20T11:20:30Z,kismet,LAB-NET-14,02:0A:00:00:00:22,1,2412,-90,UNKNOWN,1.2242498,-9.8875078
2026-09-20T11:20:37Z,minino,LAB-NET-28,02:0A:00:00:00:30,6,2437,-32,OPEN,1.2341643,-9.8766484
2026-09-20T11:20:44Z,marauder,LAB-MESH-A,02:0A:00:00:00:01,36,5180,-63,OPEN,1.2560531,-9.8543680
2026-09-20T11:20:51Z,marauder,LAB-NET-11,02:0A:00:00:00:1F,1,2412,-55,UNKNOWN,1.2571036,-9.8549642
2026-09-20T11:20:58Z,marauder,LAB-NET-25,02:0A:00:00:00:2D,6,2437,-89,WPA3,1.2463988,-9.8660198
2026-09-20T11:21:05Z,generic,<hidden>,02:0A:00:00:00:14,6,2437,-61,WPA3,1.2345027,-9.8764306
2026-09-20T11:21:12Z,marauder,LAB-FOXTROT,02:0A:00:00:00:38,1,2412,-35,WPA2,1.2573835,-9.8541181
2026-09-20T11:21:19Z,kismet,LAB-NET-05,02:0A:00:00:00:19,6,2437,-46,OPEN,1.2454115,-9.8661798
2026-09-20T11:21:26Z,kismet,LAB-NET-15,02:0A:00:00:00:23,1,2412,-43,WPA2,1.2563204,-9.8540255
2026-09-20T11:21:33Z,generic,<hidden>,02:0A:00:00:00:21,6,2437,-51,WPA2,1.2459583,-9.8648113
2026-09-20T11:21:40Z,kismet,LAB-NET-22,02:0A:00:00:00:2A,11,2462,-75,WPA3,1.2227639,-9.8873194
2026-09-20T11:21:47Z,minino,LAB-NET-22,02:0A:00:00:00:2A,11,2462,-42,WPA3,1.2241593,-9.8875261
2026-09-20T11:21:54Z,marauder,LAB-CORRIDOR,02:0A:00:00:00:0F,11,2462,-86,WPA2,1.2574257,-9.8543153
2026-09-20T11:22:01Z,kismet,LAB-NET-09,02:0A:00:00:00:1D,11,2462,-62,WPA2,1.2457216,-9.8660358
2026-09-20T11:22:08Z,minino,LAB-BETA,02:0A:00:00:00:34,36,5180,-33,WPA2,1.2348770,-9.8757783
2026-09-20T11:22:15Z,marauder,LAB-MESH-B,02:0A:00:00:00:06,1,2412,-80,OPEN,1.2240934,-9.8879929
2026-09-20T11:22:22Z,marauder,LAB-NET-25,02:0A:00:00:00:2D,6,2437,-72,WPA3,1.2451197,-9.8659053
2026-09-20T11:22:29Z,marauder,<hidden>,02:0A:00:00:00:2C,1,2412,-72,OPEN,1.2339790,-9.8767885
2026-09-20T11:22:36Z,generic,LAB-MESH-A,02:0A:00:00:00:02,36,5180,-53,WPA,1.2230284,-9.8869384
2026-09-20T11:22:43Z,generic,LAB-NET-22,02:0A:00:00:00:2A,11,2462,-61,WPA3,1.2234345,-9.8873889
2026-09-20T11:22:50Z,marauder,LAB-OFFICE,02:0A:00:00:00:09,1,2412,-81,UNKNOWN,1.2230727,-9.8876795
2026-09-20T11:22:57Z,minino,LAB-NET-10,02:0A:00:00:00:1E,40,5200,-79,UNKNOWN,1.2236465,-9.8881970
2026-09-20T11:23:04Z,minino,LAB-NET-25,02:0A:00:00:00:2D,6,2437,-62,WPA3,1.2461500,-9.8659741
2026-09-20T11:23:11Z,minino,LAB-OFFICE,02:0A:00:00:00:0C,11,2462,-67,WPA,1.2348992,-9.8762783
2026-09-20T11:23:18Z,minino,LAB-OFFICE,02:0A:00:00:00:0B,1,2412,-30,WPA2,1.2561834,-9.8550811
2026-09-20T11:23:25Z,kismet,LAB-NET-01,02:0A:00:00:00:15,6,2437,-60,UNKNOWN,1.2464311,-9.8653583
2026-09-20T11:23:32Z,marauder,LAB-NET-29,02:0A:00:00:00:31,6,2437,-44,WPA2,1.2460446,-9.8647564
2026-09-20T11:23:39Z,minino,LAB-MESH-A,02:0A:00:00:00:03,1,2412,-62,WPA2,1.2568705,-9.8546281
2026-09-20T11:23:46Z,minino,LAB-NET-01,02:0A:00:00:00:15,6,2437,-40,UNKNOWN,,
2026-09-20T11:23:53Z,marauder,LAB-CORRIDOR,02:0A:00:00:00:12,153,5765,-58,OPEN,1.2227904,-9.8870952
2026-09-20T11:24:00Z,generic,LAB-NET-12,02:0A:00:00:00:20,1,2412,-81,WPA3,1.2234752,-9.8883646
2026-09-20T11:24:07Z,generic,LAB-NET-08,02:0A:00:00:00:1C,6,2437,-35,WPA2,1.2343643,-9.8768878
2026-09-20T11:24:14Z,kismet,LAB-CORRIDOR,02:0A:00:00:00:0E,1,2412,-80,OPEN,1.2233675,-9.8868661
2026-09-20T11:24:21Z,marauder,LAB-IOT,02:0A:00:00:00:3A,1,2412,-81,WPA3,1.2240910,-9.8882310
2026-09-20T11:24:28Z,generic,LAB-NET-11,02:0A:00:00:00:1F,1,2412,-85,WPA3,1.2568295,-9.8545843
2026-09-20T11:24:35Z,minino,LAB-CORRIDOR,02:0A:00:00:00:12,153,5765,-78,OPEN,1.2235460,-9.8873179
2026-09-20T11:24:42Z,kismet,LAB-NET-05,02:0A:00:00:00:19,6,2437,-59,OPEN,1.2456638,-9.8649156
2026-09-20T11:24:49Z,generic,LAB-NET-10,02:0A:00:00:00:1E,40,5200,-83,UNKNOWN,1.2239227,-9.8882079
2026-09-20T11:24:56Z,marauder,LAB-IOT,02:0A:00:00:00:3A,1,2412,-83,WPA3,1.2229437,-9.8870034
2026-09-20T11:25:03Z,kismet,LAB-NET-12,02:0A:00:00:00:20,1,2412,-50,WPA3,1.2343466,-9.8765744
2026-09-20T11:25:10Z,minino,LAB-NET-25,02:0A:00:00:00:2D,6,2437,-53,WPA3,1.2454760,-9.8650594
2026-09-20T11:25:17Z,generic,LAB-NET-01,02:0A:00:00:00:15,6,2437,-50,UNKNOWN,1.2459882,-9.8656603
2026-09-20T11:25:24Z,marauder,LAB-NET-03,02:0A:00:00:00:17,153,5765,-58,WPA3,0.0,0.0
2026-09-20T11:25:31Z,kismet,LAB-NET-21,02:0A:00:00:00:29,36,5180,-38,OPEN,1.2458369,-9.8659647
2026-09-20T11:25:38Z,kismet,LAB-BETA,02:0A:00:00:00:34,11,2462,-38,WPA2,1.2348645,-9.8762418
2026-09-20T11:25:45Z,marauder,LAB-OFFICE,02:0A:00:00:00:09,1,2412,-77,UNKNOWN,1.2234325,-9.8879098
2026-09-20T11:25:52Z,marauder,LAB-CORRIDOR,02:0A:00:00:00:0F,11,2462,-64,WPA2,1.2572612,-9.8542272
2026-09-20T11:25:59Z,kismet,LAB-MESH-B,02:0A:00:00:00:05,11,2462,-82,WPA3,1.2450889,-9.8662043
2026-09-20T11:26:06Z,kismet,LAB-GUEST,02:0A:00:00:00:39,1,2412,-89,WPA2,1.2457159,-9.8646799
2026-09-20T11:26:13Z,minino,LAB-MESH-B,02:0A:00:00:00:08,11,2462,-77,OPEN,1.2351387,-9.8771154
2026-09-20T11:26:20Z,generic,LAB-MESH-B,02:0A:00:00:00:06,6,2437,-88,OPEN,1.2238775,-9.8882755
2026-09-20T11:26:27Z,marauder,LAB-MESH-A,02:0A:00:00:00:03,6,2437,-86,WPA2,1.2568106,-9.8550262
2026-09-20T11:26:34Z,minino,LAB-MESH-A,02:0A:00:00:00:01,36,5180,-48,OPEN,1.2352400,-9.8770146
2026-09-20T11:26:41Z,kismet,LAB-MESH-B,02:0A:00:00:00:06,1,2412,-80,OPEN,1.2238506,-9.8880105
2026-09-20T11:26:48Z,marauder,LAB-NET-30,02:0A:00:00:00:32,11,2462,-57,WPA2,1.2230436,-9.8875419
2026-09-20T11:26:55Z,marauder,LAB-CORRIDOR,02:0A:00:00:00:0D,11,2462,-31,OPEN,1.2451537,-9.8650257
2026-09-20T11:27:02Z,marauder,<hidden>,02:0A:00:00:00:21,11,2462,-79,WPA2,1.2456384,-9.8651151
2026-09-20T11:27:09Z,kismet,LAB-NET-05,02:0A:00:00:00:19,6,2437,-83,OPEN,1.2457017,-9.8655800
2026-09-20T11:27:16Z,marauder,LAB-NET-14,02:0A:00:00:00:22,1,2412,-85,UNKNOWN,1.2238763,-9.8873267
2026-09-20T11:27:23Z,generic,LAB-MESH-B,02:0A:00:00:00:08,11,2462,-76,OPEN,1.2344989,-9.8761653
2026-09-20T11:27:30Z,generic,LAB-BASEMENT,02:0A:00:00:00:13,6,2437,-30,WPA2,1.2566737,-9.8537502
2026-09-20T11:27:37Z,generic,LAB-OFFICE,02:0A:00:00:00:0C,11,2462,-62,WPA,0.0,0.0
2026-09-20T11:27:44Z,marauder,<hidden>,02:0A:00:00:00:2C,1,2412,-43,OPEN,1.2339972,-9.8767022
2026-09-20T11:27:51Z,generic,LAB-OFFICE,02:0A:00:00:00:0B,1,2412,-83,WPA2,1.2575493,-9.8545792
2026-09-20T11:27:58Z,kismet,LAB-NET-08,02:0A:00:00:00:1C,6,2437,-42,WPA2,1.2342134,-9.8762016
2026-09-20T11:28:05Z,generic,LAB-NET-22,02:0A:00:00:00:2A,11,2462,-58,WPA3,1.2232265,-9.8873876
2026-09-20T11:28:12Z,minino,LAB-NET-30,02:0A:00:00:00:32,1,2412,-89,WPA2,1.2228522,-9.8876714
2026-09-20T11:28:19Z,kismet,LAB-MESH-A,02:0A:00:00:00:04,1,2412,-81,WPA2,1.2345648,-9.8773004
2026-09-20T11:28:26Z,generic,LAB-NET-20,02:0A:00:00:00:28,11,2462,-78,WPA3,1.2338902,-9.8761406
2026-09-20T11:28:33Z,marauder,LAB-NET-12,02:0A:00:00:00:20,1,2412,-30,WPA3,1.2568569,-9.8538258
2026-09-20T11:28:40Z,generic,LAB-NET-08,02:0A:00:00:00:1C,6,2437,-61,WPA2,1.2339584,-9.8766230
2026-09-20T11:28:47Z,minino,LAB-NET-23,02:0A:00:00:00:2B,36,5180,-71,WPA2,1.2564739,-9.8539913
2026-09-20T11:28:54Z,generic,LAB-NET-12,02:0A:00:00:00:20,1,2412,-60,WPA3,1.2345527,-9.8764571
2026-09-20T11:29:01Z,kismet,LAB-OFFICE,02:0A:00:00:00:0B,1,2412,-41,WPA2,1.2566152,-9.8543295
2026-09-20T11:29:08Z,marauder,LAB-NET-01,02:0A:00:00:00:15,6,2437,-42,UNKNOWN,1.2458236,-9.8660270
2026-09-20T11:29:15Z,marauder,<hidden>,02:0A:00:00:00:16,40,5200,-48,WPA2,1.2233417,-9.8868672
2026-09-20T11:29:22Z,marauder,LAB-ZONE-NORTH,02:0A:00:00:00:10,6,2437,-69,UNKNOWN,1.2347159,-9.8758866
2026-09-20T11:29:29Z,generic,LAB-NET-15,02:0A:00:00:00:23,1,2412,-73,WPA3,1.2567265,-9.8537396
2026-09-20T11:29:36Z,generic,LAB-MESH-A,02:0A:00:00:00:02,36,5180,-84,WPA,1.2232611,-9.8878298
2026-09-20T11:29:43Z,kismet,LAB-CORRIDOR,02:0A:00:00:00:0E,1,2412,-67,OPEN,1.2234611,-9.8872305
2026-09-20T11:29:50Z,minino,LAB-CORRIDOR,02:0A:00:00:00:0D,6,2437,-72,OPEN,1.2462346,-9.8649727
2026-09-20T11:29:57Z,marauder,<hidden>,02:0A:00:00:00:14,6,2437,-45,WPA3,1.2344110,-9.8769818
2026-09-20T11:30:04Z,kismet,LAB-MESH-B,02:0A:00:00:00:07,36,5180,-40,WPA2,1.2235630,-9.8876046
2026-09-20T11:30:11Z,minino,LAB-GAMMA,02:0A:00:00:00:35,1,2412,-64,WPA3,1.2461655,-9.8655394
2026-09-20T11:30:18Z,minino,LAB-NET-20,02:0A:00:00:00:28,11,2462,-54,WPA3,1.2348423,-9.8764671
2026-09-20T11:30:25Z,generic,LAB-NET-23,02:0A:00:00:00:2B,36,5180,-31,WPA2,1.2571765,-9.8543733
2026-09-20T11:30:32Z,kismet,LAB-NET-21,02:0A:00:00:00:29,36,5180,-36,OPEN,1.2343506,-9.8771068
2026-09-20T11:30:39Z,kismet,LAB-NET-01,02:0A:00:00:00:15,6,2437,-38,UNKNOWN,1.2463367,-9.8652178
2026-09-20T11:30:46Z,marauder,LAB-OFFICE,02:0A:00:00:00:0B,1,2412,-75,WPA2,1.2569510,-9.8544716
2026-09-20T11:30:53Z,marauder,<hidden>,02:0A:00:00:00:14,6,2437,-78,WPA3,1.2346635,-9.8766454
2026-09-20T11:31:00Z,marauder,LAB-OFFICE,02:0A:00:00:00:09,1,2412,-44,UNKNOWN,1.2350535,-9.8762893
2026-09-20T11:31:07Z,kismet,LAB-MESH-A,02:0A:00:00:00:02,36,5180,-35,WPA,,
2026-09-20T11:31:14Z,minino,LAB-NET-07,02:0A:00:00:00:1B,36,5180,-75,WPA3,1.2570637,-9.8537038
2026-09-20T11:31:21Z,kismet,LAB-NET-28,02:0A:00:00:00:30,6,2437,-59,OPEN,1.2339608,-9.8762805
2026-09-20T11:31:28Z,generic,LAB-ZONE-NORTH,02:0A:00:00:00:10,36,5180,-39,UNKNOWN,1.2350049,-9.8768417
2026-09-20T11:31:35Z,kismet,LAB-ZONE-NORTH,02:0A:00:00:00:10,36,5180,-62,UNKNOWN,1.2341166,-9.8771723
2026-09-20T11:31:42Z,generic,LAB-FOXTROT,02:0A:00:00:00:38,1,2412,-60,WPA2,1.2343673,-9.8758253
2026-09-20T11:31:49Z,kismet,LAB-CORRIDOR,02:0A:00:00:00:12,153,5765,-89,OPEN,1.2241559,-9.8878735
2026-09-20T11:31:56Z,minino,LAB-IOT,02:0A:00:00:00:3A,1,2412,-74,WPA3,1.2240031,-9.8873947
2026-09-20T11:32:03Z,minino,<hidden>,02:0A:00:00:00:14,6,2437,-36,WPA3,1.2348888,-9.8758981
2026-09-20T11:32:10Z,minino,LAB-MESH-A,02:0A:00:00:00:01,36,5180,-71,OPEN,1.2574577,-9.8546396
2026-09-20T11:32:17Z,generic,LAB-GUEST,02:0A:00:00:00:39,1,2412,-40,UNKNOWN,1.2455811,-9.8657246
2026-09-20T11:32:24Z,kismet,LAB-GAMMA,02:0A:00:00:00:35,1,2412,-45,WPA3,1.2456656,-9.8650530
2026-09-20T11:32:31Z,kismet,LAB-LABORATORY,02:0A:00:00:00:3B,6,2437,-64,WEP,1.2573080,-9.8540034
2026-09-20T11:32:38Z,minino,LAB-GAMMA,02:0A:00:00:00:35,1,2412,-50,WPA3,1.2454017,-9.8651198
2026-09-20T11:32:45Z,marauder,LAB-NET-22,02:0A:00:00:00:2A,11,2462,-83,WPA3,1.2232978,-9.8874490
2026-09-20T11:32:52Z,generic,LAB-NET-14,02:0A:00:00:00:22,11,2462,-40,UNKNOWN,1.2238849,-9.8874156
2026-09-20T11:32:59Z,kismet,LAB-NET-09,02:0A:00:00:00:1D,11,2462,-39,WPA2,1.2460552,-9.8658150
2026-09-20T11:33:06Z,minino,LAB-MESH-B,02:0A:00:00:00:06,1,2412,-89,OPEN,1.2229477,-9.8870521
2026-09-20T11:33:13Z,minino,LAB-MESH-A,02:0A:00:00:00:3C,6,2437,-74,OPEN,1.2347470,-9.8769773
2026-09-20T11:33:20Z,minino,LAB-OFFICE,02:0A:00:00:00:0B,1,2412,-85,WPA2,0.0,0.0
2026-09-20T11:33:27Z,generic,LAB-OFFICE,02:0A:00:00:00:0B,1,2412,-38,WPA2,1.2561768,-9.8539713
2026-09-20T11:33:34Z,kismet,LAB-MESH-B,02:0A:00:00:00:08,11,2462,-72,OPEN,1.2340928,-9.8758295
2026-09-20T11:33:41Z,kismet,LAB-NET-05,02:0A:00:00:00:19,6,2437,-44,OPEN,1.2462490,-9.8652720
2026-09-20T11:33:48Z,minino,LAB-NET-07,02:0A:00:00:00:1B,36,5180,-51,WPA3,1.2572569,-9.8550750
2026-09-20T11:33:55Z,kismet,LAB-ZONE-NORTH,02:0A:00:00:00:10,1,2412,-46,UNKNOWN,1.2348626,-9.8766101
2026-09-20T11:34:02Z,marauder,LAB-CORRIDOR,02:0A:00:00:00:0E,1,2412,-55,OPEN,1.2237902,-9.8872765
2026-09-20T11:34:09Z,marauder,<hidden>,02:0A:00:00:00:16,40,5200,-90,WPA2,1.2234102,-9.8878874
2026-09-20T11:34:16Z,marauder,LAB-NET-20,02:0A:00:00:00:28,11,2462,-53,WPA3,1.2353318,-9.8762692
2026-09-20T11:34:23Z,generic,LAB-OFFICE,02:0A:00:00:00:0B,6,2437,-81,WPA2,1.2574775,-9.8537164
2026-09-20T11:34:30Z,kismet,LAB-NET-01,02:0A:00:00:00:15,6,2437,-43,UNKNOWN,,
2026-09-20T11:34:37Z,kismet,LAB-NET-08,02:0A:00:00:00:1C,6,2437,-57,WPA2,1.2351709,-9.8763625
2026-09-20T11:34:44Z,generic,LAB-IOT,02:0A:00:00:00:3A,1,2412,-87,WPA3,1.2238357,-9.8876683
2026-09-20T11:34:51Z,generic,LAB-MESH-A,02:0A:00:00:00:04,1,2412,-83,WPA2,1.2338252,-9.8769268
2026-09-20T11:34:58Z,generic,LAB-MESH-A,02:0A:00:00:00:3C,11,2462,-59,OPEN,1.2344742,-9.8757611
2026-09-20T11:35:05Z,minino,LAB-NET-27,02:0A:00:00:00:2F,6,2437,-37,OPEN,1.2561868,-9.8549713
2026-09-20T11:35:12Z,marauder,<hidden>,02:0A:00:00:00:21,11,2462,-57,WPA2,1.2457801,-9.8651711
2026-09-20T11:35:19Z,kismet,LAB-OFFICE,02:0A:00:00:00:0C,11,2462,-89,WPA,1.2338907,-9.8761140
2026-09-20T11:35:26Z,minino,<hidden>,02:0A:00:00:00:2C,6,2437,-89,OPEN,1.2343655,-9.8758566
2026-09-20T11:35:33Z,marauder,LAB-DELTA,02:0A:00:00:00:36,11,2462,-69,WEP,1.2234245,-9.8874489
2026-09-20T11:35:40Z,minino,LAB-NET-22,02:0A:00:00:00:2A,11,2462,-77,WPA3,1.2233817,-9.8869384
2026-09-20T11:35:47Z,generic,LAB-BETA,02:0A:00:00:00:34,11,2462,-85,WPA2,1.2342849,-9.8772543
2026-09-20T11:35:54Z,minino,LAB-OFFICE,02:0A:00:00:00:0C,1,2412,-66,WPA,1.2350012,-9.8767049
2026-09-20T11:36:01Z,generic,LAB-BASEMENT,02:0A:00:00:00:13,6,2437,-43,WPA2,1.2575161,-9.8548744
2026-09-20T11:36:08Z,minino,<hidden>,02:0A:00:00:00:14,6,2437,-59,WPA3,1.2347334,-9.8767687
2026-09-20T11:36:15Z,kismet,LAB-NET-05,02:0A:00:00:00:19,6,2437,-51,OPEN,1.2457798,-9.8655552
2026-09-20T11:36:22Z,minino,LAB-NET-21,02:0A:00:00:00:29,36,5180,-31,OPEN,1.2568103,-9.8535638
2026-09-20T11:36:29Z,minino,LAB-NET-21,02:0A:00:00:00:29,36,5180,-82,OPEN,1.2344676,-9.8758917
2026-09-20T11:36:36Z,marauder,<hidden>,02:0A:00:00:00:14,1,2412,-58,WPA3,1.2346047,-9.8768704
2026-09-20T11:36:43Z,kismet,LAB-NET-08,02:0A:00:00:00:1C,6,2437,-74,WPA2,1.2345113,-9.8761907
2026-09-20T11:36:50Z,minino,LAB-NET-30,02:0A:00:00:00:32,1,2412,-37,WPA2,1.2228390,-9.8873958
2026-09-20T11:36:57Z,generic,LAB-MESH-B,02:0A:00:00:00:06,1,2412,-51,OPEN,1.2237837,-9.8879520
2026-09-20T11:37:04Z,kismet,<hidden>,02:0A:00:00:00:16,40,5200,-35,WPA2,1.2240509,-9.8881548
2026-09-20T11:37:11Z,generic,LAB-NET-08,02:0A:00:00:00:1C,6,2437,-61,WPA2,1.2337772,-9.8771565
2026-09-20T11:37:18Z,generic,LAB-FOXTROT,02:0A:00:00:00:38,1,2412,-39,WPA2,1.2572900,-9.8541342
2026-09-20T11:37:25Z,minino,LAB-OFFICE,02:0A:00:00:00:09,1,2412,-36,WPA3,,
2026-09-20T11:37:32Z,minino,LAB-OFFICE,02:0A:00:00:00:0A,153,5765,-85,WPA2,1.2233540,-9.8874526
2026-09-20T11:37:39Z,generic,LAB-NET-10,02:0A:00:00:00:1E,40,5200,-59,UNKNOWN,1.2233317,-9.8882680
2026-09-20T11:37:46Z,marauder,LAB-FOXTROT,02:0A:00:00:00:38,1,2412,-69,WPA3,1.2563111,-9.8542099
2026-09-20T11:37:53Z,kismet,LAB-NET-26,02:0A:00:00:00:2E,6,2437,-88,WPA3,1.2233218,-9.8876612
2026-09-20T11:38:00Z,marauder,LAB-NET-12,02:0A:00:00:00:20,1,2412,-73,WPA3,1.2560861,-9.8550906
2026-09-20T11:38:07Z,generic,LAB-NET-07,02:0A:00:00:00:1B,36,5180,-46,WPA3,1.2561761,-9.8541247
2026-09-20T11:38:14Z,minino,LAB-OFFICE,02:0A:00:00:00:0B,1,2412,-53,WPA2,1.2562965,-9.8545708
2026-09-20T11:38:21Z,kismet,<hidden>,02:0A:00:00:00:16,40,5200,-44,WPA2,1.2240222,-9.8873100
2026-09-20T11:38:28Z,minino,LAB-NET-07,02:0A:00:00:00:1B,36,5180,-51,WPA3,1.2570660,-9.8539457
2026-09-20T11:38:35Z,generic,LAB-NET-25,02:0A:00:00:00:2D,6,2437,-84,WPA3,1.2459462,-9.8660255
2026-09-20T11:38:42Z,kismet,LAB-NET-12,02:0A:00:00:00:20,1,2412,-68,WPA3,1.2235476,-9.8868555
2026-09-20T11:38:49Z,marauder,LAB-OFFICE,02:0A:00:00:00:0C,6,2437,-51,WPA,1.2351989,-9.8772920
2026-09-20T11:38:56Z,marauder,LAB-NET-16,02:0A:00:00:00:24,36,5180,-41,WPA2,1.2341803,-9.8767987
2026-09-20T11:39:03Z,marauder,LAB-CORRIDOR,02:0A:00:00:00:12,153,5765,-45,OPEN,1.2240222,-9.8870564
2026-09-20T11:39:10Z,marauder,LAB-NET-09,02:0A:00:00:00:1D,11,2462,-38,WPA2,1.2464191,-9.8650229
2026-09-20T11:39:17Z,minino,<hidden>,02:0A:00:00:00:21,11,2462,-44,WPA2,1.2458868,-9.8648387
2026-09-20T11:39:24Z,kismet,LAB-NET-09,02:0A:00:00:00:1D,11,2462,-69,WPA2,1.2456763,-9.8648393
2026-09-20T11:39:31Z,minino,LAB-MESH-B,02:0A:00:00:00:08,11,2462,-37,OPEN,1.2344704,-9.8766780
2026-09-20T11:39:38Z,generic,<hidden>,02:0A:00:00:00:16,40,5200,-67,WPA2,1.2229307,-9.8880287
2026-09-20T11:39:45Z,generic,LAB-ZONE-NORTH,02:0A:00:00:00:10,36,5180,-64,UNKNOWN,1.2349734,-9.8766684
2026-09-20T11:39:52Z,marauder,LAB-IOT,02:0A:00:00:00:3A,1,2412,-62,WPA3,1.2240205,-9.8871829
2026-09-20T11:39:59Z,marauder,LAB-MESH-A,02:0A:00:00:00:01,36,5180,-65,OPEN,1.2342715,-9.8757721
2026-09-20T11:40:06Z,kismet,LAB-NET-23,02:0A:00:00:00:2B,36,5180,-64,WPA2,1.2562305,-9.8542017
2026-09-20T11:40:13Z,kismet,<hidden>,02:0A:00:00:00:2C,1,2412,-90,OPEN,1.2351655,-9.8761887
2026-09-20T11:40:20Z,minino,LAB-IOT,02:0A:00:00:00:3A,1,2412,-34,WPA3,1.2241294,-9.8873338
2026-09-20T11:40:27Z,generic,LAB-ALPHA,02:0A:00:00:00:33,1,2412,-41,WPA3,1.2566964,-9.8545686
2026-09-20T11:40:34Z,minino,<hidden>,02:0A:00:00:00:14,6,2437,-57,WPA3,1.2346277,-9.8767192
2026-09-20T11:40:41Z,minino,LAB-BASEMENT,02:0A:00:00:00:13,6,2437,-89,OPEN,1.2568077,-9.8546214
2026-09-20T11:40:48Z,marauder,LAB-NET-18,02:0A:00:00:00:26,6,2437,-44,WPA2,1.2239883,-9.8879680
2026-09-20T11:40:55Z,marauder,LAB-NET-04,02:0A:00:00:00:18,40,5200,-62,OPEN,1.2345798,-9.8771451
2026-09-20T11:41:02Z,minino,LAB-NET-28,02:0A:00:00:00:30,6,2437,-68,OPEN,0.0,0.0
2026-09-20T11:41:09Z,minino,LAB-NET-23,02:0A:00:00:00:2B,36,5180,-84,WPA2,1.2571328,-9.8540451
2026-09-20T11:41:16Z,generic,LAB-NET-18,02:0A:00:00:00:26,6,2437,-85,WPA2,1.2239024,-9.8877274
2026-09-20T11:41:23Z,generic,LAB-NET-08,02:0A:00:00:00:1C,6,2437,-53,WPA2,1.2345298,-9.8766293
2026-09-20T11:41:30Z,generic,LAB-NET-30,02:0A:00:00:00:32,1,2412,-46,WPA2,1.2230786,-9.8876562
2026-09-20T11:41:37Z,minino,LAB-NET-12,02:0A:00:00:00:20,1,2412,-45,WPA3,1.2562200,-9.8549176
2026-09-20T11:41:44Z,kismet,LAB-NET-14,02:0A:00:00:00:22,1,2412,-32,UNKNOWN,1.2229969,-9.8876969
2026-09-20T11:41:51Z,minino,LAB-NET-19,02:0A:00:00:00:27,149,5745,-83,WPA2,1.2561655,-9.8545297
2026-09-20T11:41:58Z,generic,LAB-NET-04,02:0A:00:00:00:18,11,2462,-87,OPEN,1.2345453,-9.8760773
2026-09-20T11:42:05Z,marauder,<hidden>,02:0A:00:00:00:14,6,2437,-55,WPA3,1.2341127,-9.8760326
2026-09-20T11:42:12Z,generic,LAB-FOXTROT,02:0A:00:00:00:38,1,2412,-60,WPA2,1.2346847,-9.8764380
2026-09-20T11:42:19Z,generic,LAB-DELTA,02:0A:00:00:00:36,11,2462,-48,WEP,1.2238758,-9.8876467
2026-09-20T11:42:26Z,generic,LAB-FOXTROT,02:0A:00:00:00:38,1,2412,-69,WPA2,1.2236563,-9.8874566
2026-09-20T11:42:33Z,marauder,LAB-NET-23,02:0A:00:00:00:2B,36,5180,-54,WPA2,1.2571665,-9.8540875
2026-09-20T11:42:40Z,minino,LAB-NET-30,02:0A:00:00:00:32,1,2412,-51,WPA2,1.2235544,-9.8882562
2026-09-20T11:42:47Z,marauder,LAB-NET-29,02:0A:00:00:00:31,6,2437,-83,WPA2,1.2346026,-9.8761423
2026-09-20T11:42:54Z,generic,LAB-NET-15,02:0A:00:00:00:23,1,2412,-85,WPA2,1.2560194,-9.8538622
2026-09-20T11:43:01Z,kismet,LAB-NET-19,02:0A:00:00:00:27,149,5745,-63,WPA2,1.2569312,-9.8543346
2026-09-20T11:43:08Z,minino,LAB-MESH-A,02:0A:00:00:00:02,1,2412,-72,WPA,1.2231645,-9.8880428
2026-09-20T11:43:15Z,marauder,LAB-ZONE-SOUTH,02:0A:00:00:00:11,11,2462,-51,WPA2,1.2451257,-9.8647086
2026-09-20T11:43:22Z,marauder,LAB-OFFICE,02:0A:00:00:00:0C,11,2462,-70,WPA,,
2026-09-20T11:43:29Z,minino,LAB-IOT,02:0A:00:00:00:3A,1,2412,-42,WPA3,1.2232575,-9.8871299
2026-09-20T11:43:36Z,kismet,LAB-ZONE-NORTH,02:0A:00:00:00:10,1,2412,-61,UNKNOWN,1.2349716,-9.8767271
2026-09-20T11:43:43Z,kismet,LAB-MESH-B,02:0A:00:00:00:05,11,2462,-55,WPA3,1.2455309,-9.8658581
2026-09-20T11:43:50Z,generic,<hidden>,02:0A:00:00:00:2C,11,2462,-62,OPEN,1.2349886,-9.8763007
2026-09-20T11:43:57Z,minino,LAB-NET-21,02:0A:00:00:00:29,36,5180,-56,OPEN,1.2451067,-9.8653674
2026-09-20T11:44:04Z,kismet,LAB-LABORATORY,02:0A:00:00:00:3B,6,2437,-49,WEP,1.2560559,-9.8538208
2026-09-20T11:44:11Z,generic,LAB-MESH-A,02:0A:00:00:00:01,36,5180,-68,OPEN,1.2345393,-9.8763866
2026-09-20T11:44:18Z,marauder,LAB-CORRIDOR,02:0A:00:00:00:0E,1,2412,-71,OPEN,1.2234732,-9.8883815
2026-09-20T11:44:25Z,generic,LAB-NET-25,02:0A:00:00:00:2D,6,2437,-77,WPA3,1.2451023,-9.8653417
2026-09-20T11:44:32Z,generic,LAB-BETA,02:0A:00:00:00:34,36,5180,-73,WPA2,1.2348592,-9.8767950
2026-09-20T11:44:39Z,minino,LAB-NET-01,02:0A:00:00:00:15,11,2462,-49,UNKNOWN,1.2456146,-9.8652729
2026-09-20T11:44:46Z,generic,LAB-NET-19,02:0A:00:00:00:27,149,5745,-42,WPA2,1.2574313,-9.8540447
2026-09-20T11:44:53Z,generic,LAB-MESH-B,02:0A:00:00:00:06,11,2462,-47,OPEN,1.2236953,-9.8883303
2026-09-20T11:45:00Z,marauder,LAB-GAMMA,02:0A:00:00:00:35,1,2412,-83,WPA3,1.2458410,-9.8656133
2026-09-20T11:45:07Z,kismet,LAB-MESH-A,02:0A:00:00:00:3C,11,2462,-78,OPEN,1.2337828,-9.8761542
2026-09-20T11:45:14Z,kismet,LAB-NET-20,02:0A:00:00:00:28,11,2462,-88,WPA3,1.2350613,-9.8769894
2026-09-20T11:45:21Z,generic,LAB-IOT,02:0A:00:00:00:3A,1,2412,-83,WPA3,1.2236263,-9.8884429
2026-09-20T11:45:28Z,minino,LAB-NET-17,02:0A:00:00:00:25,44,5220,-86,OPEN,1.2562990,-9.8539389
2026-09-20T11:45:35Z,kismet,LAB-NET-28,02:0A:00:00:00:30,6,2437,-78,OPEN,1.2341832,-9.8764314
2026-09-20T11:45:42Z,generic,LAB-MESH-A,02:0A:00:00:00:02,36,5180,-90,WPA,1.2237655,-9.8876016
2026-09-20T11:45:49Z,generic,LAB-NET-22,02:0A:00:00:00:2A,11,2462,-73,WPA3,1.2236967,-9.8870881
2026-09-20T11:45:56Z,minino,LAB-NET-14,02:0A:00:00:00:22,1,2412,-87,UNKNOWN,1.2232351,-9.8872399
2026-09-20T11:46:03Z,marauder,LAB-NET-07,02:0A:00:00:00:1B,36,5180,-43,WPA3,1.2564950,-9.8544940
2026-09-20T11:46:10Z,kismet,LAB-NET-25,02:0A:00:00:00:2D,6,2437,-86,WPA3,1.2449980,-9.8658321
2026-09-20T11:46:17Z,kismet,LAB-MESH-B,02:0A:00:00:00:07,36,5180,-37,WPA2,1.2350607,-9.8763952
2026-09-20T11:46:24Z,minino,LAB-MESH-B,02:0A:00:00:00:07,36,5180,-30,WPA2,1.2565343,-9.8550339
2026-09-20T11:46:31Z,marauder,LAB-NET-19,02:0A:00:00:00:27,149,5745,-87,WPA2,1.2572116,-9.8541204
2026-09-20T11:46:38Z,marauder,LAB-NET-05,02:0A:00:00:00:19,6,2437,-71,OPEN,1.2462352,-9.8661281
2026-09-20T11:46:45Z,generic,LAB-NET-08,02:0A:00:00:00:1C,6,2437,-65,WPA2,1.2348519,-9.8764484
2026-09-20T11:46:52Z,generic,LAB-NET-29,02:0A:00:00:00:31,6,2437,-40,WPA2,1.2569483,-9.8540654
2026-09-20T11:46:59Z,generic,LAB-NET-20,02:0A:00:00:00:28,11,2462,-57,WPA3,1.2343112,-9.8758431
2026-09-20T11:47:06Z,minino,LAB-CORRIDOR,02:0A:00:00:00:0D,6,2437,-33,OPEN,1.2448986,-9.8650908
2026-09-20T11:47:13Z,minino,LAB-NET-21,02:0A:00:00:00:29,36,5180,-39,WPA2,1.2234269,-9.8874609
2026-09-20T11:47:20Z,minino,LAB-NET-18,02:0A:00:00:00:26,6,2437,-81,WPA2,1.2241923,-9.8872473
2026-09-20T11:47:27Z,minino,LAB-NET-19,02:0A:00:00:00:27,149,5745,-87,WPA2,1.2565791,-9.8551081
2026-09-20T11:47:34Z,minino,LAB-GAMMA,02:0A:00:00:00:35,1,2412,-50,WPA3,1.2462528,-9.8655568
2026-09-20T11:47:41Z,generic,LAB-ALPHA,02:0A:00:00:00:33,1,2412,-52,WPA3,1.2562920,-9.8543598
2026-09-20T11:47:48Z,minino,<hidden>,02:0A:00:00:00:37,11,2462,-84,WPA2,1.2575299,-9.8541352
2026-09-20T11:47:55Z,minino,LAB-ALPHA,02:0A:00:00:00:33,1,2412,-61,WPA3,1.2567825,-9.8536491
2026-09-20T11:48:02Z,generic,LAB-ZONE-NORTH,02:0A:00:00:00:10,36,5180,-77,UNKNOWN,1.2349972,-9.8760398
2026-09-20T11:48:09Z,minino,LAB-GAMMA,02:0A:00:00:00:35,1,2412,-72,WPA3,1.2454594,-9.8661141
2026-09-20T11:48:16Z,kismet,LAB-NET-21,02:0A:00:00:00:29,36,5180,-44,OPEN,1.2227042,-9.8881378
2026-09-20T11:48:23Z,marauder,<hidden>,02:0A:00:00:00:37,11,2462,-89,WPA2,1.2562747,-9.8550866
2026-09-20T11:48:30Z,generic,LAB-OFFICE,02:0A:00:00:00:09,1,2412,-75,UNKNOWN,1.2574050,-9.8545796
2026-09-20T11:48:37Z,generic,LAB-NET-04,02:0A:00:00:00:18,40,5200,-34,OPEN,1.2352737,-9.8757798
2026-09-20T11:48:44Z,generic,LAB-MESH-B,02:0A:00:00:00:08,11,2462,-46,OPEN,1.2352464,-9.8760714
2026-09-20T11:48:51Z,minino,LAB-NET-19,02:0A:00:00:00:27,149,5745,-36,WPA2,1.2570068,-9.8536474
2026-09-20T11:48:58Z,minino,LAB-ALPHA,02:0A:00:00:00:33,1,2412,-36,WPA3,1.2563845,-9.8541139
2026-09-20T11:49:05Z,marauder,LAB-NET-18,02:0A:00:00:00:26,6,2437,-80,WPA2,1.2229915,-9.8883240
2026-09-20T11:49:12Z,generic,LAB-NET-29,02:0A:00:00:00:31,6,2437,-45,WPA2,1.2233995,-9.8879394
2026-09-20T11:49:19Z,marauder,LAB-NET-11,02:0A:00:00:00:1F,1,2412,-77,UNKNOWN,1.2566305,-9.8536471
2026-09-20T11:49:26Z,generic,LAB-CORRIDOR,02:0A:00:00:00:0D,6,2437,-54,OPEN,1.2452539,-9.8658824
2026-09-20T11:49:33Z,kismet,LAB-DELTA,02:0A:00:00:00:36,6,2437,-76,WEP,1.2235376,-9.8882394
2026-09-20T11:49:40Z,kismet,LAB-NET-10,02:0A:00:00:00:1E,40,5200,-39,UNKNOWN,1.2231949,-9.8877325
2026-09-20T11:49:47Z,kismet,LAB-CORRIDOR,02:0A:00:00:00:12,153,5765,-33,OPEN,1.2229440,-9.8880802
2026-09-20T11:49:54Z,minino,LAB-DELTA,02:0A:00:00:00:36,11,2462,-84,WEP,1.2235313,-9.8883292
2026-09-20T11:50:01Z,kismet,LAB-NET-04,02:0A:00:00:00:18,40,5200,-74,OPEN,,
2026-09-20T11:50:08Z,minino,LAB-GAMMA,02:0A:00:00:00:35,1,2412,-36,WPA3,1.2462316,-9.8659271
2026-09-20T11:50:15Z,kismet,LAB-NET-28,02:0A:00:00:00:30,6,2437,-40,OPEN,1.2341856,-9.8761111
2026-09-20T11:50:22Z,minino,LAB-NET-06,02:0A:00:00:00:1A,153,5765,-35,WPA2,1.2238692,-9.8884353
2026-09-20T11:50:29Z,generic,LAB-CORRIDOR,02:0A:00:00:00:0F,11,2462,-44,WPA2,1.2563248,-9.8547470
2026-09-20T11:50:36Z,generic,<hidden>,02:0A:00:00:00:16,40,5200,-77,WPA2,1.2231576,-9.8881537
2026-09-20T11:50:43Z,marauder,<hidden>,02:0A:00:00:00:37,11,2462,-59,WPA2,1.2565885,-9.8541970
2026-09-20T11:50:50Z,kismet,LAB-DELTA,02:0A:00:00:00:36,11,2462,-70,WEP,1.2230175,-9.8877731
2026-09-20T11:50:57Z,generic,LAB-NET-17,02:0A:00:00:00:25,44,5220,-66,OPEN,1.2340137,-9.8758190
2026-09-20T11:51:04Z,generic,LAB-NET-06,02:0A:00:00:00:1A,153,5765,-50,WPA2,1.2232750,-9.8876947
2026-09-20T11:51:11Z,generic,LAB-MESH-B,02:0A:00:00:00:06,1,2412,-89,OPEN,1.2237365,-9.8881701
2026-09-20T11:51:18Z,marauder,LAB-MESH-B,02:0A:00:00:00:05,11,2462,-61,WPA3,1.2454963,-9.8659027
2026-09-20T11:51:25Z,generic,LAB-NET-14,02:0A:00:00:00:22,1,2412,-65,UNKNOWN,0.0,0.0
2026-09-20T11:51:32Z,minino,LAB-MESH-B,02:0A:00:00:00:08,11,2462,-82,OPEN,1.2344373,-9.8761542
2026-09-20T11:51:39Z,kismet,<hidden>,02:0A:00:00:00:14,6,2437,-53,WPA3,1.2349033,-9.8765836
2026-09-20T11:51:46Z,generic,LAB-NET-26,02:0A:00:00:00:2E,1,2412,-52,WPA3,1.2230974,-9.8884424
2026-09-20T11:51:53Z,marauder,LAB-NET-14,02:0A:00:00:00:22,1,2412,-43,UNKNOWN,1.2235675,-9.8876688
2026-09-20T11:52:00Z,kismet,LAB-NET-22,02:0A:00:00:00:2A,11,2462,-65,WPA3,1.2233868,-9.8873338
2026-09-20T11:52:07Z,generic,LAB-BETA,02:0A:00:00:00:34,36,5180,-61,WPA2,1.2344319,-9.8770559
2026-09-20T11:52:14Z,minino,LAB-NET-23,02:0A:00:00:00:2B,36,5180,-34,WPA2,1.2568988,-9.8544913
2026-09-20T11:52:21Z,minino,LAB-CORRIDOR,02:0A:00:00:00:12,11,2462,-32,OPEN,1.2235171,-9.8873876
2026-09-20T11:52:28Z,kismet,LAB-NET-29,02:0A:00:00:00:31,6,2437,-64,WPA2,1.2338903,-9.8771748
2026-09-20T11:52:35Z,generic,LAB-ZONE-SOUTH,02:0A:00:00:00:11,11,2462,-66,WPA2,1.2449503,-9.8661894
2026-09-20T11:52:42Z,kismet,LAB-NET-06,02:0A:00:00:00:1A,1,2412,-48,WPA2,1.2232914,-9.8884371
2026-09-20T11:52:49Z,minino,LAB-NET-12,02:0A:00:00:00:20,1,2412,-60,WPA3,1.2568665,-9.8547333
2026-09-20T11:52:56Z,marauder,LAB-DELTA,02:0A:00:00:00:36,11,2462,-56,WEP,1.2239983,-9.8874831
2026-09-20T11:53:03Z,kismet,LAB-OFFICE,02:0A:00:00:00:0B,1,2412,-79,WPA2,1.2572107,-9.8540372
2026-09-20T11:53:10Z,marauder,LAB-MESH-A,02:0A:00:00:00:03,11,2462,-66,WPA2,1.2568407,-9.8544137
2026-09-20T11:53:17Z,minino,LAB-NET-09,02:0A:00:00:00:1D,6,2437,-31,WPA2,,
2026-09-20T11:53:24Z,kismet,LAB-LABORATORY,02:0A:00:00:00:3B,6,2437,-38,WEP,1.2561352,-9.8544463
2026-09-20T11:53:31Z,minino,LAB-NET-23,02:0A:00:00:00:2B,36,5180,-44,WPA2,1.2575230,-9.8549664
2026-09-20T11:53:38Z,minino,LAB-NET-07,02:0A:00:00:00:1B,36,5180,-31,WPA3,1.2572940,-9.8546047
2026-09-20T11:53:45Z,generic,LAB-NET-08,02:0A:00:00:00:1C,6,2437,-49,WPA2,1.2341098,-9.8767727
2026-09-20T11:53:52Z,kismet,LAB-NET-05,02:0A:00:00:00:19,6,2437,-88,OPEN,1.2452311,-9.8651794
2026-09-20T11:53:59Z,minino,LAB-CORRIDOR,02:0A:00:00:00:0E,1,2412,-74,OPEN,1.2238848,-9.8876550
2026-09-20T11:54:06Z,minino,LAB-NET-19,02:0A:00:00:00:27,149,5745,-69,WPA2,1.2569984,-9.8544993
2026-09-20T11:54:13Z,generic,LAB-NET-29,02:0A:00:00:00:31,11,2462,-66,WPA2,1.2237229,-9.8883463
2026-09-20T11:54:20Z,marauder,LAB-NET-28,02:0A:00:00:00:30,6,2437,-71,OPEN,1.2347077,-9.8757618
2026-09-20T11:54:27Z,kismet,LAB-NET-08,02:0A:00:00:00:1C,6,2437,-78,WPA2,1.2347594,-9.8772473
2026-09-20T11:54:34Z,generic,LAB-CORRIDOR,02:0A:00:00:00:0E,1,2412,-43,OPEN,1.2230376,-9.8872938
2026-09-20T11:54:41Z,generic,LAB-OFFICE,02:0A:00:00:00:09,1,2412,-49,UNKNOWN,1.2239159,-9.8883909
2026-09-20T11:54:48Z,marauder,LAB-NET-29,02:0A:00:00:00:31,6,2437,-32,WPA2,1.2349404,-9.8767948
2026-09-20T11:54:55Z,kismet,LAB-ZONE-NORTH,02:0A:00:00:00:10,36,5180,-79,UNKNOWN,1.2348818,-9.8769873
2026-09-20T11:55:02Z,minino,LAB-MESH-A,02:0A:00:00:00:01,36,5180,-30,OPEN,1.2338798,-9.8770353
2026-09-20T11:55:09Z,marauder,LAB-MESH-B,02:0A:00:00:00:06,1,2412,-63,OPEN,1.2235349,-9.8871819
2026-09-20T11:55:16Z,kismet,<hidden>,02:0A:00:00:00:14,6,2437,-72,WPA3,1.2340839,-9.8766648
2026-09-20T11:55:23Z,generic,LAB-NET-21,02:0A:00:00:00:29,36,5180,-66,OPEN,1.2461290,-9.8661041
2026-09-20T11:55:30Z,generic,LAB-NET-09,02:0A:00:00:00:1D,11,2462,-89,WPA2,1.2458539,-9.8655386
2026-09-20T11:55:37Z,minino,LAB-NET-08,02:0A:00:00:00:1C,6,2437,-55,WPA2,1.2349820,-9.8758687
2026-09-20T11:55:44Z,generic,LAB-ZONE-SOUTH,02:0A:00:00:00:11,11,2462,-86,WPA2,1.2453683,-9.8657789
2026-09-20T11:55:51Z,kismet,LAB-NET-26,02:0A:00:00:00:2E,11,2462,-59,WPA3,1.2229043,-9.8881509
2026-09-20T11:55:58Z,marauder,LAB-NET-07,02:0A:00:00:00:1B,36,5180,-64,WPA3,1.2575418,-9.8545240
2026-09-20T11:56:05Z,kismet,LAB-LABORATORY,02:0A:00:00:00:3B,6,2437,-41,WEP,1.2574804,-9.8548612
2026-09-20T11:56:12Z,marauder,LAB-NET-27,02:0A:00:00:00:2F,6,2437,-49,OPEN,1.2571236,-9.8541050
2026-09-20T11:56:19Z,marauder,LAB-NET-08,02:0A:00:00:00:1C,6,2437,-46,WPA2,1.2341556,-9.8772880
2026-09-20T11:56:26Z,minino,LAB-OFFICE,02:0A:00:00:00:0A,153,5765,-90,WPA2,1.2233855,-9.8873646
2026-09-20T11:56:33Z,marauder,LAB-MESH-B,02:0A:00:00:00:06,1,2412,-57,OPEN,1.2241237,-9.8878180
2026-09-20T11:56:40Z,generic,LAB-GUEST,02:0A:00:00:00:39,1,2412,-53,WPA2,1.2462065,-9.8658275
2026-09-20T11:56:47Z,kismet,LAB-NET-07,02:0A:00:00:00:1B,11,2462,-38,WPA3,1.2574679,-9.8537299
2026-09-20T11:56:54Z,generic,LAB-NET-28,02:0A:00:00:00:30,1,2412,-90,OPEN,1.2349651,-9.8762248
2026-09-20T11:57:01Z,minino,LAB-NET-30,02:0A:00:00:00:32,1,2412,-79,WPA2,1.2234966,-9.8874071
2026-09-20T11:57:08Z,minino,LAB-NET-26,02:0A:00:00:00:2E,11,2462,-79,WPA3,1.2234351,-9.8876501
2026-09-20T11:57:15Z,generic,LAB-NET-28,02:0A:00:00:00:30,6,2437,-62,OPEN,1.2349825,-9.8769282
2026-09-20T11:57:22Z,kismet,LAB-NET-20,02:0A:00:00:00:28,1,2412,-86,WPA3,1.2347861,-9.8772155
2026-09-20T11:57:29Z,marauder,LAB-NET-18,02:0A:00:00:00:26,6,2437,-48,WPA2,1.2234330,-9.8872374
2026-09-20T11:57:36Z,kismet,LAB-MESH-A,02:0A:00:00:00:03,1,2412,-31,WPA2,1.2568247,-9.8551094
2026-09-20T11:57:43Z,kismet,LAB-NET-29,02:0A:00:00:00:31,6,2437,-38,WPA2,1.2231952,-9.8873633
2026-09-20T11:57:50Z,kismet,LAB-NET-04,02:0A:00:00:00:18,40,5200,-39,OPEN,1.2343733,-9.8772516
2026-09-20T11:57:57Z,marauder,LAB-NET-10,02:0A:00:00:00:1E,40,5200,-52,UNKNOWN,1.2232996,-9.8871176
2026-09-20T11:58:04Z,generic,LAB-NET-14,02:0A:00:00:00:22,1,2412,-58,UNKNOWN,1.2237755,-9.8871502
2026-09-20T11:58:11Z,marauder,LAB-CORRIDOR,02:0A:00:00:00:0D,6,2437,-39,OPEN,0.0,0.0
2026-09-20T11:58:18Z,marauder,<hidden>,02:0A:00:00:00:2C,1,2412,-68,OPEN,1.2347386,-9.8767029
2026-09-20T11:58:25Z,marauder,LAB-MESH-A,02:0A:00:00:00:3C,11,2462,-44,OPEN,1.2345296,-9.8762899
2026-09-20T11:58:32Z,marauder,LAB-NET-19,02:0A:00:00:00:27,149,5745,-82,WPA2,1.2562181,-9.8542889
2026-09-20T11:58:39Z,minino,LAB-MESH-B,02:0A:00:00:00:06,1,2412,-33,OPEN,1.2237336,-9.8875763
2026-09-20T11:58:46Z,marauder,LAB-MESH-B,02:0A:00:00:00:08,11,2462,-84,OPEN,1.2346329,-9.8769538
2026-09-20T11:58:53Z,kismet,LAB-NET-26,02:0A:00:00:00:2E,6,2437,-76,WPA3,0.0,0.0
2026-09-20T11:59:00Z,generic,LAB-NET-23,02:0A:00:00:00:2B,11,2462,-85,WPA2,1.2574250,-9.8549240
2026-09-20T11:59:07Z,kismet,<hidden>,02:0A:00:00:00:16,40,5200,-66,WPA2,1.2241475,-9.8872282
2026-09-20T11:59:14Z,generic,LAB-NET-28,02:0A:00:00:00:30,6,2437,-39,OPEN,1.2343784,-9.8763158
2026-09-20T11:59:21Z,minino,LAB-ZONE-SOUTH,02:0A:00:00:00:11,11,2462,-43,WPA2,1.2450192,-9.8660895
2026-09-20T11:59:28Z,kismet,LAB-NET-17,02:0A:00:00:00:25,44,5220,-87,OPEN,1.2231581,-9.8878460
2026-09-20T11:59:35Z,minino,LAB-CORRIDOR,02:0A:00:00:00:0D,6,2437,-57,OPEN,1.2464467,-9.8657207
2026-09-20T11:59:42Z,minino,LAB-NET-18,02:0A:00:00:00:26,6,2437,-38,WPA2,1.2232892,-9.8875930
2026-09-20T11:59:49Z,marauder,LAB-DELTA,02:0A:00:00:00:36,11,2462,-52,WEP,1.2237447,-9.8882184
2026-09-20T11:59:56Z,generic,<hidden>,02:0A:00:00:00:21,11,2462,-50,WPA2,1.2450764,-9.8646371
2026-09-20T12:00:03Z,minino,LAB-NET-12,02:0A:00:00:00:20,1,2412,-36,WPA3,1.2232594,-9.8868845
2026-09-20T12:00:10Z,generic,LAB-BETA,02:0A:00:00:00:34,36,5180,-44,WPA2,1.2349450,-9.8758661
2026-09-20T12:00:17Z,kismet,LAB-GAMMA,02:0A:00:00:00:35,1,2412,-63,WPA3,1.2462365,-9.8646464
2026-09-20T12:00:24Z,minino,LAB-NET-03,02:0A:00:00:00:17,153,5765,-46,WPA3,1.2566147,-9.8542764
2026-09-20T12:00:31Z,marauder,LAB-NET-06,02:0A:00:00:00:1A,153,5765,-36,WPA2,1.2231742,-9.8871883
2026-09-20T12:00:38Z,kismet,<hidden>,02:0A:00:00:00:14,6,2437,-33,WPA3,1.2340297,-9.8771231
2026-09-20T12:00:45Z,marauder,LAB-CORRIDOR,02:0A:00:00:00:0E,1,2412,-47,OPEN,1.2229697,-9.8874123
2026-09-20T12:00:52Z,marauder,<hidden>,02:0A:00:00:00:37,11,2462,-84,WPA2,1.2575096,-9.8544376
2026-09-20T12:00:59Z,generic,LAB-NET-11,02:0A:00:00:00:1F,1,2412,-81,UNKNOWN,1.2560730,-9.8535526
2026-09-20T12:01:06Z,minino,LAB-NET-06,02:0A:00:00:00:1A,153,5765,-49,WPA2,1.2228468,-9.8878197
2026-09-20T12:01:13Z,generic,LAB-NET-30,02:0A:00:00:00:32,1,2412,-73,WPA2,1.2239292,-9.8874007
2026-09-20T12:01:20Z,minino,LAB-NET-09,02:0A:00:00:00:1D,11,2462,-89,WPA2,1.2450709,-9.8660999
2026-09-20T12:01:27Z,generic,LAB-NET-17,02:0A:00:00:00:25,44,5220,-49,OPEN,1.2571816,-9.8538501
2026-09-20T12:01:34Z,minino,<hidden>,02:0A:00:00:00:14,6,2437,-65,WPA3,1.2339269,-9.8772416
2026-09-20T12:01:41Z,marauder,LAB-MESH-A,02:0A:00:00:00:02,36,5180,-57,WPA,1.2239646,-9.8872007
2026-09-20T12:01:48Z,marauder,LAB-NET-15,02:0A:00:00:00:23,1,2412,-79,WPA2,1.2572531,-9.8549225
2026-09-20T12:01:55Z,minino,LAB-NET-25,02:0A:00:00:00:2D,1,2412,-49,WPA3,1.2457665,-9.8649513
2026-09-20T12:02:02Z,kismet,LAB-NET-16,02:0A:00:00:00:24,6,2437,-56,WPA2,1.2349727,-9.8772078
2026-09-20T12:02:09Z,kismet,LAB-NET-23,02:0A:00:00:00:2B,11,2462,-48,WPA2,0.0,0.0
2026-09-20T12:02:16Z,minino,LAB-OFFICE,02:0A:00:00:00:09,1,2412,-46,UNKNOWN,1.2568253,-9.8535434
2026-09-20T12:02:23Z,kismet,LAB-GAMMA,02:0A:00:00:00:35,1,2412,-36,WPA3,,
2026-09-20T12:02:30Z,kismet,LAB-OFFICE,02:0A:00:00:00:09,1,2412,-74,UNKNOWN,1.2453227,-9.8650655
2026-09-20T12:02:37Z,minino,LAB-IOT,02:0A:00:00:00:3A,1,2412,-56,WPA3,1.2233864,-9.8869427
2026-09-20T12:02:44Z,minino,LAB-NET-21,02:0A:00:00:00:29,36,5180,-64,OPEN,1.2237716,-9.8881461
2026-09-20T12:02:51Z,marauder,LAB-NET-01,02:0A:00:00:00:15,6,2437,-73,UNKNOWN,1.2455727,-9.8661906
2026-09-20T12:02:58Z,kismet,LAB-MESH-B,02:0A:00:00:00:08,6,2437,-81,OPEN,1.2344187,-9.8768162
2026-09-20T12:03:05Z,marauder,LAB-CORRIDOR,02:0A:00:00:00:0F,11,2462,-40,WPA2,1.2561457,-9.8535538
2026-09-20T12:03:12Z,marauder,LAB-OFFICE,02:0A:00:00:00:0C,11,2462,-57,WPA,1.2351686,-9.8764011
2026-09-20T12:03:19Z,generic,LAB-NET-17,02:0A:00:00:00:25,44,5220,-79,OPEN,1.2236286,-9.8870198
2026-09-20T12:03:26Z,generic,LAB-NET-28,02:0A:00:00:00:30,6,2437,-60,OPEN,1.2350298,-9.8764605
2026-09-20T12:03:33Z,minino,LAB-ZONE-SOUTH,02:0A:00:00:00:11,11,2462,-66,WPA2,,
2026-09-20T12:03:40Z,minino,LAB-CORRIDOR,02:0A:00:00:00:12,153,5765,-47,OPEN,0.0,0.0
2026-09-20T12:03:47Z,kismet,LAB-NET-26,02:0A:00:00:00:2E,6,2437,-73,WPA3,1.2233590,-9.8878879
2026-09-20T12:03:54Z,marauder,LAB-NET-14,02:0A:00:00:00:22,1,2412,-30,UNKNOWN,1.2240669,-9.8871519
2026-09-20T12:04:01Z,marauder,LAB-NET-30,02:0A:00:00:00:32,1,2412,-80,WPA2,1.2228009,-9.8883271
2026-09-20T12:04:08Z,generic,LAB-MESH-B,02:0A:00:00:00:06,1,2412,-47,OPEN,1.2235434,-9.8876657
2026-09-20T12:04:15Z,marauder,LAB-NET-27,02:0A:00:00:00:2F,6,2437,-65,WPA2,1.2567855,-9.8540248
2026-09-20T12:04:22Z,minino,LAB-DELTA,02:0A:00:00:00:36,11,2462,-43,WEP,1.2237994,-9.8873302
2026-09-20T12:04:29Z,generic,LAB-LABORATORY,02:0A:00:00:00:3B,6,2437,-80,WEP,1.2573975,-9.8542760
2026-09-20T12:04:36Z,minino,LAB-GUEST,02:0A:00:00:00:39,1,2412,-58,WPA2,1.2463250,-9.8659524
2026-09-20T12:04:43Z,minino,LAB-MESH-A,02:0A:00:00:00:04,11,2462,-37,WPA2,1.2343744,-9.8767459
2026-09-20T12:04:50Z,marauder,LAB-NET-30,02:0A:00:00:00:32,1,2412,-43,WPA2,1.2231208,-9.8876813
2026-09-20T12:04:57Z,marauder,LAB-NET-06,02:0A:00:00:00:1A,153,5765,-31,WPA2,1.2231444,-9.8869613
2026-09-20T12:05:04Z,kismet,LAB-NET-20,02:0A:00:00:00:28,11,2462,-68,WPA3,1.2338598,-9.8773338
2026-09-20T12:05:11Z,minino,LAB-NET-03,02:0A:00:00:00:17,6,2437,-85,WPA3,1.2562869,-9.8545537
2026-09-20T12:05:18Z,kismet,LAB-IOT,02:0A:00:00:00:3A,1,2412,-76,WPA3,1.2228548,-9.8876744
2026-09-20T12:05:25Z,marauder,LAB-NET-04,02:0A:00:00:00:18,40,5200,-62,OPEN,1.2344531,-9.8770517
2026-09-20T12:05:32Z,minino,LAB-NET-09,02:0A:00:00:00:1D,11,2462,-83,WPA2,1.2454449,-9.8655378
2026-09-20T12:05:39Z,minino,LAB-MESH-A,02:0A:00:00:00:03,11,2462,-30,WPA2,1.2566627,-9.8545911
2026-09-20T12:05:46Z,minino,LAB-NET-23,02:0A:00:00:00:2B,36,5180,-70,WPA2,1.2561791,-9.8543385
2026-09-20T12:05:53Z,generic,LAB-NET-30,02:0A:00:00:00:32,1,2412,-82,WPA2,1.2234597,-9.8869766
2026-09-20T12:06:00Z,marauder,LAB-MESH-B,02:0A:00:00:00:07,36,5180,-47,WPA2,1.2343184,-9.8773214
2026-09-20T12:06:07Z,generic,LAB-NET-08,02:0A:00:00:00:1C,6,2437,-85,WPA2,1.2349477,-9.8766483
2026-09-20T12:06:14Z,marauder,LAB-ZONE-NORTH,02:0A:00:00:00:10,36,5180,-35,UNKNOWN,1.2349346,-9.8770442
2026-09-20T12:06:21Z,marauder,LAB-NET-25,02:0A:00:00:00:2D,6,2437,-46,WPA3,1.2461919,-9.8659146
2026-09-20T12:06:28Z,minino,LAB-NET-20,02:0A:00:00:00:28,11,2462,-83,WPA3,1.2353559,-9.8763973
2026-09-20T12:06:35Z,marauder,LAB-MESH-A,02:0A:00:00:00:03,1,2412,-35,WPA2,1.2562965,-9.8548871
2026-09-20T12:06:42Z,generic,LAB-NET-07,02:0A:00:00:00:1B,36,5180,-60,WPA3,1.2571093,-9.8535528
2026-09-20T12:06:49Z,kismet,LAB-NET-08,02:0A:00:00:00:1C,6,2437,-45,WPA2,1.2342547,-9.8769124
2026-09-20T12:06:56Z,kismet,LAB-NET-01,02:0A:00:00:00:15,6,2437,-77,UNKNOWN,1.2451697,-9.8662312
2026-09-20T12:07:03Z,kismet,LAB-CORRIDOR,02:0A:00:00:00:12,153,5765,-69,OPEN,1.2228179,-9.8881586
2026-09-20T12:07:10Z,kismet,LAB-MESH-B,02:0A:00:00:00:07,36,5180,-43,WPA2,1.2350005,-9.8771347
2026-09-20T12:07:17Z,marauder,LAB-NET-14,02:0A:00:00:00:22,1,2412,-34,UNKNOWN,1.2230379,-9.8880128
2026-09-20T12:07:24Z,minino,LAB-NET-21,02:0A:00:00:00:29,36,5180,-45,OPEN,1.2353171,-9.8759287
2026-09-20T12:07:31Z,minino,LAB-MESH-B,02:0A:00:00:00:07,36,5180,-56,WPA2,1.2347582,-9.8768608
2026-09-20T12:07:38Z,kismet,LAB-MESH-A,02:0A:00:00:00:03,1,2412,-33,WPA2,1.2566581,-9.8539824
2026-09-20T12:07:45Z,marauder,LAB-NET-21,02:0A:00:00:00:29,36,5180,-80,OPEN,1.2338761,-9.8766728
2026-09-20T12:07:52Z,minino,LAB-NET-25,02:0A:00:00:00:2D,11,2462,-43,WPA3,1.2453424,-9.8647028
2026-09-20T12:07:59Z,generic,LAB-NET-12,02:0A:00:00:00:20,1,2412,-52,WPA3,1.2349690,-9.8767286
2026-09-20T12:08:06Z,marauder,LAB-OFFICE,02:0A:00:00:00:0C,11,2462,-34,WPA,,
2026-09-20T12:08:13Z,minino,<hidden>,02:0A:00:00:00:21,11,2462,-72,WPA2,1.2460113,-9.8653920
2026-09-20T12:08:20Z,minino,LAB-NET-16,02:0A:00:00:00:24,36,5180,-30,WPA2,1.2341261,-9.8764895
2026-09-20T12:08:27Z,minino,LAB-MESH-A,02:0A:00:00:00:3C,11,2462,-56,OPEN,1.2351652,-9.8772608
2026-09-20T12:08:34Z,kismet,LAB-NET-22,02:0A:00:00:00:2A,11,2462,-44,WPA3,1.2236250,-9.8878637
2026-09-20T12:08:41Z,kismet,LAB-IOT,02:0A:00:00:00:3A,1,2412,-76,WPA3,1.2231761,-9.8883627
2026-09-20T12:08:48Z,marauder,LAB-CORRIDOR,02:0A:00:00:00:12,153,5765,-44,OPEN,1.2242113,-9.8875945
2026-09-20T12:08:55Z,minino,LAB-NET-05,02:0A:00:00:00:19,6,2437,-38,OPEN,1.2452907,-9.8652301
2026-09-20T12:09:02Z,minino,LAB-NET-01,02:0A:00:00:00:15,6,2437,-62,UNKNOWN,1.2458096,-9.8649397
2026-09-20T12:09:09Z,generic,LAB-NET-27,02:0A:00:00:00:2F,6,2437,-79,OPEN,1.2562263,-9.8543546
2026-09-20T12:09:16Z,marauder,LAB-OFFICE,02:0A:00:00:00:0C,11,2462,-71,WPA,1.2345526,-9.8761760
2026-09-20T12:09:23Z,minino,LAB-OFFICE,02:0A:00:00:00:0C,6,2437,-61,WPA,1.2348676,-9.8770426
2026-09-20T12:09:30Z,marauder,LAB-NET-06,02:0A:00:00:00:1A,153,5765,-66,WPA2,1.2234995,-9.8872915
2026-09-20T12:09:37Z,marauder,LAB-MESH-B,02:0A:00:00:00:08,1,2412,-73,OPEN,1.2349893,-9.8763120
2026-09-20T12:09:44Z,kismet,LAB-NET-21,02:0A:00:00:00:29,36,5180,-36,OPEN,1.2337828,-9.8760765
2026-09-20T12:09:51Z,kismet,LAB-CORRIDOR,02:0A:00:00:00:0D,6,2437,-69,OPEN,1.2460944,-9.8648043
2026-09-20T12:09:58Z,marauder,LAB-ZONE-NORTH,02:0A:00:00:00:10,36,5180,-89,UNKNOWN,0.0,0.0
2026-09-20T12:10:05Z,marauder,LAB-MESH-B,02:0A:00:00:00:07,1,2412,-76,WPA2,1.2240750,-9.8877898
2026-09-20T12:10:12Z,marauder,LAB-OFFICE,02:0A:00:00:00:0A,153,5765,-59,WPA2,1.2231157,-9.8869796
2026-09-20T12:10:19Z,marauder,LAB-MESH-B,02:0A:00:00:00:08,6,2437,-67,OPEN,1.2352981,-9.8768923
2026-09-20T12:10:26Z,kismet,LAB-LABORATORY,02:0A:00:00:00:3B,6,2437,-52,WEP,1.2560584,-9.8548792
2026-09-20T12:10:33Z,kismet,LAB-NET-08,02:0A:00:00:00:1C,6,2437,-34,WPA2,1.2348354,-9.8768607
2026-09-20T12:10:40Z,marauder,LAB-LABORATORY,02:0A:00:00:00:3B,6,2437,-40,WPA,1.2565796,-9.8546964
2026-09-20T12:10:47Z,generic,LAB-OFFICE,02:0A:00:00:00:0A,153,5765,-38,WPA2,1.2228912,-9.8882179
2026-09-20T12:10:54Z,minino,LAB-NET-17,02:0A:00:00:00:25,44,5220,-41,OPEN,1.2564346,-9.8549763
2026-09-20T12:11:01Z,kismet,LAB-NET-01,02:0A:00:00:00:15,6,2437,-82,UNKNOWN,1.2456490,-9.8646755
2026-09-20T12:11:08Z,generic,LAB-NET-22,02:0A:00:00:00:2A,11,2462,-56,WPA3,1.2232698,-9.8875754
2026-09-20T12:11:15Z,minino,LAB-CORRIDOR,02:0A:00:00:00:0F,11,2462,-46,WPA2,1.2569185,-9.8544461
2026-09-20T12:11:22Z,generic,LAB-NET-04,02:0A:00:00:00:18,40,5200,-82,OPEN,,
2026-09-20T12:11:29Z,minino,LAB-MESH-A,02:0A:00:00:00:04,1,2412,-72,WPA2,1.2343452,-9.8759843
2026-09-20T12:11:36Z,minino,LAB-DELTA,02:0A:00:00:00:36,11,2462,-87,WEP,1.2242116,-9.8869936
2026-09-20T12:11:43Z,kismet,LAB-MESH-B,02:0A:00:00:00:08,6,2437,-87,OPEN,1.2348941,-9.8767393
2026-09-20T12:11:50Z,minino,LAB-NET-23,02:0A:00:00:00:2B,36,5180,-67,WPA2,1.2567519,-9.8541707
2026-09-20T12:11:57Z,generic,LAB-ZONE-NORTH,02:0A:00:00:00:10,1,2412,-43,UNKNOWN,1.2346785,-9.8760413
2026-09-20T12:12:04Z,marauder,LAB-NET-14,02:0A:00:00:00:22,1,2412,-72,UNKNOWN,1.2231359,-9.8877959
2026-09-20T12:12:11Z,marauder,LAB-MESH-A,02:0A:00:00:00:04,1,2412,-65,WPA2,1.2338192,-9.8761414
2026-09-20T12:12:18Z,kismet,<hidden>,02:0A:00:00:00:2C,1,2412,-45,OPEN,1.2344947,-9.8762049
2026-09-20T12:12:25Z,minino,LAB-MESH-A,02:0A:00:00:00:3C,11,2462,-43,OPEN,1.2353248,-9.8765088
2026-09-20T12:12:32Z,marauder,LAB-NET-20,02:0A:00:00:00:28,11,2462,-38,WPA3,0.0,0.0
2026-09-20T12:12:39Z,kismet,LAB-NET-11,02:0A:00:00:00:1F,1,2412,-49,UNKNOWN,1.2570160,-9.8537974
2026-09-20T12:12:46Z,marauder,LAB-CORRIDOR,02:0A:00:00:00:12,153,5765,-75,OPEN,1.2227812,-9.8874892
2026-09-20T12:12:53Z,minino,LAB-NET-15,02:0A:00:00:00:23,1,2412,-55,WPA2,1.2563281,-9.8551034
2026-09-20T12:13:00Z,marauder,LAB-MESH-A,02:0A:00:00:00:3C,11,2462,-54,OPEN,0.0,0.0
2026-09-20T12:13:07Z,marauder,LAB-NET-11,02:0A:00:00:00:1F,6,2437,-68,UNKNOWN,0.0,0.0
2026-09-20T12:13:14Z,minino,LAB-NET-06,02:0A:00:00:00:1A,153,5765,-46,WPA2,1.2231599,-9.8878293
2026-09-20T12:13:21Z,minino,<hidden>,02:0A:00:00:00:16,40,5200,-89,WPA2,1.2238430,-9.8882927
2026-09-20T12:13:28Z,generic,LAB-NET-05,02:0A:00:00:00:19,6,2437,-85,OPEN,1.2462690,-9.8661722
2026-09-20T12:13:35Z,minino,LAB-MESH-B,02:0A:00:00:00:06,1,2412,-41,OPEN,1.2230272,-9.8881093
2026-09-20T12:13:42Z,kismet,<hidden>,02:0A:00:00:00:21,11,2462,-62,WPA2,1.2460449,-9.8651899
2026-09-20T12:13:49Z,generic,<hidden>,02:0A:00:00:00:16,11,2462,-75,WPA2,1.2236543,-9.8869501
2026-09-20T12:13:56Z,marauder,LAB-NET-20,02:0A:00:00:00:28,11,2462,-39,OPEN,1.2353006,-9.8764362
2026-09-20T12:14:03Z,generic,<hidden>,02:0A:00:00:00:14,1,2412,-70,WPA3,1.2353181,-9.8760929
2026-09-20T12:14:10Z,generic,LAB-BASEMENT,02:0A:00:00:00:13,1,2412,-74,WPA2,1.2564372,-9.8545397
2026-09-20T12:14:17Z,generic,LAB-ZONE-SOUTH,02:0A:00:00:00:11,11,2462,-88,WPA2,1.2455862,-9.8647534
2026-09-20T12:14:24Z,kismet,LAB-BASEMENT,02:0A:00:00:00:13,6,2437,-67,WPA2,1.2573602,-9.8536536
2026-09-20T12:14:31Z,marauder,LAB-NET-07,02:0A:00:00:00:1B,36,5180,-43,WPA3,1.2564095,-9.8537201
2026-09-20T12:14:38Z,minino,LAB-NET-25,02:0A:00:00:00:2D,6,2437,-54,WPA3,1.2448916,-9.8648672
2026-09-20T12:14:45Z,generic,LAB-MESH-B,02:0A:00:00:00:05,11,2462,-49,WPA3,1.2462776,-9.8651615
2026-09-20T12:14:52Z,generic,LAB-GAMMA,02:0A:00:00:00:35,1,2412,-41,WPA3,1.2450162,-9.8650613
2026-09-20T12:14:59Z,generic,LAB-NET-06,02:0A:00:00:00:1A,153,5765,-83,WPA2,1.2231644,-9.8868600
2026-09-20T12:15:06Z,marauder,LAB-MESH-A,02:0A:00:00:00:03,1,2412,-52,WPA2,1.2575067,-9.8548882
2026-09-20T12:15:13Z,marauder,LAB-MESH-A,02:0A:00:00:00:04,1,2412,-77,WPA2,1.2343462,-9.8766550
2026-09-20T12:15:20Z,marauder,LAB-NET-29,02:0A:00:00:00:31,6,2437,-71,WPA2,1.2570061,-9.8549873
2026-09-20T12:15:27Z,marauder,LAB-NET-09,02:0A:00:00:00:1D,11,2462,-85,WPA2,1.2457185,-9.8651607
2026-09-20T12:15:34Z,generic,LAB-NET-08,02:0A:00:00:00:1C,6,2437,-60,WPA2,1.2349729,-9.8770799
2026-09-20T12:15:41Z,generic,LAB-NET-25,02:0A:00:00:00:2D,6,2437,-38,OPEN,1.2464238,-9.8655332
2026-09-20T12:15:48Z,kismet,LAB-NET-19,02:0A:00:00:00:27,11,2462,-90,WPA2,1.2571454,-9.8541954
2026-09-20T12:15:55Z,generic,LAB-NET-10,02:0A:00:00:00:1E,40,5200,-74,UNKNOWN,1.2234558,-9.8879480
2026-09-20T12:16:02Z,marauder,LAB-MESH-A,02:0A:00:00:00:01,36,5180,-88,OPEN,1.2573606,-9.8541061
2026-09-20T12:16:09Z,kismet,LAB-CORRIDOR,02:0A:00:00:00:0D,6,2437,-77,OPEN,1.2457526,-9.8659663
2026-09-20T12:16:16Z,marauder,<hidden>,02:0A:00:00:00:2C,6,2437,-46,OPEN,1.2337908,-9.8760412
2026-09-20T12:16:23Z,kismet,LAB-NET-10,02:0A:00:00:00:1E,40,5200,-83,UNKNOWN,1.2232195,-9.8871292
2026-09-20T12:16:30Z,generic,LAB-NET-10,02:0A:00:00:00:1E,40,5200,-72,UNKNOWN,1.2229397,-9.8875025
2026-09-20T12:16:37Z,marauder,LAB-NET-25,02:0A:00:00:00:2D,6,2437,-85,WPA3,1.2458935,-9.8651088
2026-09-20T12:16:44Z,marauder,LAB-MESH-B,02:0A:00:00:00:07,36,5180,-50,WPA2,1.2347538,-9.8766852
2026-09-20T12:16:51Z,generic,LAB-NET-18,02:0A:00:00:00:26,6,2437,-55,WPA2,1.2237250,-9.8870916
2026-09-20T12:16:58Z,generic,LAB-CORRIDOR,02:0A:00:00:00:0D,6,2437,-64,OPEN,1.2463998,-9.8656711
2026-09-20T12:17:05Z,minino,LAB-NET-22,02:0A:00:00:00:2A,11,2462,-58,WPA3,1.2238425,-9.8884421
2026-09-20T12:17:12Z,minino,LAB-GUEST,02:0A:00:00:00:39,1,2412,-90,WPA2,1.2453707,-9.8647878
2026-09-20T12:17:19Z,kismet,LAB-NET-07,02:0A:00:00:00:1B,36,5180,-37,WPA3,,
2026-09-20T12:17:26Z,generic,LAB-GAMMA,02:0A:00:00:00:35,1,2412,-75,WPA3,1.2453869,-9.8659594
2026-09-20T12:17:33Z,generic,LAB-NET-06,02:0A:00:00:00:1A,153,5765,-82,WPA2,1.2236878,-9.8871286
2026-09-20T12:17:40Z,generic,LAB-NET-05,02:0A:00:00:00:19,6,2437,-76,OPEN,1.2451568,-9.8647854
2026-09-20T12:17:47Z,kismet,LAB-BETA,02:0A:00:00:00:34,36,5180,-37,WPA2,1.2339572,-9.8764201
2026-09-20T12:17:54Z,minino,LAB-NET-01,02:0A:00:00:00:15,6,2437,-89,UNKNOWN,1.2450281,-9.8655322
2026-09-20T12:18:01Z,minino,LAB-NET-15,02:0A:00:00:00:23,1,2412,-61,WPA2,1.2561150,-9.8545092
2026-09-20T12:18:08Z,minino,LAB-NET-30,02:0A:00:00:00:32,1,2412,-44,WPA2,1.2230403,-9.8870176
2026-09-20T12:18:15Z,marauder,LAB-ALPHA,02:0A:00:00:00:33,1,2412,-50,WPA3,1.2564058,-9.8550382
2026-09-20T12:18:22Z,minino,LAB-FOXTROT,02:0A:00:00:00:38,6,2437,-85,WPA2,1.2352513,-9.8771469
2026-09-20T12:18:29Z,marauder,<hidden>,02:0A:00:00:00:37,11,2462,-64,WPA2,1.2573303,-9.8544957
2026-09-20T12:18:36Z,generic,LAB-NET-21,02:0A:00:00:00:29,36,5180,-39,OPEN,1.2344397,-9.8759197
2026-09-20T12:18:43Z,marauder,<hidden>,02:0A:00:00:00:14,6,2437,-83,WPA3,,
2026-09-20T12:18:50Z,kismet,LAB-NET-03,02:0A:00:00:00:17,153,5765,-31,WPA3,1.2569714,-9.8542466
2026-09-20T12:18:57Z,minino,LAB-NET-19,02:0A:00:00:00:27,149,5745,-77,WPA2,,
2026-09-20T12:19:04Z,minino,LAB-MESH-B,02:0A:00:00:00:08,11,2462,-73,OPEN,1.2338150,-9.8771215
2026-09-20T12:19:11Z,generic,LAB-CORRIDOR,02:0A:00:00:00:0D,6,2437,-63,OPEN,1.2454366,-9.8653497
2026-09-20T12:19:18Z,kismet,LAB-NET-06,02:0A:00:00:00:1A,153,5765,-65,WPA2,1.2230568,-9.8881377
2026-09-20T12:19:25Z,generic,LAB-ALPHA,02:0A:00:00:00:33,1,2412,-63,WPA3,1.2564875,-9.8538504
2026-09-20T12:19:32Z,generic,LAB-NET-08,02:0A:00:00:00:1C,6,2437,-78,WPA2,1.2342025,-9.8768332
2026-09-20T12:19:39Z,kismet,LAB-NET-04,02:0A:00:00:00:18,40,5200,-53,OPEN,1.2350787,-9.8766242
2026-09-20T12:19:46Z,marauder,LAB-NET-19,02:0A:00:00:00:27,149,5745,-83,WPA2,1.2570212,-9.8535768
2026-09-20T12:19:53Z,kismet,LAB-NET-01,02:0A:00:00:00:15,6,2437,-67,UNKNOWN,1.2451764,-9.8658396
2026-09-20T12:20:00Z,generic,LAB-NET-01,02:0A:00:00:00:15,6,2437,-54,UNKNOWN,1.2453886,-9.8662147
2026-09-20T12:20:07Z,minino,LAB-IOT,02:0A:00:00:00:3A,1,2412,-84,WPA3,1.2227627,-9.8880005
2026-09-20T12:20:14Z,generic,LAB-NET-26,02:0A:00:00:00:2E,11,2462,-47,WPA3,1.2240701,-9.8870784
2026-09-20T12:20:21Z,marauder,LAB-NET-01,02:0A:00:00:00:15,6,2437,-73,UNKNOWN,1.2451959,-9.8661526
2026-09-20T12:20:28Z,marauder,LAB-MESH-B,02:0A:00:00:00:08,11,2462,-72,OPEN,1.2347301,-9.8763973
2026-09-20T12:20:35Z,marauder,LAB-NET-17,02:0A:00:00:00:25,44,5220,-69,OPEN,1.2342228,-9.8759966
2026-09-20T12:20:42Z,kismet,LAB-MESH-B,02:0A:00:00:00:05,11,2462,-42,WPA3,1.2462067,-9.8655680
2026-09-20T12:20:49Z,generic,LAB-MESH-B,02:0A:00:00:00:06,1,2412,-59,OPEN,1.2231578,-9.8874746
2026-09-20T12:20:56Z,marauder,LAB-LABORATORY,02:0A:00:00:00:3B,1,2412,-82,WEP,1.2565872,-9.8541322
2026-09-20T12:21:03Z,kismet,LAB-NET-01,02:0A:00:00:00:15,11,2462,-38,UNKNOWN,1.2460377,-9.8658700
2026-09-20T12:21:10Z,marauder,LAB-MESH-A,02:0A:00:00:00:01,36,5180,-74,OPEN,1.2350237,-9.8771659
2026-09-20T12:21:17Z,generic,LAB-NET-20,02:0A:00:00:00:28,11,2462,-83,WPA3,1.2343751,-9.8762253
2026-09-20T12:21:24Z,generic,LAB-FOXTROT,02:0A:00:00:00:38,1,2412,-48,WPA2,1.2462994,-9.8646868
2026-09-20T12:21:31Z,generic,LAB-NET-14,02:0A:00:00:00:22,1,2412,-76,UNKNOWN,1.2234214,-9.8876701
2026-09-20T12:21:38Z,minino,LAB-NET-30,02:0A:00:00:00:32,1,2412,-46,WPA2,1.2227892,-9.8875607
2026-09-20T12:21:45Z,generic,LAB-NET-12,02:0A:00:00:00:20,1,2412,-84,WPA3,1.2348406,-9.8765942
2026-09-20T12:21:52Z,kismet,LAB-GAMMA,02:0A:00:00:00:35,1,2412,-45,WPA3,1.2457231,-9.8648586
2026-09-20T12:21:59Z,generic,LAB-OFFICE,02:0A:00:00:00:0A,153,5765,-62,WPA2,1.2228258,-9.8882462
2026-09-20T12:22:06Z,kismet,<hidden>,02:0A:00:00:00:21,11,2462,-30,WPA2,1.2455192,-9.8661223
2026-09-20T12:22:13Z,generic,LAB-NET-22,02:0A:00:00:00:2A,1,2412,-79,WPA3,1.2233942,-9.8882828
2026-09-20T12:22:20Z,marauder,LAB-NET-11,02:0A:00:00:00:1F,1,2412,-68,UNKNOWN,1.2567132,-9.8546961
2026-09-20T12:22:27Z,kismet,LAB-OFFICE,02:0A:00:00:00:0A,153,5765,-84,WPA2,1.2233461,-9.8879203
2026-09-20T12:22:34Z,generic,LAB-MESH-A,02:0A:00:00:00:3C,11,2462,-57,OPEN,1.2342382,-9.8766989
2026-09-20T12:22:41Z,minino,<hidden>,02:0A:00:00:00:2C,1,2412,-83,OPEN,,
2026-09-20T12:22:48Z,generic,LAB-MESH-A,02:0A:00:00:00:03,1,2412,-65,WPA2,1.2563710,-9.8542696
2026-09-20T12:22:55Z,minino,LAB-CORRIDOR,02:0A:00:00:00:0F,11,2462,-68,WPA2,1.2573962,-9.8546918
2026-09-20T12:23:02Z,generic,LAB-NET-26,02:0A:00:00:00:2E,6,2437,-43,WPA3,1.2238309,-9.8883035
2026-09-20T12:23:09Z,kismet,LAB-LABORATORY,02:0A:00:00:00:3B,6,2437,-33,WEP,1.2562614,-9.8540307
2026-09-20T12:23:16Z,minino,LAB-MESH-A,02:0A:00:00:00:01,36,5180,-47,OPEN,1.2560223,-9.8535620
2026-09-20T12:23:23Z,marauder,LAB-MESH-A,02:0A:00:00:00:01,36,5180,-88,OPEN,1.2235898,-9.8876730
2026-09-20T12:23:30Z,marauder,LAB-NET-17,02:0A:00:00:00:25,1,2412,-71,OPEN,1.2234971,-9.8881866
2026-09-20T12:23:37Z,generic,<hidden>,02:0A:00:00:00:16,40,5200,-74,WPA2,1.2238324,-9.8868706
2026-09-20T12:23:44Z,generic,LAB-MESH-A,02:0A:00:00:00:01,36,5180,-83,OPEN,1.2231907,-9.8876258
2026-09-20T12:23:51Z,minino,LAB-NET-14,02:0A:00:00:00:22,1,2412,-68,UNKNOWN,1.2226899,-9.8868885
2026-09-20T12:23:58Z,marauder,LAB-ZONE-NORTH,02:0A:00:00:00:10,36,5180,-78,UNKNOWN,1.2348811,-9.8766540
2026-09-20T12:24:05Z,generic,LAB-NET-05,02:0A:00:00:00:19,6,2437,-34,OPEN,1.2464236,-9.8648287
2026-09-20T12:24:12Z,kismet,LAB-ZONE-SOUTH,02:0A:00:00:00:11,11,2462,-71,WPA2,1.2454371,-9.8657022
2026-09-20T12:24:19Z,generic,LAB-NET-18,02:0A:00:00:00:26,6,2437,-54,WPA2,1.2232059,-9.8874745
2026-09-20T12:24:26Z,minino,LAB-ALPHA,02:0A:00:00:00:33,1,2412,-61,WPA3,1.2561653,-9.8551077
2026-09-20T12:24:33Z,kismet,LAB-NET-14,02:0A:00:00:00:22,1,2412,-86,UNKNOWN,1.2236548,-9.8873914
2026-09-20T12:24:40Z,marauder,LAB-MESH-A,02:0A:00:00:00:01,6,2437,-63,OPEN,1.2564418,-9.8541721
2026-09-20T12:24:47Z,minino,LAB-DELTA,02:0A:00:00:00:36,6,2437,-85,WEP,0.0,0.0
2026-09-20T12:24:54Z,marauder,LAB-OFFICE,02:0A:00:00:00:0A,1,2412,-60,WPA2,1.2229715,-9.8875179
2026-09-20T12:25:01Z,marauder,LAB-ZONE-NORTH,02:0A:00:00:00:10,36,5180,-33,UNKNOWN,1.2347871,-9.8766671
2026-09-20T12:25:08Z,minino,<hidden>,02:0A:00:00:00:14,6,2437,-47,WPA3,1.2340451,-9.8766459
2026-09-20T12:25:15Z,generic,LAB-ZONE-SOUTH,02:0A:00:00:00:11,11,2462,-56,WPA2,1.2457658,-9.8657504
2026-09-20T12:25:22Z,kismet,LAB-ALPHA,02:0A:00:00:00:33,1,2412,-58,WPA3,1.2566880,-9.8548992
2026-09-20T12:25:29Z,generic,LAB-NET-26,02:0A:00:00:00:2E,6,2437,-89,WPA3,1.2232234,-9.8877078
2026-09-20T12:25:36Z,kismet,LAB-MESH-A,02:0A:00:00:00:02,36,5180,-40,WPA,1.2233302,-9.8872449
2026-09-20T12:25:43Z,marauder,<hidden>,02:0A:00:00:00:21,11,2462,-42,WPA2,1.2458723,-9.8647922
2026-09-20T12:25:50Z,marauder,LAB-OFFICE,02:0A:00:00:00:09,1,2412,-85,UNKNOWN,1.2567295,-9.8539002
2026-09-20T12:25:57Z,generic,LAB-DELTA,02:0A:00:00:00:36,11,2462,-46,WEP,1.2228280,-9.8875034
2026-09-20T12:26:04Z,minino,LAB-MESH-A,02:0A:00:00:00:04,1,2412,-57,WPA2,1.2347032,-9.8765259
2026-09-20T12:26:11Z,minino,LAB-NET-28,02:0A:00:00:00:30,6,2437,-71,OPEN,1.2339860,-9.8759111
2026-09-20T12:26:18Z,marauder,LAB-NET-27,02:0A:00:00:00:2F,6,2437,-86,WPA3,1.2559993,-9.8543451
2026-09-20T12:26:25Z,generic,LAB-MESH-B,02:0A:00:00:00:08,11,2462,-65,OPEN,1.2341633,-9.8771774
2026-09-20T12:26:32Z,kismet,LAB-MESH-B,02:0A:00:00:00:08,11,2462,-38,OPEN,1.2345418,-9.8770487
2026-09-20T12:26:39Z,minino,LAB-NET-09,02:0A:00:00:00:1D,11,2462,-81,WPA2,1.2458664,-9.8655403
2026-09-20T12:26:46Z,generic,LAB-NET-23,02:0A:00:00:00:2B,36,5180,-72,WPA2,1.2568074,-9.8540016
2026-09-20T12:26:53Z,generic,LAB-MESH-B,02:0A:00:00:00:07,36,5180,-64,WPA2,1.2564293,-9.8545037
2026-09-20T12:27:00Z,marauder,LAB-OFFICE,02:0A:00:00:00:0A,6,2437,-53,WPA2,0.0,0.0
2026-09-20T12:27:07Z,kismet,LAB-NET-22,02:0A:00:00:00:2A,11,2462,-82,WPA3,1.2237082,-9.8877431
2026-09-20T12:27:14Z,minino,LAB-NET-27,02:0A:00:00:00:2F,6,2437,-68,OPEN,1.2560036,-9.8548677
2026-09-20T12:27:21Z,kismet,LAB-NET-14,02:0A:00:00:00:22,1,2412,-61,UNKNOWN,1.2227571,-9.8874048
2026-09-20T12:27:28Z,marauder,LAB-ALPHA,02:0A:00:00:00:33,1,2412,-32,WPA3,1.2572449,-9.8540675
2026-09-20T12:27:35Z,kismet,LAB-NET-11,02:0A:00:00:00:1F,1,2412,-82,UNKNOWN,1.2567438,-9.8540666
2026-09-20T12:27:42Z,marauder,LAB-NET-18,02:0A:00:00:00:26,6,2437,-89,WPA2,1.2232137,-9.8874663
2026-09-20T12:27:49Z,kismet,LAB-OFFICE,02:0A:00:00:00:0B,1,2412,-42,WPA2,1.2570534,-9.8543219
2026-09-20T12:27:56Z,minino,LAB-NET-30,02:0A:00:00:00:32,1,2412,-44,WPA2,1.2238289,-9.8880757
2026-09-20T12:28:03Z,marauder,LAB-NET-29,02:0A:00:00:00:31,11,2462,-62,WPA2,1.2560881,-9.8547202
2026-09-20T12:28:10Z,generic,LAB-NET-19,02:0A:00:00:00:27,6,2437,-82,WPA2,1.2560361,-9.8548425
2026-09-20T12:28:17Z,minino,LAB-NET-17,02:0A:00:00:00:25,44,5220,-63,OPEN,1.2456647,-9.8651459
2026-09-20T12:28:24Z,marauder,LAB-BETA,02:0A:00:00:00:34,36,5180,-77,WPA2,1.2339054,-9.8773044
2026-09-20T12:28:31Z,generic,LAB-MESH-A,02:0A:00:00:00:01,36,5180,-78,OPEN,1.2235660,-9.8870711
2026-09-20T12:28:38Z,marauder,LAB-NET-17,02:0A:00:00:00:25,44,5220,-62,OPEN,1.2565594,-9.8536814
2026-09-20T12:28:45Z,marauder,LAB-NET-05,02:0A:00:00:00:19,6,2437,-83,OPEN,1.2457895,-9.8660286
2026-09-20T12:28:52Z,kismet,LAB-MESH-A,02:0A:00:00:00:04,1,2412,-66,WPA2,1.2342973,-9.8769848
2026-09-20T12:28:59Z,minino,LAB-MESH-B,02:0A:00:00:00:05,11,2462,-36,WPA3,1.2451315,-9.8657712
2026-09-20T12:29:06Z,marauder,LAB-NET-20,02:0A:00:00:00:28,11,2462,-53,WPA3,1.2344066,-9.8772526
2026-09-20T12:29:13Z,minino,LAB-LABORATORY,02:0A:00:00:00:3B,6,2437,-69,WEP,1.2570342,-9.8550694
2026-09-20T12:29:20Z,marauder,LAB-MESH-A,02:0A:00:00:00:04,1,2412,-75,WPA2,1.2346431,-9.8761690
2026-09-20T12:29:27Z,marauder,LAB-BETA,02:0A:00:00:00:34,36,5180,-68,WPA2,1.2352147,-9.8762183
2026-09-20T12:29:34Z,minino,LAB-NET-07,02:0A:00:00:00:1B,36,5180,-73,WPA3,1.2569689,-9.8549921
2026-09-20T12:29:41Z,minino,LAB-MESH-B,02:0A:00:00:00:07,36,5180,-89,WPA2,1.2341282,-9.8767828
2026-09-20T12:29:48Z,marauder,LAB-MESH-A,02:0A:00:00:00:02,36,5180,-55,WPA,1.2239549,-9.8875996
2026-09-20T12:29:55Z,minino,LAB-NET-05,02:0A:00:00:00:19,6,2437,-83,OPEN,1.2459916,-9.8655446
2026-09-20T12:30:02Z,marauder,LAB-IOT,02:0A:00:00:00:3A,1,2412,-75,WPA3,1.2241024,-9.8878914
2026-09-20T12:30:09Z,marauder,LAB-NET-18,02:0A:00:00:00:26,6,2437,-39,OPEN,0.0,0.0
2026-09-20T12:30:16Z,kismet,LAB-GAMMA,02:0A:00:00:00:35,1,2412,-88,WPA3,,
2026-09-20T12:30:23Z,generic,LAB-NET-19,02:0A:00:00:00:27,149,5745,-48,WPA2,1.2563798,-9.8546531
2026-09-20T12:30:30Z,kismet,LAB-MESH-B,02:0A:00:00:00:05,11,2462,-33,WPA3,1.2463803,-9.8659027
2026-09-20T12:30:37Z,minino,LAB-CORRIDOR,02:0A:00:00:00:0F,11,2462,-57,WPA2,1.2564734,-9.8545339
2026-09-20T12:30:44Z,generic,LAB-NET-01,02:0A:00:00:00:15,6,2437,-73,UNKNOWN,1.2456844,-9.8661457
2026-09-20T12:30:51Z,minino,LAB-LABORATORY,02:0A:00:00:00:3B,6,2437,-83,WEP,1.2575505,-9.8547521
2026-09-20T12:30:58Z,generic,LAB-GAMMA,02:0A:00:00:00:35,1,2412,-30,WPA3,1.2449363,-9.8658559
2026-09-20T12:31:05Z,marauder,LAB-NET-12,02:0A:00:00:00:20,1,2412,-73,WPA3,1.2347090,-9.8768625
2026-09-20T12:31:12Z,generic,LAB-NET-05,02:0A:00:00:00:19,1,2412,-79,OPEN,1.2462593,-9.8656166
2026-09-20T12:31:19Z,marauder,LAB-NET-15,02:0A:00:00:00:23,6,2437,-32,WPA2,0.0,0.0
2026-09-20T12:31:26Z,minino,LAB-IOT,02:0A:00:00:00:3A,1,2412,-42,OPEN,1.2239818,-9.8880342
2026-09-20T12:31:33Z,marauder,LAB-NET-20,02:0A:00:00:00:28,11,2462,-39,WPA3,1.2344519,-9.8761764
2026-09-20T12:31:40Z,generic,LAB-NET-05,02:0A:00:00:00:19,6,2437,-63,OPEN,1.2463709,-9.8657722
2026-09-20T12:31:47Z,minino,LAB-NET-17,02:0A:00:00:00:25,44,5220,-32,OPEN,1.2232668,-9.8872613
2026-09-20T12:31:54Z,generic,LAB-CORRIDOR,02:0A:00:00:00:12,153,5765,-88,OPEN,1.2230566,-9.8875858
2026-09-20T12:32:01Z,marauder,LAB-NET-04,02:0A:00:00:00:18,40,5200,-83,OPEN,1.2341686,-9.8762984
2026-09-20T12:32:08Z,generic,LAB-NET-23,02:0A:00:00:00:2B,36,5180,-90,WPA2,1.2564122,-9.8548349
2026-09-20T12:32:15Z,kismet,LAB-NET-03,02:0A:00:00:00:17,1,2412,-33,WPA3,1.2573399,-9.8547725
2026-09-20T12:32:22Z,kismet,LAB-NET-01,02:0A:00:00:00:15,6,2437,-35,UNKNOWN,1.2455836,-9.8658193
2026-09-20T12:32:29Z,marauder,LAB-CORRIDOR,02:0A:00:00:00:0F,1,2412,-79,WPA2,1.2562240,-9.8541323
2026-09-20T12:32:36Z,kismet,LAB-FOXTROT,02:0A:00:00:00:38,11,2462,-74,UNKNOWN,1.2560561,-9.8539732
2026-09-20T12:32:43Z,marauder,<hidden>,02:0A:00:00:00:37,11,2462,-58,WPA2,1.2571383,-9.8541601
2026-09-20T12:32:50Z,generic,<hidden>,02:0A:00:00:00:21,11,2462,-86,WPA2,1.2452054,-9.8653195
2026-09-20T12:32:57Z,generic,LAB-GUEST,02:0A:00:00:00:39,1,2412,-33,WPA2,1.2449184,-9.8652610
2026-09-20T12:33:04Z,kismet,LAB-NET-11,02:0A:00:00:00:1F,1,2412,-31,UNKNOWN,1.2564595,-9.8550711
2026-09-20T12:33:11Z,kismet,LAB-NET-18,02:0A:00:00:00:26,6,2437,-30,WPA2,,
2026-09-20T12:33:18Z,marauder,LAB-DELTA,02:0A:00:00:00:36,11,2462,-86,WEP,1.2237080,-9.8882142
2026-09-20T12:33:25Z,marauder,LAB-CORRIDOR,02:0A:00:00:00:0F,11,2462,-36,WPA2,1.2575855,-9.8541125
2026-09-20T12:33:32Z,generic,LAB-BETA,02:0A:00:00:00:34,36,5180,-70,WPA2,0.0,0.0
2026-09-20T12:33:39Z,kismet,LAB-DELTA,02:0A:00:00:00:36,11,2462,-76,WEP,1.2241144,-9.8879284
2026-09-20T12:33:46Z,generic,LAB-NET-28,02:0A:00:00:00:30,6,2437,-67,OPEN,1.2348767,-9.8766312
2026-09-20T12:33:53Z,generic,LAB-NET-16,02:0A:00:00:00:24,36,5180,-40,WPA2,1.2352312,-9.8762979
2026-09-20T12:34:00Z,minino,LAB-NET-17,02:0A:00:00:00:25,44,5220,-52,OPEN,1.2452708,-9.8647773
2026-09-20T12:34:07Z,minino,LAB-BASEMENT,02:0A:00:00:00:13,6,2437,-54,WPA2,1.2561777,-9.8544674
2026-09-20T12:34:14Z,generic,LAB-GUEST,02:0A:00:00:00:39,1,2412,-74,WPA2,1.2463187,-9.8648299
2026-09-20T12:34:21Z,marauder,LAB-NET-26,02:0A:00:00:00:2E,6,2437,-46,WPA3,1.2238453,-9.8882521
2026-09-20T12:34:28Z,kismet,LAB-MESH-B,02:0A:00:00:00:05,11,2462,-82,WPA3,1.2462659,-9.8647623
2026-09-20T12:34:35Z,kismet,LAB-NET-16,02:0A:00:00:00:24,36,5180,-53,WPA2,1.2342372,-9.8768043
2026-09-20T12:34:42Z,generic,LAB-MESH-B,02:0A:00:00:00:07,36,5180,-43,WPA2,1.2352410,-9.8758233
2026-09-20T12:34:49Z,marauder,LAB-BASEMENT,02:0A:00:00:00:13,6,2437,-81,WPA2,1.2571092,-9.8539475
2026-09-20T12:34:56Z,minino,LAB-NET-18,02:0A:00:00:00:26,6,2437,-58,WPA2,1.2237350,-9.8877287
2026-09-20T12:35:03Z,generic,LAB-CORRIDOR,02:0A:00:00:00:12,153,5765,-72,OPEN,1.2228117,-9.8879785
2026-09-20T12:35:10Z,minino,LAB-NET-01,02:0A:00:00:00:15,6,2437,-63,UNKNOWN,1.2464045,-9.8661650
2026-09-20T12:35:17Z,generic,LAB-NET-17,02:0A:00:00:00:25,44,5220,-76,OPEN,1.2231124,-9.8882646
2026-09-20T12:35:24Z,kismet,LAB-BASEMENT,02:0A:00:00:00:13,1,2412,-81,WPA2,1.2564041,-9.8541511
2026-09-20T12:35:31Z,minino,LAB-NET-16,02:0A:00:00:00:24,36,5180,-90,WPA2,1.2349756,-9.8772994
2026-09-20T12:35:38Z,generic,LAB-GAMMA,02:0A:00:00:00:35,1,2412,-44,WPA3,,
2026-09-20T12:35:45Z,generic,LAB-OFFICE,02:0A:00:00:00:09,1,2412,-34,UNKNOWN,1.2561644,-9.8539909
2026-09-20T12:35:52Z,kismet,LAB-ZONE-SOUTH,02:0A:00:00:00:11,11,2462,-39,WPA2,1.2450978,-9.8657866
2026-09-20T12:35:59Z,generic,LAB-ALPHA,02:0A:00:00:00:33,1,2412,-50,WPA3,1.2561080,-9.8548702
2026-09-20T12:36:06Z,generic,<hidden>,02:0A:00:00:00:2C,1,2412,-84,OPEN,1.2348987,-9.8768395
2026-09-20T12:36:13Z,marauder,LAB-ALPHA,02:0A:00:00:00:33,1,2412,-30,WPA3,1.2562936,-9.8542279
2026-09-20T12:36:20Z,kismet,LAB-MESH-A,02:0A:00:00:00:01,36,5180,-60,OPEN,1.2454808,-9.8647230
2026-09-20T12:36:27Z,marauder,LAB-GAMMA,02:0A:00:00:00:35,1,2412,-30,WPA3,1.2456737,-9.8660212
2026-09-20T12:36:34Z,minino,LAB-NET-27,02:0A:00:00:00:2F,6,2437,-45,OPEN,1.2559941,-9.8550134
2026-09-20T12:36:41Z,kismet,LAB-NET-07,02:0A:00:00:00:1B,36,5180,-60,WPA3,1.2569704,-9.8541114
2026-09-20T12:36:48Z,generic,LAB-OFFICE,02:0A:00:00:00:0C,11,2462,-40,WPA,1.2351129,-9.8759431
2026-09-20T12:36:55Z,generic,LAB-NET-19,02:0A:00:00:00:27,6,2437,-62,WPA2,1.2567585,-9.8549665
2026-09-20T12:37:02Z,kismet,LAB-NET-23,02:0A:00:00:00:2B,36,5180,-46,WPA2,1.2562709,-9.8535909
2026-09-20T12:37:09Z,marauder,LAB-OFFICE,02:0A:00:00:00:09,1,2412,-72,UNKNOWN,1.2573714,-9.8541593
2026-09-20T12:37:16Z,kismet,LAB-CORRIDOR,02:0A:00:00:00:0E,1,2412,-47,OPEN,1.2239092,-9.8883570
2026-09-20T12:37:23Z,minino,LAB-NET-06,02:0A:00:00:00:1A,6,2437,-69,WPA2,1.2233370,-9.8880372
2026-09-20T12:37:30Z,minino,LAB-MESH-A,02:0A:00:00:00:03,1,2412,-41,WPA2,1.2566447,-9.8542050
2026-09-20T12:37:37Z,marauder,LAB-NET-20,02:0A:00:00:00:28,11,2462,-39,WPA3,1.2339745,-9.8764796
2026-09-20T12:37:44Z,marauder,LAB-NET-30,02:0A:00:00:00:32,1,2412,-57,WPA2,1.2241163,-9.8872274
2026-09-20T12:37:51Z,minino,LAB-NET-15,02:0A:00:00:00:23,1,2412,-72,WPA2,1.2562402,-9.8542639
2026-09-20T12:37:58Z,marauder,LAB-LABORATORY,02:0A:00:00:00:3B,6,2437,-88,WEP,1.2566504,-9.8542363
2026-09-20T12:38:05Z,marauder,LAB-NET-29,02:0A:00:00:00:31,6,2437,-76,WPA2,1.2350339,-9.8772755
2026-09-20T12:38:12Z,generic,LAB-NET-25,02:0A:00:00:00:2D,6,2437,-82,WPA3,1.2453148,-9.8660343
2026-09-20T12:38:19Z,generic,LAB-GUEST,02:0A:00:00:00:39,1,2412,-89,UNKNOWN,1.2450148,-9.8661139
2026-09-20T12:38:26Z,kismet,LAB-NET-19,02:0A:00:00:00:27,149,5745,-40,WPA2,1.2561419,-9.8541799
2026-09-20T12:38:33Z,generic,<hidden>,02:0A:00:00:00:21,11,2462,-66,WPA2,1.2453623,-9.8654979
2026-09-20T12:38:40Z,minino,LAB-MESH-B,02:0A:00:00:00:06,1,2412,-66,WPA3,1.2233068,-9.8880086
2026-09-20T12:38:47Z,marauder,LAB-NET-06,02:0A:00:00:00:1A,153,5765,-65,WPA2,1.2238770,-9.8873110
2026-09-20T12:38:54Z,marauder,LAB-NET-09,02:0A:00:00:00:1D,11,2462,-84,WPA2,1.2457799,-9.8652036
2026-09-20T12:39:01Z,generic,LAB-CORRIDOR,02:0A:00:00:00:0E,11,2462,-57,OPEN,1.2234404,-9.8880543
2026-09-20T12:39:08Z,minino,LAB-NET-17,02:0A:00:00:00:25,44,5220,-88,OPEN,1.2456684,-9.8655731
2026-09-20T12:39:15Z,generic,LAB-NET-17,02:0A:00:00:00:25,44,5220,-56,OPEN,1.2564180,-9.8547862
2026-09-20T12:39:22Z,marauder,LAB-NET-22,02:0A:00:00:00:2A,11,2462,-32,WPA3,1.2233949,-9.8876815
2026-09-20T12:39:29Z,marauder,LAB-NET-25,02:0A:00:00:00:2D,6,2437,-80,WPA3,1.2450826,-9.8662103
2026-09-20T12:39:36Z,generic,LAB-FOXTROT,02:0A:00:00:00:38,1,2412,-82,WPA2,1.2344465,-9.8770700
2026-09-20T12:39:43Z,kismet,LAB-NET-16,02:0A:00:00:00:24,36,5180,-57,WPA2,1.2337826,-9.8771551
2026-09-20T12:39:50Z,minino,LAB-GUEST,02:0A:00:00:00:39,1,2412,-39,WPA2,1.2459193,-9.8660057
2026-09-20T12:39:57Z,kismet,LAB-NET-26,02:0A:00:00:00:2E,6,2437,-31,WPA3,1.2236239,-9.8876989
2026-09-20T12:40:04Z,kismet,<hidden>,02:0A:00:00:00:37,11,2462,-64,WPA2,1.2562518,-9.8539769
2026-09-20T12:40:11Z,marauder,LAB-NET-11,02:0A:00:00:00:1F,1,2412,-56,UNKNOWN,1.2575522,-9.8546221
2026-09-20T12:40:18Z,minino,LAB-MESH-B,02:0A:00:00:00:07,36,5180,-68,WPA2,1.2347189,-9.8772364
2026-09-20T12:40:25Z,kismet,LAB-MESH-A,02:0A:00:00:00:3C,11,2462,-67,OPEN,1.2342225,-9.8758848
2026-09-20T12:40:32Z,minino,LAB-NET-06,02:0A:00:00:00:1A,153,5765,-84,WPA2,1.2235545,-9.8874277
2026-09-20T12:40:39Z,generic,LAB-CORRIDOR,02:0A:00:00:00:12,153,5765,-69,OPEN,1.2235586,-9.8882516
2026-09-20T12:40:46Z,generic,<hidden>,02:0A:00:00:00:37,11,2462,-77,WPA2,1.2564326,-9.8538293
2026-09-20T12:40:53Z,minino,LAB-ALPHA,02:0A:00:00:00:33,1,2412,-80,WPA3,1.2563353,-9.8536337
2026-09-20T12:41:00Z,generic,LAB-MESH-A,02:0A:00:00:00:01,36,5180,-48,OPEN,1.2242084,-9.8882351
2026-09-20T12:41:07Z,generic,<hidden>,02:0A:00:00:00:14,6,2437,-45,WPA3,1.2339555,-9.8764470
2026-09-20T12:41:14Z,minino,<hidden>,02:0A:00:00:00:14,6,2437,-80,WPA3,1.2342750,-9.8772181
2026-09-20T12:41:21Z,kismet,LAB-DELTA,02:0A:00:00:00:36,11,2462,-47,WEP,1.2228853,-9.8877547
2026-09-20T12:41:28Z,generic,LAB-IOT,02:0A:00:00:00:3A,1,2412,-41,WPA3,1.2232138,-9.8884138
2026-09-20T12:41:35Z,minino,LAB-NET-27,02:0A:00:00:00:2F,6,2437,-66,OPEN,1.2569762,-9.8537189
2026-09-20T12:41:42Z,marauder,LAB-MESH-A,02:0A:00:00:00:3C,11,2462,-53,OPEN,1.2337849,-9.8766359
2026-09-20T12:41:49Z,kismet,LAB-MESH-B,02:0A:00:00:00:07,36,5180,-49,WPA2,1.2234612,-9.8884335
2026-09-20T12:41:56Z,marauder,LAB-MESH-A,02:0A:00:00:00:03,11,2462,-35,WPA2,1.2571158,-9.8546823
2026-09-20T12:42:03Z,marauder,LAB-NET-11,02:0A:00:00:00:1F,1,2412,-88,UNKNOWN,1.2570006,-9.8543365
2026-09-20T12:42:10Z,minino,LAB-NET-20,02:0A:00:00:00:28,11,2462,-85,WPA3,1.2340129,-9.8761653
2026-09-20T12:42:17Z,kismet,<hidden>,02:0A:00:00:00:37,11,2462,-36,WPA2,1.2566984,-9.8539841
2026-09-20T12:42:24Z,minino,LAB-NET-20,02:0A:00:00:00:28,11,2462,-33,WPA3,1.2343001,-9.8762680
2026-09-20T12:42:31Z,marauder,LAB-NET-27,02:0A:00:00:00:2F,6,2437,-86,OPEN,1.2568151,-9.8536161
2026-09-20T12:42:38Z,minino,LAB-NET-29,02:0A:00:00:00:31,6,2437,-46,WPA2,1.2450132,-9.8655227
2026-09-20T12:42:45Z,kismet,LAB-OFFICE,02:0A:00:00:00:0C,11,2462,-83,WPA,1.2351152,-9.8758375
2026-09-20T12:42:52Z,marauder,LAB-NET-17,02:0A:00:00:00:25,11,2462,-79,OPEN,1.2345086,-9.8771572
2026-09-20T12:42:59Z,marauder,LAB-NET-21,02:0A:00:00:00:29,36,5180,-34,OPEN,1.2350298,-9.8769952
2026-09-20T12:43:06Z,minino,LAB-ZONE-NORTH,02:0A:00:00:00:10,36,5180,-71,UNKNOWN,1.2348572,-9.8758349
2026-09-20T12:43:13Z,minino,LAB-NET-26,02:0A:00:00:00:2E,6,2437,-73,WPA3,1.2231030,-9.8875502
2026-09-20T12:43:20Z,kismet,LAB-OFFICE,02:0A:00:00:00:0C,6,2437,-68,WPA,1.2341828,-9.8766398
2026-09-20T12:43:27Z,generic,LAB-NET-14,02:0A:00:00:00:22,11,2462,-81,UNKNOWN,1.2236663,-9.8871235
2026-09-20T12:43:34Z,kismet,LAB-CORRIDOR,02:0A:00:00:00:0E,1,2412,-77,OPEN,1.2233509,-9.8874207
2026-09-20T12:43:41Z,minino,<hidden>,02:0A:00:00:00:21,11,2462,-74,WPA2,1.2460679,-9.8658018
2026-09-20T12:43:48Z,minino,LAB-ZONE-SOUTH,02:0A:00:00:00:11,11,2462,-60,WPA2,,
2026-09-20T12:43:55Z,kismet,LAB-NET-18,02:0A:00:00:00:26,6,2437,-46,WPA2,1.2235587,-9.8874010
2026-09-20T12:44:02Z,marauder,LAB-NET-03,02:0A:00:00:00:17,153,5765,-79,WPA3,1.2560016,-9.8544467
2026-09-20T12:44:09Z,generic,<hidden>,02:0A:00:00:00:14,6,2437,-53,WPA3,1.2346426,-9.8761399
2026-09-20T12:44:16Z,kismet,LAB-NET-08,02:0A:00:00:00:1C,6,2437,-60,WPA2,1.2345255,-9.8769535
2026-09-20T12:44:23Z,marauder,<hidden>,02:0A:00:00:00:14,6,2437,-64,WPA3,,
2026-09-20T12:44:30Z,kismet,LAB-CORRIDOR,02:0A:00:00:00:12,153,5765,-34,OPEN,1.2232979,-9.8884086
2026-09-20T12:44:37Z,minino,LAB-NET-25,02:0A:00:00:00:2D,6,2437,-48,WPA3,1.2451964,-9.8646762
2026-09-20T12:44:44Z,generic,LAB-MESH-A,02:0A:00:00:00:04,1,2412,-65,WPA2,1.2342626,-9.8761179
2026-09-20T12:44:51Z,minino,LAB-MESH-A,02:0A:00:00:00:01,36,5180,-63,OPEN,1.2451542,-9.8657401
2026-09-20T12:44:58Z,kismet,LAB-ZONE-NORTH,02:0A:00:00:00:10,1,2412,-84,UNKNOWN,1.2346564,-9.8761022
2026-09-20T12:45:05Z,generic,<hidden>,02:0A:00:00:00:2C,1,2412,-45,OPEN,1.2341078,-9.8765875
2026-09-20T12:45:12Z,kismet,LAB-LABORATORY,02:0A:00:00:00:3B,6,2437,-38,WEP,1.2561946,-9.8539001
2026-09-20T12:45:19Z,marauder,LAB-FOXTROT,02:0A:00:00:00:38,1,2412,-76,WPA2,1.2568436,-9.8545660
2026-09-20T12:45:26Z,generic,LAB-OFFICE,02:0A:00:00:00:0C,11,2462,-32,WPA,1.2343584,-9.8767994
2026-09-20T12:45:33Z,kismet,LAB-CORRIDOR,02:0A:00:00:00:0F,11,2462,-66,WPA2,1.2562898,-9.8547830
2026-09-20T12:45:40Z,kismet,LAB-NET-08,02:0A:00:00:00:1C,6,2437,-64,WPA2,1.2342655,-9.8762628
2026-09-20T12:45:47Z,marauder,LAB-NET-06,02:0A:00:00:00:1A,11,2462,-49,WPA2,1.2239915,-9.8877104
2026-09-20T12:45:54Z,generic,LAB-BETA,02:0A:00:00:00:34,36,5180,-90,WPA2,1.2340252,-9.8771372
2026-09-20T12:46:01Z,marauder,LAB-NET-23,02:0A:00:00:00:2B,36,5180,-52,WPA2,1.2572232,-9.8546363
2026-09-20T12:46:08Z,kismet,LAB-LABORATORY,02:0A:00:00:00:3B,6,2437,-83,WEP,1.2565855,-9.8543633
2026-09-20T12:46:15Z,kismet,LAB-NET-08,02:0A:00:00:00:1C,6,2437,-30,WPA2,1.2343814,-9.8762636
2026-09-20T12:46:22Z,generic,LAB-NET-18,02:0A:00:00:00:26,6,2437,-87,WPA2,1.2234805,-9.8874711
2026-09-20T12:46:29Z,kismet,LAB-MESH-A,02:0A:00:00:00:03,1,2412,-74,WPA2,1.2567724,-9.8545336
2026-09-20T12:46:36Z,kismet,<hidden>,02:0A:00:00:00:2C,1,2412,-64,WPA2,1.2350785,-9.8764748
2026-09-20T12:46:43Z,minino,LAB-NET-21,02:0A:00:00:00:29,36,5180,-79,OPEN,1.2343394,-9.8772846
2026-09-20T12:46:50Z,generic,LAB-MESH-B,02:0A:00:00:00:07,36,5180,-46,WPA2,1.2458916,-9.8655423
2026-09-20T12:46:57Z,generic,LAB-LABORATORY,02:0A:00:00:00:3B,6,2437,-88,WEP,1.2573249,-9.8539487
2026-09-20T12:47:04Z,marauder,LAB-NET-04,02:0A:00:00:00:18,40,5200,-69,OPEN,,
2026-09-20T12:47:11Z,marauder,LAB-NET-28,02:0A:00:00:00:30,6,2437,-37,OPEN,1.2344090,-9.8770489
2026-09-20T12:47:18Z,minino,LAB-MESH-B,02:0A:00:00:00:08,11,2462,-46,OPEN,1.2346812,-9.8757513
2026-09-20T12:47:25Z,minino,LAB-NET-04,02:0A:00:00:00:18,40,5200,-73,OPEN,1.2341121,-9.8758464
2026-09-20T12:47:32Z,generic,LAB-MESH-A,02:0A:00:00:00:03,1,2412,-77,WPA2,1.2574446,-9.8540359
2026-09-20T12:47:39Z,minino,LAB-OFFICE,02:0A:00:00:00:09,1,2412,-76,WPA2,1.2236152,-9.8868929
2026-09-20T12:47:46Z,generic,LAB-MESH-B,02:0A:00:00:00:05,11,2462,-50,WPA3,1.2460440,-9.8652572
2026-09-20T12:47:53Z,kismet,LAB-NET-15,02:0A:00:00:00:23,1,2412,-38,WPA2,1.2574768,-9.8551009
2026-09-20T12:48:00Z,generic,LAB-NET-10,02:0A:00:00:00:1E,40,5200,-74,UNKNOWN,1.2234551,-9.8876027
2026-09-20T12:48:07Z,kismet,LAB-NET-23,02:0A:00:00:00:2B,36,5180,-85,WPA2,1.2575374,-9.8541108
2026-09-20T12:48:14Z,marauder,LAB-NET-14,02:0A:00:00:00:22,1,2412,-81,UNKNOWN,1.2231236,-9.8879498
2026-09-20T12:48:21Z,kismet,LAB-OFFICE,02:0A:00:00:00:0B,1,2412,-55,WPA2,1.2568928,-9.8544564
2026-09-20T12:48:28Z,marauder,LAB-ZONE-NORTH,02:0A:00:00:00:10,36,5180,-84,UNKNOWN,1.2346279,-9.8767377
2026-09-20T12:48:35Z,generic,LAB-CORRIDOR,02:0A:00:00:00:0E,1,2412,-55,OPEN,1.2235699,-9.8881685
2026-09-20T12:48:42Z,marauder,LAB-NET-29,02:0A:00:00:00:31,6,2437,-48,WPA2,1.2458377,-9.8657211
2026-09-20T12:48:49Z,generic,LAB-NET-21,02:0A:00:00:00:29,36,5180,-72,OPEN,1.2235087,-9.8880941
2026-09-20T12:48:56Z,generic,LAB-NET-09,02:0A:00:00:00:1D,6,2437,-49,WPA2,1.2462762,-9.8655920
2026-09-20T12:49:03Z,minino,LAB-LABORATORY,02:0A:00:00:00:3B,6,2437,-50,WPA2,1.2569173,-9.8544520
2026-09-20T12:49:10Z,marauder,LAB-NET-20,02:0A:00:00:00:28,11,2462,-70,WPA3,1.2353661,-9.8763839
2026-09-20T12:49:17Z,generic,LAB-OFFICE,02:0A:00:00:00:0B,1,2412,-55,WPA2,1.2567441,-9.8549755
2026-09-20T12:49:24Z,minino,LAB-CORRIDOR,02:0A:00:00:00:0D,6,2437,-60,OPEN,1.2451371,-9.8656416
2026-09-20T12:49:31Z,generic,LAB-LABORATORY,02:0A:00:00:00:3B,11,2462,-61,WEP,1.2562012,-9.8550173
2026-09-20T12:49:38Z,marauder,LAB-NET-19,02:0A:00:00:00:27,149,5745,-39,WPA2,1.2563760,-9.8548380
2026-09-20T12:49:45Z,marauder,<hidden>,02:0A:00:00:00:16,40,5200,-90,WPA2,1.2241109,-9.8880625
2026-09-20T12:49:52Z,marauder,<hidden>,02:0A:00:00:00:2C,1,2412,-40,OPEN,1.2351551,-9.8757503
2026-09-20T12:49:59Z,marauder,LAB-ZONE-SOUTH,02:0A:00:00:00:11,11,2462,-62,WPA2,1.2457386,-9.8650868
2026-09-20T12:50:06Z,marauder,LAB-NET-27,02:0A:00:00:00:2F,6,2437,-67,OPEN,0.0,0.0
2026-09-20T12:50:13Z,kismet,LAB-MESH-A,02:0A:00:00:00:3C,1,2412,-42,OPEN,1.2348072,-9.8766575
2026-09-20T12:50:20Z,generic,LAB-NET-29,02:0A:00:00:00:31,1,2412,-77,WPA2,1.2343541,-9.8762927
2026-09-20T12:50:27Z,minino,<hidden>,02:0A:00:00:00:16,40,5200,-42,WPA2,1.2227752,-9.8870156
2026-09-20T12:50:34Z,kismet,LAB-BASEMENT,02:0A:00:00:00:13,6,2437,-52,WPA2,1.2565181,-9.8544004
2026-09-20T12:50:41Z,kismet,LAB-NET-14,02:0A:00:00:00:22,1,2412,-71,UNKNOWN,1.2230103,-9.8878609
2026-09-20T12:50:48Z,minino,LAB-OFFICE,02:0A:00:00:00:0B,1,2412,-43,WPA2,1.2564766,-9.8539801
2026-09-20T12:50:55Z,minino,LAB-OFFICE,02:0A:00:00:00:09,1,2412,-53,UNKNOWN,1.2462535,-9.8658204
2026-09-20T12:51:02Z,generic,LAB-NET-18,02:0A:00:00:00:26,6,2437,-60,WPA2,0.0,0.0
2026-09-20T12:51:09Z,kismet,LAB-OFFICE,02:0A:00:00:00:0B,1,2412,-66,WPA2,1.2570192,-9.8541816
2026-09-20T12:51:16Z,marauder,LAB-NET-12,02:0A:00:00:00:20,1,2412,-69,WPA3,1.2456502,-9.8654577
2026-09-20T12:51:23Z,minino,LAB-CORRIDOR,02:0A:00:00:00:0E,1,2412,-68,OPEN,1.2231020,-9.8872095
2026-09-20T12:51:30Z,minino,LAB-NET-17,02:0A:00:00:00:25,44,5220,-43,OPEN,1.2351210,-9.8760903
2026-09-20T12:51:37Z,marauder,LAB-NET-23,02:0A:00:00:00:2B,36,5180,-73,WPA2,,
2026-09-20T12:51:44Z,generic,LAB-NET-15,02:0A:00:00:00:23,1,2412,-54,WPA2,1.2568494,-9.8549939
2026-09-20T12:51:51Z,minino,LAB-ZONE-NORTH,02:0A:00:00:00:10,36,5180,-76,UNKNOWN,1.2349509,-9.8762397
2026-09-20T12:51:58Z,minino,LAB-NET-10,02:0A:00:00:00:1E,40,5200,-44,UNKNOWN,1.2242237,-9.8880291
2026-09-20T12:52:05Z,minino,LAB-MESH-B,02:0A:00:00:00:05,11,2462,-53,WPA3,1.2450910,-9.8657477
2026-09-20T12:52:12Z,marauder,LAB-NET-11,02:0A:00:00:00:1F,1,2412,-78,UNKNOWN,1.2568481,-9.8538707
2026-09-20T12:52:19Z,generic,LAB-NET-09,02:0A:00:00:00:1D,11,2462,-71,WPA2,1.2451947,-9.8653643
2026-09-20T12:52:26Z,minino,LAB-NET-18,02:0A:00:00:00:26,6,2437,-53,WPA2,1.2241047,-9.8873023
2026-09-20T12:52:33Z,kismet,LAB-NET-20,02:0A:00:00:00:28,11,2462,-59,WPA3,1.2353554,-9.8769404
2026-09-20T12:52:40Z,minino,<hidden>,02:0A:00:00:00:16,40,5200,-69,WPA2,1.2234794,-9.8869320
2026-09-20T12:52:47Z,minino,LAB-NET-16,02:0A:00:00:00:24,36,5180,-59,UNKNOWN,1.2347693,-9.8771648
2026-09-20T12:52:54Z,kismet,<hidden>,02:0A:00:00:00:21,11,2462,-84,WPA2,1.2451399,-9.8661272
2026-09-20T12:53:01Z,marauder,LAB-NET-09,02:0A:00:00:00:1D,11,2462,-42,WPA2,1.2459780,-9.8649160
2026-09-20T12:53:08Z,minino,<hidden>,02:0A:00:00:00:14,6,2437,-54,WPA3,1.2342798,-9.8764946
2026-09-20T12:53:15Z,minino,LAB-NET-01,02:0A:00:00:00:15,6,2437,-70,UNKNOWN,1.2461051,-9.8649748
2026-09-20T12:53:22Z,kismet,LAB-NET-11,02:0A:00:00:00:1F,1,2412,-60,UNKNOWN,1.2572510,-9.8538734
2026-09-20T12:53:29Z,kismet,LAB-DELTA,02:0A:00:00:00:36,11,2462,-62,WEP,1.2228887,-9.8879203
2026-09-20T12:53:36Z,kismet,LAB-NET-17,02:0A:00:00:00:25,6,2437,-49,OPEN,1.2559981,-9.8536170
2026-09-20T12:53:43Z,kismet,LAB-NET-10,02:0A:00:00:00:1E,40,5200,-72,UNKNOWN,1.2226879,-9.8873274
2026-09-20T12:53:50Z,minino,LAB-MESH-A,02:0A:00:00:00:02,36,5180,-39,WPA,1.2239222,-9.8879332
2026-09-20T12:53:57Z,generic,<hidden>,02:0A:00:00:00:21,11,2462,-30,WPA2,1.2453172,-9.8661130
2026-09-20T12:54:04Z,generic,LAB-NET-11,02:0A:00:00:00:1F,1,2412,-75,UNKNOWN,1.2575037,-9.8538710
2026-09-20T12:54:11Z,kismet,LAB-NET-19,02:0A:00:00:00:27,149,5745,-62,WPA2,1.2560839,-9.8550312
2026-09-20T12:54:18Z,generic,LAB-MESH-B,02:0A:00:00:00:08,11,2462,-38,OPEN,1.2351772,-9.8772248
2026-09-20T12:54:25Z,kismet,LAB-OFFICE,02:0A:00:00:00:0A,153,5765,-54,WPA2,1.2235752,-9.8875554
2026-09-20T12:54:32Z,kismet,LAB-NET-23,02:0A:00:00:00:2B,1,2412,-36,WPA2,1.2568386,-9.8546547
2026-09-20T12:54:39Z,generic,LAB-NET-30,02:0A:00:00:00:32,1,2412,-67,WPA2,1.2240720,-9.8881597
2026-09-20T12:54:46Z,minino,<hidden>,02:0A:00:00:00:2C,1,2412,-83,OPEN,1.2341822,-9.8763774
2026-09-20T12:54:53Z,kismet,LAB-NET-08,02:0A:00:00:00:1C,6,2437,-89,WPA2,1.2345460,-9.8772664
2026-09-20T12:55:00Z,kismet,LAB-MESH-A,02:0A:00:00:00:03,1,2412,-54,WPA2,1.2573859,-9.8545977
2026-09-20T12:55:07Z,minino,LAB-MESH-B,02:0A:00:00:00:05,11,2462,-39,WPA3,1.2457834,-9.8646733
2026-09-20T12:55:14Z,marauder,<hidden>,02:0A:00:00:00:37,11,2462,-41,WPA2,1.2574650,-9.8541449
2026-09-20T12:55:21Z,kismet,LAB-GAMMA,02:0A:00:00:00:35,1,2412,-86,WPA3,1.2456010,-9.8648232
2026-09-20T12:55:28Z,marauder,LAB-NET-17,02:0A:00:00:00:25,44,5220,-65,OPEN,1.2239065,-9.8872712
2026-09-20T12:55:35Z,minino,LAB-MESH-A,02:0A:00:00:00:01,36,5180,-74,OPEN,,
2026-09-20T12:55:42Z,kismet,LAB-NET-18,02:0A:00:00:00:26,6,2437,-33,WPA2,1.2231793,-9.8877219
2026-09-20T12:55:49Z,marauder,LAB-FOXTROT,02:0A:00:00:00:38,11,2462,-41,WPA2,1.2451162,-9.8657385
2026-09-20T12:55:56Z,minino,LAB-NET-03,02:0A:00:00:00:17,153,5765,-78,WPA3,1.2565129,-9.8546165
2026-09-20T12:56:03Z,marauder,LAB-NET-08,02:0A:00:00:00:1C,6,2437,-82,WPA2,1.2341406,-9.8758714
2026-09-20T12:56:10Z,minino,LAB-NET-09,02:0A:00:00:00:1D,11,2462,-66,WPA2,1.2463957,-9.8661914
2026-09-20T12:56:17Z,marauder,LAB-CORRIDOR,02:0A:00:00:00:0D,1,2412,-80,OPEN,1.2454877,-9.8649289
2026-09-20T12:56:24Z,generic,LAB-MESH-B,02:0A:00:00:00:08,11,2462,-78,OPEN,1.2349528,-9.8767698
2026-09-20T12:56:31Z,marauder,LAB-MESH-B,02:0A:00:00:00:06,6,2437,-90,OPEN,1.2232325,-9.8880458
2026-09-20T12:56:38Z,marauder,LAB-NET-07,02:0A:00:00:00:1B,36,5180,-63,WPA3,1.2573610,-9.8545535
2026-09-20T12:56:45Z,generic,LAB-NET-22,02:0A:00:00:00:2A,11,2462,-34,WPA3,1.2242562,-9.8883192
2026-09-20T12:56:52Z,minino,LAB-CORRIDOR,02:0A:00:00:00:12,153,5765,-54,WPA3,1.2240924,-9.8883817
2026-09-20T12:56:59Z,kismet,LAB-OFFICE,02:0A:00:00:00:09,1,2412,-67,UNKNOWN,1.2560869,-9.8538372
2026-09-20T12:57:06Z,minino,LAB-GAMMA,02:0A:00:00:00:35,1,2412,-67,WPA3,1.2451548,-9.8647340
2026-09-20T12:57:13Z,kismet,LAB-MESH-B,02:0A:00:00:00:08,11,2462,-32,OPEN,1.2338158,-9.8770167
2026-09-20T12:57:20Z,marauder,LAB-NET-20,02:0A:00:00:00:28,11,2462,-43,WPA3,1.2350210,-9.8768127
2026-09-20T12:57:27Z,minino,LAB-LABORATORY,02:0A:00:00:00:3B,6,2437,-80,WEP,1.2568522,-9.8539010
2026-09-20T12:57:34Z,generic,LAB-NET-03,02:0A:00:00:00:17,6,2437,-64,WPA3,1.2561364,-9.8535399
2026-09-20T12:57:41Z,generic,LAB-NET-15,02:0A:00:00:00:23,6,2437,-33,WPA2,1.2573601,-9.8538259
2026-09-20T12:57:48Z,generic,LAB-OFFICE,02:0A:00:00:00:09,1,2412,-59,UNKNOWN,1.2232416,-9.8874725
2026-09-20T12:57:55Z,minino,<hidden>,02:0A:00:00:00:37,11,2462,-76,WPA2,1.2561903,-9.8542974
2026-09-20T12:58:02Z,kismet,LAB-NET-28,02:0A:00:00:00:30,1,2412,-79,OPEN,1.2344139,-9.8759241
2026-09-20T12:58:09Z,kismet,<hidden>,02:0A:00:00:00:14,6,2437,-42,WPA3,1.2353261,-9.8762738
2026-09-20T12:58:16Z,marauder,LAB-NET-01,02:0A:00:00:00:15,6,2437,-43,UNKNOWN,1.2459368,-9.8653051
2026-09-20T12:58:23Z,marauder,LAB-NET-05,02:0A:00:00:00:19,11,2462,-37,OPEN,1.2461496,-9.8646649
2026-09-20T12:58:30Z,minino,LAB-OFFICE,02:0A:00:00:00:0B,1,2412,-50,WPA2,1.2560077,-9.8543518
2026-09-20T12:58:37Z,marauder,LAB-NET-17,02:0A:00:00:00:25,44,5220,-43,OPEN,1.2563327,-9.8541269
2026-09-20T12:58:44Z,kismet,LAB-NET-30,02:0A:00:00:00:32,1,2412,-39,WPA2,1.2231965,-9.8868596
2026-09-20T12:58:51Z,kismet,LAB-NET-30,02:0A:00:00:00:32,1,2412,-86,WPA2,1.2237179,-9.8873855
2026-09-20T12:58:58Z,generic,LAB-NET-08,02:0A:00:00:00:1C,6,2437,-37,WPA2,1.2353114,-9.8771412
2026-09-20T12:59:05Z,marauder,LAB-NET-16,02:0A:00:00:00:24,36,5180,-35,WPA2,1.2339699,-9.8767870
2026-09-20T12:59:12Z,minino,LAB-OFFICE,02:0A:00:00:00:0C,11,2462,-41,OPEN,1.2352738,-9.8757455
2026-09-20T12:59:19Z,marauder,LAB-NET-03,02:0A:00:00:00:17,153,5765,-39,WPA3,1.2572369,-9.8542204
2026-09-20T12:59:26Z,marauder,LAB-NET-15,02:0A:00:00:00:23,1,2412,-47,WPA2,1.2575045,-9.8542716
2026-09-20T12:59:33Z,generic,LAB-NET-21,02:0A:00:00:00:29,36,5180,-36,OPEN,1.2460807,-9.8659888
2026-09-20T12:59:40Z,generic,LAB-MESH-A,02:0A:00:00:00:04,1,2412,-33,WPA2,1.2352860,-9.8768688
2026-09-20T12:59:47Z,kismet,LAB-NET-01,02:0A:00:00:00:15,6,2437,-77,UNKNOWN,1.2463799,-9.8662315
2026-09-20T12:59:54Z,minino,LAB-NET-20,02:0A:00:00:00:28,6,2437,-42,WPA3,1.2338747,-9.8761349
2026-09-20T13:00:01Z,minino,LAB-ZONE-NORTH,02:0A:00:00:00:10,36,5180,-37,UNKNOWN,1.2340229,-9.8766728
2026-09-20T13:00:08Z,minino,LAB-CORRIDOR,02:0A:00:00:00:0F,11,2462,-77,WPA2,1.2564309,-9.8536928
2026-09-20T13:00:15Z,marauder,<hidden>,02:0A:00:00:00:2C,1,2412,-41,OPEN,1.2342918,-9.8763244
2026-09-20T13:00:22Z,generic,LAB-NET-11,02:0A:00:00:00:1F,1,2412,-81,UNKNOWN,1.2566902,-9.8538054
2026-09-20T13:00:29Z,kismet,LAB-NET-29,02:0A:00:00:00:31,6,2437,-83,WPA2,1.2241759,-9.8883887
2026-09-20T13:00:36Z,kismet,LAB-NET-08,02:0A:00:00:00:1C,6,2437,-76,WPA2,1.2351698,-9.8762369
2026-09-20T13:00:43Z,generic,LAB-MESH-B,02:0A:00:00:00:06,1,2412,-37,OPEN,1.2236220,-9.8874958
2026-09-20T13:00:50Z,kismet,LAB-NET-08,02:0A:00:00:00:1C,6,2437,-33,WPA2,1.2347887,-9.8759589
2026-09-20T13:00:57Z,marauder,<hidden>,02:0A:00:00:00:21,11,2462,-84,WPA2,1.2459461,-9.8658301
2026-09-20T13:01:04Z,generic,LAB-NET-12,02:0A:00:00:00:20,1,2412,-55,WPA3,1.2452331,-9.8655381
2026-09-20T13:01:11Z,marauder,LAB-NET-17,02:0A:00:00:00:25,1,2412,-54,OPEN,1.2573816,-9.8540529
2026-09-20T13:01:18Z,generic,LAB-NET-29,02:0A:00:00:00:31,6,2437,-45,WPA2,1.2459551,-9.8647860
2026-09-20T13:01:25Z,marauder,LAB-NET-03,02:0A:00:00:00:17,153,5765,-30,WPA3,1.2566934,-9.8543838
2026-09-20T13:01:32Z,minino,LAB-BETA,02:0A:00:00:00:34,11,2462,-89,WPA2,1.2350120,-9.8762727
2026-09-20T13:01:39Z,kismet,<hidden>,02:0A:00:00:00:16,40,5200,-68,WPA2,1.2241298,-9.8871713
2026-09-20T13:01:46Z,kismet,LAB-NET-03,02:0A:00:00:00:17,153,5765,-61,WPA3,1.2575339,-9.8546784
2026-09-20T13:01:53Z,kismet,LAB-NET-21,02:0A:00:00:00:29,36,5180,-43,OPEN,1.2229136,-9.8875607
2026-09-20T13:02:00Z,minino,LAB-NET-03,02:0A:00:00:00:17,6,2437,-70,WPA3,1.2562643,-9.8543213
2026-09-20T13:02:07Z,generic,LAB-MESH-B,02:0A:00:00:00:07,36,5180,-78,WPA2,1.2342685,-9.8765477
2026-09-20T13:02:14Z,minino,LAB-NET-26,02:0A:00:00:00:2E,6,2437,-80,WPA3,1.2231959,-9.8877539
2026-09-20T13:02:21Z,kismet,LAB-MESH-B,02:0A:00:00:00:08,11,2462,-42,OPEN,1.2342646,-9.8765334
2026-09-20T13:02:28Z,generic,LAB-OFFICE,02:0A:00:00:00:0C,11,2462,-36,WPA,1.2348808,-9.8770254
2026-09-20T13:02:35Z,kismet,LAB-NET-26,02:0A:00:00:00:2E,6,2437,-51,WPA3,1.2232228,-9.8882414
2026-09-20T13:02:42Z,minino,LAB-MESH-B,02:0A:00:00:00:06,1,2412,-48,OPEN,1.2230164,-9.8871325
2026-09-20T13:02:49Z,minino,LAB-MESH-A,02:0A:00:00:00:02,36,5180,-62,WPA,1.2239899,-9.8868811
2026-09-20T13:02:56Z,generic,LAB-CORRIDOR,02:0A:00:00:00:0E,1,2412,-37,OPEN,1.2231316,-9.8869110
2026-09-20T13:03:03Z,generic,LAB-NET-16,02:0A:00:00:00:24,36,5180,-50,WPA2,1.2346767,-9.8766835
2026-09-20T13:03:10Z,kismet,LAB-IOT,02:0A:00:00:00:3A,1,2412,-63,WPA3,1.2238516,-9.8873235
2026-09-20T13:03:17Z,minino,LAB-IOT,02:0A:00:00:00:3A,11,2462,-70,WPA3,1.2230322,-9.8875897
2026-09-20T13:03:24Z,generic,LAB-NET-25,02:0A:00:00:00:2D,6,2437,-56,WPA3,1.2457401,-9.8660261
2026-09-20T13:03:31Z,minino,LAB-BETA,02:0A:00:00:00:34,36,5180,-61,WPA2,1.2341323,-9.8767859
2026-09-20T13:03:38Z,generic,LAB-DELTA,02:0A:00:00:00:36,11,2462,-86,WEP,0.0,0.0
2026-09-20T13:03:45Z,marauder,LAB-OFFICE,02:0A:00:00:00:0B,1,2412,-33,WPA2,0.0,0.0
2026-09-20T13:03:52Z,kismet,LAB-FOXTROT,02:0A:00:00:00:38,1,2412,-30,WPA2,1.2454460,-9.8647045
2026-09-20T13:03:59Z,generic,LAB-MESH-A,02:0A:00:00:00:02,36,5180,-77,WPA,1.2234420,-9.8873276
2026-09-20T13:04:06Z,generic,<hidden>,02:0A:00:00:00:14,6,2437,-81,WPA3,1.2348473,-9.8768143
2026-09-20T13:04:13Z,marauder,<hidden>,02:0A:00:00:00:2C,6,2437,-41,OPEN,1.2351482,-9.8757898
2026-09-20T13:04:20Z,minino,LAB-NET-20,02:0A:00:00:00:28,11,2462,-37,WPA3,1.2344297,-9.8770853
2026-09-20T13:04:27Z,generic,LAB-NET-22,02:0A:00:00:00:2A,6,2437,-39,WPA3,1.2238226,-9.8879234
2026-09-20T13:04:34Z,minino,LAB-NET-25,02:0A:00:00:00:2D,6,2437,-45,WPA3,1.2462345,-9.8659393
2026-09-20T13:04:41Z,marauder,LAB-ZONE-SOUTH,02:0A:00:00:00:11,11,2462,-69,WPA2,1.2451742,-9.8655898
2026-09-20T13:04:48Z,marauder,LAB-MESH-B,02:0A:00:00:00:07,36,5180,-47,WPA2,,
2026-09-20T13:04:55Z,kismet,LAB-OFFICE,02:0A:00:00:00:0B,6,2437,-89,WPA2,,
2026-09-20T13:05:02Z,minino,LAB-NET-17,02:0A:00:00:00:25,44,5220,-56,OPEN,1.2241858,-9.8881527
2026-09-20T13:05:09Z,minino,LAB-NET-03,02:0A:00:00:00:17,153,5765,-33,WPA3,1.2570821,-9.8548735
2026-09-20T13:05:16Z,marauder,<hidden>,02:0A:00:00:00:37,11,2462,-51,WPA3,1.2562730,-9.8548828
2026-09-20T13:05:23Z,kismet,LAB-ALPHA,02:0A:00:00:00:33,1,2412,-47,WPA3,1.2572805,-9.8546223
2026-09-20T13:05:30Z,kismet,LAB-NET-14,02:0A:00:00:00:22,1,2412,-30,UNKNOWN,1.2228163,-9.8881452
2026-09-20T13:05:37Z,marauder,LAB-NET-23,02:0A:00:00:00:2B,11,2462,-69,WPA2,1.2566112,-9.8544043
2026-09-20T13:05:44Z,kismet,LAB-OFFICE,02:0A:00:00:00:0A,153,5765,-87,WPA2,1.2239648,-9.8881530
2026-09-20T13:05:51Z,marauder,LAB-LABORATORY,02:0A:00:00:00:3B,6,2437,-36,WEP,1.2573388,-9.8540655
2026-09-20T13:05:58Z,generic,LAB-NET-23,02:0A:00:00:00:2B,36,5180,-42,WPA2,1.2574480,-9.8542202
2026-09-20T13:06:05Z,generic,LAB-CORRIDOR,02:0A:00:00:00:0D,6,2437,-65,OPEN,1.2450957,-9.8650105
2026-09-20T13:06:12Z,generic,LAB-MESH-B,02:0A:00:00:00:06,1,2412,-71,OPEN,1.2234427,-9.8879399
2026-09-20T13:06:19Z,marauder,LAB-ALPHA,02:0A:00:00:00:33,1,2412,-78,WPA3,1.2572223,-9.8540028
2026-09-20T13:06:26Z,kismet,<hidden>,02:0A:00:00:00:14,6,2437,-43,WPA2,1.2349644,-9.8764292
2026-09-20T13:06:33Z,generic,<hidden>,02:0A:00:00:00:14,6,2437,-43,WPA3,1.2343306,-9.8764828
2026-09-20T13:06:40Z,marauder,<hidden>,02:0A:00:00:00:37,11,2462,-61,WPA2,1.2565823,-9.8540023
2026-09-20T13:06:47Z,marauder,LAB-IOT,02:0A:00:00:00:3A,1,2412,-88,WPA3,1.2231692,-9.8873118
2026-09-20T13:06:54Z,kismet,LAB-CORRIDOR,02:0A:00:00:00:0E,1,2412,-79,OPEN,1.2228428,-9.8879896
2026-09-20T13:07:01Z,minino,LAB-GAMMA,02:0A:00:00:00:35,1,2412,-51,WPA3,1.2463470,-9.8655890
2026-09-20T13:07:08Z,kismet,LAB-GUEST,02:0A:00:00:00:39,1,2412,-77,WPA2,1.2459675,-9.8650958
2026-09-20T13:07:15Z,generic,LAB-NET-22,02:0A:00:00:00:2A,11,2462,-66,WPA3,1.2230929,-9.8873498
2026-09-20T13:07:22Z,generic,LAB-IOT,02:0A:00:00:00:3A,11,2462,-88,WPA3,1.2239035,-9.8880488
2026-09-20T13:07:29Z,generic,LAB-NET-09,02:0A:00:00:00:1D,1,2412,-86,WPA2,1.2459821,-9.8661193
2026-09-20T13:07:36Z,generic,LAB-NET-01,02:0A:00:00:00:15,6,2437,-72,UNKNOWN,1.2460630,-9.8647036
2026-09-20T13:07:43Z,minino,LAB-BASEMENT,02:0A:00:00:00:13,6,2437,-30,WPA2,1.2564074,-9.8539034
2026-09-20T13:07:50Z,marauder,<hidden>,02:0A:00:00:00:37,11,2462,-83,WPA2,1.2561924,-9.8535281
2026-09-20T13:07:57Z,kismet,LAB-DELTA,02:0A:00:00:00:36,6,2437,-62,WEP,1.2227905,-9.8873445
2026-09-20T13:08:04Z,minino,LAB-NET-09,02:0A:00:00:00:1D,11,2462,-41,WPA2,1.2449446,-9.8647383
2026-09-20T13:08:11Z,kismet,LAB-NET-01,02:0A:00:00:00:15,6,2437,-35,UNKNOWN,,
2026-09-20T13:08:18Z,minino,LAB-LABORATORY,02:0A:00:00:00:3B,6,2437,-30,WEP,1.2567283,-9.8536785
2026-09-20T13:08:25Z,marauder,LAB-MESH-B,02:0A:00:00:00:05,11,2462,-35,WPA3,1.2458824,-9.8656947
2026-09-20T13:08:32Z,marauder,LAB-DELTA,02:0A:00:00:00:36,6,2437,-83,WEP,1.2235024,-9.8875633
2026-09-20T13:08:39Z,kismet,LAB-NET-07,02:0A:00:00:00:1B,36,5180,-67,UNKNOWN,1.2560169,-9.8539682
2026-09-20T13:08:46Z,marauder,<hidden>,02:0A:00:00:00:2C,1,2412,-36,OPEN,1.2343777,-9.8764429
2026-09-20T13:08:53Z,generic,LAB-NET-21,02:0A:00:00:00:29,36,5180,-72,OPEN,1.2338861,-9.8763050
2026-09-20T13:09:00Z,kismet,LAB-NET-05,02:0A:00:00:00:19,6,2437,-50,OPEN,1.2460758,-9.8651395
2026-09-20T13:09:07Z,kismet,LAB-LABORATORY,02:0A:00:00:00:3B,6,2437,-50,WEP,1.2567158,-9.8537139
2026-09-20T13:09:14Z,minino,LAB-NET-05,02:0A:00:00:00:19,6,2437,-88,OPEN,1.2462900,-9.8656432
2026-09-20T13:09:21Z,kismet,LAB-NET-26,02:0A:00:00:00:2E,11,2462,-77,WPA3,1.2240194,-9.8868743
2026-09-20T13:09:28Z,generic,LAB-NET-07,02:0A:00:00:00:1B,36,5180,-67,WPA3,1.2567259,-9.8543973
2026-09-20T13:09:35Z,minino,LAB-NET-23,02:0A:00:00:00:2B,36,5180,-54,WPA2,1.2571463,-9.8547915
2026-09-20T13:09:42Z,kismet,LAB-FOXTROT,02:0A:00:00:00:38,1,2412,-77,WPA2,1.2235338,-9.8872319
2026-09-20T13:09:49Z,generic,LAB-NET-11,02:0A:00:00:00:1F,1,2412,-87,UNKNOWN,1.2570326,-9.8546405
2026-09-20T13:09:56Z,minino,<hidden>,02:0A:00:00:00:16,40,5200,-30,WPA2,1.2229075,-9.8878394
2026-09-20T13:10:03Z,minino,LAB-NET-25,02:0A:00:00:00:2D,6,2437,-49,WPA3,1.2457867,-9.8659564
2026-09-20T13:10:10Z,minino,LAB-ALPHA,02:0A:00:00:00:33,1,2412,-42,WPA3,1.2562301,-9.8546146
2026-09-20T13:10:17Z,marauder,LAB-NET-01,02:0A:00:00:00:15,6,2437,-47,UNKNOWN,1.2461003,-9.8653832
2026-09-20T13:10:24Z,kismet,LAB-MESH-B,02:0A:00:00:00:05,1,2412,-31,WPA3,1.2448928,-9.8648525
2026-09-20T13:10:31Z,kismet,LAB-CORRIDOR,02:0A:00:00:00:0D,11,2462,-53,OPEN,1.2464116,-9.8657400
2026-09-20T13:10:38Z,minino,LAB-NET-09,02:0A:00:00:00:1D,11,2462,-33,WPA2,1.2460047,-9.8657685
2026-09-20T13:10:45Z,generic,LAB-OFFICE,02:0A:00:00:00:0B,1,2412,-46,WPA2,1.2568407,-9.8541317
2026-09-20T13:10:52Z,generic,LAB-NET-25,02:0A:00:00:00:2D,6,2437,-84,WPA3,1.2452779,-9.8660507
2026-09-20T13:10:59Z,kismet,LAB-OFFICE,02:0A:00:00:00:09,1,2412,-31,UNKNOWN,1.2567520,-9.8538936
2026-09-20T13:11:06Z,kismet,LAB-NET-17,02:0A:00:00:00:25,44,5220,-34,OPEN,1.2449107,-9.8654453
2026-09-20T13:11:13Z,generic,LAB-MESH-B,02:0A:00:00:00:06,1,2412,-32,OPEN,1.2227669,-9.8882384
2026-09-20T13:11:20Z,marauder,LAB-MESH-A,02:0A:00:00:00:3C,11,2462,-68,OPEN,1.2348380,-9.8758047
2026-09-20T13:11:27Z,kismet,LAB-BETA,02:0A:00:00:00:34,36,5180,-36,WPA2,1.2347628,-9.8763987
2026-09-20T13:11:34Z,minino,<hidden>,02:0A:00:00:00:21,11,2462,-87,WPA2,1.2457116,-9.8647666
2026-09-20T13:11:41Z,generic,LAB-NET-25,02:0A:00:00:00:2D,11,2462,-48,WPA3,1.2455972,-9.8655394
2026-09-20T13:11:48Z,marauder,LAB-NET-16,02:0A:00:00:00:24,36,5180,-71,WPA2,,
2026-09-20T13:11:55Z,generic,LAB-IOT,02:0A:00:00:00:3A,1,2412,-69,WPA3,1.2232781,-9.8873418
2026-09-20T13:12:02Z,kismet,<hidden>,02:0A:00:00:00:21,11,2462,-44,WPA2,1.2461335,-9.8655806
2026-09-20T13:12:09Z,marauder,LAB-CORRIDOR,02:0A:00:00:00:0D,6,2437,-39,OPEN,1.2453056,-9.8647707
2026-09-20T13:12:16Z,minino,LAB-NET-01,02:0A:00:00:00:15,1,2412,-86,UNKNOWN,1.2463122,-9.8661953
2026-09-20T13:12:23Z,marauder,LAB-MESH-B,02:0A:00:00:00:05,11,2462,-44,UNKNOWN,1.2461612,-9.8649859
2026-09-20T13:12:30Z,kismet,LAB-FOXTROT,02:0A:00:00:00:38,1,2412,-40,WPA2,1.2347696,-9.8759490
2026-09-20T13:12:37Z,marauder,LAB-NET-20,02:0A:00:00:00:28,11,2462,-79,WPA3,1.2348944,-9.8770240
2026-09-20T13:12:44Z,marauder,LAB-MESH-B,02:0A:00:00:00:06,1,2412,-66,OPEN,,
2026-09-20T13:12:51Z,minino,LAB-NET-14,02:0A:00:00:00:22,1,2412,-60,UNKNOWN,1.2239648,-9.8873211
2026-09-20T13:12:58Z,marauder,<hidden>,02:0A:00:00:00:2C,1,2412,-79,OPEN,1.2351452,-9.8766352
2026-09-20T13:13:05Z,marauder,LAB-ZONE-SOUTH,02:0A:00:00:00:11,11,2462,-78,WPA2,1.2457461,-9.8646757
2026-09-20T13:13:12Z,kismet,LAB-NET-01,02:0A:00:00:00:15,6,2437,-52,UNKNOWN,1.2452432,-9.8656006
2026-09-20T13:13:19Z,marauder,LAB-NET-21,02:0A:00:00:00:29,36,5180,-49,OPEN,1.2230582,-9.8879027
2026-09-20T13:13:26Z,marauder,<hidden>,02:0A:00:00:00:2C,6,2437,-51,OPEN,1.2349747,-9.8772398
2026-09-20T13:13:33Z,marauder,LAB-NET-08,02:0A:00:00:00:1C,11,2462,-70,WPA2,1.2349909,-9.8761974
2026-09-20T13:13:40Z,kismet,LAB-LABORATORY,02:0A:00:00:00:3B,6,2437,-44,WEP,1.2571059,-9.8541522
2026-09-20T13:13:47Z,generic,LAB-NET-09,02:0A:00:00:00:1D,11,2462,-70,WPA2,1.2461764,-9.8656394
2026-09-20T13:13:54Z,generic,LAB-NET-28,02:0A:00:00:00:30,6,2437,-34,OPEN,1.2347074,-9.8772749
2026-09-20T13:14:01Z,generic,LAB-MESH-A,02:0A:00:00:00:3C,11,2462,-62,OPEN,1.2352801,-9.8766980
2026-09-20T13:14:08Z,generic,LAB-NET-28,02:0A:00:00:00:30,6,2437,-35,OPEN,1.2344392,-9.8773040
2026-09-20T13:14:15Z,minino,LAB-NET-06,02:0A:00:00:00:1A,153,5765,-53,WPA2,1.2233517,-9.8871465
2026-09-20T13:14:22Z,marauder,LAB-CORRIDOR,02:0A:00:00:00:0E,1,2412,-59,OPEN,1.2232828,-9.8882145
2026-09-20T13:14:29Z,generic,<hidden>,02:0A:00:00:00:14,6,2437,-63,WPA3,1.2351339,-9.8768989
2026-09-20T13:14:36Z,marauder,<hidden>,02:0A:00:00:00:37,11,2462,-30,WPA2,1.2575396,-9.8550254
2026-09-20T13:14:43Z,minino,LAB-NET-11,02:0A:00:00:00:1F,1,2412,-64,UNKNOWN,1.2562154,-9.8542910
2026-09-20T13:14:50Z,marauder,<hidden>,02:0A:00:00:00:14,6,2437,-52,WPA3,1.2343095,-9.8768462
2026-09-20T13:14:57Z,generic,LAB-BASEMENT,02:0A:00:00:00:13,11,2462,-86,WPA2,1.2565864,-9.8540194
2026-09-20T13:15:04Z,kismet,LAB-ZONE-NORTH,02:0A:00:00:00:10,36,5180,-50,UNKNOWN,1.2342897,-9.8769697
2026-09-20T13:15:11Z,minino,LAB-NET-11,02:0A:00:00:00:1F,1,2412,-33,UNKNOWN,1.2568770,-9.8541974
2026-09-20T13:15:18Z,minino,LAB-NET-01,02:0A:00:00:00:15,6,2437,-38,UNKNOWN,1.2457945,-9.8647739
2026-09-20T13:15:25Z,minino,LAB-NET-12,02:0A:00:00:00:20,1,2412,-51,WPA3,1.2564905,-9.8537118
2026-09-20T13:15:32Z,kismet,LAB-NET-14,02:0A:00:00:00:22,1,2412,-86,UNKNOWN,1.2236209,-9.8870288
2026-09-20T13:15:39Z,marauder,LAB-NET-30,02:0A:00:00:00:32,1,2412,-60,WPA2,1.2238886,-9.8873152
2026-09-20T13:15:46Z,kismet,LAB-NET-21,02:0A:00:00:00:29,6,2437,-59,OPEN,1.2350875,-9.8765711
2026-09-20T13:15:53Z,marauder,LAB-NET-19,02:0A:00:00:00:27,149,5745,-72,WPA2,1.2563091,-9.8538238
2026-09-20T13:16:00Z,generic,LAB-NET-28,02:0A:00:00:00:30,6,2437,-63,OPEN,1.2346054,-9.8765366
2026-09-20T13:16:07Z,kismet,<hidden>,02:0A:00:00:00:37,11,2462,-89,WPA3,0.0,0.0
2026-09-20T13:16:14Z,generic,LAB-NET-07,02:0A:00:00:00:1B,11,2462,-55,WPA3,1.2567329,-9.8536653
2026-09-20T13:16:21Z,generic,LAB-NET-09,02:0A:00:00:00:1D,11,2462,-72,WPA2,1.2450513,-9.8657944
2026-09-20T13:16:28Z,kismet,LAB-OFFICE,02:0A:00:00:00:09,1,2412,-81,UNKNOWN,1.2228550,-9.8870659
2026-09-20T13:16:35Z,minino,LAB-NET-27,02:0A:00:00:00:2F,6,2437,-70,OPEN,1.2560297,-9.8544262
2026-09-20T13:16:42Z,marauder,LAB-NET-29,02:0A:00:00:00:31,11,2462,-44,WPA2,1.2342862,-9.8761328
2026-09-20T13:16:49Z,minino,LAB-OFFICE,02:0A:00:00:00:09,1,2412,-85,UNKNOWN,1.2560976,-9.8548785
2026-09-20T13:16:56Z,marauder,LAB-NET-03,02:0A:00:00:00:17,153,5765,-57,WPA3,1.2566492,-9.8539196
2026-09-20T13:17:03Z,generic,LAB-ALPHA,02:0A:00:00:00:33,1,2412,-80,WPA3,1.2562370,-9.8538044
2026-09-20T13:17:10Z,marauder,LAB-LABORATORY,02:0A:00:00:00:3B,6,2437,-87,WEP,1.2563528,-9.8550306
2026-09-20T13:17:17Z,minino,LAB-NET-25,02:0A:00:00:00:2D,6,2437,-35,WPA3,1.2449467,-9.8658817
2026-09-20T13:17:24Z,generic,LAB-NET-01,02:0A:00:00:00:15,6,2437,-89,UNKNOWN,1.2460884,-9.8651597
2026-09-20T13:17:31Z,generic,LAB-NET-25,02:0A:00:00:00:2D,1,2412,-90,WPA3,1.2449876,-9.8659119
2026-09-20T13:17:38Z,minino,LAB-MESH-B,02:0A:00:00:00:06,1,2412,-81,OPEN,1.2232457,-9.8870166
2026-09-20T13:17:45Z,generic,LAB-LABORATORY,02:0A:00:00:00:3B,6,2437,-80,WEP,1.2569855,-9.8546960
2026-09-20T13:17:52Z,generic,LAB-NET-29,02:0A:00:00:00:31,6,2437,-89,WPA2,1.2231800,-9.8880378
2026-09-20T13:17:59Z,marauder,LAB-NET-22,02:0A:00:00:00:2A,6,2437,-43,WPA3,1.2238887,-9.8881270
2026-09-20T13:18:06Z,minino,LAB-CORRIDOR,02:0A:00:00:00:0E,1,2412,-34,OPEN,1.2235690,-9.8872587
2026-09-20T13:18:13Z,kismet,<hidden>,02:0A:00:00:00:14,6,2437,-77,WPA3,1.2338548,-9.8763414
2026-09-20T13:18:20Z,minino,<hidden>,02:0A:00:00:00:14,6,2437,-59,WPA3,,
2026-09-20T13:18:27Z,generic,LAB-NET-05,02:0A:00:00:00:19,6,2437,-60,OPEN,1.2456115,-9.8656069
2026-09-20T13:18:34Z,marauder,LAB-BASEMENT,02:0A:00:00:00:13,1,2412,-36,WPA2,1.2570562,-9.8536205
2026-09-20T13:18:41Z,minino,LAB-MESH-A,02:0A:00:00:00:01,36,5180,-84,OPEN,1.2231422,-9.8878440
2026-09-20T13:18:48Z,kismet,LAB-CORRIDOR,02:0A:00:00:00:0E,1,2412,-64,OPEN,1.2242102,-9.8872673
2026-09-20T13:18:55Z,minino,<hidden>,02:0A:00:00:00:14,6,2437,-83,WPA3,1.2352054,-9.8768599
2026-09-20T13:19:02Z,minino,LAB-NET-28,02:0A:00:00:00:30,6,2437,-90,OPEN,1.2350362,-9.8759347
2026-09-20T13:19:09Z,kismet,LAB-NET-27,02:0A:00:00:00:2F,6,2437,-89,OPEN,1.2573807,-9.8541934
2026-09-20T13:19:16Z,generic,LAB-NET-11,02:0A:00:00:00:1F,1,2412,-89,WPA2,1.2570959,-9.8547762
2026-09-20T13:19:23Z,kismet,LAB-NET-10,02:0A:00:00:00:1E,1,2412,-45,UNKNOWN,1.2242134,-9.8875315
2026-09-20T13:19:30Z,minino,LAB-NET-11,02:0A:00:00:00:1F,1,2412,-75,UNKNOWN,1.2564167,-9.8540470
2026-09-20T13:19:37Z,generic,LAB-BETA,02:0A:00:00:00:34,36,5180,-55,WPA2,,
2026-09-20T13:19:44Z,generic,LAB-NET-12,02:0A:00:00:00:20,6,2437,-38,WPA3,1.2460669,-9.8657737
2026-09-20T13:19:51Z,kismet,LAB-OFFICE,02:0A:00:00:00:0B,1,2412,-43,WPA2,1.2574319,-9.8539591
2026-09-20T13:19:58Z,kismet,LAB-NET-07,02:0A:00:00:00:1B,36,5180,-81,WPA3,1.2566318,-9.8543730
2026-09-20T13:20:05Z,minino,LAB-NET-29,02:0A:00:00:00:31,6,2437,-69,WPA2,1.2566415,-9.8535828
2026-09-20T13:20:12Z,marauder,LAB-NET-22,02:0A:00:00:00:2A,11,2462,-69,WPA3,1.2238626,-9.8870754
2026-09-20T13:20:19Z,minino,LAB-FOXTROT,02:0A:00:00:00:38,1,2412,-38,WPA2,1.2457432,-9.8649009
2026-09-20T13:20:26Z,marauder,LAB-GAMMA,02:0A:00:00:00:35,11,2462,-57,WPA3,1.2450097,-9.8655617
2026-09-20T13:20:33Z,kismet,LAB-MESH-A,02:0A:00:00:00:01,36,5180,-59,OPEN,1.2237201,-9.8881908
2026-09-20T13:20:40Z,generic,LAB-NET-27,02:0A:00:00:00:2F,6,2437,-76,OPEN,1.2565863,-9.8536219
2026-09-20T13:20:47Z,generic,LAB-NET-28,02:0A:00:00:00:30,6,2437,-81,OPEN,1.2349703,-9.8771729
2026-09-20T13:20:54Z,marauder,LAB-IOT,02:0A:00:00:00:3A,1,2412,-59,WPA3,1.2238026,-9.8870252
2026-09-20T13:21:01Z,minino,LAB-MESH-B,02:0A:00:00:00:05,11,2462,-56,WPA3,1.2453694,-9.8650228
2026-09-20T13:21:08Z,marauder,LAB-GAMMA,02:0A:00:00:00:35,1,2412,-86,WPA3,1.2449049,-9.8657588
2026-09-20T13:21:15Z,kismet,LAB-MESH-B,02:0A:00:00:00:08,11,2462,-69,OPEN,1.2343398,-9.8766984
2026-09-20T13:21:22Z,marauder,LAB-CORRIDOR,02:0A:00:00:00:0E,1,2412,-47,OPEN,1.2236475,-9.8869830
2026-09-20T13:21:29Z,generic,LAB-MESH-A,02:0A:00:00:00:03,1,2412,-42,WPA2,1.2565514,-9.8547117
2026-09-20T13:21:36Z,generic,LAB-MESH-B,02:0A:00:00:00:07,36,5180,-89,WPA2,1.2569814,-9.8545593
2026-09-20T13:21:43Z,marauder,LAB-NET-12,02:0A:00:00:00:20,1,2412,-61,WPA3,1.2346378,-9.8772105
2026-09-20T13:21:50Z,generic,<hidden>,02:0A:00:00:00:16,40,5200,-77,WPA2,1.2242311,-9.8883994
2026-09-20T13:21:57Z,generic,LAB-MESH-B,02:0A:00:00:00:07,11,2462,-86,WPA2,1.2347173,-9.8762628
2026-09-20T13:22:04Z,marauder,LAB-NET-10,02:0A:00:00:00:1E,40,5200,-74,UNKNOWN,1.2235608,-9.8871722
2026-09-20T13:22:11Z,marauder,LAB-NET-25,02:0A:00:00:00:2D,6,2437,-72,WPA3,1.2451572,-9.8655093
2026-09-20T13:22:18Z,generic,LAB-NET-08,02:0A:00:00:00:1C,6,2437,-75,OPEN,1.2340155,-9.8760034
2026-09-20T13:22:25Z,minino,LAB-BETA,02:0A:00:00:00:34,36,5180,-69,WPA2,1.2340504,-9.8767404
2026-09-20T13:22:32Z,marauder,LAB-NET-18,02:0A:00:00:00:26,6,2437,-84,WPA2,1.2230227,-9.8877428
2026-09-20T13:22:39Z,kismet,LAB-OFFICE,02:0A:00:00:00:09,11,2462,-50,UNKNOWN,1.2343545,-9.8762249
2026-09-20T13:22:46Z,marauder,LAB-NET-07,02:0A:00:00:00:1B,36,5180,-85,WPA3,1.2564352,-9.8542293
2026-09-20T13:22:53Z,minino,LAB-NET-23,02:0A:00:00:00:2B,36,5180,-83,WPA2,1.2566311,-9.8536502
2026-09-20T13:23:00Z,kismet,LAB-OFFICE,02:0A:00:00:00:0C,11,2462,-60,WPA,1.2344816,-9.8757488
2026-09-20T13:23:07Z,minino,LAB-ALPHA,02:0A:00:00:00:33,1,2412,-71,WPA3,1.2569204,-9.8549356
2026-09-20T13:23:14Z,kismet,LAB-NET-25,02:0A:00:00:00:2D,11,2462,-53,WPA3,1.2454739,-9.8654158
2026-09-20T13:23:21Z,minino,<hidden>,02:0A:00:00:00:14,6,2437,-78,WPA3,1.2339871,-9.8758700
2026-09-20T13:23:28Z,marauder,LAB-NET-11,02:0A:00:00:00:1F,1,2412,-81,UNKNOWN,1.2561475,-9.8545004
2026-09-20T13:23:35Z,marauder,<hidden>,02:0A:00:00:00:37,11,2462,-54,WPA2,1.2573669,-9.8550122
2026-09-20T13:23:42Z,marauder,LAB-NET-21,02:0A:00:00:00:29,36,5180,-42,OPEN,1.2565678,-9.8547605
2026-09-20T13:23:49Z,generic,LAB-FOXTROT,02:0A:00:00:00:38,1,2412,-62,WPA2,1.2227010,-9.8873797
2026-09-20T13:23:56Z,generic,LAB-FOXTROT,02:0A:00:00:00:38,1,2412,-49,WPA2,1.2450826,-9.8652483
2026-09-20T13:24:03Z,marauder,LAB-NET-21,02:0A:00:00:00:29,11,2462,-64,OPEN,1.2457129,-9.8654367
2026-09-20T13:24:10Z,generic,LAB-MESH-B,02:0A:00:00:00:06,6,2437,-73,OPEN,1.2239000,-9.8872176
2026-09-20T13:24:17Z,kismet,LAB-BETA,02:0A:00:00:00:34,36,5180,-36,WPA2,1.2343142,-9.8760051
2026-09-20T13:24:24Z,minino,<hidden>,02:0A:00:00:00:21,11,2462,-60,WPA2,1.2460908,-9.8648889
2026-09-20T13:24:31Z,kismet,LAB-NET-25,02:0A:00:00:00:2D,6,2437,-50,WPA3,1.2454268,-9.8654049
2026-09-20T13:24:38Z,kismet,LAB-CORRIDOR,02:0A:00:00:00:12,153,5765,-32,OPEN,1.2236078,-9.8880898
2026-09-20T13:24:45Z,generic,LAB-CORRIDOR,02:0A:00:00:00:0D,6,2437,-73,OPEN,1.2453691,-9.8649109
2026-09-20T13:24:52Z,kismet,LAB-NET-08,02:0A:00:00:00:1C,6,2437,-78,WPA2,1.2340692,-9.8763623
2026-09-20T13:24:59Z,minino,LAB-NET-04,02:0A:00:00:00:18,40,5200,-83,OPEN,1.2346524,-9.8770161
2026-09-20T13:25:06Z,kismet,LAB-GUEST,02:0A:00:00:00:39,1,2412,-79,WPA2,1.2452741,-9.8652751
2026-09-20T13:25:13Z,generic,LAB-BETA,02:0A:00:00:00:34,36,5180,-56,WPA2,1.2341608,-9.8765683
2026-09-20T13:25:20Z,generic,LAB-ZONE-SOUTH,02:0A:00:00:00:11,11,2462,-90,WPA2,1.2452830,-9.8646857
2026-09-20T13:25:27Z,kismet,LAB-BETA,02:0A:00:00:00:34,36,5180,-58,WPA2,1.2352523,-9.8766156
2026-09-20T13:25:34Z,marauder,LAB-CORRIDOR,02:0A:00:00:00:0D,6,2437,-60,OPEN,1.2464494,-9.8652271
2026-09-20T13:25:41Z,marauder,LAB-NET-01,02:0A:00:00:00:15,6,2437,-88,UNKNOWN,1.2451687,-9.8656540
2026-09-20T13:25:48Z,generic,LAB-CORRIDOR,02:0A:00:00:00:12,11,2462,-77,OPEN,1.2235131,-9.8882504
2026-09-20T13:25:55Z,kismet,LAB-MESH-A,02:0A:00:00:00:04,1,2412,-72,WPA2,0.0,0.0
2026-09-20T13:26:02Z,kismet,LAB-CORRIDOR,02:0A:00:00:00:0F,11,2462,-37,WPA2,1.2569549,-9.8539182
2026-09-20T13:26:09Z,generic,LAB-MESH-A,02:0A:00:00:00:02,36,5180,-77,WPA,1.2231634,-9.8881025
2026-09-20T13:26:16Z,kismet,LAB-MESH-A,02:0A:00:00:00:02,36,5180,-39,WPA,1.2228026,-9.8872696
2026-09-20T13:26:23Z,minino,LAB-MESH-B,02:0A:00:00:00:07,36,5180,-32,WPA2,1.2452325,-9.8654969
2026-09-20T13:26:30Z,generic,LAB-MESH-B,02:0A:00:00:00:07,36,5180,-62,WPA2,1.2342614,-9.8764158
2026-09-20T13:26:37Z,generic,LAB-MESH-B,02:0A:00:00:00:07,36,5180,-89,WPA2,1.2344784,-9.8771026
2026-09-20T13:26:44Z,kismet,LAB-CORRIDOR,02:0A:00:00:00:12,153,5765,-70,WPA3,1.2237340,-9.8877557
2026-09-20T13:26:51Z,generic,LAB-NET-05,02:0A:00:00:00:19,6,2437,-80,OPEN,1.2458494,-9.8656354
2026-09-20T13:26:58Z,minino,LAB-CORRIDOR,02:0A:00:00:00:0E,1,2412,-66,OPEN,1.2232219,-9.8880157
2026-09-20T13:27:05Z,marauder,LAB-NET-11,02:0A:00:00:00:1F,1,2412,-62,UNKNOWN,1.2570874,-9.8542197
2026-09-20T13:27:12Z,generic,LAB-MESH-A,02:0A:00:00:00:02,36,5180,-32,WPA,1.2232090,-9.8878447
2026-09-20T13:27:19Z,generic,LAB-NET-08,02:0A:00:00:00:1C,6,2437,-80,WPA2,1.2341335,-9.8767566
2026-09-20T13:27:26Z,marauder,<hidden>,02:0A:00:00:00:37,11,2462,-66,WPA2,1.2568165,-9.8542715
2026-09-20T13:27:33Z,marauder,LAB-NET-29,02:0A:00:00:00:31,6,2437,-74,WPA2,1.2463443,-9.8660843
2026-09-20T13:27:40Z,minino,LAB-MESH-A,02:0A:00:00:00:3C,11,2462,-76,OPEN,1.2340062,-9.8771166
2026-09-20T13:27:47Z,minino,LAB-OFFICE,02:0A:00:00:00:0B,11,2462,-72,WPA2,1.2563599,-9.8549734
2026-09-20T13:27:54Z,marauder,LAB-NET-08,02:0A:00:00:00:1C,6,2437,-86,WPA2,1.2341458,-9.8760508
2026-09-20T13:28:01Z,kismet,LAB-CORRIDOR,02:0A:00:00:00:12,153,5765,-44,OPEN,1.2229427,-9.8882557
2026-09-20T13:28:08Z,kismet,LAB-NET-15,02:0A:00:00:00:23,1,2412,-58,WPA2,1.2563820,-9.8551070
2026-09-20T13:28:15Z,minino,<hidden>,02:0A:00:00:00:21,1,2412,-75,WPA2,1.2449699,-9.8660162
2026-09-20T13:28:22Z,marauder,LAB-DELTA,02:0A:00:00:00:36,11,2462,-45,WEP,1.2239098,-9.8877145
2026-09-20T13:28:29Z,generic,LAB-NET-21,02:0A:00:00:00:29,36,5180,-47,OPEN,1.2343717,-9.8773423
2026-09-20T13:28:36Z,kismet,LAB-NET-16,02:0A:00:00:00:24,36,5180,-40,WPA2,1.2344140,-9.8765031
2026-09-20T13:28:43Z,minino,LAB-NET-26,02:0A:00:00:00:2E,6,2437,-58,WPA3,1.2233050,-9.8880520
2026-09-20T13:28:50Z,generic,LAB-OFFICE,02:0A:00:00:00:09,1,2412,-66,UNKNOWN,1.2347275,-9.8767552
2026-09-20T13:28:57Z,marauder,LAB-NET-04,02:0A:00:00:00:18,40,5200,-77,OPEN,0.0,0.0
2026-09-20T13:29:04Z,generic,LAB-NET-21,02:0A:00:00:00:29,6,2437,-75,OPEN,1.2458236,-9.8650181
2026-09-20T13:29:11Z,generic,LAB-IOT,02:0A:00:00:00:3A,1,2412,-67,WPA3,1.2233591,-9.8876755
2026-09-20T13:29:18Z,marauder,LAB-NET-10,02:0A:00:00:00:1E,11,2462,-72,UNKNOWN,1.2241921,-9.8880617
2026-09-20T13:29:25Z,kismet,LAB-NET-03,02:0A:00:00:00:17,153,5765,-68,WPA3,1.2566075,-9.8540755
2026-09-20T13:29:32Z,kismet,LAB-NET-16,02:0A:00:00:00:24,36,5180,-69,WPA2,1.2352622,-9.8759534
2026-09-20T13:29:39Z,kismet,LAB-MESH-A,02:0A:00:00:00:3C,11,2462,-87,WPA2,1.2337855,-9.8771811
2026-09-20T13:29:46Z,kismet,LAB-NET-14,02:0A:00:00:00:22,1,2412,-51,UNKNOWN,1.2233741,-9.8879198
2026-09-20T13:29:53Z,generic,LAB-NET-04,02:0A:00:00:00:18,40,5200,-63,OPEN,,
2026-09-20T13:30:00Z,minino,LAB-MESH-A,02:0A:00:00:00:03,1,2412,-31,WPA2,1.2568658,-9.8539227
2026-09-20T13:30:07Z,minino,<hidden>,02:0A:00:00:00:16,40,5200,-42,WPA2,1.2233605,-9.8872982
2026-09-20T13:30:14Z,minino,LAB-MESH-B,02:0A:00:00:00:06,1,2412,-78,OPEN,1.2230979,-9.8881019
2026-09-20T13:30:21Z,kismet,LAB-CORRIDOR,02:0A:00:00:00:0D,6,2437,-32,OPEN,1.2462004,-9.8659895
2026-09-20T13:30:28Z,minino,LAB-MESH-B,02:0A:00:00:00:05,11,2462,-61,WPA3,1.2449388,-9.8650685
2026-09-20T13:30:35Z,kismet,LAB-OFFICE,02:0A:00:00:00:0B,1,2412,-51,WPA2,1.2567786,-9.8549930
2026-09-20T13:30:42Z,kismet,LAB-NET-04,02:0A:00:00:00:18,40,5200,-50,OPEN,1.2352969,-9.8769303
2026-09-20T13:30:49Z,kismet,LAB-NET-14,02:0A:00:00:00:22,1,2412,-39,UNKNOWN,1.2237478,-9.8873078
2026-09-20T13:30:56Z,kismet,LAB-IOT,02:0A:00:00:00:3A,1,2412,-59,WPA3,1.2239606,-9.8877601
2026-09-20T13:31:03Z,kismet,LAB-NET-06,02:0A:00:00:00:1A,153,5765,-84,WPA2,0.0,0.0
2026-09-20T13:31:10Z,minino,LAB-NET-16,02:0A:00:00:00:24,36,5180,-31,WPA2,1.2350214,-9.8759340
2026-09-20T13:31:17Z,kismet,LAB-NET-15,02:0A:00:00:00:23,1,2412,-85,WPA2,1.2566492,-9.8544812
2026-09-20T13:31:24Z,marauder,LAB-NET-20,02:0A:00:00:00:28,11,2462,-63,WPA3,1.2352533,-9.8772371
2026-09-20T13:31:31Z,marauder,LAB-NET-08,02:0A:00:00:00:1C,6,2437,-71,WPA2,1.2345249,-9.8772942
2026-09-20T13:31:38Z,generic,LAB-GUEST,02:0A:00:00:00:39,1,2412,-36,WPA2,1.2463634,-9.8655979
2026-09-20T13:31:45Z,generic,LAB-ZONE-NORTH,02:0A:00:00:00:10,36,5180,-36,UNKNOWN,1.2340316,-9.8770885
2026-09-20T13:31:52Z,marauder,LAB-MESH-B,02:0A:00:00:00:06,1,2412,-31,OPEN,1.2238366,-9.8882142
2026-09-20T13:31:59Z,marauder,LAB-BETA,02:0A:00:00:00:34,36,5180,-82,WPA2,1.2340108,-9.8772610
2026-09-20T13:32:06Z,marauder,LAB-DELTA,02:0A:00:00:00:36,11,2462,-88,WEP,1.2237538,-9.8871315
2026-09-20T13:32:13Z,marauder,<hidden>,02:0A:00:00:00:14,6,2437,-38,WPA3,1.2338301,-9.8764106
2026-09-20T13:32:20Z,kismet,LAB-ALPHA,02:0A:00:00:00:33,11,2462,-51,WPA3,1.2566144,-9.8535314
2026-09-20T13:32:27Z,kismet,LAB-MESH-B,02:0A:00:00:00:05,11,2462,-80,WPA3,1.2453340,-9.8661282
2026-09-20T13:32:34Z,generic,LAB-NET-25,02:0A:00:00:00:2D,6,2437,-36,WPA3,1.2456732,-9.8658740
2026-09-20T13:32:41Z,kismet,LAB-OFFICE,02:0A:00:00:00:0B,1,2412,-49,WPA2,1.2572854,-9.8545470
2026-09-20T13:32:48Z,kismet,LAB-NET-06,02:0A:00:00:00:1A,153,5765,-77,WPA2,1.2241455,-9.8871835
2026-09-20T13:32:55Z,minino,LAB-OFFICE,02:0A:00:00:00:0A,153,5765,-84,WPA2,1.2227156,-9.8883603
2026-09-20T13:33:02Z,minino,LAB-OFFICE,02:0A:00:00:00:09,1,2412,-45,UNKNOWN,1.2453309,-9.8656997
2026-09-20T13:33:09Z,kismet,LAB-NET-07,02:0A:00:00:00:1B,36,5180,-31,WPA3,1.2570199,-9.8536129
2026-09-20T13:33:16Z,marauder,LAB-IOT,02:0A:00:00:00:3A,1,2412,-87,UNKNOWN,1.2227108,-9.8882039
2026-09-20T13:33:23Z,kismet,LAB-ZONE-SOUTH,02:0A:00:00:00:11,11,2462,-62,WPA2,1.2461789,-9.8654905
2026-09-20T13:33:30Z,minino,LAB-NET-01,02:0A:00:00:00:15,6,2437,-90,UNKNOWN,1.2460107,-9.8651787
2026-09-20T13:33:37Z,minino,LAB-OFFICE,02:0A:00:00:00:0B,1,2412,-88,WPA2,1.2566543,-9.8543420
2026-09-20T13:33:44Z,minino,LAB-ZONE-NORTH,02:0A:00:00:00:10,36,5180,-64,WPA2,1.2345604,-9.8768986
2026-09-20T13:33:51Z,minino,LAB-NET-04,02:0A:00:00:00:18,6,2437,-77,OPEN,1.2350481,-9.8767464
2026-09-20T13:33:58Z,minino,<hidden>,02:0A:00:00:00:2C,1,2412,-63,OPEN,1.2349463,-9.8765352
2026-09-20T13:34:05Z,generic,LAB-NET-27,02:0A:00:00:00:2F,6,2437,-88,OPEN,1.2567169,-9.8539704
2026-09-20T13:34:12Z,generic,LAB-MESH-A,02:0A:00:00:00:02,36,5180,-31,WPA,1.2236600,-9.8871874
2026-09-20T13:34:19Z,generic,LAB-GUEST,02:0A:00:00:00:39,1,2412,-74,WPA2,1.2452484,-9.8657278
2026-09-20T13:34:26Z,generic,LAB-NET-22,02:0A:00:00:00:2A,11,2462,-74,WPA2,1.2239635,-9.8873848
2026-09-20T13:34:33Z,marauder,LAB-CORRIDOR,02:0A:00:00:00:0F,11,2462,-39,WPA2,1.2567078,-9.8544858
2026-09-20T13:34:40Z,kismet,LAB-NET-15,02:0A:00:00:00:23,1,2412,-41,WPA2,1.2568635,-9.8544542
2026-09-20T13:34:47Z,marauder,LAB-MESH-A,02:0A:00:00:00:04,1,2412,-36,WPA2,1.2346961,-9.8764887
2026-09-20T13:34:54Z,generic,LAB-NET-05,02:0A:00:00:00:19,6,2437,-85,OPEN,1.2454046,-9.8653600
2026-09-20T13:35:01Z,kismet,LAB-ZONE-NORTH,02:0A:00:00:00:10,36,5180,-80,UNKNOWN,1.2338009,-9.8771354
2026-09-20T13:35:08Z,kismet,LAB-NET-23,02:0A:00:00:00:2B,36,5180,-84,WPA2,1.2562480,-9.8544387
2026-09-20T13:35:15Z,marauder,LAB-BASEMENT,02:0A:00:00:00:13,1,2412,-36,WPA2,1.2568567,-9.8542431
2026-09-20T13:35:22Z,minino,LAB-ZONE-NORTH,02:0A:00:00:00:10,36,5180,-83,UNKNOWN,1.2350003,-9.8761297
2026-09-20T13:35:29Z,marauder,<hidden>,02:0A:00:00:00:16,40,5200,-60,WPA2,1.2238823,-9.8872070
2026-09-20T13:35:36Z,minino,LAB-CORRIDOR,02:0A:00:00:00:12,153,5765,-56,OPEN,1.2232267,-9.8883071
2026-09-20T13:35:43Z,minino,LAB-NET-27,02:0A:00:00:00:2F,6,2437,-81,OPEN,,
2026-09-20T13:35:50Z,kismet,LAB-NET-14,02:0A:00:00:00:22,1,2412,-89,UNKNOWN,1.2235124,-9.8876884
2026-09-20T13:35:57Z,generic,LAB-NET-05,02:0A:00:00:00:19,6,2437,-77,OPEN,1.2455707,-9.8649405
2026-09-20T13:36:04Z,minino,LAB-NET-20,02:0A:00:00:00:28,11,2462,-37,WPA3,1.2350053,-9.8761468
2026-09-20T13:36:11Z,kismet,LAB-LABORATORY,02:0A:00:00:00:3B,6,2437,-78,WEP,1.2568809,-9.8543884
2026-09-20T13:36:18Z,kismet,LAB-MESH-A,02:0A:00:00:00:03,1,2412,-49,WPA2,1.2559950,-9.8545523
2026-09-20T13:36:25Z,marauder,LAB-NET-28,02:0A:00:00:00:30,1,2412,-53,OPEN,1.2353191,-9.8759640
2026-09-20T13:36:32Z,minino,LAB-NET-12,02:0A:00:00:00:20,1,2412,-71,WPA3,1.2239540,-9.8871965
2026-09-20T13:36:39Z,minino,LAB-NET-08,02:0A:00:00:00:1C,6,2437,-46,WPA2,1.2351417,-9.8772553
2026-09-20T13:36:46Z,kismet,LAB-NET-05,02:0A:00:00:00:19,6,2437,-86,OPEN,1.2453280,-9.8648725
2026-09-20T13:36:53Z,marauder,LAB-NET-28,02:0A:00:00:00:30,6,2437,-35,OPEN,1.2338042,-9.8757732
2026-09-20T13:37:00Z,kismet,LAB-NET-14,02:0A:00:00:00:22,6,2437,-70,UNKNOWN,1.2240192,-9.8878742
2026-09-20T13:37:07Z,marauder,LAB-OFFICE,02:0A:00:00:00:0C,6,2437,-39,WPA,1.2346994,-9.8772171
2026-09-20T13:37:14Z,kismet,LAB-MESH-A,02:0A:00:00:00:3C,11,2462,-84,OPEN,1.2348726,-9.8768677
2026-09-20T13:37:21Z,marauder,LAB-NET-29,02:0A:00:00:00:31,6,2437,-82,WPA2,1.2351725,-9.8771945
2026-09-20T13:37:28Z,generic,LAB-NET-18,02:0A:00:00:00:26,6,2437,-56,WPA2,0.0,0.0
2026-09-20T13:37:35Z,minino,LAB-OFFICE,02:0A:00:00:00:0B,1,2412,-49,WPA2,1.2568869,-9.8538504
2026-09-20T13:37:42Z,minino,LAB-NET-25,02:0A:00:00:00:2D,6,2437,-80,WPA3,1.2458882,-9.8662051
2026-09-20T13:37:49Z,kismet,LAB-GAMMA,02:0A:00:00:00:35,11,2462,-54,WPA3,1.2456944,-9.8646487
2026-09-20T13:37:56Z,generic,LAB-NET-30,02:0A:00:00:00:32,1,2412,-78,WPA2,1.2234449,-9.8880736
2026-09-20T13:38:03Z,kismet,LAB-BASEMENT,02:0A:00:00:00:13,6,2437,-73,WPA2,1.2566362,-9.8541758
2026-09-20T13:38:10Z,marauder,<hidden>,02:0A:00:00:00:37,11,2462,-83,WPA2,1.2571200,-9.8547130
2026-09-20T13:38:17Z,marauder,LAB-CORRIDOR,02:0A:00:00:00:0D,6,2437,-48,OPEN,1.2459850,-9.8653095
2026-09-20T13:38:24Z,marauder,LAB-NET-26,02:0A:00:00:00:2E,6,2437,-47,WPA3,,
2026-09-20T13:38:31Z,marauder,LAB-CORRIDOR,02:0A:00:00:00:0E,1,2412,-37,OPEN,1.2228369,-9.8884498
2026-09-20T13:38:38Z,marauder,LAB-NET-07,02:0A:00:00:00:1B,36,5180,-35,WPA3,1.2563191,-9.8548900
2026-09-20T13:38:45Z,minino,LAB-NET-07,02:0A:00:00:00:1B,36,5180,-77,WPA3,1.2568192,-9.8546809
2026-09-20T13:38:52Z,kismet,LAB-CORRIDOR,02:0A:00:00:00:0D,6,2437,-63,WPA2,1.2462519,-9.8651724
2026-09-20T13:38:59Z,kismet,LAB-NET-10,02:0A:00:00:00:1E,40,5200,-77,UNKNOWN,1.2239069,-9.8871204
2026-09-20T13:39:06Z,generic,LAB-GUEST,02:0A:00:00:00:39,1,2412,-40,WPA2,1.2453324,-9.8659488
2026-09-20T13:39:13Z,kismet,LAB-MESH-B,02:0A:00:00:00:05,11,2462,-37,WPA3,1.2454354,-9.8652013
2026-09-20T13:39:20Z,generic,LAB-NET-05,02:0A:00:00:00:19,1,2412,-66,OPEN,1.2456475,-9.8655311
2026-09-20T13:39:27Z,kismet,LAB-NET-16,02:0A:00:00:00:24,36,5180,-46,WPA2,1.2352622,-9.8771675
2026-09-20T13:39:34Z,minino,LAB-FOXTROT,02:0A:00:00:00:38,1,2412,-33,WPA2,1.2226892,-9.8875469
2026-09-20T13:39:41Z,minino,LAB-BETA,02:0A:00:00:00:34,36,5180,-50,WPA2,1.2353001,-9.8758530
2026-09-20T13:39:48Z,generic,LAB-NET-14,02:0A:00:00:00:22,1,2412,-54,UNKNOWN,,
2026-09-20T13:39:55Z,kismet,LAB-NET-11,02:0A:00:00:00:1F,1,2412,-46,UNKNOWN,1.2561625,-9.8546309
2026-09-20T13:40:02Z,kismet,LAB-NET-18,02:0A:00:00:00:26,6,2437,-84,WPA2,1.2232998,-9.8871072
2026-09-20T13:40:09Z,generic,LAB-NET-20,02:0A:00:00:00:28,11,2462,-42,WPA3,1.2341596,-9.8772699
2026-09-20T13:40:16Z,marauder,<hidden>,02:0A:00:00:00:16,40,5200,-54,WPA2,1.2233460,-9.8875544
2026-09-20T13:40:23Z,marauder,LAB-CORRIDOR,02:0A:00:00:00:0F,11,2462,-84,WPA2,1.2560592,-9.8543737
2026-09-20T13:40:30Z,marauder,LAB-NET-16,02:0A:00:00:00:24,36,5180,-88,WPA2,1.2339850,-9.8761624
2026-09-20T13:40:37Z,generic,LAB-LABORATORY,02:0A:00:00:00:3B,6,2437,-33,WEP,1.2561814,-9.8546723
2026-09-20T13:40:44Z,minino,<hidden>,02:0A:00:00:00:16,40,5200,-88,WPA2,1.2236355,-9.8883047
2026-09-20T13:40:51Z,minino,LAB-CORRIDOR,02:0A:00:00:00:12,6,2437,-40,OPEN,1.2237084,-9.8873409
2026-09-20T13:40:58Z,marauder,<hidden>,02:0A:00:00:00:16,40,5200,-63,WPA2,1.2234626,-9.8880874
2026-09-20T13:41:05Z,marauder,LAB-MESH-A,02:0A:00:00:00:3C,1,2412,-48,OPEN,1.2344916,-9.8762297
2026-09-20T13:41:12Z,minino,LAB-OFFICE,02:0A:00:00:00:0C,11,2462,-78,WPA,1.2341426,-9.8772709
2026-09-20T13:41:19Z,minino,LAB-NET-10,02:0A:00:00:00:1E,11,2462,-67,UNKNOWN,1.2233758,-9.8874645
2026-09-20T13:41:26Z,minino,LAB-GUEST,02:0A:00:00:00:39,1,2412,-60,WPA2,1.2462145,-9.8655412
2026-09-20T13:41:33Z,marauder,LAB-OFFICE,02:0A:00:00:00:0B,1,2412,-85,WPA2,1.2568418,-9.8540259
2026-09-20T13:41:40Z,minino,LAB-CORRIDOR,02:0A:00:00:00:0E,1,2412,-73,OPEN,1.2233208,-9.8877589
2026-09-20T13:41:47Z,kismet,LAB-NET-26,02:0A:00:00:00:2E,6,2437,-34,WPA3,1.2237401,-9.8869344
2026-09-20T13:41:54Z,generic,LAB-DELTA,02:0A:00:00:00:36,11,2462,-79,WEP,1.2235093,-9.8875466
2026-09-20T13:42:01Z,marauder,LAB-ALPHA,02:0A:00:00:00:33,1,2412,-78,WPA3,1.2564942,-9.8541509
2026-09-20T13:42:08Z,minino,LAB-NET-05,02:0A:00:00:00:19,6,2437,-33,OPEN,1.2456227,-9.8660865
2026-09-20T13:42:15Z,minino,LAB-NET-28,02:0A:00:00:00:30,6,2437,-87,OPEN,1.2352871,-9.8771621
2026-09-20T13:42:22Z,marauder,LAB-NET-15,02:0A:00:00:00:23,11,2462,-75,WPA2,1.2572673,-9.8547362
2026-09-20T13:42:29Z,minino,LAB-MESH-B,02:0A:00:00:00:06,1,2412,-38,OPEN,1.2235168,-9.8880388
2026-09-20T13:42:36Z,marauder,LAB-NET-08,02:0A:00:00:00:1C,6,2437,-57,WPA2,1.2351084,-9.8771197
2026-09-20T13:42:43Z,kismet,LAB-NET-09,02:0A:00:00:00:1D,11,2462,-61,WPA2,1.2460324,-9.8653573
2026-09-20T13:42:50Z,marauder,LAB-CORRIDOR,02:0A:00:00:00:12,1,2412,-35,OPEN,1.2231970,-9.8884013
2026-09-20T13:42:57Z,marauder,LAB-MESH-A,02:0A:00:00:00:02,36,5180,-85,WPA,1.2229206,-9.8872668
2026-09-20T13:43:04Z,kismet,LAB-NET-11,02:0A:00:00:00:1F,1,2412,-87,UNKNOWN,1.2561462,-9.8538672
2026-09-20T13:43:11Z,generic,LAB-NET-28,02:0A:00:00:00:30,6,2437,-47,OPEN,1.2338091,-9.8771036
2026-09-20T13:43:18Z,minino,LAB-LABORATORY,02:0A:00:00:00:3B,6,2437,-52,WEP,1.2564528,-9.8546536
2026-09-20T13:43:25Z,kismet,LAB-NET-15,02:0A:00:00:00:23,1,2412,-58,WPA2,1.2567748,-9.8536646
2026-09-20T13:43:32Z,marauder,LAB-MESH-A,02:0A:00:00:00:03,1,2412,-52,OPEN,1.2567392,-9.8543096
2026-09-20T13:43:39Z,kismet,LAB-GUEST,02:0A:00:00:00:39,1,2412,-57,WPA2,1.2454315,-9.8656857
2026-09-20T13:43:46Z,minino,LAB-NET-05,02:0A:00:00:00:19,6,2437,-70,OPEN,1.2452562,-9.8659933
2026-09-20T13:43:53Z,marauder,LAB-MESH-A,02:0A:00:00:00:04,1,2412,-55,WPA2,1.2350823,-9.8760870
2026-09-20T13:44:00Z,generic,LAB-NET-21,02:0A:00:00:00:29,36,5180,-51,OPEN,1.2563217,-9.8544647
2026-09-20T13:44:07Z,minino,LAB-MESH-A,02:0A:00:00:00:02,36,5180,-82,WPA,1.2239025,-9.8869293
2026-09-20T13:44:14Z,marauder,LAB-CORRIDOR,02:0A:00:00:00:12,153,5765,-34,OPEN,1.2241417,-9.8870699
2026-09-20T13:44:21Z,minino,LAB-NET-14,02:0A:00:00:00:22,1,2412,-55,UNKNOWN,1.2230753,-9.8872810
2026-09-20T13:44:28Z,marauder,LAB-NET-12,02:0A:00:00:00:20,1,2412,-65,WPA3,1.2454838,-9.8650099
2026-09-20T13:44:35Z,minino,LAB-OFFICE,02:0A:00:00:00:0A,153,5765,-57,WPA2,1.2228831,-9.8878142
2026-09-20T13:44:42Z,minino,LAB-NET-23,02:0A:00:00:00:2B,6,2437,-67,WPA2,1.2564810,-9.8546449
2026-09-20T13:44:49Z,marauder,<hidden>,02:0A:00:00:00:37,11,2462,-61,WPA2,1.2563312,-9.8546257
2026-09-20T13:44:56Z,kismet,LAB-GAMMA,02:0A:00:00:00:35,1,2412,-42,WPA3,1.2463916,-9.8652215
2026-09-20T13:45:03Z,minino,LAB-FOXTROT,02:0A:00:00:00:38,1,2412,-72,WPA2,1.2350297,-9.8761894
2026-09-20T13:45:10Z,kismet,LAB-FOXTROT,02:0A:00:00:00:38,1,2412,-58,WPA2,1.2345195,-9.8768508
2026-09-20T13:45:17Z,marauder,LAB-GAMMA,02:0A:00:00:00:35,1,2412,-67,WPA3,1.2463449,-9.8661961
2026-09-20T13:45:24Z,minino,LAB-NET-25,02:0A:00:00:00:2D,6,2437,-61,WPA3,1.2451644,-9.8646604
2026-09-20T13:45:31Z,marauder,LAB-NET-25,02:0A:00:00:00:2D,6,2437,-36,WPA3,1.2459801,-9.8661720
2026-09-20T13:45:38Z,kismet,LAB-CORRIDOR,02:0A:00:00:00:0E,1,2412,-53,OPEN,1.2229910,-9.8872302
2026-09-20T13:45:45Z,marauder,LAB-NET-26,02:0A:00:00:00:2E,6,2437,-84,WPA3,1.2238222,-9.8871636
2026-09-20T13:45:52Z,minino,LAB-NET-10,02:0A:00:00:00:1E,40,5200,-75,UNKNOWN,1.2238107,-9.8871945
2026-09-20T13:45:59Z,marauder,LAB-NET-21,02:0A:00:00:00:29,36,5180,-34,OPEN,1.2450944,-9.8652017
2026-09-20T13:46:06Z,generic,LAB-MESH-A,02:0A:00:00:00:03,1,2412,-42,WPA2,1.2575189,-9.8536520
2026-09-20T13:46:13Z,marauder,LAB-NET-05,02:0A:00:00:00:19,6,2437,-90,OPEN,1.2464161,-9.8648587
2026-09-20T13:46:20Z,marauder,LAB-CORRIDOR,02:0A:00:00:00:0E,6,2437,-55,OPEN,1.2242523,-9.8884073
2026-09-20T13:46:27Z,generic,LAB-NET-19,02:0A:00:00:00:27,149,5745,-74,WPA2,1.2560100,-9.8540196
2026-09-20T13:46:34Z,marauder,LAB-GAMMA,02:0A:00:00:00:35,1,2412,-34,WPA3,1.2450704,-9.8650725
2026-09-20T13:46:41Z,marauder,LAB-CORRIDOR,02:0A:00:00:00:0E,1,2412,-71,OPEN,1.2236323,-9.8879010
2026-09-20T13:46:48Z,kismet,LAB-BETA,02:0A:00:00:00:34,36,5180,-76,WPA2,1.2346093,-9.8761082
2026-09-20T13:46:55Z,generic,LAB-NET-14,02:0A:00:00:00:22,1,2412,-78,UNKNOWN,1.2239976,-9.8875158
2026-09-20T13:47:02Z,generic,LAB-NET-27,02:0A:00:00:00:2F,1,2412,-73,OPEN,1.2563339,-9.8541579
2026-09-20T13:47:09Z,kismet,LAB-NET-07,02:0A:00:00:00:1B,36,5180,-82,WPA3,1.2563972,-9.8550626
2026-09-20T13:47:16Z,minino,LAB-NET-07,02:0A:00:00:00:1B,6,2437,-59,WPA3,1.2560576,-9.8545341
2026-09-20T13:47:23Z,marauder,LAB-NET-08,02:0A:00:00:00:1C,6,2437,-43,WPA2,1.2350330,-9.8772690
2026-09-20T13:47:30Z,marauder,LAB-NET-30,02:0A:00:00:00:32,1,2412,-57,WPA2,1.2241589,-9.8869441
2026-09-20T13:47:37Z,marauder,LAB-NET-04,02:0A:00:00:00:18,40,5200,-66,OPEN,1.2351831,-9.8772018
2026-09-20T13:47:44Z,minino,LAB-NET-10,02:0A:00:00:00:1E,40,5200,-74,UNKNOWN,1.2241612,-9.8881137
2026-09-20T13:47:51Z,minino,LAB-NET-03,02:0A:00:00:00:17,153,5765,-63,WPA3,0.0,0.0
2026-09-20T13:47:58Z,kismet,LAB-NET-12,02:0A:00:00:00:20,1,2412,-72,WPA3,1.2568872,-9.8536771
2026-09-20T13:48:05Z,generic,LAB-MESH-A,02:0A:00:00:00:03,1,2412,-41,WPA2,1.2564754,-9.8542338
2026-09-20T13:48:12Z,minino,<hidden>,02:0A:00:00:00:14,6,2437,-64,WPA2,1.2351483,-9.8758828
2026-09-20T13:48:19Z,marauder,LAB-NET-04,02:0A:00:00:00:18,40,5200,-52,OPEN,1.2339664,-9.8771792
2026-09-20T13:48:26Z,kismet,<hidden>,02:0A:00:00:00:21,11,2462,-54,WPA2,1.2457820,-9.8651000
2026-09-20T13:48:33Z,generic,LAB-MESH-A,02:0A:00:00:00:02,36,5180,-42,WPA,1.2233817,-9.8880459
2026-09-20T13:48:40Z,kismet,LAB-NET-17,02:0A:00:00:00:25,44,5220,-37,OPEN,1.2569053,-9.8545196
2026-09-20T13:48:47Z,generic,LAB-NET-19,02:0A:00:00:00:27,149,5745,-85,WPA2,1.2571826,-9.8540395
2026-09-20T13:48:54Z,minino,LAB-BASEMENT,02:0A:00:00:00:13,6,2437,-81,WPA2,1.2572426,-9.8541942
2026-09-20T13:49:01Z,minino,LAB-MESH-B,02:0A:00:00:00:07,36,5180,-79,WPA2,0.0,0.0
2026-09-20T13:49:08Z,generic,LAB-MESH-B,02:0A:00:00:00:07,36,5180,-65,WPA2,1.2461702,-9.8658753
2026-09-20T13:49:15Z,generic,LAB-MESH-A,02:0A:00:00:00:04,1,2412,-50,WPA2,1.2348873,-9.8757592
2026-09-20T13:49:22Z,kismet,LAB-NET-29,02:0A:00:00:00:31,6,2437,-55,WPA2,1.2560378,-9.8544138
2026-09-20T13:49:29Z,kismet,LAB-NET-27,02:0A:00:00:00:2F,6,2437,-49,OPEN,1.2569598,-9.8545998
2026-09-20T13:49:36Z,kismet,LAB-NET-14,02:0A:00:00:00:22,1,2412,-38,WPA2,1.2240920,-9.8872431
2026-09-20T13:49:43Z,generic,LAB-NET-07,02:0A:00:00:00:1B,36,5180,-69,UNKNOWN,1.2561775,-9.8548931
2026-09-20T13:49:50Z,generic,LAB-ALPHA,02:0A:00:00:00:33,1,2412,-48,WPA3,1.2569338,-9.8545470
2026-09-20T13:49:57Z,minino,LAB-ALPHA,02:0A:00:00:00:33,1,2412,-90,WPA3,1.2569057,-9.8545695
2026-09-20T13:50:04Z,kismet,LAB-BETA,02:0A:00:00:00:34,1,2412,-54,WPA2,1.2348430,-9.8762461
2026-09-20T13:50:11Z,minino,LAB-MESH-A,02:0A:00:00:00:3C,11,2462,-75,OPEN,1.2341709,-9.8770359
2026-09-20T13:50:18Z,minino,LAB-NET-30,02:0A:00:00:00:32,1,2412,-60,WPA2,1.2234712,-9.8874526
2026-09-20T13:50:25Z,generic,LAB-MESH-A,02:0A:00:00:00:01,36,5180,-86,OPEN,1.2345900,-9.8763826
2026-09-20T13:50:32Z,minino,LAB-MESH-B,02:0A:00:00:00:08,11,2462,-38,OPEN,1.2349890,-9.8765370
2026-09-20T13:50:39Z,marauder,LAB-GAMMA,02:0A:00:00:00:35,11,2462,-51,WPA3,1.2462460,-9.8661554
2026-09-20T13:50:46Z,generic,LAB-MESH-B,02:0A:00:00:00:06,1,2412,-64,OPEN,1.2236272,-9.8870818
2026-09-20T13:50:53Z,marauder,LAB-FOXTROT,02:0A:00:00:00:38,1,2412,-44,WPA2,1.2463980,-9.8652048
2026-09-20T13:51:00Z,generic,LAB-NET-21,02:0A:00:00:00:29,36,5180,-80,OPEN,1.2240898,-9.8877493
2026-09-20T13:51:07Z,minino,LAB-NET-09,02:0A:00:00:00:1D,11,2462,-52,WPA2,1.2460405,-9.8650114
2026-09-20T13:51:14Z,generic,LAB-MESH-A,02:0A:00:00:00:02,36,5180,-31,WPA,1.2228040,-9.8870584
2026-09-20T13:51:21Z,marauder,LAB-MESH-A,02:0A:00:00:00:04,6,2437,-65,WPA2,1.2346725,-9.8758512
2026-09-20T13:51:28Z,minino,<hidden>,02:0A:00:00:00:2C,1,2412,-85,OPEN,1.2338753,-9.8770308
2026-09-20T13:51:35Z,generic,LAB-MESH-A,02:0A:00:00:00:3C,11,2462,-84,OPEN,1.2349117,-9.8770692
2026-09-20T13:51:42Z,minino,LAB-MESH-A,02:0A:00:00:00:3C,11,2462,-47,OPEN,1.2337848,-9.8759839
2026-09-20T13:51:49Z,kismet,LAB-NET-19,02:0A:00:00:00:27,149,5745,-82,WPA2,1.2565967,-9.8547708
2026-09-20T13:51:56Z,marauder,LAB-NET-15,02:0A:00:00:00:23,1,2412,-33,WPA2,1.2565409,-9.8549270
2026-09-20T13:52:03Z,kismet,LAB-BASEMENT,02:0A:00:00:00:13,6,2437,-87,WPA2,1.2569371,-9.8539594
2026-09-20T13:52:10Z,kismet,LAB-NET-06,02:0A:00:00:00:1A,153,5765,-87,WPA2,1.2227255,-9.8871464
2026-09-20T13:52:17Z,minino,LAB-CORRIDOR,02:0A:00:00:00:0E,1,2412,-33,OPEN,1.2239879,-9.8878169
2026-09-20T13:52:24Z,marauder,LAB-ALPHA,02:0A:00:00:00:33,1,2412,-34,WPA3,1.2568104,-9.8536567
2026-09-20T13:52:31Z,generic,LAB-GAMMA,02:0A:00:00:00:35,1,2412,-80,WPA3,1.2462026,-9.8660684
2026-09-20T13:52:38Z,minino,<hidden>,02:0A:00:00:00:16,40,5200,-42,WPA2,1.2234428,-9.8872843
2026-09-20T13:52:45Z,minino,LAB-GAMMA,02:0A:00:00:00:35,11,2462,-56,WPA3,1.2461950,-9.8658433
2026-09-20T13:52:52Z,marauder,LAB-NET-01,02:0A:00:00:00:15,6,2437,-59,UNKNOWN,1.2454205,-9.8653162
2026-09-20T13:52:59Z,marauder,LAB-NET-18,02:0A:00:00:00:26,6,2437,-61,WPA2,1.2236753,-9.8878098
2026-09-20T13:53:06Z,minino,LAB-MESH-A,02:0A:00:00:00:04,1,2412,-35,WPA2,1.2352689,-9.8769657
2026-09-20T13:53:13Z,minino,LAB-NET-04,02:0A:00:00:00:18,40,5200,-79,OPEN,1.2343696,-9.8771134
